#,都府県振興局,アメダス観測所番号,地上観測所観測所番号,種類,観測装置の種類,観測_降水量,観測_気温,観測_風向,観測_風速,観測_相対湿度,観測_日照時間（ESは気象衛星等のデータからの推計値）,観測_降雪の深さ,観測所名_漢字名,観測所名_カタカナ名,観測所名_ローマ字名,観測所名_気象情報等に表記する名称,所在地_住所1,所在地_住所2,緯度(度),緯度(分),経度(度),経度(分),海面上の高さ(ｍ),風速計の高さ(ｍ),温度計の高さ(ｍ),観測開始年月日,観測終了年月日,備考1,備考2
#,Prefectural Development Bureau,AMeDAS station number,Surface station station number,Type,Type of Observation Instrument,Observation_Precipitation,Observation_Temperature,Observation_wind_direction,Wind Speed,Relative humidity,Sunshine hours (ES is estimated from meteorological satellite data),Observation_Depth of snowfall,Station name_Kanji,Station name_Katakana,Station name_Roman alphabet,"Station name_Name to be written in meteorological information,etc.",Location_Address1,Location_Address2,Latitude (degree),Latitude (minutes),Longitude(degree),Longitude (minutes),Height above sea level (m),Height of anemometer (m),Height of thermometer (m),Observation start date,Observation end date,Remark 1,Remark 2
1,宗谷,11001,-,四,有線ロボット気象計,Y,Y,Y,Y,Y,ES,N,宗谷岬,ソウヤミサキ,SOYAMISAKI,稚内市宗谷岬,稚内市宗谷岬,-,45,31.2,141,56.1,26,10.1,1.5,1978.10.30,-,-,-
2,宗谷,11016,47401,官,地上気象観測装置,Y,Y,Y,Y,Y,Y,Y,稚内,ワッカナイ,WAKKANAI,稚内市開運,稚内市開運,稚内地方気象台,45,24.9,141,40.7,3,24.1,-,#1975.4.1,-,11903,-
3,宗谷,11046,-,四,有線ロボット気象計,Y,Y,Y,Y,Y,ES,N,礼文,レブン,REBUN,礼文町香深,礼文郡礼文町大字香深村トンナイ,-,45,18.3,141,2.7,65,9.9,1.5,2003.10.17,-,-,-
4,宗谷,11061,-,官,地上気象観測装置,Y,Y,Y,Y,Y,N,Y,声問,コエトイ,KOETOI,稚内空港,稚内市大字声問村字声問,稚内航空気象観測所,45,24.2,141,48.1,8,10,-,2003.1.1,-,11904,日照・湿度・気圧を除く
5,宗谷,11076,-,四,有線ロボット気象計,Y,Y,Y,Y,Y,ES,Y,浜鬼志別,ハマオニシベツ,HAMAONISHIBETSU,猿払村浜鬼志別,宗谷郡猿払村浜鬼志別,-,45,20.1,142,10.2,13,6.5,1.5,1978.10.30,-,11900,湿度を除く
6,宗谷,11091,-,官,地上気象観測装置,Y,Y,Y,Y,Y,N,N,本泊,モトドマリ,MOTODOMARI,利尻空港,利尻郡利尻富士町鴛泊字本泊,利尻航空気象観測所,45,14.5,141,11.2,30,10,-,2003.1.1,-,-,日照・湿度・気圧を除く
7,宗谷,11121,-,四,有線ロボット気象計,Y,Y,Y,Y,Y,ES,Y,沼川,ヌマカワ,NUMAKAWA,稚内市沼川,稚内市声問村沼川,-,45,14.9,141,51.1,23,10,1.5,1977.10.20,-,11905,湿度を除く
8,宗谷,11151,-,四,有線ロボット気象計,Y,Y,Y,Y,Y,ES,N,沓形,クツガタ,KUTSUGATA,利尻町沓形,利尻郡利尻町沓形泉町,-,45,10.7,141,8.3,14,9.9,1.5,#1977.10.24,-,-,-
9,宗谷,11176,-,四,有線ロボット気象計,Y,Y,Y,Y,Y,ES,Y,豊富,トヨトミ,TOYOTOMI,豊富,天塩郡豊富町豊富東2条,-,45,6.1,141,46.8,14,10,1.5,(1975.5.29)1977.10.25,-,11910,湿度を除く
10,宗谷,11206,-,四,有線ロボット気象計,Y,Y,Y,Y,Y,ES,N,浜頓別,ハマトンベツ,HAMATOMBETSU,浜頓別,枝幸郡浜頓別町クッチャロ湖畔,-,45,7.5,142,21,18,10,2.5,#1977.10.19,-,-,湿度を除く
11,宗谷,11276,-,四,有線ロボット気象計,Y,Y,Y,Y,Y,ES,Y,中頓別,ナカトンベツ,NAKATOMBETSU,中頓別,枝幸郡中頓別町上駒,-,44,57.9,142,16.8,25,10.2,1.5,(1975.5.28)1977.10.19,-,11915,湿度を除く
12,宗谷,11291,47402,官,地上気象観測装置,Y,Y,Y,Y,Y,Y,Y,北見枝幸,キタミエサシ,KITAMI-ESASHI,枝幸町枝幸,枝幸郡枝幸町本町,北見枝幸特別地域気象観測所,44,56.4,142,35.1,7,17.2,-,#1976.1.1,-,11917,-
13,宗谷,11316,-,四,有線ロボット気象計,Y,Y,Y,Y,Y,ES,Y,歌登,ウタノボリ,UTANOBORI,枝幸町歌登,枝幸郡枝幸町歌登東町,-,44,50.5,142,28.8,14,10,1.5,#1977.10.25,-,11920,湿度を除く
14,宗谷,13011,-,雨,有線ロボット雨量計,Y,N,N,N,N,N,N,幌延,ホロノベ,HORONOBE,幌延,天塩郡幌延町上幌延,-,45,0.4,141,51.1,5,-,-,2005.11.15,-,-,-
15,上川,12011,-,四,有線ロボット気象計,Y,Y,Y,Y,Y,ES,N,中川,ナカガワ,NAKAGAWA,中川,中川郡中川町中川,-,44,49.7,142,4.6,22,10,1.5,1977.10.19,-,-,湿度を除く
16,上川,12041,-,四,有線ロボット気象計,Y,Y,Y,Y,Y,ES,Y,音威子府,オトイネップ,OTOINEPPU,音威子府,中川郡音威子府村音威子府,-,44,43.6,142,15.9,40,10,1.5,1977.10.17,-,12905,湿度を除く
17,上川,12066,-,雨,有線ロボット雨量計,Y,N,N,N,N,N,N,小車,オグルマ,OGURUMA,美深町小車,中川郡美深町小車,-,44,36.5,142,17.7,60,-,-,2005.11.9,-,-,-
18,上川,12141,-,四,有線ロボット気象計,Y,Y,Y,Y,Y,ES,Y,美深,ビフカ,BIFUKA,美深町西町,中川郡美深町西町,-,44,28.8,142,20.5,77,10,1.5,#1977.10.6,-,12900,湿度を除く
19,上川,12181,-,四,有線ロボット気象計,Y,Y,Y,Y,Y,ES,Y,名寄,ナヨロ,NAYORO,名寄市大橋,名寄市大橋,-,44,22.2,142,27.4,89,9.9,1.5,#1976.4.1,-,12910,-
20,上川,12217,-,雨,有線ロボット雨量計,Y,N,N,N,N,N,N,西風連,ニシフウレン,NISHIFUREN,名寄市西風連,名寄市風連町西風連,-,44,17.7,142,21.5,128,-,-,2005.11.8,-,-,-
21,上川,12231,-,四,有線ロボット気象計,Y,Y,Y,Y,Y,ES,Y,下川,シモカワ,SHIMOKAWA,下川,上川郡下川町南町,-,44,17.7,142,38.2,143,10,2.4,#1977.10.14,-,12925,湿度を除く
22,上川,12256,-,雨,有線ロボット雨量計,Y,N,N,N,N,N,N,剣淵,ケンブチ,KENBUCHI,剣淵,上川郡剣淵町旭町,-,44,6.4,142,21.2,138,-,-,2005.11.10,-,-,-
23,上川,12261,-,四,有線ロボット気象計,Y,Y,Y,Y,Y,ES,N,士別,シベツ,SHIBETSU,士別市九十九東,士別市武徳町,-,44,11.2,142,25,135,8,1.5,#1977.10.13,-,-,湿度を除く
24,上川,12266,-,四,有線ロボット気象計,Y,Y,Y,Y,Y,ES,N,朝日,アサヒ,ASAHI,士別市朝日,士別市朝日町中央,-,44,7.1,142,35.7,225,10,1.5,1977.10.13,-,-,湿度を除く
25,上川,12301,-,四,有線ロボット気象計,Y,Y,Y,Y,Y,ES,Y,和寒,ワッサム,WASSAMU,和寒,上川郡和寒町日ノ出,-,44,1.7,142,24.6,150,10,1.5,1977.10.12,-,12915,湿度を除く
26,上川,12386,-,四,有線ロボット気象計,Y,Y,Y,Y,Y,ES,N,江丹別,エタンベツ,ETAMBETSU,旭川市江丹別,旭川市江丹別町芳野,-,43,52.2,142,15.6,140,10,3.2,1977.10.11,-,-,湿度を除く
27,上川,12396,-,四,有線ロボット気象計,Y,Y,Y,Y,Y,ES,N,比布,ピップ,PIPPU,比布,上川郡比布町北2線,-,43,52.2,142,28.2,164,10,2.5,(1975.5.27)1977.10.11,-,-,湿度を除く
28,上川,12411,-,四,有線ロボット気象計,Y,Y,Y,Y,Y,ES,Y,上川,カミカワ,KAMIKAWA,上川町栄町,上川郡上川町栄町,-,43,50.8,142,45.2,324,10,2.4,#1977.10.12,-,12920,湿度を除く
29,上川,12442,47407,官,地上気象観測装置,Y,Y,Y,Y,Y,Y,Y,旭川,アサヒカワ,ASAHIKAWA,旭川市宮前１条,旭川市宮前1条,旭川地方気象台,43,45.4,142,22.3,120,47,-,2004.9.9,-,12927,-
30,上川,12451,-,四,有線ロボット気象計,Y,Y,Y,Y,Y,ES,N,東川,ヒガシカワ,HIGASHIKAWA,東川,上川郡東川町北町,-,43,42.1,142,30.5,215,10,2.2,1977.10.5,-,-,湿度を除く
31,上川,12457,-,雨,有線ロボット雨量計,Y,N,N,N,N,N,N,瑞穂,ミズホ,MIZUHO,旭川市瑞穂,旭川市東旭川町瑞穂,-,43,44.2,142,38.3,289,-,-,1984.10.8,-,-,-
32,上川,12471,-,雨,有線ロボット雨量計,Y,N,N,N,N,N,Y,層雲峡,ソウウンキョウ,SOUNKYO,上川町層雲峡,上川郡上川町層雲峡高山,-,43,45.2,142,55.8,540,-,-,1975.5.27,-,12930,-
33,上川,12501,-,官,地上気象観測装置,Y,Y,Y,Y,Y,N,Y,東神楽,ヒガシカグラ,HIGASHI-KAGURA,旭川空港,上川郡東神楽町東2線,旭川航空気象観測所,43,40.2,142,26.8,211,10,-,2003.1.1,-,12932,日照・湿度・気圧を除く
34,上川,12512,-,四,有線ロボット気象計,Y,Y,Y,Y,Y,ES,N,志比内,シビナイ,CHUBETSU,東神楽町志比内,上川郡東神楽町志比内,-,43,38.6,142,34.9,310,10,1.5,1992.10.9,-,-,湿度を除く
35,上川,12551,-,四,有線ロボット気象計,Y,Y,Y,Y,Y,ES,Y,美瑛,ビエイ,BIEI,美瑛町原野５線,上川郡美瑛町原野5線,-,43,35.3,142,29.6,250,10,1.5,(1975.5.28)1977.10.6,-,12935,湿度を除く
36,上川,12596,-,四,有線ロボット気象計,Y,Y,Y,Y,Y,ES,N,上富良野,カミフラノ,KAMIFURANO,上富良野,空知郡上富良野町大町,-,43,27.3,142,27.9,220,10,2.1,1977.10.8,-,-,湿度を除く
37,上川,12607,-,雨,有線ロボット雨量計,Y,N,N,N,N,N,N,白金,シロガネ,SHIROGANE,美瑛町白金,上川郡美瑛町白金,-,43,28.5,142,39,658,-,-,1984.10.8,-,-,-
38,上川,12626,-,四,有線ロボット気象計,Y,Y,Y,Y,Y,ES,Y,富良野,フラノ,FURANO,富良野市東町,富良野市東町,-,43,20,142,24,174,9.9,1.5,#1976.4.1,-,12940,-
39,上川,12632,-,四,有線ロボット気象計,Y,Y,Y,Y,Y,ES,N,麓郷,ロクゴウ,ROKUGO,富良野市麓郷,富良野市麓郷市街地,-,43,18.1,142,31.3,315,10,2.3,1978.10.25,-,-,湿度を除く
40,上川,12686,-,雨,有線ロボット雨量計,Y,N,N,N,N,N,N,金山,カナヤマ,KANAYAMA,南富良野町金山,空知郡南富良野町金山地先,-,43,8.3,142,25,284,-,-,2005.11.17,-,-,-
41,上川,12691,-,四,有線ロボット気象計,Y,Y,Y,Y,Y,ES,Y,幾寅,イクトラ,IKUTORA,南富良野町幾寅,空知郡南富良野町幾寅,-,43,10.1,142,34.1,350,9.9,1.5,1977.10.7,-,12945,-
42,上川,12746,-,四,有線ロボット気象計,Y,Y,Y,Y,Y,ES,Y,占冠,シムカップ,SHIMUKAPPU,占冠,勇払郡占冠村中央,-,42,58.7,142,23.7,332,10,1.5,1977.10.7,-,12950,湿度を除く
43,上川,15041,-,四,有線ロボット気象計,Y,Y,Y,Y,Y,ES,Y,朱鞠内,シュマリナイ,SHUMARINAI,幌加内町朱鞠内,雨竜郡幌加内町朱鞠内,-,44,16.9,142,9.7,255,10,1.5,1978.10.24,-,15900,湿度を除く
44,上川,15076,-,四,有線ロボット気象計,Y,Y,Y,Y,Y,ES,Y,幌加内,ホロカナイ,HOROKANAI,幌加内町幌加内,雨竜郡幌加内町幌加内,-,44,0.6,142,9.6,159,9.4,1.5,(1975.5.28)1977.10.28,-,15905,湿度を除く
45,留萌,13061,-,四,有線ロボット気象計,Y,Y,Y,Y,Y,ES,Y,天塩,テシオ,TESHIO,天塩,天塩郡天塩町川口,-,44,53.6,141,45.7,9,10,1.5,#1977.10.26,-,13900,湿度を除く
46,留萌,13086,-,四,有線ロボット気象計,Y,Y,Y,Y,Y,ES,N,遠別,エンベツ,EMBETSU,遠別,天塩郡遠別町幸和,-,44,43.1,141,48.4,7,10,1.5,#1977.10.26,-,-,湿度を除く
47,留萌,13121,-,四,有線ロボット気象計,Y,Y,Y,Y,Y,ES,Y,初山別,ショサンベツ,SHOSAMBETSU,初山別,苫前郡初山別村初山別,-,44,31.4,141,46.2,27,10,1.5,1977.10.28,-,13905,湿度を除く
48,留萌,13146,-,四,有線ロボット気象計,Y,Y,Y,Y,Y,ES,N,焼尻,ヤギシリ,YAGISHIRI,羽幌町焼尻,苫前郡羽幌町焼尻白浜,-,44,25.7,141,25.3,38,8,1.5,1977.10.27,-,-,湿度を除く
49,留萌,13181,47404,官,地上気象観測装置,Y,Y,Y,Y,Y,Y,Y,羽幌,ハボロ,HABORO,羽幌町南３条,苫前郡羽幌町南3条,羽幌特別地域気象観測所,44,21.8,141,42,8,21.6,-,#1976.1.1,-,13907,-
50,留萌,13206,-,雨,有線ロボット雨量計,Y,N,N,N,N,N,Y,古丹別,コタンベツ,KOTAMBETSU,苫前町古丹別,苫前郡苫前町古丹別,-,44,15.9,141,43.3,15,-,-,1976.8.4,-,13910,-
51,留萌,13261,-,四,有線ロボット気象計,Y,Y,Y,Y,Y,ES,N,達布,タップ,TAPPU,小平町達布,留萌郡小平町達布,-,44,2.9,141,51.4,30,10,3.4,1977.10.31,-,-,湿度を除く
52,留萌,13277,47406,官,地上気象観測装置,Y,Y,Y,Y,Y,Y,Y,留萌,ルモイ,RUMOI,留萌市大町,留萌市大町,留萌特別地域気象観測所,43,56.7,141,37.9,24,16.3,-,1980.6.21,-,13915,-
53,留萌,13311,-,四,有線ロボット気象計,Y,Y,Y,Y,Y,ES,N,増毛,マシケ,MASHIKE,増毛,増毛郡増毛町別苅,-,43,50.9,141,30.6,20,9.4,1.5,#1978.10.24,-,-,湿度を除く
54,留萌,13321,-,四,有線ロボット気象計,Y,Y,Y,Y,Y,ES,Y,幌糠,ホロヌカ,HORONUKA,留萌市幌糠,留萌市幌糠町,-,43,51.2,141,45.6,20,10,1.5,1977.10.31,-,13920,湿度を除く
55,石狩,14026,-,四,有線ロボット気象計,Y,Y,Y,Y,Y,ES,N,浜益,ハママス,HAMAMASU,石狩市浜益,石狩市浜益区川下,-,43,34.9,141,23.2,3,10,1.5,1977.10.12,-,-,湿度を除く
56,石狩,14071,-,四,有線ロボット気象計,Y,Y,Y,Y,Y,ES,Y,厚田,アツタ,ATSUTA,石狩市厚田,石狩市厚田区別狩,-,43,23.8,141,26.2,5,10,1.5,1977.10.12,-,14900,湿度を除く
57,石狩,14101,-,四,有線ロボット気象計,Y,Y,Y,Y,Y,ES,Y,新篠津,シンシノツ,SHINSHINOTSU,新篠津,石狩郡新篠津村第46線北,-,43,13.2,141,38.7,9,10,1.5,#1978.10.23,-,14910,湿度を除く
58,石狩,14116,-,四,有線ロボット気象計,Y,Y,Y,Y,Y,ES,N,山口,ヤマグチ,YAMAGUCHI,札幌市手稲区山口,札幌市手稲区手稲山口,-,43,8.9,141,13.3,5,10,1.5,#1977.10.11,-,-,湿度を除く
59,石狩,14121,-,四,有線ロボット気象計,Y,Y,Y,Y,Y,ES,Y,石狩,イシカリ,ISHIKARI,石狩市石狩,石狩市生振,-,43,11.6,141,22.2,5,10.1,1.5,1990.3.6,-,14905,-
60,石狩,14136,-,四,有線ロボット気象計,Y,Y,Y,Y,Y,ES,N,江別,エベツ,EBETSU,江別,江別市江別太,-,43,6.6,141,36.1,8,8,1.5,2000.10.31,-,-,湿度を除く
61,石狩,14157,-,雨,有線ロボット雨量計,Y,N,N,N,N,N,N,手稲山,テイネヤマ,TEINEYAMA,札幌市手稲山,札幌市手稲区手稲金山,-,43,5,141,12.1,568,-,-,19902.3.24,-,-,-
62,石狩,14163,47412,官,地上気象観測装置,Y,Y,N,N,Y,Y,Y,札幌,サッポロ,SAPPORO,札幌市中央区,札幌市中央区北2条西,札幌管区気象台,43,3.6,141,19.7,17,-,-,2001.9.26,-,14913,気温、雨、日照
63,石狩,14163,47412,官,地上気象観測装置,N,N,Y,Y,N,Y,Y,札幌,サッポロ,SAPPORO,札幌市中央区,札幌市中央区北2条西,-,43,3.6,141,19.6,17,59.7,-,2001.9.26,-,-,風
64,石狩,14191,-,雨,有線ロボット雨量計,Y,N,N,N,N,N,Y,小金湯,コガネユ,KOGANEYU,札幌市南区小金湯,札幌市南区小金湯,-,42,57.8,141,13,230,-,-,#,-,14915,-
65,石狩,14206,-,四,有線ロボット気象計,Y,Y,Y,Y,Y,ES,Y,恵庭島松,エニワシママツ,ENIWASHIMAMATSU,恵庭市島松,恵庭市下島松,-,42,55.6,141,33.9,30,10,1.5,#1977.10.13,-,14920,湿度を除く
66,石狩,14286,-,四,有線ロボット気象計,Y,Y,Y,Y,Y,ES,N,支笏湖畔,シコツコハン,SHIKOTSUKOHAN,千歳市支笏湖畔,千歳市支笏湖温泉番外地,-,42,46.3,141,24.4,290,10,1.5,#1977.10.14,-,-,湿度を除く
67,石狩,14296,-,官,地上気象観測装置,Y,Y,Y,Y,Y,N,Y,千歳,チトセ,CHITOSE,新千歳空港,千歳市美々,新千歳航空測候所,42,46.5,141,41.5,22,10,-,2003.1.1,-,14923,日照・湿度・気圧を除く
68,空知,15116,-,四,有線ロボット気象計,Y,Y,Y,Y,Y,ES,Y,石狩沼田,イシカリヌマタ,ISHIKARINUMATA,沼田町石狩沼田,雨竜郡沼田町緑町,-,43,48.9,141,55.6,63,10,1.5,#1976.4.1,-,15935,湿度を除く
69,空知,15156,-,四,有線ロボット気象計,Y,Y,Y,Y,Y,ES,Y,秩父別,チップベツ,CHIPPUBETSU,秩父別,雨竜郡秩父別町５条,-,43,46.8,141,57.7,51,7.9,1.5,2022.10.31,-,15940,-
70,空知,15161,-,四,有線ロボット気象計,Y,Y,Y,Y,Y,ES,Y,深川,フカガワ,FUKAGAWA,深川,深川市一已町一已,-,43,43.1,142,4.4,55,10,1.5,#1977.10.7,-,15910,湿度を除く
71,空知,15197,-,雨,有線ロボット雨量計,Y,N,N,N,N,N,N,雨竜,ウリュウ,URYU,雨竜町満寿,雨竜郡雨竜町満寿,-,43,39.6,141,53.5,42,-,-,2005.11.1,-,-,-
72,空知,15216,-,雨,有線ロボット雨量計,Y,N,N,N,N,N,N,新城,シンジョウ,SHINJO,芦別市新城,芦別市新城,-,43,36.7,142,12.2,147,-,-,1984.10.5,-,-,-
73,空知,15231,-,四,有線ロボット気象計,Y,Y,Y,Y,Y,ES,N,空知吉野,ソラチヨシノ,SORACHIYOSHINO,新十津川町空知吉野,樺戸郡新十津川町吉野,-,43,35.7,141,43.9,100,10,1.5,1978.11.2,-,-,湿度を除く
74,空知,15241,-,四,有線ロボット気象計,Y,Y,Y,Y,Y,ES,Y,滝川,タキカワ,TAKIKAWA,滝川,滝川市南滝の川,-,43,34.2,141,56.3,50,9.9,1.5,#1976.4.1,-,15930,-
75,空知,15247,-,雨,有線ロボット雨量計,Y,N,N,N,N,N,N,赤平,アカビラ,AKABIRA,赤平,赤平市東豊里町,-,43,33.2,142,4,120,-,-,2005.10.31,-,-,-
76,空知,15251,-,四,有線ロボット気象計,Y,Y,Y,Y,Y,ES,Y,芦別,アシベツ,ASHIBETSU,芦別市北２条,芦別市北2条東,-,43,31.2,142,11.4,91,10,1.5,#1978.10.25,-,15915,湿度を除く
77,空知,15276,-,雨,有線ロボット雨量計,Y,N,N,N,N,N,N,浦臼,ウラウス,URAUSU,浦臼,樺戸郡浦臼町浦臼内,-,43,25.7,141,48.5,25,-,-,1983.8.2,-,-,-
78,空知,15311,-,四,有線ロボット気象計,Y,Y,Y,Y,Y,ES,N,月形,ツキガタ,TSUKIGATA,月形,樺戸郡月形町知来乙,-,43,19.8,141,37,50,10,1.5,(1975.5.16)1977.10.6,-,-,湿度を除く
79,空知,15321,-,四,有線ロボット気象計,Y,Y,Y,Y,Y,ES,Y,美唄,ビバイ,BIBAI,美唄,美唄市北美唄町二区,-,43,21.8,141,49.6,16,10,1.5,#1977.10.5,-,15920,湿度を除く
80,空知,15356,47413,官,地上気象観測装置,Y,Y,Y,Y,Y,Y,Y,岩見沢,イワミザワ,IWAMIZAWA,岩見沢市５条,岩見沢市5条東,岩見沢特別地域気象観測所,43,12.7,141,47.1,42,22.1,-,#1975.4.3,-,15923,-
81,空知,15391,-,雨,有線ロボット雨量計,Y,N,N,N,N,N,N,栗沢,クリサワ,KURISAWA,岩見沢市栗沢,岩見沢市栗沢町東本町,-,43,7.3,141,44.7,20,-,-,1975.6.7,-,-,-
82,空知,15431,-,四,有線ロボット気象計,Y,Y,Y,Y,Y,ES,N,長沼,ナガヌマ,NAGANUMA,長沼,夕張郡長沼町本町北,-,43,0.7,141,41.6,13,10.1,2.5,#1977.10.5,-,-,-
83,空知,15442,-,四,有線ロボット気象計,Y,Y,Y,Y,Y,ES,Y,夕張,ユウバリ,YUBARI,夕張市鹿の谷,夕張市鹿の谷山手町,-,43,2.3,141,57.4,293,10.1,1.5,#1976.4.1,-,15925,-
84,空知,15451,-,雨,有線ロボット雨量計,Y,N,N,N,N,N,N,鹿島,カシマ,KASHIMA,夕張市鹿島,夕張市鹿島富士見町,-,43,4.8,142,6,310,-,-,1983.8.2,-,-,-
85,空知,15491,-,雨,有線ロボット雨量計,Y,N,N,N,N,N,N,沼の沢,ヌマノサワ,NUMANOSAWA,夕張市沼の沢,夕張市沼ノ沢,-,42,57.6,142,1.2,161,-,-,1983.8.2,-,-,-
86,後志,16026,-,四,有線ロボット気象計,Y,Y,Y,Y,Y,ES,N,美国,ビクニ,BIKUNI,積丹町美国,積丹郡積丹町美国町船澗,-,43,16.3,140,33.8,75,10,1.5,#1977.10.25,-,-,湿度を除く
87,後志,16061,-,四,有線ロボット気象計,Y,Y,Y,Y,Y,ES,N,神恵内,カモエナイ,KAMOENAI,神恵内,古宇郡神恵内村神恵内村,-,43,8.7,140,25.4,50,9.9,1.5,1977.10.24,-,-,-
88,後志,16076,-,四,有線ロボット気象計,Y,Y,Y,Y,Y,ES,Y,余市,ヨイチ,YOICHI,余市,余市郡余市町豊丘町,-,43,10.9,140,45.5,20,10,1.5,#1977.10.31,-,16905,湿度を除く
89,後志,16091,47411,官,地上気象観測装置,Y,Y,Y,Y,Y,Y,Y,小樽,オタル,OTARU,小樽,小樽市勝納町,小樽特別地域気象観測所,43,10.9,141,0.9,25,13.6,-,#1975.12.23,-,16903,-
90,後志,16126,-,雨,有線ロボット雨量計,Y,N,N,N,N,N,Y,赤井川,アカイガワ,AKAIGAWA,赤井川,余市郡赤井川村赤井川,-,43,5,140,49.2,148,-,-,1976.5.12,-,16900,-
91,後志,16156,-,四,有線ロボット気象計,Y,Y,Y,Y,Y,ES,Y,共和,キョウワ,IWANAI,共和,岩内郡共和町南幌似,-,42,58.8,140,36.2,15,10,1.5,#1977.10.24,-,16910,湿度を除く
92,後志,16206,-,四,有線ロボット気象計,Y,Y,Y,Y,Y,ES,Y,蘭越,ランコシ,RANKOSHI,蘭越,磯谷郡蘭越町蘭越,-,42,48.6,140,32.5,39,8,1.5,#1977.10.20,-,16915,湿度を除く
93,後志,16217,47433,官,地上気象観測装置,Y,Y,Y,Y,Y,Y,Y,倶知安,クッチャン,KUTCHAN,倶知安,虻田郡倶知安町南1条東,倶知安特別地域気象観測所,42,54,140,45.4,176,30.8,-,1991.8.28,-,16917,-
94,後志,16252,47421,官,地上気象観測装置,Y,Y,Y,Y,Y,Y,Y,寿都,スッツ,SUTTSU,寿都,寿都郡寿都町新栄町,寿都特別地域気象観測所,42,47.7,140,13.4,33,17.6,-,1989.9.22,-,16918,-
95,後志,16272,-,雨,有線ロボット雨量計,Y,N,N,N,N,N,N,ニセコ,ニセコ,NISEKO,ニセコ町宮田,虻田郡ニセコ町宮田,-,42,46.7,140,40,113,-,-,19902.3.11,-,-,-
96,後志,16281,-,四,有線ロボット気象計,Y,Y,Y,Y,Y,ES,N,真狩,マッカリ,MAKKARI,真狩,虻田郡真狩村美原,-,42,46.5,140,52.8,440,10,3.3,(1975.7.1)1978.10.27,-,-,湿度を除く
97,後志,16286,-,四,有線ロボット気象計,Y,Y,Y,Y,Y,ES,Y,喜茂別,キモベツ,KIMOBETSU,喜茂別,虻田郡喜茂別町伏見,-,42,47.6,140,56.9,264,10,2.9,#1977.10.21,-,16920,湿度を除く
98,後志,16321,-,四,有線ロボット気象計,Y,Y,Y,Y,Y,ES,Y,黒松内,クロマツナイ,KUROMATSUNAI,黒松内,寿都郡黒松内町黒松内,-,42,39.8,140,18.6,27,10,1.5,#1977.10.20,-,16925,湿度を除く
99,ｵﾎｰﾂｸ,17036,47405,官,地上気象観測装置,Y,Y,Y,Y,Y,Y,Y,雄武,オウム,OMU,雄武,紋別郡雄武町雄武,雄武特別地域気象観測所,44,34.8,142,57.8,14,16.6,-,#1975.12.1,-,17903,-
100,ｵﾎｰﾂｸ,17076,-,四,有線ロボット気象計,Y,Y,Y,Y,Y,ES,N,興部,オコッペ,OKOPPE,興部,紋別郡興部町興部,-,44,28.2,143,6.5,8,9.9,1.5,#1977.10.28,-,-,-
101,ｵﾎｰﾂｸ,17091,-,四,有線ロボット気象計,Y,Y,Y,Y,Y,ES,Y,西興部,ニシオコッペ,NISHI-OKOPPE,西興部,紋別郡西興部村西興部,-,44,19.9,142,56.1,120,8,2.5,(1975.7.1)1977.10.28,-,17900,湿度を除く
102,ｵﾎｰﾂｸ,17112,47435,官,地上気象観測装置,Y,Y,Y,Y,Y,Y,Y,紋別,モンベツ,MOMBETSU,紋別市南が丘町,紋別市南が丘町,紋別特別地域気象観測所,44,20.7,143,21.3,16,13.6,-,1983.1.1,-,17904,-
103,ｵﾎｰﾂｸ,17116,-,官,地上気象観測装置,Y,Y,Y,Y,Y,N,Y,紋別小向,モンベツコムカイ,MOMBETSUKOMUKAI,紋別空港,紋別市小向,紋別航空気象観測所,44,18.2,143,24.2,18,10.4,-,2003.1.1,-,17960,日照・湿度・気圧を除く
104,ｵﾎｰﾂｸ,17166,-,四,有線ロボット気象計,Y,Y,Y,Y,Y,ES,N,湧別,ユウベツ,YUBETSU,湧別,紋別郡湧別町東,-,44,12.8,143,37.1,5,9.4,2.5,#1977.10.26,-,-,湿度を除く
105,ｵﾎｰﾂｸ,17196,-,四,有線ロボット気象計,Y,Y,Y,Y,Y,ES,Y,滝上,タキノウエ,TAKINOUE,滝上,紋別郡滝上町滝ノ上原野5線南,-,44,10.6,143,3.7,165,10,2.5,#1977.10.27,-,17905,湿度を除く
106,ｵﾎｰﾂｸ,17211,-,雨,有線ロボット雨量計,Y,N,N,N,N,N,N,上藻別,カミモベツ,KAMIMOBETSU,紋別市上藻別,紋別市上藻別,-,44,11.2,143,20.1,94,-,-,#,-,-,-
107,ｵﾎｰﾂｸ,17246,-,四,有線ロボット気象計,Y,Y,Y,Y,Y,ES,N,常呂,トコロ,TOKORO,北見市常呂町,北見市常呂町岐阜,-,44,6.9,144,2.2,3,10,2.5,#1977.10.21,-,-,湿度を除く
108,ｵﾎｰﾂｸ,17306,-,四,有線ロボット気象計,Y,Y,Y,Y,Y,ES,Y,遠軽,エンガル,ENGARU,遠軽町遠軽,紋別郡遠軽町東町,-,44,3.2,143,32.4,80,10,2.5,#1977.10.24,-,17910,湿度を除く
109,ｵﾎｰﾂｸ,17316,-,四,有線ロボット気象計,Y,Y,Y,Y,Y,ES,Y,佐呂間,サロマ,SAROMA,佐呂間,常呂郡佐呂間町西富,-,44,1.1,143,45.6,54,10,2.5,#1977.10.21,-,17915,湿度を除く
110,ｵﾎｰﾂｸ,17341,47409,官,地上気象観測装置,Y,Y,Y,Y,Y,Y,Y,網走,アバシリ,ABASHIRI,網走市,網走市台町,網走地方気象台,44,1,144,16.7,38,20,-,#1975.4.1,-,17917,-
111,ｵﾎｰﾂｸ,17351,-,四,有線ロボット気象計,Y,Y,Y,Y,Y,ES,Y,宇登呂,ウトロ,UTORO,斜里町宇登呂,斜里郡斜里町ウトロ高原,-,44,3.1,144,58.9,144,10,2.5,(1975.5.12)1978.10.26,-,17935,湿度を除く
112,ｵﾎｰﾂｸ,17386,-,雨,有線ロボット雨量計,Y,N,N,N,N,N,N,丸瀬布,マルセップ,MARUSEPPU,遠軽町丸瀬布,紋別郡遠軽町丸瀬布武利,-,43,57.1,143,19.7,242,-,-,1984.10.5,-,-,-
113,ｵﾎｰﾂｸ,17482,-,四,有線ロボット気象計,Y,Y,Y,Y,Y,ES,Y,白滝,シラタキ,SHIRATAKI,遠軽町白滝,紋別郡遠軽町白滝北支湧別,-,43,51.9,143,9.2,475,10,2.5,(1975.9.25)1993.1.27,-,17955,湿度を除く
114,ｵﾎｰﾂｸ,17501,-,四,有線ロボット気象計,Y,Y,Y,Y,Y,ES,N,生田原,イクタハラ,IKUTAHARA,遠軽町生田原,紋別郡遠軽町生田原,-,43,55,143,31.9,199,10,2.5,#1977.10.25,-,-,湿度を除く
115,ｵﾎｰﾂｸ,17512,-,雨,有線ロボット雨量計,Y,N,N,N,N,N,N,仁頃山,ニコロヤマ,NIKOROYAMA,北見市仁頃山,北見市富里,-,43,51.6,143,44.8,261,-,-,2005.11.2,-,-,-
116,ｵﾎｰﾂｸ,17521,-,四,有線ロボット気象計,Y,Y,Y,Y,Y,ES,Y,北見,キタミ,KITAMI,北見市広郷,北見市広郷,-,43,46.6,143,50.5,104,10.1,2.5,#1976.4.1,-,17925,-
117,ｵﾎｰﾂｸ,17531,-,官,地上気象観測装置,Y,Y,Y,Y,Y,N,Y,女満別,メマンベツ,MEMAMBETSU,女満別空港,網走郡大空町女満別中央,女満別航空気象観測所,43,52.8,144,9.8,33,10,-,2003.1.1,-,17965,日照・湿度・気圧を除く
118,ｵﾎｰﾂｸ,17541,-,雨,有線ロボット雨量計,Y,N,N,N,N,N,N,東藻琴,ヒガシモコト,HIGASHIMOKOTO,大空町東藻琴,網走郡大空町東藻琴,-,43,50.4,144,17.1,58,-,-,1978.7.11,-,-,-
119,ｵﾎｰﾂｸ,17546,-,四,有線ロボット気象計,Y,Y,Y,Y,Y,ES,N,小清水,コシミズ,KOSHIMIZU,小清水,斜里郡小清水町泉,-,43,50.5,144,29.1,52,10,1.5,#1977.10.19,-,-,湿度を除く
120,ｵﾎｰﾂｸ,17561,-,四,有線ロボット気象計,Y,Y,Y,Y,Y,ES,Y,斜里,シャリ,SHARI,斜里町以久科,斜里郡斜里町以久科南,-,43,53.1,144,42,15,10,2.5,#1977.10.19,-,17940,湿度を除く
121,ｵﾎｰﾂｸ,17596,-,四,有線ロボット気象計,Y,Y,Y,Y,Y,ES,Y,留辺蘂,ルベシベ,RUBESHIBE,北見市留辺蘂町,北見市留辺蘂町大和,-,43,44.5,143,27,325,10,2.5,#1978.11.1,-,17930,湿度を除く
122,ｵﾎｰﾂｸ,17607,-,四,有線ロボット気象計,Y,Y,Y,Y,Y,ES,N,境野,サカイノ,SAKAINO,置戸町境野,常呂郡置戸町豊住,-,43,42.4,143,38.6,184,10,2.5,1977.10.25,-,-,湿度を除く
123,ｵﾎｰﾂｸ,17631,-,四,有線ロボット気象計,Y,Y,Y,Y,Y,ES,N,美幌,ビホロ,BIHORO,美幌,網走郡美幌町福住,-,43,46.2,144,10.3,60,10.1,1.5,#1977.10.20,-,-,湿度を除く
124,ｵﾎｰﾂｸ,17642,-,雨,有線ロボット雨量計,Y,N,N,N,N,N,N,山園,ヤマゾノ,YAMAZONO,大空町山園,網走郡大空町東藻琴山園,-,43,44.6,144,20.2,361,-,-,19902.3.18,-,-,-
125,ｵﾎｰﾂｸ,17686,-,雨,有線ロボット雨量計,Y,N,N,N,N,N,N,置戸常元,オケトツネモト,OKETOTSUNEMOTO,置戸町常元,常呂郡置戸町常元,-,43,37.2,143,26.4,368,-,-,2005.11.8,-,-,-
126,ｵﾎｰﾂｸ,17717,-,四,有線ロボット気象計,Y,Y,Y,Y,Y,ES,Y,津別,ツベツ,TSUBETSU,津別町豊永,網走郡津別町豊永,-,43,42.1,144,2,100,10,2.5,1988.10.4,-,17950,湿度を除く
127,ｵﾎｰﾂｸ,17776,-,雨,有線ロボット雨量計,Y,N,N,N,N,N,N,津別二又,ツベツフタマタ,TSUBETSUFUTAMATA,津別町二又,網走郡津別町二又,-,43,35,143,51.9,210,-,-,2005.11.4,-,-,-
128,根室,18038,-,四,有線ロボット気象計,Y,Y,Y,Y,Y,ES,Y,羅臼,ラウス,RAUSU,羅臼,目梨郡羅臼町栄町,-,44,1.4,145,11.2,15,9.9,1.5,2005.11.1,-,18925,-
129,根室,18091,-,雨,有線ロボット雨量計,Y,N,N,N,N,N,N,糸櫛別,イトクシベツ,ITOKUSHIBETSU,標津町糸櫛別,標津郡標津町川北糸櫛別,-,43,43.3,144,59.3,115,-,-,1978.7.28,-,-,-
130,根室,18136,-,四,有線ロボット気象計,Y,Y,Y,Y,Y,ES,N,標津,シベツ,SHIBETSU,標津町北２条,標津郡標津町北2条西,-,43,39.7,145,7.9,3,10,1.5,#1977.10.18,-,-,湿度を除く
131,根室,18161,-,四,有線ロボット気象計,Y,Y,Y,Y,Y,ES,N,上標津,カミシベツ,KAMISHIBETSU,中標津町上標津,標津郡中標津町上標津,-,43,31.2,144,44.8,160,6.5,2.2,2003.10.16,-,-,湿度を除く
132,根室,18171,-,四,有線ロボット気象計,Y,Y,Y,Y,Y,ES,Y,中標津,ナカシベツ,NAKASHIBETSU,中標津町桜ヶ丘,標津郡中標津町桜ヶ丘,-,43,32.6,144,58.7,50,10.1,1.5,#1977.10.18,-,18910,-
133,根室,18174,-,官,地上気象観測装置,Y,Y,Y,Y,Y,N,Y,根室中標津,ネムロナカシベツ,NEMURO-NAKASHIBETSU,中標津空港,標津郡中標津町北中,中標津航空気象観測所,43,34.6,144,57.6,65,10,-,2003.1.1,-,18930,日照・湿度・気圧を除く
134,根室,18256,-,四,有線ロボット気象計,Y,Y,Y,Y,Y,ES,Y,別海,ベツカイ,BETSUKAI,別海,野付郡別海町川上町,-,43,22.9,145,7.1,23,10,2.2,#1977.10.14,-,18915,湿度を除く
135,根室,18273,47420,官,地上気象観測装置,Y,Y,Y,Y,Y,Y,Y,根室,ネムロ,NEMURO,根室市弥栄町,根室市弥栄町,根室特別地域気象観測所,43,19.8,145,35.1,25,29.2,-,1993.8.26,-,18917,-
136,根室,18281,-,四,有線ロボット気象計,Y,Y,Y,Y,Y,ES,N,納沙布,ノサップ,NOSAPPU,根室市納沙布,根室市温根元,-,43,23.6,145,45.5,12,10,1.5,(1975.5.29)1977.10.13,-,-,湿度を除く
137,根室,18311,-,四,有線ロボット気象計,Y,Y,Y,Y,Y,ES,Y,厚床,アットコ,ATTOKO,根室市厚床,根室市西厚床,-,43,13.3,145,13.6,41,10,1.5,1977.10.14,-,18920,湿度を除く
138,釧路,19021,-,四,有線ロボット気象計,Y,Y,Y,Y,Y,ES,Y,川湯,カワユ,KAWAYU,弟子屈町川湯,川上郡弟子屈町川湯駅前,-,43,37,144,27.4,158,9.5,1.5,#1977.10.6,-,19900,湿度を除く
139,釧路,19051,-,四,有線ロボット気象計,Y,Y,Y,Y,Y,ES,N,弟子屈,テシカガ,TESHIKAGA,弟子屈,川上郡弟子屈町弟子屈原野,-,43,30.6,144,28,170,10,1.5,1977.10.6,-,-,湿度を除く
140,釧路,19076,-,四,有線ロボット気象計,Y,Y,Y,Y,Y,ES,Y,阿寒湖畔,アカンコハン,AKANKOHAN,釧路市阿寒湖畔,釧路市阿寒町阿寒湖温泉,-,43,26.2,144,5,426,9.9,1.5,#1977.10.7,-,19910,湿度を除く
141,釧路,19151,-,四,有線ロボット気象計,Y,Y,Y,Y,Y,ES,Y,標茶,シベチャ,SHIBECHA,標茶町開運,川上郡標茶町開運,-,43,17.5,144,35.2,20,10,1.5,#1977.10.11,-,19915,湿度を除く
142,釧路,19191,-,四,有線ロボット気象計,Y,Y,Y,Y,Y,ES,Y,鶴居,ツルイ,TSURUI,鶴居,阿寒郡鶴居村鶴居東,-,43,13.9,144,19.5,38,6.5,1.5,1977.10.5,-,19920,湿度を除く
143,釧路,19261,-,四,有線ロボット気象計,Y,Y,Y,Y,Y,ES,Y,中徹別,ナカテシベツ,NAKATESHIBETSU,釧路市阿寒町中徹別,釧路市阿寒町徹別中央34線,-,43,11.9,144,8.5,80,10,1.5,#1977.10.7,-,19925,湿度を除く
144,釧路,19281,-,雨,有線ロボット雨量計,Y,N,N,N,N,N,N,塘路,トウロ,TORO,標茶町塘路,川上郡標茶町塘路,-,43,8.9,144,29.8,25,-,-,1983.8.2,-,-,-
145,釧路,19301,-,雨,有線ロボット雨量計,Y,N,N,N,N,N,N,茶内原野,チャナイゲンヤ,CHANAIGENYA,浜中町茶内,厚岸郡浜中町茶内西13線,-,43,10.4,144,58,70,-,-,1984.10.1,-,-,-
146,釧路,19311,-,四,有線ロボット気象計,Y,Y,Y,Y,Y,ES,N,榊町,サカキマチ,SAKAKIMACHI,浜中町榊町,厚岸郡浜中町榊町,-,43,7.2,145,6.6,2,9.6,1.5,1977.10.12,-,-,-
147,釧路,19346,-,雨,有線ロボット雨量計,Y,N,N,N,N,N,N,阿寒,アカン,AKANDAI,釧路市阿寒町中央,釧路市阿寒町中央,-,43,6.8,144,7.4,40,-,-,#,-,-,-
148,釧路,19347,-,官,地上気象観測装置,Y,Y,Y,Y,Y,N,Y,鶴丘,ツルオカ,TSURUOKA,釧路空港,釧路市鶴丘,釧路航空気象観測所,43,2.4,144,11.5,95,10,-,2003.1.1,-,19935,日照・湿度・気圧を除く
149,釧路,19376,-,四,有線ロボット気象計,Y,Y,Y,Y,Y,ES,Y,太田,オオタ,OTA,厚岸町太田,厚岸郡厚岸町太田,-,43,5.4,144,46.7,85,10,1.5,1977.10.11,-,19930,湿度を除く
150,釧路,19406,-,雨,有線ロボット雨量計,Y,N,N,N,N,N,N,二俣,フタマタ,FUTAMATA,釧路市音別町二俣,釧路市音別町音別原野基線,-,42,58.3,143,52.5,45,-,-,1976.6.29,-,-,-
151,釧路,19416,-,四,有線ロボット気象計,Y,Y,Y,Y,Y,ES,Y,白糠,シラヌカ,SHIRANUKA,白糠,白糠郡白糠町西2条北,-,42,58.2,144,3.7,9,10,1.5,#1977.10.5,-,19940,湿度を除く
152,釧路,19432,47418,官,地上気象観測装置,Y,Y,Y,Y,Y,Y,Y,釧路,クシロ,KUSHIRO,釧路市幸町,釧路市幸町,釧路地方気象台,42,59.1,144,22.6,5,66.1,-,2000.10.5,-,19950,-
153,釧路,19451,-,四,有線ロボット気象計,Y,Y,Y,Y,Y,ES,N,知方学,チッポマナイ,CHIPPOMANAI,釧路町知方学,釧路郡釧路町仙鳳趾村知方学,-,42,56.3,144,44.1,149,10.1,1.5,1978.10.27,-,-,-
154,十勝,20047,-,雨,有線ロボット雨量計,Y,N,N,N,N,N,N,三股,ミツマタ,MITSUMATA,上士幌町三股,河東郡上士幌町三股,-,43,30.6,143,8.9,660,-,-,2005.11.9,-,-,-
155,十勝,20071,-,雨,有線ロボット雨量計,Y,N,N,N,N,N,N,小利別,ショウトシベツ,SHOTOSHIBETSU,陸別町小利別,足寄郡陸別町小利別本通東1条,-,43,35.3,143,40.8,313,-,-,1983.8.2,-,-,-
156,十勝,20146,-,四,有線ロボット気象計,Y,Y,Y,Y,Y,ES,Y,陸別,リクベツ,RIKUBETSU,陸別,足寄郡陸別町陸別原野基線,-,43,28.3,143,45.2,210,10,1.5,#1977.10.21,-,20900,-
157,十勝,20186,-,四,有線ロボット気象計,Y,Y,Y,Y,Y,ES,Y,ぬかびら源泉郷,ヌカビラゲンセンキョウ,NUKABIRA,上士幌町ぬかびら源泉郷,河東郡上士幌町ぬかびら源泉郷北区,-,43,22,143,11.5,540,9.9,1.5,1976.4.1,-,20910,-
158,十勝,20202,-,雨,有線ロボット雨量計,Y,N,N,N,N,N,N,柏倉,カシワクラ,KASHIWAKURA,足寄町柏倉,足寄郡足寄町茂喜登牛,-,43,21.7,143,27.5,378,-,-,1983.8.2,-,-,-
159,十勝,20222,-,雨,有線ロボット雨量計,Y,N,N,N,N,N,N,上螺湾,カミラワン,KAMIRAWAN,足寄町上螺湾,足寄郡足寄町上螺湾,-,43,19.1,143,48.1,232,-,-,1983.10.5,-,-,-
160,十勝,20266,-,四,有線ロボット気象計,Y,Y,Y,Y,Y,ES,Y,上士幌,カミシホロ,KAMISHIHORO,上士幌町東３線,河東郡上士幌町東3線,-,43,14.5,143,17.7,287,10.1,1.5,#1977.10.20,-,20920,-
161,十勝,20276,-,四,有線ロボット気象計,Y,Y,Y,Y,Y,ES,N,足寄,アショロ,ASHORO,足寄町南１条,足寄郡足寄町南1条,-,43,14.6,143,33.2,90,10,1.5,#1977.10.21,-,-,湿度を除く
162,十勝,20331,-,雨,有線ロボット雨量計,Y,N,N,N,N,N,N,押帯,オショップ,OSHOPPU,本別町押帯,中川郡本別町押帯,-,43,6.9,143,26.6,104,-,-,1983.8.2,-,-,-
163,十勝,20341,-,四,有線ロボット気象計,Y,Y,Y,Y,Y,ES,Y,本別,ホンベツ,HOMBETSU,本別町新町,中川郡本別町新町,-,43,7.9,143,36,67,10,1.5,#1976.3.10,-,20935,-
164,十勝,20356,-,四,有線ロボット気象計,Y,Y,Y,Y,Y,ES,Y,新得,シントク,SHINTOKU,新得町４条,上川郡新得町4条南,-,43,4.6,142,50.4,178,10,1.5,#1977.10.24,-,20930,湿度を除く
165,十勝,20361,-,四,有線ロボット気象計,Y,Y,Y,Y,Y,ES,N,鹿追,シカオイ,SHIKAOI,鹿追町緑町,河東郡鹿追町緑町,-,43,6.2,142,59.7,206,8,1.5,#1978.10.30,-,-,湿度を除く
166,十勝,20371,-,四,有線ロボット気象計,Y,Y,Y,Y,Y,ES,N,駒場,コマバ,KOMABA,音更町駒場,河東郡音更町駒場北町,-,43,3,143,11,112,10,1.5,1977.10.20,-,-,湿度を除く
167,十勝,20421,-,四,有線ロボット気象計,Y,Y,Y,Y,Y,ES,Y,芽室,メムロ,MEMURO,芽室,河西郡芽室町西3条南,-,42,54,143,2.6,90,10,1.5,#1977.10.24,-,20940,湿度を除く
168,十勝,20432,47417,官,地上気象観測装置,Y,Y,N,N,N,Y,Y,帯広,オビヒロ,OBIHIRO,帯広,帯広市東4条南,帯広測候所,42,55.3,143,12.7,38,-,-,1998.1.28,-,20943,気温、雨
169,十勝,20432,47417,官,地上気象観測装置,N,N,Y,Y,N,Y,Y,帯広,オビヒロ,OBIHIRO,帯広,帯広市東9条南,-,42,54.5,143,13.4,45,11.2,-,1998.1.28,-,-,風、日照
170,十勝,20441,-,四,有線ロボット気象計,Y,Y,Y,Y,N,ES,N,池田,イケダ,IKEDA,池田,中川郡池田町清見,-,42,55.2,143,27.5,42,10,1.5,#1977.10.26,-,-,湿度を除く
171,十勝,20451,-,雨,有線ロボット雨量計,Y,N,N,N,N,N,N,留真,ルシン,RUSHIN,浦幌町留真,十勝郡浦幌町留真,-,42,55,143,39.7,40,-,-,1984.10.1,-,-,-
172,十勝,20506,-,四,有線ロボット気象計,Y,Y,Y,Y,N,ES,Y,浦幌,ウラホロ,URAHORO,浦幌町桜町,十勝郡浦幌町桜町,-,42,48.5,143,39.4,20,8.3,1.5,#1977.10.27,-,20945,湿度を除く
173,十勝,20551,-,官,地上気象観測装置,Y,Y,Y,Y,Y,N,Y,帯広泉,オビヒロイズミ,OBIHIRO-IZUMI,帯広空港,帯広市泉町西9線中,帯広航空気象観測所,42,44,143,13,149,10,-,2003.1.1,-,20955,日照・湿度・気圧を除く
174,十勝,20556,-,四,有線ロボット気象計,Y,Y,Y,Y,N,ES,N,糠内,ヌカナイ,NUKANAI,幕別町糠内,中川郡幕別町五位,-,42,47.2,143,19.7,70,10,1.5,1978.10.30,-,-,湿度を除く
175,十勝,20601,-,四,有線ロボット気象計,Y,Y,Y,Y,N,ES,Y,上札内,カミサツナイ,KAMISATSUNAI,中札内村上札内,河西郡中札内村元札内西1線,-,42,38.5,143,5.8,251,10,1.5,1977.10.25,-,20950,湿度を除く
176,十勝,20606,-,四,有線ロボット気象計,Y,Y,Y,Y,N,ES,N,更別,サラベツ,SARABETSU,更別,河西郡更別村更別南2線,-,42,39.1,143,11.7,185,10,1.5,1977.10.25,-,-,湿度を除く
177,十勝,20631,-,四,有線ロボット気象計,Y,Y,Y,Y,N,ES,N,大津,オオツ,OTSU,豊頃町大津,中川郡豊頃町大津寿町,-,42,41.2,143,38.8,4,10,1.5,1977.10.27,-,-,湿度を除く
178,十勝,20696,-,四,有線ロボット気象計,Y,Y,Y,Y,N,ES,Y,大樹,タイキ,TAIKI,大樹,広尾郡大樹町柏木町,-,42,30,143,16.4,87,10,1.5,#1977.10.26,-,20960,湿度を除く
179,十勝,20751,47440,官,地上気象観測装置,Y,Y,Y,Y,Y,Y,Y,広尾,ヒロオ,HIRO-O,広尾,広尾郡広尾町並木通東,広尾特別地域気象観測所,42,17.6,143,19,32,20.1,-,#1975.12.19,-,20965,-
180,胆振,21031,-,雨,有線ロボット雨量計,Y,N,N,N,N,N,Y,安平,アビラ,ABIRA,安平,勇払郡安平町安平,-,42,48.8,141,49.7,32,-,-,#,-,21900,-
181,胆振,21111,-,四,有線ロボット気象計,Y,Y,Y,Y,N,ES,N,厚真,アツマ,ATSUMA,厚真,勇払郡厚真町朝日,-,42,43.8,141,53.3,20,10,1.5,#1977.10.5,-,-,湿度を除く
182,胆振,21126,-,四,有線ロボット気象計,Y,Y,Y,Y,N,ES,Y,穂別,ホベツ,HOBETSU,むかわ町穂別,勇払郡むかわ町穂別,-,42,45.7,142,8.6,56,10,1.5,#1977.10.5,-,21905,湿度を除く
183,胆振,21161,-,四,有線ロボット気象計,Y,Y,Y,Y,N,ES,Y,大滝,オオタキ,OTAKI,伊達市大滝,伊達市大滝区本町,-,42,40.2,141,4.7,390,10,2.5,(1975.6.3)1977.10.7,-,21910,湿度を除く
184,胆振,21171,-,四,有線ロボット気象計,Y,Y,Y,Y,N,ES,N,森野,モリノ,MORINO,白老町森野,白老郡白老町森野,-,42,37.8,141,14.8,170,10,1.5,#1977.10.27,-,-,湿度を除く
185,胆振,21187,47424,官,地上気象観測装置,Y,Y,Y,Y,Y,Y,Y,苫小牧,トマコマイ,TOMAKOMAI,苫小牧,苫小牧市しらかば町,苫小牧特別地域気象観測所,42,37.4,141,32.8,6,20.2,-,1988.6.25,-,21913,-
186,胆振,21226,-,四,有線ロボット気象計,Y,Y,Y,Y,Y,ES,Y,大岸,オオキシ,OKISHI,豊浦町大岸,虻田郡豊浦町大岸,-,42,35.4,140,38.6,4,10.1,1.5,#1977.10.11,-,21915,-
187,胆振,21237,-,雨,有線ロボット雨量計,Y,N,N,N,N,N,N,洞爺湖温泉,トウヤコオンセン,TOYAKOONSEN,洞爺湖温泉,虻田郡洞爺湖町洞爺湖温泉,-,42,33.9,140,48.4,85,-,-,1978.12.8,-,-,-
188,胆振,21251,-,雨,有線ロボット雨量計,Y,N,N,N,N,N,N,カルルス,カルルス,KARURUSU,登別市カルルス,登別市カルルス町,-,42,31,141,6.4,300,-,-,1985.7.31,-,-,-
189,胆振,21261,-,四,有線ロボット気象計,Y,Y,Y,Y,N,ES,Y,白老,シラオイ,SHIRAOI,白老町高砂町,白老郡白老町高砂町,-,42,32.6,141,21.1,6,6.5,1.5,#1977.10.6,-,21920,湿度を除く
190,胆振,21276,-,四,有線ロボット気象計,Y,Y,Y,Y,N,ES,N,鵡川,ムカワ,MUKAWA,むかわ町鵡川,勇払郡むかわ町豊城,-,42,35.4,141,56,10,10,1.5,#1978.10.26,-,-,湿度を除く
191,胆振,21297,-,四,有線ロボット気象計,Y,Y,Y,Y,N,ES,N,伊達,ダテ,DATE,伊達市館山下町,伊達市館山下町,-,42,28.5,140,50.9,3,10,1.5,#1977.10.11,-,-,湿度を除く
192,胆振,21312,-,四,有線ロボット気象計,Y,Y,Y,Y,N,ES,Y,登別,ノボリベツ,NOBORIBETSU,登別市札内町,登別市札内町,-,42,27.5,141,7.1,197,10,1.5,#1983.8.10,-,21925,湿度を除く
193,胆振,21323,47423,官,地上気象観測装置,Y,Y,Y,Y,Y,Y,Y,室蘭,ムロラン,MURORAN,室蘭,室蘭市山手町,室蘭地方気象台,42,18.7,140,58.5,40,18.4,-,#1985.7.1,-,21930,-
194,日高,22036,-,四,有線ロボット気象計,Y,Y,Y,Y,N,ES,Y,日高,ヒダカ,HIDAKA,日高町本町,沙流郡日高町本町東,-,42,52.6,142,26.5,280,10,1.5,1977.10.19,-,22900,湿度を除く
195,日高,22072,-,雨,有線ロボット雨量計,Y,N,N,N,N,N,N,仁世宇,ニセウ,NISEU,平取町仁世宇,沙流郡平取町仁世宇,-,42,46.3,142,21.5,150,-,-,1985.9.25,-,-,-
196,日高,22106,-,雨,有線ロボット雨量計,Y,N,N,N,N,N,Y,旭,アサヒ,ASAHI,平取町旭,沙流郡平取町旭地区,-,42,37.7,142,23.6,245,-,-,1985.9.26,-,22906,-
197,日高,22141,-,四,有線ロボット気象計,Y,Y,Y,Y,Y,ES,N,日高門別,ヒダカモンベツ,HIDAKA-MOMBETSU,日高町門別,沙流郡日高町富浜,-,42,29.8,142,3.2,47,9.9,1.5,#1976.3.11,-,-,-
198,日高,22156,-,四,有線ロボット気象計,Y,Y,Y,Y,N,ES,N,新和,シンワ,SHINWA,新冠町新和,新冠郡新冠町新和,-,42,32.6,142,20,60,10,1.9,#1977.10.18,-,-,湿度を除く
199,日高,22206,-,雨,有線ロボット雨量計,Y,N,N,N,N,N,N,笹山,ササヤマ,SASAYAMA,新ひだか町笹山,日高郡新ひだか町静内御園,-,42,26,142,28.9,110,-,-,1987.10.6,-,-,-
200,日高,22241,-,四,有線ロボット気象計,Y,Y,Y,Y,Y,ES,Y,静内,シズナイ,SHIZUNAI,新ひだか町静内,日高郡新ひだか町静内山手町,-,42,20.6,142,21.7,10,9.9,1.5,#1977.10.17,-,22920,-
201,日高,22291,-,四,有線ロボット気象計,Y,Y,Y,Y,N,ES,N,三石,ミツイシ,MITSUISHI,新ひだか町三石,日高郡新ひだか町三石美野和,-,42,14.7,142,39.7,10,10,1.5,1977.10.17,-,-,湿度を除く
202,日高,22306,-,四,有線ロボット気象計,Y,Y,Y,Y,N,ES,Y,中杵臼,ナカキネウス,NAKAKINEUSU,浦河町中杵臼,浦河郡浦河町上杵臼,-,42,13.4,142,56.9,98,10,1.5,1978.10.31,-,22910,湿度を除く
203,日高,22327,47426,官,地上気象観測装置,Y,Y,Y,Y,Y,Y,Y,浦河,ウラカワ,URAKAWA,浦河町潮見町,浦河郡浦河町潮見町,浦河特別地域気象観測所,42,9.7,142,46.6,37,18.1,-,#1983.3.1,-,22913,-
204,日高,22356,-,雨,有線ロボット雨量計,Y,N,N,N,N,N,Y,目黒,メグロ,MEGURO,えりも町目黒,幌泉郡えりも町目黒,-,42,7.7,143,18.7,7,-,-,1978.8.30,-,22915,-
205,日高,22366,-,雨,有線ロボット雨量計,Y,N,N,N,N,N,N,幌満,ホロマン,HOROMAN,様似町幌満,様似郡様似町幌満,-,42,4.6,143,2.1,0,-,-,1978.7.14,-,-,-
206,日高,22391,-,四,有線ロボット気象計,Y,Y,Y,Y,Y,ES,N,えりも岬,エリモミサキ,ERIMOMISAKI,えりも岬,幌泉郡えりも町東洋,-,41,55.5,143,14.6,63,8.1,1.5,1978.12.27,-,-,-
207,渡島,23031,-,四,有線ロボット気象計,Y,Y,Y,Y,N,ES,Y,長万部,オシャマンベ,OSHAMAMBE,長万部,山越郡長万部町栄原,-,42,31.4,140,22.9,10,10,1.5,#1977.10.12,-,23900,湿度を除く
208,渡島,23086,-,四,有線ロボット気象計,Y,Y,Y,Y,N,ES,Y,八雲,ヤクモ,YAKUMO,八雲町八雲,二海郡八雲町本町,-,42,15.1,140,16.3,8,10,1.5,#1977.10.12,-,23905,湿度を除く
209,渡島,23166,-,四,有線ロボット気象計,Y,Y,Y,Y,N,ES,Y,森,モリ,MORI,森,茅部郡森町姫川,-,42,4,140,35.3,125,8,1.5,2002.3.1,-,23925,湿度を除く
210,渡島,23191,-,雨,有線ロボット雨量計,Y,N,N,N,N,N,Y,大沼,オオヌマ,ONUMA,七飯町大沼,亀田郡七飯町上軍川,-,41,58.6,140,42.9,165,-,-,#,-,23910,-
211,渡島,23206,-,四,有線ロボット気象計,Y,Y,Y,Y,Y,ES,N,川汲,カックミ,MINAMIKAYABE,函館市川汲,函館市川汲町,-,41,54.3,140,58.2,25,10.1,1.5,#1977.10.13,-,-,-
212,渡島,23226,-,四,有線ロボット気象計,Y,Y,Y,Y,N,ES,N,北斗,ホクト,ONO,北斗,北斗市本町,-,41,53.2,140,39.2,25,10,1.5,#1977.10.13,-,-,湿度を除く
213,渡島,23232,47430,官,地上気象観測装置,Y,Y,Y,Y,Y,Y,Y,函館,ハコダテ,HAKODATE,函館市美原,函館市美原,函館地方気象台,41,49,140,45.2,35,25.9,-,1992.7.23,-,23915,-
214,渡島,23281,47891,官,地上気象観測装置,Y,Y,Y,Y,Y,N,Y,高松,タカマツ,TAKAMATSU,函館空港,函館市高松町,函館航空気象観測所,41,46.2,140,49.3,34,10,-,2003.1.1,-,23930,日照・湿度・気圧を除く
215,渡島,23291,-,雨,有線ロボット雨量計,Y,N,N,N,N,N,N,戸井泊,トイトマリ,TOI,函館市戸井泊,函館市泊町,-,41,43,141,0.2,20,-,-,2003.3.20,-,-,-
216,渡島,23321,-,雨,有線ロボット雨量計,Y,N,N,N,N,N,N,知内,シリウチ,SHIRIUCHI,知内,上磯郡知内町上雷,-,41,35.9,140,22.5,24,-,-,2004.10.1,-,-,-
217,渡島,23326,-,四,有線ロボット気象計,Y,Y,Y,Y,Y,ES,N,木古内,キコナイ,KIKONAI,木古内,上磯郡木古内町字本町,-,41,40.8,140,26.2,10,9.9,1.5,(1975.4.18)1977.10.14,-,-,-
218,渡島,23356,-,雨,有線ロボット雨量計,Y,N,N,N,N,N,Y,千軒,センゲン,SENGEN,福島町千軒,松前郡福島町千軒,-,41,33.5,140,16.3,100,-,-,1978.7.19,-,23920,-
219,渡島,23376,-,四,有線ロボット気象計,Y,Y,Y,Y,Y,ES,N,松前,マツマエ,MATSUMAE,松前,松前郡松前町建石,-,41,25.4,140,5.2,30,10.1,1.5,#1977.10.14,-,-,-
220,渡島,24141,-,四,有線ロボット気象計,Y,Y,Y,Y,N,ES,Y,熊石,クマイシ,KUMAISHI,八雲町熊石,二海郡八雲町熊石根崎町,-,42,7.7,139,59.1,12,10,1.5,#1977.10.18,-,24905,湿度を除く
221,檜山,24041,-,四,有線ロボット気象計,Y,Y,Y,Y,N,ES,N,せたな,セタナ,SETANA,せたな町瀬棚,久遠郡せたな町瀬棚区本町,-,42,27,139,51.1,10,10,1.5,#1977.10.19,-,-,湿度を除く
222,檜山,24051,-,四,有線ロボット気象計,Y,Y,Y,Y,N,ES,Y,今金,イマカネ,IMAKANE,今金,瀬棚郡今金町今金,-,42,25.7,140,0.5,19,10,1.5,#1977.10.19,-,24900,湿度を除く
223,檜山,24101,-,四,有線ロボット気象計,Y,Y,Y,Y,Y,ES,N,奥尻,オクシリ,OKUSHIRI,奥尻町稲穂,奥尻郡奥尻町稲穂,-,42,14.9,139,33.4,5,9.9,1.5,2000.1.28,-,-,-
224,檜山,24156,-,官,地上気象観測装置,Y,Y,Y,Y,Y,N,N,米岡,ヨネオカ,YONEOKA,奥尻空港,奥尻郡奥尻町字米岡,奥尻航空気象観測所,42,4.3,139,25.9,49,10,-,2003.1.1,-,-,日照・湿度・気圧を除く
225,檜山,24166,-,雨,有線ロボット雨量計,Y,N,N,N,N,N,N,潮見,シオミ,SHIOMI,乙部町潮見,爾志郡乙部町潮見,-,42,2.3,140,5.3,50,-,-,#,-,-,-
226,檜山,24201,-,四,有線ロボット気象計,Y,Y,Y,Y,N,ES,Y,鶉,ウズラ,UZURA,厚沢部町鶉,檜山郡厚沢部町鶉町,-,41,55.8,140,18.7,53,10,1.5,1977.10.18,-,24910,湿度を除く
227,檜山,24217,47428,官,地上気象観測装置,Y,Y,Y,Y,Y,Y,Y,江差,エサシ,ESASHI,江差,檜山郡江差町姥神町,江差特別地域気象観測所,41,52,140,7.4,4,19.5,-,1979.8.30,-,24915,-
228,檜山,24236,-,雨,有線ロボット雨量計,Y,N,N,N,N,N,N,石崎,イシザキ,ISHIZAKI,上ノ国町石崎,檜山郡上ノ国町石崎,-,41,42,140,1.7,5,-,-,1977.10.20,-,-,-
229,青森,31001,-,四,有線ロボット気象計,Y,Y,Y,Y,N,ES,Y,大間,オオマ,OMA,大間,下北郡大間町大間字狼丁,-,41,31.6,140,54.7,14,10,2,(1975.5.24)1976.11.24,-,31900,湿度を除く
230,青森,31036,-,雨,有線ロボット雨量計,Y,N,N,N,N,N,N,湯野川,ユノカワ,YUNOKAWA,むつ市湯野川,むつ市川内町湯野川,-,41,18.8,140,57.4,162,-,-,2005.10.21,-,-,-
231,青森,31111,47576,官,地上気象観測装置,Y,Y,Y,Y,Y,Y,Y,むつ,ムツ,MUTSU,むつ,むつ市金曲,むつ特別地域気象観測所,41,17,141,12.6,3,11.1,-,#1975.12.10,-,31903,-
232,青森,31121,-,四,有線ロボット気象計,Y,Y,Y,Y,N,ES,N,小田野沢,オダノサワ,ODANOSAWA,東通村小田野沢,下北郡東通村小田野沢字中川目,-,41,14.1,141,23.8,6,10,1.5,1976.11.22,-,-,湿度を除く
233,青森,31136,-,四,有線ロボット気象計,Y,Y,Y,Y,N,ES,Y,今別,イマベツ,IMABETSU,今別,東津軽郡今別町今別字中沢,-,41,10.8,140,28.9,30,10,1.5,(1975.5.21)1976.11.16,-,31905,湿度を除く
234,青森,31156,-,四,有線ロボット気象計,Y,Y,Y,Y,N,ES,Y,脇野沢,ワキノサワ,WAKINOSAWA,むつ市脇野沢,むつ市脇野沢桂沢,-,41,8.7,140,49.3,15,10,1.5,1976.11.25,-,31940,湿度を除く
235,青森,31186,-,四,有線ロボット気象計,Y,Y,Y,Y,Y,ES,N,市浦,シウラ,SHIURA,五所川原市市浦,五所川原市相内,-,41,3.4,140,20.8,20,9.9,2.1,1976.11.18,-,-,-
236,青森,31201,-,四,有線ロボット気象計,Y,Y,Y,Y,N,ES,N,蟹田,カニタ,KANITA,外ヶ浜町蟹田,東津軽郡外ヶ浜町字蟹田鰐ケ淵,-,41,2.7,140,38,5,8.2,1.5,#1976.11.17,-,-,湿度を除く
237,青森,31296,-,四,有線ロボット気象計,Y,Y,Y,Y,Y,ES,Y,五所川原,ゴショガワラ,GOSHOGAWARA,五所川原,五所川原市松島町,-,40,48.5,140,27.5,9,9.9,2,#1976.11.19,-,31910,-
238,青森,31312,47575,官,地上気象観測装置,Y,Y,Y,Y,Y,Y,Y,青森,アオモリ,AOMORI,青森,青森市花園,青森地方気象台,40,49.3,140,46.1,3,31.8,-,1989.12.1,-,31913,-
239,青森,31321,-,雨,有線ロボット雨量計,Y,N,N,N,N,N,N,大和山,ヤマトヤマ,YAMATOYAMA,平内町大和山,東津軽郡平内町外童子字滝ノ沢,-,40,50.9,140,59.1,137,-,-,1975.5.24,-,-,-
240,青森,31332,-,四,有線ロボット気象計,Y,Y,Y,Y,N,ES,Y,野辺地,ノヘジ,NOHEJI,野辺地,上北郡野辺地町有戸鳥井平,-,40,53.1,141,9.6,14,10,2,19900.11.21,-,31916,湿度を除く
241,青森,31336,-,四,有線ロボット気象計,Y,Y,Y,Y,N,ES,N,六ケ所,ロッカショ,ROKKASHO,六ケ所,上北郡六ヶ所村倉内字笹崎,-,40,53.1,141,16.3,80,8.3,2,1982.9.22,-,-,湿度を除く
242,青森,31366,-,四,有線ロボット気象計,Y,Y,Y,Y,Y,ES,Y,鰺ケ沢,アジガサワ,AJIGASAWA,鰺ケ沢,西津軽郡鰺ヶ沢町舞戸町字小夜,-,40,46.6,140,12.3,40,10.1,2,#1976.11.22,-,31945,-
243,青森,31386,-,官,地上気象観測装置,Y,Y,Y,Y,Y,N,Y,青森大谷,アオモリオオタニ,AOMORI-OTANI,青森大谷,青森市大字大谷字小谷,青森航空気象観測所,40,44,140,41.3,198,10,-,2003.1.1,-,31965,日照・湿度・気圧を除く
244,青森,31411,-,雨,有線ロボット雨量計,Y,N,N,N,N,N,N,七戸,シチノヘ,SHICHINOHE,七戸,上北郡七戸町鶴児平,-,40,42.5,141,7.7,57,-,-,1977.9.22,-,-,-
245,青森,31436,47574,官,地上気象観測装置,Y,Y,Y,Y,Y,Y,Y,深浦,フカウラ,FUKAURA,深浦,西津軽郡深浦町大字深浦字岡町,深浦特別地域気象観測所,40,38.7,139,55.9,66,22.2,-,#1975.3.22,-,31923,-
246,青森,31451,-,雨,有線ロボット雨量計,Y,N,N,N,N,N,N,岳,ダケ,DAKE,弘前市岳,弘前市常盤野字湯の沢,-,40,37.7,140,15.8,438,-,-,1976.7.26,-,-,-
247,青森,31461,-,四,有線ロボット気象計,Y,Y,Y,Y,Y,ES,Y,弘前,ヒロサキ,HIROSAKI,弘前,弘前市和田町,-,40,36.7,140,27.3,30,10,2,#1976.3.5,-,31920,-
248,青森,31466,-,四,有線ロボット気象計,Y,Y,Y,Y,N,ES,N,黒石,クロイシ,KUROISHI,黒石,黒石市馬場尻南,-,40,40,140,35.1,30,10,2,#1976.11.22,-,-,湿度を除く
249,青森,31482,-,四,有線ロボット気象計,Y,Y,Y,Y,N,ES,Y,酸ケ湯,スカユ,SUKAYU,青森市酸ケ湯,青森市荒川字南荒川山国有林酸ヶ湯沢,-,40,38.9,140,50.9,890,10,6,(1975.11.27)1976.11.15,-,31925,湿度を除く
250,青森,31506,-,四,有線ロボット気象計,Y,Y,Y,Y,N,ES,N,三沢,ミサワ,MISAWA,三沢,三沢市東町,-,40,40.5,141,22.5,39,8.1,1.5,#1976.11.15,-,-,湿度を除く
251,青森,31551,-,雨,有線ロボット雨量計,Y,N,N,N,N,N,N,大鰐,オオワニ,OWANI,大鰐,南津軽郡大鰐町大字鯖石字浅瀬渕,-,40,31.8,140,33.3,63,-,-,19902.12.6,-,-,-
252,青森,31562,-,雨,有線ロボット雨量計,Y,N,N,N,N,N,N,温川,ヌルカワ,NURUKAWA,平川市温川,平川市切明津根川森,-,40,30.9,140,47,404,-,-,1983.9.13,-,-,-
253,青森,31586,-,四,有線ロボット気象計,Y,Y,Y,Y,N,ES,Y,十和田,トワダ,TOWADA,十和田,十和田市東十六番町,-,40,36.4,141,14,55,10,1.5,#1976.11.16,-,31950,湿度を除く
254,青森,31602,47581,官,地上気象観測装置,Y,Y,N,N,N,Y,Y,八戸,ハチノヘ,HACHINOHE,八戸,八戸市湊町字館鼻,八戸特別地域気象観測所,40,31.6,141,31.3,27,-,-,2007.3.29,-,31953,気温、雨、日照
255,青森,31602,47581,官,地上気象観測装置,N,N,Y,Y,N,Y,Y,八戸,ハチノヘ,HACHINOHE,八戸,八戸市湊町字館鼻,-,40,31.6,141,31.3,26,27.5,-,2007.3.29,-,-,風
256,青森,31646,-,四,有線ロボット気象計,Y,Y,Y,Y,Y,ES,Y,碇ケ関,イカリガセキ,IKARIGASEKI,平川市碇ケ関,平川市碇ヶ関阿原,-,40,28.9,140,37.2,135,10.1,2,#1976.11.24,-,31935,-
257,青森,31662,-,四,有線ロボット気象計,Y,Y,Y,Y,N,ES,N,休屋,ヤスミヤ,YASUMIYA,十和田市休屋,十和田市大字奥瀬字十和田湖畔休屋,-,40,25.6,140,53.9,414,10,2,1982.10.15,-,-,湿度を除く
258,青森,31671,-,雨,有線ロボット雨量計,Y,N,N,N,N,N,N,戸来,ヘライ,HERAI,新郷村戸来,三戸郡新郷村大字戸来字金ヶ沢坂ノ下,-,40,28.1,141,10.6,125,-,-,1978.8.21,-,-,-
259,青森,31721,-,四,有線ロボット気象計,Y,Y,Y,Y,Y,ES,Y,三戸,サンノヘ,SANNOHE,三戸,三戸郡三戸町川守田字寺ノ沢,-,40,23,141,15.4,60,9.9,2,#1976.11.28,-,31955,-
260,秋田,32056,-,四,有線ロボット気象計,Y,Y,Y,Y,Y,ES,N,八森,ハチモリ,HACHIMORI,八森,山本郡八峰町八森字チコキ,-,40,24.8,139,56.9,34,10.1,2,(1975.5.24)1976.11.27,-,-,-
261,秋田,32071,-,雨,有線ロボット雨量計,Y,N,N,N,N,N,N,藤里,フジサト,FUJISATO,藤里,山本郡藤里町藤琴字大落,-,40,19.2,140,17.6,68,-,-,1978.8.22,-,-,-
262,秋田,32091,-,雨,有線ロボット雨量計,Y,N,N,N,N,N,N,陣場,ジンバ,JIMBA,大館市陣場,大館市長走字陣場,-,40,24.2,140,36.5,176,-,-,#,-,-,-
263,秋田,32096,-,雨,有線ロボット雨量計,Y,N,N,N,N,N,N,藤原,フジワラ,FUJIWARA,小坂町藤原,鹿角郡小坂町上向字藤原,-,40,21.2,140,46.8,280,-,-,1983.9.21,-,-,-
264,秋田,32111,-,四,有線ロボット気象計,Y,Y,Y,Y,N,ES,Y,能代,ノシロ,NOSHIRO,能代,能代市緑町,-,40,11.9,140,1.9,6,19,2,#1976.11.30,-,32900,湿度を除く
265,秋田,32126,-,四,有線ロボット気象計,Y,Y,Y,Y,Y,ES,Y,鷹巣,タカノス,TAKANOSU,鷹巣,北秋田市旭町,-,40,13.6,140,22.3,29,10.3,3,#1976.4.1,-,32905,-
266,秋田,32136,-,四,有線ロボット気象計,Y,Y,Y,Y,N,ES,N,大館,オオダテ,ODATE,大館,大館市出川字上野,-,40,15.1,140,30.3,49,10,2.5,#1976.11.25,-,-,湿度を除く
267,秋田,32146,-,四,有線ロボット気象計,Y,Y,Y,Y,N,ES,Y,鹿角,カヅノ,KEMANAI,鹿角,鹿角市花輪字荒田,-,40,12.9,140,47.2,123,10,2.5,#1976.11.26,-,32910,湿度を除く
268,秋田,32181,-,官,地上気象観測装置,Y,Y,Y,Y,Y,N,N,脇神,ワキガミ,WAKIGAMI,北秋田市脇神,北秋田市脇神字葈岱,大館能代航空気象観測所,40,11.5,140,22.3,84,10,-,2003.1.1,-,-,日照・湿度・気圧を除く
269,秋田,32206,-,四,有線ロボット気象計,Y,Y,Y,Y,N,ES,N,湯瀬,ユゼ,YUZE,鹿角市湯瀬,鹿角市八幡平湯瀬字一羽根,-,40,7.2,140,50.4,214,10,2.5,#1976.11.27,-,-,湿度を除く
270,秋田,32266,-,四,有線ロボット気象計,Y,Y,Y,Y,N,ES,N,八幡平,ハチマンタイ,HACHIMANTAI,鹿角市八幡平,鹿角市八幡平字熊沢外8国有林,-,40,0.8,140,48.1,578,10,3.5,1978.11.7,-,-,湿度を除く
271,秋田,32276,-,雨,有線ロボット雨量計,Y,N,N,N,N,N,N,男鹿真山,オガシンザン,OGASHINZAN,男鹿真山,男鹿市北浦相川字小屋ケ沢,-,39,56.3,139,46.9,84,-,-,1985.6.11,-,-,-
272,秋田,32286,-,四,有線ロボット気象計,Y,Y,Y,Y,N,ES,N,男鹿,オガ,OGA,男鹿,男鹿市脇本脇本字上野,-,39,54.7,139,54,20,6.5,1.5,(1975.5.23)1976.11.24,-,-,湿度を除く
273,秋田,32287,-,四,有線ロボット気象計,Y,Y,Y,Y,N,ES,N,大潟,オオガタ,OGATA,大潟,南秋田郡大潟村大潟,-,40,0,139,57,-3,10,1.5,(1975.5.23)1976.11.25,-,-,湿度を除く
274,秋田,32296,-,四,有線ロボット気象計,Y,Y,Y,Y,N,ES,Y,五城目,ゴジョウメ,GOJOME,五城目,南秋田郡五城目町上樋口字屋岸,-,39,56.3,140,6.9,6,6.5,2,#1976.11.26,-,32915,湿度を除く
275,秋田,32311,-,四,有線ロボット気象計,Y,Y,Y,Y,N,ES,Y,阿仁合,アニアイ,ANIAI,北秋田市阿仁合,北秋田市阿仁水無字畑町東裏,-,39,59.6,140,24.2,120,6.5,3.5,1976.12.7,-,32920,湿度を除く
276,秋田,32312,-,雨,有線ロボット雨量計,Y,N,N,N,N,N,N,比立内,ヒタチナイ,HITACHINAI,北秋田市比立内,北秋田市阿仁幸屋渡字山根,-,39,54.2,140,27,210,-,-,1976.9.28,-,-,-
277,秋田,32376,-,雨,有線ロボット雨量計,Y,N,N,N,N,N,N,桧木内,ヒノキナイ,HINOKINAI,仙北市桧木内,仙北市西木町上桧木内字宮田,-,39,48.7,140,35.1,255,-,-,1978.10.12,-,-,-
278,秋田,32402,47582,官,地上気象観測装置,Y,Y,Y,Y,Y,Y,Y,秋田,アキタ,AKITA,秋田,秋田市山王,秋田地方気象台,39,43,140,5.9,6,40.8,-,1989.10.30,-,32927,-
279,秋田,32407,-,四,有線ロボット気象計,Y,Y,Y,Y,Y,ES,N,岩見三内,イワミサンナイ,IWAMISANNAI,秋田市岩見三内,秋田市河辺三内字外川原,-,39,42.4,140,17.2,41,10.1,2.5,#1976.11.25,-,-,-
280,秋田,32408,-,雨,有線ロボット雨量計,Y,N,N,N,N,N,N,仁別,ニベツ,NIBETSU,秋田市仁別,秋田市仁別字マンタラメ,-,39,48,140,13,179,-,-,1985.6.14,-,-,-
281,秋田,32426,-,雨,有線ロボット雨量計,Y,N,N,N,N,N,N,鎧畑,ヨロイバタ,YOROIBATA,仙北市鎧畑,仙北市田沢湖町田沢字鎧畑,-,39,46.5,140,39.9,281,-,-,1977.7.5,-,-,-
282,秋田,32431,-,雨,有線ロボット雨量計,Y,N,N,N,N,N,N,田沢湖高原,タザワココウゲン,TAZAWAKO-KOGEN,仙北市田沢湖高原,仙北市田沢湖生保内字駒ヶ岳,-,39,46.7,140,45.7,652,-,-,19906.8.29,-,-,-
283,秋田,32451,-,官,地上気象観測装置,Y,Y,Y,Y,Y,N,Y,雄和,ユウワ,YUWA,秋田市雄和,秋田市雄和椿川字山籠,秋田航空気象観測所,39,36.9,140,13.1,93,10,-,2003.1.1,-,32965,日照・湿度・気圧を除く
284,秋田,32466,-,四,有線ロボット気象計,Y,Y,Y,Y,N,ES,Y,角館,カクノダテ,KAKUNODATE,角館,仙北市角館町小勝田鵜の崎,-,39,36.2,140,33.4,56,10,2,#1976.11.18,-,32930,湿度を除く
285,秋田,32476,-,四,有線ロボット気象計,Y,Y,Y,Y,N,ES,N,田沢湖,タザワコ,TAZAWAKO,田沢湖,仙北市田沢湖生保内字宮の後,-,39,41.9,140,43.9,230,6.5,2,#1976.11.19,-,-,湿度を除く
286,秋田,32496,-,四,有線ロボット気象計,Y,Y,Y,Y,N,ES,Y,大正寺,ダイショウジ,DAISHOJI,秋田市大正寺,秋田市雄和新波字寺沢,-,39,31.6,140,14,20,6.5,2,(1975.5.27)1976.11.20,-,32935,湿度を除く
287,秋田,32551,-,四,有線ロボット気象計,Y,Y,Y,Y,N,ES,N,大曲,オオマガリ,OMAGARI,大曲,大仙市四ツ屋字下古道,-,39,29.4,140,29.7,30,10,2,#1976.11.17,-,-,湿度を除く
288,秋田,32571,-,四,有線ロボット気象計,Y,Y,Y,Y,N,ES,Y,本荘,ホンジョウ,HONJO,本荘,由利本荘市埋田字用堰南,-,39,21.6,140,3.3,11,6.5,1.5,#1976.11.20,-,32940,湿度を除く
289,秋田,32581,-,四,有線ロボット気象計,Y,Y,Y,Y,N,ES,N,東由利,ヒガシユリ,HIGASHIYURI,東由利,由利本荘市東由利老方字後田,-,39,18.3,140,17.3,117,10,2.5,1976.11.17,-,-,湿度を除く
290,秋田,32596,-,四,有線ロボット気象計,Y,Y,Y,Y,N,ES,Y,横手,ヨコテ,YOKOTE,横手,横手市横手町大樋,-,39,19.2,140,33.3,59,10,2.5,#1976.4.1,-,32945,湿度を除く
291,秋田,32616,-,四,有線ロボット気象計,Y,Y,Y,Y,Y,ES,N,にかほ,ニカホ,KISAKATA,にかほ,にかほ市金浦字南金浦,-,39,15.3,139,54.8,7,10.1,2,#1976.11.19,-,-,-
292,秋田,32626,-,四,有線ロボット気象計,Y,Y,Y,Y,N,ES,Y,矢島,ヤシマ,YASHIMA,矢島,由利本荘市矢島町城内字築館,-,39,14.1,140,8.2,46,10,2.5,#1976.11.18,-,32950,湿度を除く
293,秋田,32681,-,雨,有線ロボット雨量計,Y,N,N,N,N,N,N,笹子,ジネゴ,JINEGO,由利本荘市笹子,由利本荘市鳥海町上笹子字川合,-,39,6.2,140,17.6,200,-,-,1983.9.14,-,-,-
294,秋田,32691,-,四,有線ロボット気象計,Y,Y,Y,Y,N,ES,Y,湯沢,ユザワ,YUZAWA,湯沢,湯沢市金谷字樋ノ口,-,39,11.2,140,27.8,74,10,2.5,#1976.11.16,-,32960,湿度を除く
295,秋田,32701,-,雨,有線ロボット雨量計,Y,N,N,N,N,N,N,東成瀬,ヒガシナルセ,HIGASHINARUSE,東成瀬,雄勝郡東成瀬村田子内字仙人下,-,39,10.7,140,38.9,191,-,-,1976.7.27,-,-,-
296,秋田,32771,-,四,有線ロボット気象計,Y,Y,Y,Y,N,ES,Y,湯の岱,ユノタイ,YUNOTAI,湯沢市湯の岱,湯沢市秋の宮字湯の岱,-,38,57.6,140,31.7,335,6.5,3,#1976.11.15,-,32955,湿度を除く
297,岩手,33006,-,四,有線ロボット気象計,Y,Y,Y,Y,N,ES,N,種市,タネイチ,TANEICHI,洋野町種市,九戸郡洋野町種市第21地割,-,40,24.2,141,42,70,6.5,2,#1976.11.20,-,-,湿度を除く
298,岩手,33026,-,四,有線ロボット気象計,Y,Y,Y,Y,N,ES,N,軽米,カルマイ,KARUMAI,軽米,九戸郡軽米町大字上舘第15地割,-,40,19.5,141,28,148,10,2,#1976.11.21,-,-,湿度を除く
299,岩手,33071,-,四,有線ロボット気象計,Y,Y,Y,Y,N,ES,Y,二戸,ニノヘ,NINOHE,二戸,二戸市堀野字馬場,-,40,17.9,141,17.9,87,6.5,2,#1976.11.22,-,33905,湿度を除く
300,岩手,33086,-,雨,有線ロボット雨量計,Y,N,N,N,N,N,N,大野,オオノ,ONO,洋野町大野,九戸郡洋野町大野,-,40,16.9,141,40,200,-,-,1975.5.23,-,-,-
301,岩手,33136,-,四,有線ロボット気象計,Y,Y,Y,Y,N,ES,N,山形,ヤマガタ,YAMAGATA,久慈市山形,久慈市山形町川井,-,40,8.9,141,34.3,290,10,2.5,1977.10.31,-,-,湿度を除く
302,岩手,33146,-,四,有線ロボット気象計,Y,Y,Y,Y,Y,ES,Y,久慈,クジ,KUJI,久慈,久慈市小久慈町第24地割,-,40,10.1,141,44.9,13,9.9,2,#1976.11.19,-,33960,-
303,岩手,33166,-,四,有線ロボット気象計,Y,Y,Y,Y,Y,ES,N,荒屋,アラヤ,ARAYA,八幡平市荒屋,八幡平市叺田,-,40,6.2,141,3,290,10.1,2,1976.12.14,-,-,-
304,岩手,33176,-,四,有線ロボット気象計,Y,Y,Y,Y,N,ES,Y,奥中山,オクナカヤマ,OKUNAKAYAMA,一戸町奥中山,二戸郡一戸町小繋字西田子,-,40,3.6,141,13.5,430,10,2,1977.10.27,-,33915,湿度を除く
305,岩手,33186,-,四,有線ロボット気象計,Y,Y,Y,Y,N,ES,Y,葛巻,クズマキ,KUZUMAKI,葛巻,岩手郡葛巻町葛巻第7地割字元町,-,40,2.4,141,27.4,418,10,2,#1976.12.13,-,33920,湿度を除く
306,岩手,33201,-,雨,有線ロボット雨量計,Y,N,N,N,N,N,N,下戸鎖,シモトクサリ,SHIMOTOKUSARI,久慈市下戸鎖,久慈市山根町字下戸鎖,-,40,5.1,141,42.7,232,-,-,1978.12.21,-,-,-
307,岩手,33206,-,四,有線ロボット気象計,Y,Y,Y,Y,N,ES,N,普代,フダイ,FUDAI,普代,下閉伊郡普代村第13地割字普代,-,40,0.2,141,53,8,9.4,2,1976.11.22,-,-,湿度を除く
308,岩手,33226,-,四,有線ロボット気象計,Y,Y,Y,Y,N,ES,Y,岩手松尾,イワテマツオ,IWATEMATSUO,八幡平市岩手松尾,八幡平市野駄,-,39,57.1,141,3.9,275,10,2,#1976.12.1,-,33910,湿度を除く
309,岩手,33231,-,雨,有線ロボット雨量計,Y,N,N,N,N,N,N,一方井,イッカタイ,IKKATAI,岩手町一方井,岩手郡岩手町大字一方井第15地割,-,39,58.4,141,10,285,-,-,19906.9.3,-,-,-
310,岩手,33296,-,四,有線ロボット気象計,Y,Y,Y,Y,N,ES,N,好摩,コウマ,KOMA,盛岡市好摩,盛岡市好摩字芋田向,-,39,52.1,141,10,205,10,2,(1975.5.22)1976.12.14,-,-,湿度を除く
311,岩手,33326,-,四,有線ロボット気象計,Y,Y,Y,Y,Y,ES,Y,岩泉,イワイズミ,IWAIZUMI,岩泉,下閉伊郡岩泉町岩泉字中家,-,39,50.8,141,47.7,105,9.9,2.5,#1976.11.24,-,33965,-
312,岩手,33336,-,四,有線ロボット気象計,Y,Y,Y,Y,N,ES,N,小本,オモト,OMOTO,岩泉町小本,下閉伊郡岩泉町小本字下中野,-,39,50.8,141,57.8,3,10,2,1977.10.26,-,-,湿度を除く
313,岩手,33351,-,雨,有線ロボット雨量計,Y,N,N,N,N,N,N,葛根田,カッコンダ,KAKKONDA,雫石町葛根田,岩手郡雫石町西根第3地割上篠崎,-,39,46.6,140,56.7,350,-,-,1977.7.5,-,-,-
314,岩手,33361,-,雨,有線ロボット雨量計,Y,N,N,N,N,N,N,滝沢,タキザワ,TAKIZAWA,滝沢,滝沢市湯舟沢,-,39,46.8,141,5.8,210,-,-,2005.10.21,-,-,-
315,岩手,33371,-,四,有線ロボット気象計,Y,Y,Y,Y,N,ES,N,薮川,ヤブカワ,YABUKAWA,盛岡市薮川,盛岡市薮川字外山,-,39,47,141,19.7,680,10,2.5,(1975.11.13)1976.11.25,-,-,湿度を除く
316,岩手,33421,-,四,有線ロボット気象計,Y,Y,Y,Y,N,ES,Y,雫石,シズクイシ,SHIZUKUISHI,雫石,岩手郡雫石町第40地割字千刈田,-,39,41.8,140,58.5,195,8.5,2.5,#1976.11.26,-,33925,湿度を除く
317,岩手,33431,47584,官,地上気象観測装置,Y,Y,Y,Y,Y,Y,Y,盛岡,モリオカ,MORIOKA,盛岡,盛岡市山王町,盛岡地方気象台,39,41.9,141,9.9,155,15.5,-,#1975.4.1,-,33927,-
318,岩手,33441,-,四,有線ロボット気象計,Y,Y,Y,Y,N,ES,Y,区界,クザカイ,KUZAKAI,宮古市区界,宮古市区界第2地割,-,39,39,141,21.2,734,10,2.5,1993.10.7,-,33955,湿度を除く
319,岩手,33472,47585,官,地上気象観測装置,Y,Y,Y,Y,Y,Y,Y,宮古,ミヤコ,MIYAKO,宮古,宮古市鍬ケ崎下町,宮古特別地域気象観測所,39,38.8,141,57.9,43,20.3,-,1990.10.18,-,33933,-
320,岩手,33486,-,四,有線ロボット気象計,Y,Y,Y,Y,N,ES,N,沢内,サワウチ,SAWAUCHI,西和賀町沢内,和賀郡西和賀町沢内字貝沢4地割,-,39,32.9,140,50.6,407,10,3,19909.7.11,-,-,湿度を除く
321,岩手,33501,-,四,有線ロボット気象計,Y,Y,Y,Y,N,ES,N,紫波,シワ,SHIWA,紫波,紫波郡紫波町稲藤字七郷,-,39,32.8,141,7.6,125,10,2,1977.1.1,-,-,湿度を除く
322,岩手,33526,-,四,有線ロボット気象計,Y,Y,Y,Y,N,ES,N,川井,カワイ,KAWAI,宮古市川井,宮古市川井,-,39,35.9,141,40.9,192,6.5,2,1977.12.2,-,-,湿度を除く
323,岩手,33566,-,雨,有線ロボット雨量計,Y,N,N,N,N,N,N,豊沢,トヨサワ,KOMAGASHIRAYAMA,花巻市豊沢,花巻市北豊沢山国有林,-,39,28.8,140,58.1,300,-,-,1983.11.16,-,-,-
324,岩手,33576,-,官,地上気象観測装置,Y,Y,Y,Y,Y,N,N,花巻,ハナマキ,HANAMAKI,花巻,花巻市葛第3地割,花巻航空気象観測所,39,25.7,141,8.1,90,10,-,2003.1.1,-,-,日照・湿度・気圧を除く
325,岩手,33581,-,四,有線ロボット気象計,Y,Y,Y,Y,N,ES,N,大迫,オオハサマ,OHASAMA,花巻市大迫,花巻市大迫町大迫第13地割,-,39,28.2,141,16.7,150,10,2,#1976.11.18,-,-,湿度を除く
326,岩手,33596,-,雨,有線ロボット雨量計,Y,N,N,N,N,N,N,附馬牛,ツキモウシ,TSUKIMOSHI,遠野市附馬牛,遠野市附馬牛町上附馬牛19地割,-,39,27.4,141,30.4,440,-,-,2005.10.20,-,-,-
327,岩手,33611,-,雨,有線ロボット雨量計,Y,N,N,N,N,N,N,大槌,オオツチ,OTSUCHI,大槌,上閉伊郡大槌町金沢,-,39,26.3,141,48.4,120,-,-,2000.11.17,-,-,-
328,岩手,33616,-,四,有線ロボット気象計,Y,Y,Y,Y,N,ES,N,山田,ヤマダ,YAMADA,山田,下閉伊郡山田町織笠第11地割,-,39,27,141,57.4,24,6.5,2,(1975.5.22)1976.11.19,-,-,湿度を除く
329,岩手,33631,-,四,有線ロボット気象計,Y,Y,Y,Y,Y,ES,Y,湯田,ユダ,YUDA,西和賀町湯田,和賀郡西和賀町上野々第39地割,-,39,18.6,140,46.6,250,9.9,3.5,#1976.2.26,-,33935,-
330,岩手,33671,-,四,有線ロボット気象計,Y,Y,Y,Y,Y,ES,Y,遠野,トオノ,TOONO,遠野,遠野市松崎町白岩24地割,-,39,20.3,141,32.6,275,10.1,2,#1976.11.22,-,33930,-
331,岩手,33711,-,雨,有線ロボット雨量計,Y,N,N,N,N,N,N,金ヶ崎,カネガサキ,KANEGASAKI,金ケ崎,胆沢郡金ケ崎町西根千貫石,-,39,13.5,141,0.9,170,-,-,2005.10.19,-,-,-
332,岩手,33716,-,四,有線ロボット気象計,Y,Y,Y,Y,N,ES,Y,北上,キタカミ,KITAKAMI,北上,北上市芳町,-,39,17.3,141,6.6,61,6.5,2,#1976.12.4,-,33940,湿度を除く
333,岩手,33726,-,雨,有線ロボット雨量計,Y,N,N,N,N,N,N,米里,ヨネサト,YONESATO,奥州市米里,奥州市江刺米里字荒田表,-,39,14,141,18.6,170,-,-,1976.9.9,-,-,-
334,岩手,33751,-,四,有線ロボット気象計,Y,Y,Y,Y,N,ES,N,釜石,カマイシ,KAMAISHI,釜石,釜石市港町,-,39,16.2,141,52.7,5,10,2,#1976.11.20,-,-,湿度を除く
335,岩手,33776,-,四,有線ロボット気象計,Y,Y,Y,Y,N,ES,N,若柳,ワカヤナギ,WAKAYANAGI,奥州市若柳,奥州市胆沢若柳字倉舘,-,39,8.4,141,3.8,97,10,2,#1976.11.26,-,-,湿度を除く
336,岩手,33781,-,四,有線ロボット気象計,Y,Y,Y,Y,N,ES,N,江刺,エサシ,ESASHI,奥州市江刺,奥州市江刺愛宕字八日市,-,39,11,141,9.7,42,10,2,#1976.11.25,-,-,湿度を除く
337,岩手,33801,-,四,有線ロボット気象計,Y,Y,Y,Y,N,ES,N,住田,スミタ,SUMITA,住田,気仙郡住田町世田米字川向,-,39,8.5,141,34.4,80,10,2,1977.10.20,-,-,湿度を除く
338,岩手,33831,-,雨,有線ロボット雨量計,Y,N,N,N,N,N,Y,祭畤,マツルベ,MATSURUBE,一関市祭畤,一関市厳美町祭畤,-,39,0.7,140,51.9,350,-,-,1975.5.21,-,33945,-
339,岩手,33841,-,雨,有線ロボット雨量計,Y,N,N,N,N,N,N,衣川,コロモガワ,KOROMOGAWA,奥州市衣川,奥州市衣川懸田,-,39,3,141,2.7,75,-,-,1975.5.25,-,-,-
340,岩手,33856,-,雨,有線ロボット雨量計,Y,N,N,N,N,N,N,大東,ダイトウ,DAITO,一関市大東,一関市大東町猿沢字上ノ洞,-,39,2.3,141,17.8,140,-,-,2005.10.18,-,-,-
341,岩手,33877,47512,官,地上気象観測装置,Y,Y,Y,Y,Y,Y,Y,大船渡,オオフナト,OFUNATO,大船渡,大船渡市大船渡町字赤沢,大船渡特別地域気象観測所,39,3.8,141,42.8,37,22.2,-,#1990.3.15,-,33947,-
342,岩手,33911,-,四,有線ロボット気象計,Y,Y,Y,Y,Y,ES,Y,一関,イチノセキ,ICHINOSEKI,一関,一関市竹山町,-,38,56,141,7.5,32,10.1,2,#1976.2.15,-,33950,-
343,岩手,33921,-,四,有線ロボット気象計,Y,Y,Y,Y,N,ES,N,千厩,センマヤ,SEMMAYA,一関市千厩,一関市千厩町千厩字北方,-,38,55.3,141,19.8,120,10,2,#1976.11.27,-,-,湿度を除く
344,宮城,34012,-,四,有線ロボット気象計,Y,Y,Y,Y,N,ES,Y,駒ノ湯,コマノユ,KOMANOYU,栗原市駒ノ湯,栗原市栗駒沼倉耕英南,-,38,54.8,140,49.7,525,6.5,2.5,1976.11.29,-,34906,湿度を除く
345,宮城,34026,-,四,有線ロボット気象計,Y,Y,Y,Y,N,ES,N,気仙沼,ケセンヌマ,KESENNUMA,気仙沼,気仙沼市古町,-,38,54.4,141,33.4,62,10,1.5,#1976.12.2,-,-,湿度を除く
346,宮城,34056,-,雨,有線ロボット雨量計,Y,N,N,N,N,N,N,鴬沢,ウグイスザワ,UGUISUZAWA,栗原市鶯沢,栗原市鶯沢袋宮林,-,38,48.3,140,56.9,33,-,-,2001.9.27,-,-,-
347,宮城,34096,-,四,有線ロボット気象計,Y,Y,Y,Y,N,ES,Y,川渡,カワタビ,KAWATABI,大崎市川渡,大崎市鳴子温泉字蓬田,-,38,44.6,140,45.6,170,10,2,1976.12.4,-,34900,湿度を除く
348,宮城,34111,-,四,有線ロボット気象計,Y,Y,Y,Y,Y,ES,N,築館,ツキダテ,TSUKIDATE,栗原市築館,栗原市築館左足下,-,38,44.1,141,0.3,25,6.6,2.3,#1976.2.23,-,-,-
349,宮城,34171,-,四,有線ロボット気象計,Y,Y,Y,Y,N,ES,N,米山,ヨネヤマ,YONEYAMA,登米市米山,登米市米山町西野字的場,-,38,37.6,141,11.3,5,6.5,2,(1975.5.21)1976.11.30,-,-,湿度を除く
350,宮城,34186,-,四,有線ロボット気象計,Y,Y,Y,Y,N,ES,N,志津川,シヅガワ,SHIZUGAWA,南三陸町志津川,本吉郡南三陸町志津川字城場,-,38,40.9,141,26.9,39,10,2,#1976.12.1,-,-,湿度を除く
351,宮城,34206,-,雨,有線ロボット雨量計,Y,N,N,N,N,N,N,加美,カミ,KAMI,加美,加美郡加美町味ヶ袋薬莱原,-,38,34.3,140,43.6,195,-,-,2005.10.21,-,-,-
352,宮城,34216,-,四,有線ロボット気象計,Y,Y,Y,Y,Y,ES,Y,古川,フルカワ,FURUKAWA,大崎市古川,大崎市古川大崎字富国,-,38,35.9,140,54.7,28,6.6,1.8,#1976.12.3,-,34910,-
353,宮城,34241,-,雨,有線ロボット雨量計,Y,N,N,N,N,N,N,雄勝,オガツ,OGATSU,石巻市雄勝,石巻市雄勝町雄勝字下雄勝,-,38,31.2,141,27.9,24,-,-,1975.5.13,-,-,-
354,宮城,34262,-,雨,有線ロボット雨量計,Y,N,N,N,N,N,N,泉ケ岳,イズミガダケ,IZUMIGADAKE,仙台市泉ケ岳,仙台市泉区福岡岳山,-,38,24.4,140,43.3,630,-,-,2005.10.26,-,-,-
355,宮城,34266,-,四,有線ロボット気象計,Y,Y,Y,Y,N,ES,N,大衡,オオヒラ,OHIRA,大衡,黒川郡大衡村松の平,-,38,28.4,140,53.3,57,10,1.5,#1976.12.3,-,-,湿度を除く
356,宮城,34276,-,四,有線ロボット気象計,Y,Y,Y,Y,N,ES,N,鹿島台,カシマダイ,KASHIMADAI,大崎市鹿島台,大崎市鹿島台広長字内の浦,-,38,27.6,141,5.5,3,10,2,#1976.12.1,-,-,湿度を除く
357,宮城,34292,47592,官,地上気象観測装置,Y,Y,Y,Y,Y,Y,Y,石巻,イシノマキ,ISHINOMAKI,石巻,石巻市泉町,石巻特別地域気象観測所,38,25.6,141,17.9,43,28.6,-,1990.1.25,-,34913,-
358,宮城,34296,-,四,有線ロボット気象計,Y,Y,Y,Y,N,ES,N,女川,オナガワ,ONAGAWA,女川,牡鹿郡女川町宮ケ崎字宮ケ崎,-,38,26.8,141,27,38,10,1.5,19903.5.13,-,-,湿度を除く
359,宮城,34311,-,四,有線ロボット気象計,Y,Y,Y,Y,Y,ES,Y,新川,ニッカワ,NIKKAWA,仙台市新川,仙台市青葉区新川字清水尻,-,38,18.2,140,38.2,265,10.1,2,#1976.11.30,-,34915,-
360,宮城,34331,-,四,有線ロボット気象計,Y,Y,Y,Y,N,ES,N,塩釜,シオガマ,SHIOGAMA,塩釜,塩竈市伊保石,-,38,20.3,141,0.8,105,10,1.5,(1975.5.21)1976.11.30,-,-,湿度を除く
361,宮城,34392,47590,官,地上気象観測装置,Y,Y,Y,Y,Y,Y,Y,仙台,センダイ,SENDAI,仙台,仙台市宮城野区五輪,仙台管区気象台,38,15.7,140,53.8,39,52.6,-,#1982.3.1,-,34917,-
362,宮城,34436,-,官,地上気象観測装置,Y,Y,Y,Y,Y,N,Y,名取,ナトリ,NATORI,名取,名取市下増田字南原,仙台航空測候所,38,8.3,140,55,2,9.9,-,2003.1.1,-,34965,日照・湿度・気圧を除く
363,宮城,34461,-,四,有線ロボット気象計,Y,Y,Y,Y,Y,ES,Y,白石,シロイシ,SHIROISHI,白石,白石市福岡長袋字湯殿山,-,38,0.9,140,36.7,86,10.1,1.7,#1976.11.25,-,34920,-
364,宮城,34462,-,四,有線ロボット気象計,Y,Y,Y,Y,Y,ES,N,蔵王,ザオウ,ZAO,蔵王,刈田郡蔵王町大字平沢字内屋敷,-,38,7.6,140,40.8,112,6.6,1.5,2005.10.27,-,-,-
365,宮城,34471,-,四,有線ロボット気象計,Y,Y,Y,Y,N,ES,N,亘理,ワタリ,WATARI,亘理,亘理郡亘理町字油田,-,38,1.5,140,51.5,4,10,1.5,#1976.11.29,-,-,湿度を除く
366,宮城,34506,-,四,有線ロボット気象計,Y,Y,Y,Y,N,ES,N,丸森,マルモリ,MARUMORI,丸森,伊具郡丸森町舘矢間舘山字新賢中,-,37,55.9,140,46.7,18,10,1.5,1977.11.4,-,-,湿度を除く
367,宮城,34526,-,雨,有線ロボット雨量計,Y,N,N,N,N,N,N,筆甫,ヒッポ,HIPPO,丸森町筆甫,伊具郡丸森町筆甫字和田,-,37,49.6,140,43.7,305,-,-,1978.11.10,-,-,-
368,山形,35002,-,四,有線ロボット気象計,Y,Y,Y,Y,Y,ES,N,飛島,トビシマ,TOBISHIMA,酒田市飛島,酒田市飛島字勝浦乙,-,39,11,139,32.6,58,20.4,1.6,1987.11.10,-,-,-
369,山形,35052,47587,官,地上気象観測装置,Y,Y,Y,Y,Y,Y,Y,酒田,サカタ,SAKATA,酒田,酒田市亀ケ崎,酒田特別地域気象観測所,38,54.5,139,50.6,3,26.6,-,#1984.2.9,-,35955,-
370,山形,35056,-,雨,有線ロボット雨量計,Y,N,N,N,N,N,N,酒田大沢,サカタオオサワ,SAKATAOSAWA,酒田大沢,酒田市大蕨字二タ子,-,38,57.9,139,59.9,65,-,-,19909.12.20,-,-,-
371,山形,35071,-,四,有線ロボット気象計,Y,Y,Y,Y,N,ES,N,差首鍋,サスナベ,SASUNABE,真室川町差首鍋,最上郡真室川町差首鍋,-,38,55.1,140,12,88,9,3.5,#1976.11.30,-,-,湿度を除く
372,山形,35086,-,官,地上気象観測装置,Y,Y,Y,Y,Y,N,N,浜中,ハマナカ,HAMANAKA,酒田市浜中,酒田市浜中字村東,庄内航空気象観測所,38,48.7,139,47.2,22,10,-,2003.1.1,-,-,日照・湿度・気圧を除く
373,山形,35116,-,四,有線ロボット気象計,Y,Y,Y,Y,N,ES,Y,金山,カネヤマ,KANEYAMA,金山,最上郡金山町金山字本町,-,38,52.7,140,19.9,170,10,1.5,#1976.11.29,-,35900,湿度を除く
374,山形,35141,-,四,有線ロボット気象計,Y,Y,Y,Y,Y,ES,N,鶴岡,ツルオカ,TSURUOKA,鶴岡,鶴岡市錦町,-,38,44.1,139,49.7,16,10.1,2.5,#1976.12.2,-,-,-
375,山形,35146,-,四,有線ロボット気象計,Y,Y,Y,Y,N,ES,Y,狩川,カリカワ,KARIKAWA,庄内町狩川,東田川郡庄内町狩川字矢倉,-,38,48,139,58.4,17,10,3,#1976.12.2,-,35905,湿度を除く
376,山形,35162,47520,官,地上気象観測装置,Y,Y,Y,Y,Y,Y,Y,新庄,シンジョウ,SHINJO,新庄,新庄市東谷地田町,新庄特別地域気象観測所,38,45.4,140,18.7,105,31.6,-,#1985.11.1,-,35907,-
377,山形,35171,-,雨,有線ロボット雨量計,Y,N,N,N,N,N,N,瀬見,セミ,SEMI,最上町瀬見,最上郡最上町大堀,-,38,45.3,140,24.8,150,-,-,#,-,-,-
378,山形,35176,-,四,有線ロボット気象計,Y,Y,Y,Y,N,ES,Y,向町,ムカイマチ,MUKAIMACHI,最上町向町,最上郡最上町向町,-,38,45.5,140,31,212,10,3.5,(1974.12.18)1976.11.26,-,35950,湿度を除く
379,山形,35201,-,雨,有線ロボット雨量計,Y,N,N,N,N,N,Y,櫛引,クシビキ,KUSHIBIKI,櫛引,鶴岡市桂荒俣字上桂,-,38,40.3,139,50.9,33,-,-,#,-,35910,-
380,山形,35216,-,四,有線ロボット気象計,Y,Y,Y,Y,N,ES,Y,肘折,ヒジオリ,HIJIORI,大蔵村肘折,最上郡大蔵村南山,-,38,36.4,140,9.8,330,8.5,1.5,1976.11.27,-,35920,湿度を除く
381,山形,35231,-,四,有線ロボット気象計,Y,Y,Y,Y,Y,ES,Y,尾花沢,オバナザワ,OBANAZAWA,尾花沢,尾花沢市新町,-,38,36.5,140,24.7,106,8.9,3.2,(1975.5.23)1976.3.8,-,35915,-
382,山形,35246,-,四,有線ロボット気象計,Y,Y,Y,Y,Y,ES,N,鼠ケ関,ネズガセキ,NEZUGASEKI,鶴岡市鼠ケ関,鶴岡市鼠ケ関字横路,-,38,34,139,33.1,18,10.2,2,(1975.5.23)1976.12.3,-,-,-
383,山形,35256,-,雨,有線ロボット雨量計,Y,N,N,N,N,N,N,荒沢,アラサワ,ARASAWA,鶴岡市荒沢,鶴岡市荒沢字狩籠,-,38,30.5,139,46.9,272,-,-,1979.4.11,-,-,-
384,山形,35332,-,四,有線ロボット気象計,Y,Y,Y,Y,Y,ES,N,村山,ムラヤマ,MURAYAMA,村山,村山市大字大久保字寄込,-,38,27.6,140,20.9,80,6.7,2,2002.6.4,-,-,-
385,山形,35334,-,官,地上気象観測装置,Y,Y,Y,Y,Y,N,N,東根,ヒガシネ,HIGASHINE,東根,東根市大字羽入字柏原新林,山形航空気象観測所,38,24.7,140,22.2,105,10,-,2003.1.1,-,-,日照・湿度・気圧を除く
386,山形,35361,-,四,有線ロボット気象計,Y,Y,Y,Y,N,ES,Y,大井沢,オオイサワ,OISAWA,西川町大井沢,西村山郡西川町大井沢字中村,-,38,23.4,139,59.6,440,10,1.5,1978.12.20,-,35925,湿度を除く
387,山形,35376,-,四,有線ロボット気象計,Y,Y,Y,Y,N,ES,Y,左沢,アテラザワ,ATERAZAWA,大江町左沢,西村山郡大江町本郷字下夕原己,-,38,22.2,140,11.5,133,6.5,2,#1976.12.3,-,35945,湿度を除く
388,山形,35426,47588,官,地上気象観測装置,Y,Y,Y,Y,Y,Y,Y,山形,ヤマガタ,YAMAGATA,山形,山形市緑町,山形地方気象台,38,15.3,140,20.7,153,14.9,-,#1975.3.17,-,35927,-
389,山形,35456,-,四,有線ロボット気象計,Y,Y,Y,Y,N,ES,Y,長井,ナガイ,NAGAI,長井,長井市平山,-,38,6.3,140,0.9,210,9,3,#1976.12.10,-,35930,湿度を除く
390,山形,35466,-,雨,有線ロボット雨量計,Y,N,N,N,N,N,N,上山中山,カミノヤマナカヤマ,KAMINOYAMANAKAYAMA,上山中山,上山市中山字壁屋敷,-,38,7,140,12.8,270,-,-,2005.10.25,-,-,-
391,山形,35486,-,四,有線ロボット気象計,Y,Y,Y,Y,N,ES,Y,小国,オグニ,OGUNI,小国,西置賜郡小国町増岡字下林,-,38,4.7,139,44.1,140,10,4,#1976.12.8,-,35935,湿度を除く
392,山形,35511,-,四,有線ロボット気象計,Y,Y,Y,Y,N,ES,N,高畠,タカハタ,TAKAHATA,高畠,東置賜郡高畠町安久津字加茂川原,-,38,0.2,140,12.4,220,10,1.5,1976.12.9,-,-,湿度を除く
393,山形,35537,-,雨,有線ロボット雨量計,Y,N,N,N,N,N,N,中津川,ナカツガワ,NAKATSUGAWA,飯豊町中津川,西置賜郡飯豊町岩倉,-,37,54.6,139,50.6,390,-,-,1981.7.1,-,-,-
394,山形,35541,-,四,有線ロボット気象計,Y,Y,Y,Y,N,ES,N,高峰,タカミネ,TAKAMINE,飯豊町高峰,西置賜郡飯豊町高峰,-,37,59.4,139,57.2,260,10,1.5,#1976.11.22,-,-,湿度を除く
395,山形,35552,-,四,有線ロボット気象計,Y,Y,Y,Y,Y,ES,Y,米沢,ヨネザワ,YONEZAWA,米沢,米沢市アルカディア,-,37,54.7,140,8.6,245,9.3,2.5,2005.12.1,-,35940,-
396,福島,36056,-,四,有線ロボット気象計,Y,Y,Y,Y,N,ES,Y,茂庭,モニワ,MONIWA,福島市茂庭,福島市飯坂町茂庭字滑滝道,-,37,53.5,140,26.2,200,6.5,3,1992.10.23,-,36950,湿度を除く
397,福島,36066,-,四,有線ロボット気象計,Y,Y,Y,Y,N,ES,N,梁川,ヤナガワ,YANAGAWA,伊達市梁川,伊達市梁川町粟野字作田,-,37,51.1,140,35.3,43,9.4,1.5,#1976.12.6,-,-,湿度を除く
398,福島,36106,-,四,有線ロボット気象計,Y,Y,Y,Y,N,ES,N,桧原,ヒバラ,HIBARA,北塩原村桧原,耶麻郡北塩原村桧原字墓下,-,37,43.3,140,3.5,824,9.4,4,1978.10.26,-,-,湿度を除く
399,福島,36127,47595,官,地上気象観測装置,Y,Y,N,N,N,Y,Y,福島,フクシマ,FUKUSHIMA,福島,福島市松木町,福島地方気象台,37,45.5,140,28.2,67,-,-,2021.3.18,-,36955,気温、雨、日照
400,福島,36127,47595,官,地上気象観測装置,N,N,Y,Y,N,Y,Y,福島,フクシマ,FUKUSHIMA,福島,福島市八島田字琵琶渕,-,37,46.1,140,26.1,88,12,-,2021.3.18,-,-,風
401,福島,36151,-,四,有線ロボット気象計,Y,Y,Y,Y,Y,ES,N,相馬,ソウマ,SOMA,相馬,相馬市成田字五郎右エ門橋,-,37,47,140,55.5,9,6.5,1.5,#1976.12.7,-,-,-
402,福島,36176,-,四,有線ロボット気象計,Y,Y,Y,Y,N,ES,N,喜多方,キタカタ,KITAKATA,喜多方,喜多方市字押切,-,37,39.5,139,51.8,212,10,3.5,#1976.12.13,-,-,湿度を除く
403,福島,36196,-,四,有線ロボット気象計,Y,Y,Y,Y,N,ES,N,鷲倉,ワシクラ,WASHIKURA,福島市鷲倉,福島市土湯温泉町字鷲倉山国有林,-,37,40.1,140,15.6,1220,6.5,3,1976.11.16,-,-,湿度を除く
404,福島,36221,-,四,有線ロボット気象計,Y,Y,Y,Y,N,ES,N,飯舘,イイタテ,IITATE,飯舘,相馬郡飯舘村飯樋字笠石,-,37,39.9,140,43.6,463,10,1.5,1976.12.4,-,-,湿度を除く
405,福島,36231,-,雨,有線ロボット雨量計,Y,N,N,N,N,N,N,原町,ハラマチ,HARAMACHI,南相馬市原町,南相馬市原町区高見町,-,37,38.3,140,59,17,-,-,#,-,-,-
406,福島,36251,-,四,有線ロボット気象計,Y,Y,Y,Y,N,ES,Y,西会津,ニシアイヅ,NISHIAIZU,西会津,耶麻郡西会津町尾野本字樋ノ口原乙,-,37,35.3,139,39.4,165,10,3.5,(1975.5.21)1976.11.24,-,36905,湿度を除く
407,福島,36276,-,四,有線ロボット気象計,Y,Y,Y,Y,Y,ES,Y,猪苗代,イナワシロ,INAWASHIRO,猪苗代,耶麻郡猪苗代町大字千代田字中島,-,37,33.1,140,6.5,519,9.9,3.5,#1976.11.30,-,36910,-
408,福島,36291,-,四,有線ロボット気象計,Y,Y,Y,Y,N,ES,N,二本松,ニホンマツ,NIHOMMATSU,二本松,二本松市金色久保,-,37,35,140,25.8,235,10,1.5,#1976.12.3,-,-,湿度を除く
409,福島,36307,-,雨,有線ロボット雨量計,Y,N,N,N,N,N,N,津島,ツシマ,TSUSHIMA,浪江町津島,双葉郡浪江町下津島字町,-,37,33.6,140,45.2,400,-,-,1977.3.23,-,-,-
410,福島,36342,-,四,有線ロボット気象計,Y,Y,Y,Y,N,ES,Y,金山,カネヤマ,KANEYAMA,金山,大沼郡金山町大字中川字沖根原,-,37,28.4,139,31.7,296,10,4.5,2007.12.19,-,36921,湿度を除く
411,福島,36361,47570,官,地上気象観測装置,Y,Y,Y,Y,Y,Y,Y,若松,ワカマツ,WAKAMATSU,若松,会津若松市材木町,若松特別地域気象観測所,37,29.3,139,54.6,212,19.1,-,#1975.3.17,-,36923,-
412,福島,36391,-,四,有線ロボット気象計,Y,Y,Y,Y,Y,ES,N,船引,フネヒキ,FUNEHIKI,田村市船引,田村市船引町船引字新房院,-,37,26.1,140,34.6,421,6.5,1.5,#1976.12.2,-,-,-
413,福島,36411,-,四,有線ロボット気象計,Y,Y,Y,Y,N,ES,N,浪江,ナミエ,NAMIE,浪江,双葉郡浪江町大字川添字北上ノ原,-,37,29.5,140,57.9,43,10,1.5,#1976.12.8,-,-,湿度を除く
414,福島,36426,-,四,有線ロボット気象計,Y,Y,Y,Y,N,ES,Y,只見,タダミ,TADAMI,只見,南会津郡只見町只見字原,-,37,20.6,139,18.8,377,10.5,4.5,1976.7.20,-,36915,湿度を除く
415,福島,36461,-,雨,有線ロボット雨量計,Y,N,N,N,N,N,N,湖南,コナン,KONAN,郡山市湖南,郡山市湖南町福良字家老,-,37,23.3,140,5.4,536,-,-,1982.6.18,-,-,-
416,福島,36476,-,四,有線ロボット気象計,Y,Y,Y,Y,Y,ES,N,郡山,コオリヤマ,KOORIYAMA,郡山,郡山市安積町成田字東丸山,-,37,22.1,140,19.8,249,6.4,1.5,#1976.3.12,-,-,-
417,福島,36501,-,四,有線ロボット気象計,Y,Y,Y,Y,N,ES,N,川内,カワウチ,KAWAUCHI,川内,双葉郡川内村上川内字小山平,-,37,20.2,140,48.5,410,10,1.5,1976.11.30,-,-,湿度を除く
418,福島,36511,-,雨,有線ロボット雨量計,Y,N,N,N,N,N,N,富岡,トミオカ,TOMIOKA,富岡,双葉郡富岡町小浜,-,37,20.8,141,1,50,-,-,#,-,-,-
419,福島,36536,-,四,有線ロボット気象計,Y,Y,Y,Y,Y,ES,Y,南郷,ナンゴウ,NANGO,南会津町南郷,南会津郡南会津町界字梨木平,-,37,15.9,139,32.2,494,7.9,4.3,#1976.11.19,-,36925,-
420,福島,36562,-,四,有線ロボット気象計,Y,Y,Y,Y,N,ES,Y,湯本,ユモト,YUMOTO,天栄村湯本,岩瀬郡天栄村田良尾字持石,-,37,16.6,140,3.8,646,9.9,2.5,1988.10.5,-,36945,湿度を除く
421,福島,36571,-,雨,有線ロボット雨量計,Y,N,N,N,N,N,N,長沼,ナガヌマ,NAGANUMA,須賀川市長沼,須賀川市長沼字町尻,-,37,17.3,140,13.1,317,-,-,1978.8.8,-,-,-
422,福島,36581,-,官,地上気象観測装置,Y,Y,Y,Y,Y,N,Y,玉川,タマカワ,TAMAKAWA,玉川,石川郡玉川村大字北須釜字はばき田,福島航空気象観測所,37,13.6,140,25.6,372,10,-,2003.1.1,-,36965,日照・湿度・気圧を除く
423,福島,36591,-,四,有線ロボット気象計,Y,Y,Y,Y,N,ES,N,小野新町,オノニイマチ,ONONIIMACHI,小野町小野新町,田村郡小野町小野新町字舘廻,-,37,17.2,140,37.5,433,10,1.5,#1976.12.1,-,-,湿度を除く
424,福島,36597,-,雨,有線ロボット雨量計,Y,N,N,N,N,N,N,川前,カワマエ,KAWAMAE,いわき市川前,いわき市川前町下桶売字久保田,-,37,14.8,140,43.4,492,-,-,19906.12.3,-,-,-
425,福島,36611,-,四,有線ロボット気象計,Y,Y,Y,Y,N,ES,N,広野,ヒロノ,HIRONO,広野,双葉郡広野町下北迫字大谷地原,-,37,14,141,0,43,10,1.5,(1975.5.22)1976.12.13,-,-,湿度を除く
426,福島,36641,-,四,有線ロボット気象計,Y,Y,Y,Y,N,ES,Y,田島,タジマ,TAJIMA,南会津町田島,南会津郡南会津町田島字東下原,-,37,12.4,139,47.7,544,10,3,#1976.11.18,-,36935,湿度を除く
427,福島,36667,47597,官,地上気象観測装置,Y,Y,Y,Y,Y,Y,Y,白河,シラカワ,SHIRAKAWA,白河,白河市郭内,白河特別地域気象観測所,37,7.9,140,12.9,355,45.3,-,1994.1.28,-,36937,-
428,福島,36676,-,四,有線ロボット気象計,Y,Y,Y,Y,N,ES,N,石川,イシカワ,ISHIKAWA,石川,石川郡石川町双里字本宮,-,37,8.8,140,27.6,290,10,1.5,#1976.11.26,-,-,湿度を除く
429,福島,36716,-,四,有線ロボット気象計,Y,Y,Y,Y,N,ES,Y,桧枝岐,ヒノエマタ,HINOEMATA,桧枝岐,南会津郡檜枝岐村字上河原,-,37,0.6,139,22.5,973,10,4.5,1978.10.31,-,36940,湿度を除く
430,福島,36726,-,雨,有線ロボット雨量計,Y,N,N,N,N,N,N,舘岩,タテイワ,TATEIWA,南会津町舘岩,南会津郡南会津町松戸原,-,37,5.5,139,31.9,690,-,-,1978.8.9,-,-,-
431,福島,36781,-,雨,有線ロボット雨量計,Y,N,N,N,N,N,N,平,タイラ,TAIRA,いわき市平,いわき市好間町今新田字宮西,-,37,3.9,140,52.6,12,-,-,#,-,-,-
432,福島,36821,-,四,有線ロボット気象計,Y,Y,Y,Y,Y,ES,N,東白川,ヒガシシラカワ,HIGASHISHIRAKAWA,塙町東白川,東白川郡塙町大字上石井字新田,-,36,56.3,140,24.5,183,6.4,1.5,#1976.11.25,-,-,-
433,福島,36836,-,四,有線ロボット気象計,Y,Y,Y,Y,N,ES,N,山田,ヤマダ,YAMADA,いわき市山田,いわき市山田町大谷,-,36,56,140,44,25,10,1.5,19901.3.6,-,-,湿度を除く
434,福島,36846,47598,官,地上気象観測装置,Y,Y,N,N,N,Y,N,小名浜,オナハマ,ONAHAMA,小名浜,いわき市小名浜字船引場,小名浜特別地域気象観測所,36,56.8,140,54.2,3,-,-,#1975.3.17,-,-,気温、雨、日照
435,福島,36846,47598,官,地上気象観測装置,N,N,Y,Y,N,Y,N,小名浜,オナハマ,ONAHAMA,小名浜,いわき市小名浜大原字芳際,-,36,57.8,140,53,5,20,-,#1975.3.17,-,-,風
436,茨城,40041,-,雨,有線ロボット雨量計,Y,N,N,N,N,N,N,花園,ハナゾノ,HANAZONO,北茨城市花園,北茨城市華川町花園,-,36,52.1,140,38.2,370,-,-,#,-,-,-
437,茨城,40046,-,四,有線ロボット気象計,Y,Y,Y,Y,Y,ES,N,北茨城,キタイバラキ,OTSU,北茨城,北茨城市関南町関本下,-,36,50,140,46.3,5,9.9,1.5,#1978.1.18,-,-,-
438,茨城,40061,-,四,有線ロボット気象計,Y,Y,Y,Y,N,ES,N,大子,ダイゴ,DAIGO,大子,久慈郡大子町大子,-,36,46.7,140,20.7,120,10,1.5,#1978.1.13,-,-,湿度を除く
439,茨城,40066,-,雨,有線ロボット雨量計,Y,N,N,N,N,N,N,徳田,トクダ,TOKUDA,常陸太田市徳田,常陸太田市徳田町,-,36,46.7,140,28.9,270,-,-,1977.7.15,-,-,-
440,茨城,40076,-,雨,有線ロボット雨量計,Y,N,N,N,N,N,N,大能,オオノウ,ONO,高萩市大能,高萩市大能,-,36,44.6,140,35.6,395,-,-,1985.6.5,-,-,-
441,茨城,40091,-,四,有線ロボット気象計,Y,Y,Y,Y,N,ES,N,常陸大宮,ヒタチオオミヤ,OSE,常陸大宮市上小瀬,常陸大宮市上小瀬,-,36,36.4,140,19.5,95,6.5,1.5,1978.12.20,-,-,湿度を除く
442,茨城,40126,-,雨,有線ロボット雨量計,Y,N,N,N,N,N,N,中野,ナカノ,NAKANO,常陸太田市中野,常陸太田市中野町,-,36,30.9,140,28.4,17,-,-,1977.7.13,-,-,-
443,茨城,40136,-,四,有線ロボット気象計,Y,Y,Y,Y,N,ES,N,日立,ヒタチ,HITACHI,日立,日立市会瀬町,-,36,34.8,140,38.7,34,10,1.5,(1975.5.20)1978.1.18,-,-,湿度を除く
444,茨城,40181,-,雨,有線ロボット雨量計,Y,N,N,N,N,N,N,門井,カドイ,KYOWA,筑西市門井,筑西市門井,-,36,20,140,2,40,-,-,1982.6.23,-,-,-
445,茨城,40191,-,四,有線ロボット気象計,Y,Y,Y,Y,N,ES,N,笠間,カサマ,KASAMA,笠間,笠間市箱田,-,36,23.7,140,14.4,72,10,1.5,#1978.1.31,-,-,湿度を除く
446,茨城,40201,47629,官,地上気象観測装置,Y,Y,Y,Y,Y,Y,Y,水戸,ミト,MITO,水戸,水戸市金町,水戸地方気象台,36,22.8,140,28,29,14.1,-,#1975.3.3,-,40900,-
447,茨城,40221,-,四,有線ロボット気象計,Y,Y,Y,Y,N,ES,N,古河,コガ,KOGA,古河,古河市北町,-,36,12.1,139,43,20,10,1.5,#1978.1.11,-,-,湿度を除く
448,茨城,40231,-,四,有線ロボット気象計,Y,Y,Y,Y,N,ES,N,下館,シモダテ,SHIMODATE,筑西市下館,筑西市西石田,-,36,16.9,139,59.3,24,6.5,1.5,2001.12.10,-,-,湿度を除く
449,茨城,40241,-,雨,有線ロボット雨量計,Y,N,N,N,N,N,N,柿岡,カキオカ,KAKIOKA,石岡市柿岡,石岡市柿岡,-,36,14,140,11.3,27,-,-,1975.5.20,-,-,-
450,茨城,40251,-,雨,有線ロボット雨量計,Y,N,N,N,N,N,N,美野里,ミノリ,MINORI,小美玉市美野里,小美玉市部室,-,36,14.2,140,19.5,25,-,-,1975.5.20,-,-,-
451,茨城,40281,-,四,有線ロボット気象計,Y,Y,Y,Y,N,ES,N,下妻,シモツマ,SHIMOTSUMA,下妻,下妻市二本紀,-,36,10.1,139,56.7,20,10,1.5,#1978.1.11,-,-,湿度を除く
452,茨城,40311,-,四,有線ロボット気象計,Y,Y,Y,Y,Y,ES,N,鉾田,ホコタ,HOKOTA,鉾田,鉾田市安房,-,36,10.1,140,31.6,32,9.9,1.5,1978.1.31,-,-,-
453,茨城,40326,-,雨,有線ロボット雨量計,Y,N,N,N,N,N,N,坂東,バンドウ,IWAI,坂東,坂東市辺田,-,36,2.1,139,53.6,16,-,-,#,-,-,-
454,茨城,40336,-,官,地上気象観測装置,Y,Y,Y,Y,Y,Y,Y,つくば,ツクバ,NAGAMINE,つくば,つくば市長峰,高層気象台,36,3.4,140,7.5,25,20.4,-,1990.3.9,-,40905,-
455,茨城,40341,-,四,有線ロボット気象計,Y,Y,Y,Y,N,ES,N,土浦,ツチウラ,TSUCHIURA,土浦,土浦市木田余東台,-,36,6.2,140,13.2,26,10,1.5,#1978.1.12,-,-,湿度を除く
456,茨城,40391,-,雨,有線ロボット雨量計,Y,N,N,N,N,N,N,江戸崎,エドサキ,EDOSAKI,稲敷市江戸崎,稲敷市江戸崎甲,-,35,57.6,140,19.2,25,-,-,1975.3.28,-,-,-
457,茨城,40406,-,四,有線ロボット気象計,Y,Y,Y,Y,N,ES,N,鹿嶋,カシマ,KASHIMA,鹿嶋,鹿嶋市城山,-,35,57.8,140,37.3,37,10,1.5,#1978.1.17,-,-,湿度を除く
458,茨城,40426,-,四,有線ロボット気象計,Y,Y,Y,Y,N,ES,N,龍ケ崎,リュウガサキ,RYUGASAKI,龍ケ崎,龍ケ崎市大徳町,-,35,53.4,140,12.7,4,9.4,1.5,(1975.5.20)1978.12.19,-,-,湿度を除く
459,栃木,41011,-,四,有線ロボット気象計,Y,Y,Y,Y,Y,ES,Y,那須高原,ナスコウゲン,NASU,那須高原,那須郡那須町大島,-,37,7.4,140,2.1,749,6.6,1.5,#1977.11.9,-,41900,-
460,栃木,41076,-,四,有線ロボット気象計,Y,Y,Y,Y,N,ES,N,五十里,イカリ,IKARI,日光市五十里,日光市五十里堀割,-,36,55.3,139,41.7,620,10,1.5,(1975.5.20)1977.11.10,-,-,湿度を除く
461,栃木,41091,-,四,有線ロボット気象計,Y,Y,Y,Y,Y,ES,N,黒磯,クロイソ,KUROISO,那須塩原市黒磯,那須塩原市埼玉,-,36,58.9,140,1.1,343,9.9,1.5,#1977.12.26,-,-,-
462,栃木,41116,-,四,有線ロボット気象計,Y,Y,Y,Y,N,ES,Y,土呂部,ドロブ,DOROBU,日光市土呂部,日光市土呂部,-,36,53.5,139,34.1,925,10,1.5,1977.11.10,-,41905,湿度を除く
463,栃木,41141,-,四,有線ロボット気象計,Y,Y,Y,Y,Y,ES,N,大田原,オオタワラ,OTAWARA,大田原,大田原市宇田川,-,36,50.4,140,2.1,188,9.9,1.5,#1976.2.20,-,-,-
464,栃木,41166,47690,官,地上気象観測装置,Y,Y,Y,Y,Y,Y,Y,奥日光,オクニッコウ,NIKKO,奥日光中禅寺湖畔,日光市中宮祠,日光特別地域気象観測所,36,44.3,139,30,1292,11.3,-,#1975.11.27,-,41910,-
465,栃木,41172,-,四,有線ロボット気象計,Y,Y,Y,Y,N,ES,N,日光東町,ニッコウヒガシマチ,NIKKOHIGASHIMACHI,日光市日光東町,日光市稲荷町,-,36,45,139,36.9,561,10.4,1.5,2022.11.16,-,-,湿度を除く
466,栃木,41181,-,四,有線ロボット気象計,Y,Y,Y,Y,N,ES,N,塩谷,シオヤ,SHIOYA,塩谷,塩谷郡塩谷町大字田所,-,36,45.4,139,53,225,10.5,1.5,1978.12.21,-,-,湿度を除く
467,栃木,41211,-,雨,有線ロボット雨量計,Y,N,N,N,N,N,N,足尾,アシオ,ASHIO,日光市足尾,日光市足尾町,-,36,38.8,139,26.9,650,-,-,1975.5.20,-,-,-
468,栃木,41241,-,雨,有線ロボット雨量計,Y,N,N,N,N,N,N,高根沢,タカネザワ,TAKANEZAWA,高根沢,塩谷郡高根沢町上高根沢台の原,-,36,36.4,139,59.9,148,-,-,#,-,-,-
469,栃木,41247,-,四,有線ロボット気象計,Y,Y,Y,Y,N,ES,N,那須烏山,ナスカラスヤマ,NASU-KARASUYAMA,那須烏山,那須烏山市森田字小塙前,-,36,38.5,140,7,82,10.5,1.5,19901.2.24,-,-,湿度を除く
470,栃木,41271,-,四,有線ロボット気象計,Y,Y,Y,Y,N,ES,N,鹿沼,カヌマ,KANUMA,鹿沼,鹿沼市見野,-,36,35.5,139,44.1,165,10.5,1.5,#1978.1.9,-,-,湿度を除く
471,栃木,41277,47615,官,地上気象観測装置,Y,Y,Y,Y,Y,Y,Y,宇都宮,ウツノミヤ,UTSUNOMIYA,宇都宮,宇都宮市明保野町,宇都宮地方気象台,36,32.9,139,52.1,119,49.4,-,1989.12.20,-,41915,-
472,栃木,41311,-,雨,有線ロボット雨量計,Y,N,N,N,N,N,N,葛生,クズウ,KUZUU,佐野市葛生,佐野市豊代町,-,36,25.9,139,35.4,120,-,-,#,-,-,-
473,栃木,41331,-,四,有線ロボット気象計,Y,Y,Y,Y,N,ES,N,真岡,モオカ,MOOKA,真岡,真岡市下籠谷,-,36,28.6,139,59.2,91,10,1.5,#1978.1.10,-,-,湿度を除く
474,栃木,41356,-,雨,有線ロボット雨量計,Y,N,N,N,N,N,N,足利,アシカガ,ASHIKAGA,足利,足利市元学町,-,36,20.5,139,27.7,35,-,-,#,-,-,-
475,栃木,41361,-,四,有線ロボット気象計,Y,Y,Y,Y,N,ES,N,佐野,サノ,SANO,佐野,佐野市田沼町,-,36,21.8,139,34.2,68,10.8,1.5,(1975.5.20)1978.1.9,-,-,湿度を除く
476,栃木,41371,-,雨,有線ロボット雨量計,Y,N,N,N,N,N,N,栃木,トチギ,TOCHIGI,栃木,栃木市平井町,-,36,22.4,139,42.2,65,-,-,#,-,-,-
477,栃木,41376,-,四,有線ロボット気象計,Y,Y,Y,Y,N,ES,N,小山,オヤマ,OYAMA,小山,小山市出井,-,36,20.3,139,49.8,44,15.8,1.5,#1978.1.10,-,-,湿度を除く
478,群馬,42046,-,四,有線ロボット気象計,Y,Y,Y,Y,Y,ES,Y,藤原,フジワラ,FUJIWARA,みなかみ町藤原,利根郡みなかみ町藤原字屋倉,-,36,51.8,139,3.5,700,9.9,4,1977.11.11,-,42900,-
479,群馬,42091,-,四,有線ロボット気象計,Y,Y,Y,Y,Y,ES,Y,みなかみ,ミナカミ,MINAKAMI,みなかみ町湯原,利根郡みなかみ町湯原,-,36,46.4,138,57.9,524,10,3,(1975.5.20)1977.12.23,-,42905,-
480,群馬,42106,-,雨,有線ロボット雨量計,Y,N,N,N,N,N,N,片品,カタシナ,KATASHINA,片品,利根郡片品村鎌田,-,36,46.3,139,14.3,861,-,-,1977.7.19,-,-,-
481,群馬,42121,-,四,有線ロボット気象計,Y,Y,Y,Y,N,ES,Y,草津,クサツ,KUSATSU,草津,吾妻郡草津町草津,-,36,37,138,35.5,1223,7.5,2.5,#1977.12.23,-,42910,湿度を除く
482,群馬,42146,-,四,有線ロボット気象計,Y,Y,Y,Y,Y,ES,N,沼田,ヌマタ,NUMATA,沼田,沼田市井土上町,-,36,40.1,139,1.3,390,9.9,1.5,#1977.12.21,-,-,-
483,群馬,42186,-,四,有線ロボット気象計,Y,Y,Y,Y,N,ES,N,中之条,ナカノジョウ,NAKANOJO,中之条,吾妻郡中之条町伊勢町,-,36,35.2,138,51,354,10,1.5,(1975.5.20)1977.12.21,-,-,湿度を除く
484,群馬,42221,-,四,有線ロボット気象計,Y,Y,Y,Y,N,ES,N,田代,タシロ,TASHIRO,嬬恋村田代,吾妻郡嬬恋村田代,-,36,27.8,138,27.8,1230,10,2,#1977.12.22,-,-,湿度を除く
485,群馬,42241,-,雨,有線ロボット雨量計,Y,N,N,N,N,N,N,榛名山,ハルナサン,HARUNASAN,高崎市榛名山,高崎市榛名湖町沼ノ原甲,-,36,28.3,138,52.4,1088,-,-,#,-,-,-
486,群馬,42251,47624,官,地上気象観測装置,Y,Y,N,N,N,Y,Y,前橋,マエバシ,MAEBASHI,前橋,前橋市昭和町,前橋地方気象台,36,24.3,139,3.6,112,-,-,#1975.2.27,-,42915,気温、雨
487,群馬,42251,47624,官,地上気象観測装置,N,N,Y,Y,N,Y,Y,前橋,マエバシ,MAEBASHI,前橋,前橋市元総社町,-,36,23.2,139,2.3,112,12.6,-,#1975.2.27,-,-,風、日照
488,群馬,42261,-,雨,有線ロボット雨量計,Y,N,N,N,N,N,N,黒保根,クロホネ,KUROHONE,桐生市黒保根,桐生市黒保根町水沼,-,36,30.1,139,17,285,-,-,1978.6.16,-,-,-
489,群馬,42266,-,四,有線ロボット気象計,Y,Y,Y,Y,N,ES,N,桐生,キリュウ,KIRYU,桐生,桐生市元宿町,-,36,24.6,139,19.5,117,10,1.5,#1976.2.5,-,-,湿度を除く
490,群馬,42286,-,四,有線ロボット気象計,Y,Y,Y,Y,N,ES,N,上里見,カミサトミ,KAMISATOMI,高崎市上里見,高崎市上里見町,-,36,22.6,138,53.7,183,6.5,1.5,#1977.12.19,-,-,湿度を除く
491,群馬,42302,-,四,有線ロボット気象計,Y,Y,Y,Y,N,ES,N,伊勢崎,イセサキ,ISESAKI,伊勢崎,伊勢崎市宮子町,-,36,19.9,139,9.9,64,12,1.5,1998.7.27,-,-,湿度を除く
492,群馬,42326,-,四,有線ロボット気象計,Y,Y,Y,Y,N,ES,N,西野牧,ニシノマキ,NISHI-NOMAKI,下仁田町西野牧,甘楽郡下仁田町西野牧,-,36,14.7,138,42.4,375,10,1.5,#1977.12.20,-,-,湿度を除く
493,群馬,42341,-,雨,有線ロボット雨量計,Y,N,N,N,N,N,N,藤岡,フジオカ,FUJIOKA,藤岡,藤岡市藤岡,-,36,14.5,139,4.2,95,-,-,#,-,-,-
494,群馬,42366,-,四,有線ロボット気象計,Y,Y,Y,Y,N,ES,N,館林,タテバヤシ,TATEBAYASHI,館林,館林市富士原町,-,36,14.4,139,30.8,23,10.1,1.5,#1978.12.22,-,-,湿度を除く
495,群馬,42396,-,四,有線ロボット気象計,Y,Y,Y,Y,N,ES,N,神流,カンナ,MAMBA,神流町神流,多野郡神流町大字黒田字坂井道下,-,36,6.5,138,53.8,357,8.5,1.5,1977.11.17,-,-,湿度を除く
496,埼玉,43051,-,四,有線ロボット気象計,Y,Y,Y,Y,N,ES,N,寄居,ヨリイ,YORII,寄居,大里郡寄居町大字折原,-,36,6.3,139,11,128,10,1.5,(1975.5.17)1977.12.19,-,-,湿度を除く
497,埼玉,43056,47626,官,地上気象観測装置,Y,Y,Y,Y,Y,Y,Y,熊谷,クマガヤ,KUMAGAYA,熊谷,熊谷市桜町,熊谷地方気象台,36,9,139,22.8,30,16.7,-,#1975.3.3,-,43905,-
498,埼玉,43091,-,雨,有線ロボット雨量計,Y,N,N,N,N,N,N,上吉田,カミヨシダ,KAMIYOSHIDA,秩父市上吉田,秩父市上吉田,-,36,3.2,138,58.8,275,-,-,1977.8.25,-,-,-
499,埼玉,43121,-,雨,有線ロボット雨量計,Y,N,N,N,N,N,N,鴻巣,コウノス,KONOSU,鴻巣,鴻巣市中央,-,36,3.9,139,31.3,15,-,-,1975.6.11,-,-,-
500,埼玉,43126,-,四,有線ロボット気象計,Y,Y,Y,Y,N,ES,N,久喜,クキ,KUKI,久喜,久喜市六万部,-,36,5.2,139,38.1,12,10,1.5,#1977.12.20,-,-,湿度を除く
501,埼玉,43151,-,雨,有線ロボット雨量計,Y,N,N,N,N,N,N,三峰,ミツミネ,MITSUMINE,秩父市三峰,秩父市三峰,-,35,55.6,138,55.4,975,-,-,1975.5.16,-,-,-
502,埼玉,43156,47641,官,地上気象観測装置,Y,Y,Y,Y,Y,Y,Y,秩父,チチブ,CHICHIBU,秩父,秩父市上町,秩父特別地域気象観測所,35,59.4,139,4.4,232,17.2,-,#1975.11.28,-,43900,-
503,埼玉,43157,-,雨,有線ロボット雨量計,Y,N,N,N,N,N,N,浦山,ウラヤマ,URAYAMA,秩父市浦山,秩父市浦山,-,35,55.2,139,4.2,400,-,-,1977.6.28,-,-,-
504,埼玉,43162,-,雨,有線ロボット雨量計,Y,N,N,N,N,N,N,ときがわ,トキガワ,TOKIGAWA,ときがわ,比企郡ときがわ町大字大野字宮澤,-,35,59.4,139,12.4,295,-,-,2000.4.28,-,-,-
505,埼玉,43171,-,四,有線ロボット気象計,Y,Y,Y,Y,N,ES,N,鳩山,ハトヤマ,HATOYAMA,鳩山,比企郡鳩山町大字赤沼,-,35,59.1,139,20.1,44,6.5,1.5,1977.12.22,-,-,湿度を除く
506,埼玉,43231,-,雨,有線ロボット雨量計,Y,N,N,N,N,N,N,飯能,ハンノウ,HANNO,飯能,飯能市征矢町,-,35,50.3,139,19.3,84,-,-,#,-,-,-
507,埼玉,43241,-,四,有線ロボット気象計,Y,Y,Y,Y,Y,ES,Y,さいたま,サイタマ,URAWA,さいたま市桜区,さいたま市桜区大字宿,-,35,52.5,139,35.2,8,9.9,1.5,#1977.12.22,-,43910,-
508,埼玉,43256,-,四,有線ロボット気象計,Y,Y,Y,Y,Y,ES,N,越谷,コシガヤ,KOSHIGAYA,越谷,越谷市大字北後谷,-,35,53,139,45.4,3,10,1.5,#1977.12.20,-,-,-
509,埼玉,43266,-,四,有線ロボット気象計,Y,Y,Y,Y,N,ES,N,所沢,トコロザワ,TOKOROZAWA,所沢,所沢市勝楽寺,-,35,46.4,139,24.8,119,10,1.5,(1975.6.11)1977.12.21,-,-,湿度を除く
510,東京,44046,-,四,有線ロボット気象計,Y,Y,Y,Y,Y,ES,N,小河内,オゴウチ,OGOCHI,奥多摩町小河内,西多摩郡奥多摩町原,-,35,47.5,139,3,530,9.9,1.5,#1976.12.15,-,-,-
511,東京,44051,-,雨,有線ロボット雨量計,Y,N,N,N,N,N,N,小沢,オザワ,OZAWA,檜原村小沢,西多摩郡檜原村,-,35,44.1,139,7.4,420,-,-,1977.8.2,-,-,-
512,東京,44056,-,四,有線ロボット気象計,Y,Y,Y,Y,N,ES,N,青梅,オウメ,OME,青梅市新町,青梅市新町,-,35,47.3,139,18.7,155,10,1.5,(1975.5.16)1976.12.14,-,-,湿度を除く
513,東京,44071,-,四,有線ロボット気象計,Y,Y,Y,Y,N,ES,N,練馬,ネリマ,NERIMA,練馬区石神井台,練馬区石神井台,-,35,44.3,139,35.5,51,11.3,1.5,19904.12.26,-,-,湿度を除く
514,東京,44112,-,四,有線ロボット気象計,Y,Y,Y,Y,N,ES,N,八王子,ハチオウジ,HACHIOJI,八王子市元本郷町,八王子市元本郷町,-,35,40,139,19,123,49.8,1.5,1983.9.30,-,-,湿度を除く
515,東京,44116,-,四,有線ロボット気象計,Y,Y,Y,Y,N,ES,N,府中,フチュウ,FUCHU,府中市幸町,府中市幸町,-,35,41,139,29,59,9.3,1.5,1976.12.14,-,-,湿度を除く
516,東京,44126,-,雨,有線ロボット雨量計,Y,N,N,N,N,N,N,世田谷,セタガヤ,SETAGAYA,世田谷区岡本,世田谷区岡本,-,35,37.6,139,37.2,35,-,-,#,-,-,-
517,東京,44132,47662,官,地上気象観測装置,Y,Y,N,N,N,Y,Y,東京,トウキョウ,TOKYO,千代田区北の丸公園,千代田区北の丸公園,東京管区気象台,35,41.5,139,45,25,-,-,2007.11.1,-,44900,気温、雨
518,東京,44132,47662,官,地上気象観測装置,N,N,Y,Y,N,Y,Y,東京,トウキョウ,TOKYO,千代田区北の丸公園,千代田区北の丸公園,-,35,41.5,139,45.1,20,35.3,-,2007.11.1,-,-,風、日照
519,東京,44136,-,四,有線ロボット気象計,Y,Y,Y,Y,N,ES,N,江戸川臨海,エドガワリンカイ,SHIMKIBA,江戸川区臨海町,江戸川区臨海町,-,35,38.3,139,51.8,5,10.2,1.5,#1976.12.13,-,-,湿度を除く
520,東京,44166,-,官,地上気象観測装置,Y,Y,Y,Y,Y,N,N,羽田,ハネダ,HANEDA,大田区羽田,大田区羽田空港,東京航空地方気象台,35,33.2,139,46.8,6,10,-,#1993.10.12,-,-,日照・湿度・気圧を除く
521,東京,44172,47675,官,地上気象観測装置,Y,Y,Y,Y,Y,Y,N,大島,オオシマ,OSHIMA,大島元町,大島町元町字家の上,大島特別地域気象観測所,34,44.9,139,21.7,74,27.1,-,1991.12.18,-,-,-
522,東京,44173,-,官,地上気象観測装置,Y,Y,Y,Y,Y,N,N,大島北ノ山,オオシマキタノヤマ,OSHIMA-KITANOYAMA,大島北の山,大島町元町字北の山,大島航空気象観測所,34,46.9,139,21.6,38,9,-,2003.1.1,-,-,日照・湿度・気圧を除く
523,東京,44191,-,雨,有線ロボット雨量計,Y,N,N,N,N,N,N,利島,トシマ,TOSHIMA,利島,利島村,-,34,31.7,139,16.9,100,-,-,19906.7.25,-,-,-
524,東京,44207,-,官,地上気象観測装置,Y,Y,Y,Y,Y,N,N,新島,ニイジマ,KAWAHARA,新島川原,新島村川原,新島航空気象観測所,34,22.1,139,16.1,29,10,-,2003.1.1,-,-,日照・湿度・気圧を除く
525,東京,44216,-,官,地上気象観測装置,Y,Y,Y,Y,Y,N,N,神津島,コウヅシマ,KINNAGA,神津島空港,神津島村金長,神津島航空気象観測所,34,11.3,139,8,138,10,-,2003.1.1,-,-,日照・湿度・気圧を除く
526,東京,44226,47677,官,地上気象観測装置,Y,Y,Y,Y,Y,Y,N,三宅島,ミヤケジマ,MIYAKEJIMA,三宅島神着,三宅村神着,三宅島特別地域気象観測所,34,7.4,139,31.2,38,13.2,-,#1975.12.10,-,-,-
527,東京,44228,-,官,地上気象観測装置,Y,Y,Y,Y,Y,N,N,三宅坪田,ミヤケツボタ,MIYAKETSUBOTA,三宅島坪田,三宅村坪田,三宅島航空気象観測所,34,4.4,139,33.6,20,6.5,-,2000.9.11,-,-,日照・湿度・気圧を除く
528,東京,44262,-,官,地上気象観測装置,Y,Y,Y,Y,Y,N,N,八重見ヶ原,ヤエミガハラ,YAEMIGAHARA,八丈島八重見ヶ原,八丈島八丈町大賀郷,八丈島航空気象観測所,33,6.9,139,47.1,92,10.3,-,2003.1.1,-,-,日照・湿度・気圧を除く
529,東京,44263,47678,官,地上気象観測装置,Y,Y,N,N,N,Y,N,八丈島,ハチジョウジマ,HACHIJOJIMA,八丈島西見,八丈島八丈町大賀郷,八丈島特別地域気象観測所,33,7.3,139,46.7,151,-,-,1975.3.13,-,-,気温、雨
530,東京,44263,47678,官,地上気象観測装置,N,N,Y,Y,N,Y,N,八丈島,ハチジョウジマ,HACHIJOJIMA,八丈島西見,八丈島八丈町大賀郷,-,33,6.2,139,47,74,18.1,-,1975.3.13,-,-,風、日照
531,東京,44281,-,雨,有線ロボット雨量計,Y,N,N,N,N,N,N,青ヶ島,アオガシマ,AOGASHIMA,青ヶ島,青ヶ島村,-,32,28,139,45.6,272,-,-,19906.7.31,-,-,-
532,東京,44301,47971,官,地上気象観測装置,Y,Y,Y,Y,Y,Y,N,父島,チチジマ,CHICHIJIMA,父島,小笠原村父島字西町,父島気象観測所,27,5.5,142,11.4,3,15.8,-,1986.3.18,-,-,-
533,東京,44316,-,雨,有線ロボット雨量計,Y,N,N,N,N,N,N,母島,ハハジマ,HAHAJIMA,母島,小笠原村母島字評議平,-,26,38.1,142,9.7,32,-,-,2007.8.29,-,-,-
534,東京,44356,47991,官,地上気象観測装置,Y,Y,Y,Y,Y,Y,N,南鳥島,ミナミトリシマ,MINAMITORISHIMA,-,小笠原村南鳥島,南鳥島気象観測所,24,17.3,153,59,7,15.8,-,19902.6.1,-,-,-
535,静岡,50066,47639,官,地上気象観測装置,N,Y,N,N,N,Y,N,富士山,フジサン,FUJISAN,-,富士宮市富士山頂,富士山特別地域気象観測所,35,21.6,138,43.6,3775,-,-,2004.8.26,-,-,気温、日照
536,千葉,45061,-,四,有線ロボット気象計,Y,Y,Y,Y,N,ES,N,我孫子,アビコ,ABIKO,我孫子,我孫子市新木野,-,35,51.8,140,6.6,20,10,1.5,19902.3.11,-,-,湿度を除く
537,千葉,45081,-,四,有線ロボット気象計,Y,Y,Y,Y,Y,ES,N,香取,カトリ,SAWARA,香取,香取市大根,-,35,51.5,140,30.1,37,7.8,1.5,1999.10.12,-,-,-
538,千葉,45086,-,雨,有線ロボット雨量計,Y,N,N,N,N,N,N,東庄,トウノショウ,TONOSHO,東庄,香取郡東庄町小南,-,35,47.7,140,40.9,52,-,-,#,-,-,-
539,千葉,45106,-,四,有線ロボット気象計,Y,Y,Y,Y,N,ES,N,船橋,フナバシ,FUNABASHI,船橋,船橋市薬円台,-,35,42.7,140,2.6,28,7.9,1.5,1999.8.3,-,-,湿度を除く
540,千葉,45116,-,四,有線ロボット気象計,Y,Y,Y,Y,Y,ES,N,佐倉,サクラ,SAKURA,佐倉,佐倉市角来字屋敷前,-,35,43.7,140,12.7,5,10.3,1.5,(1975.4.16)1978.12.18,-,-,-
541,千葉,45121,-,官,地上気象観測装置,Y,Y,Y,Y,Y,N,N,成田,ナリタ,NARITA,成田,成田市古込字込前,成田航空地方気象台,35,45.8,140,23.1,41,10,-,2003.1.1,-,-,日照・湿度・気圧を除く
542,千葉,45147,47648,官,地上気象観測装置,Y,Y,Y,Y,Y,Y,Y,銚子,チョウシ,CHOSHI,銚子,銚子市川口町,銚子地方気象台,35,44.3,140,51.4,20,28.2,-,1986.8.22,-,45900,-
543,千葉,45181,-,四,有線ロボット気象計,Y,Y,Y,Y,Y,ES,N,横芝光,ヨコシバヒカリ,YOKOSHIBA,横芝光,山武郡横芝光町宮川,-,35,39.3,140,30.3,5,10,1.5,(1975.5.16)1978.1.10,-,-,-
544,千葉,45212,47682,官,地上気象観測装置,Y,Y,Y,Y,Y,Y,Y,千葉,チバ,CHIBA,千葉市中央区,千葉市中央区中央港,千葉特別地域気象観測所,35,36.1,140,6.2,3,47.9,-,1981.3.30,-,45905,-
545,千葉,45261,-,四,有線ロボット気象計,Y,Y,Y,Y,Y,ES,N,茂原,モバラ,MOBARA,茂原,茂原市高師,-,35,26.2,140,17.6,11,10,1.5,#1978.1.11,-,-,-
546,千葉,45282,-,四,有線ロボット気象計,Y,Y,Y,Y,Y,ES,N,木更津,キサラヅ,KISARAZU,木更津,木更津市請西南,-,35,21.7,139,56.4,60,10,1.5,2006.9.22,-,-,-
547,千葉,45291,-,四,有線ロボット気象計,Y,Y,Y,Y,Y,ES,N,牛久,ウシク,USHIKU,市原市牛久,市原市米沢,-,35,23.8,140,8.9,30,9.4,1.5,1978.1.11,-,-,-
548,千葉,45326,-,四,有線ロボット気象計,Y,Y,Y,Y,Y,ES,N,坂畑,サカハタ,SAKAHATA,君津市坂畑,君津市坂畑,-,35,14.1,140,5.9,120,10,1.5,1978.1.12,-,-,-
549,千葉,45331,-,雨,有線ロボット雨量計,Y,N,N,N,N,N,N,大多喜,オオタキ,KUROHARA,大多喜,夷隅郡大多喜町松尾,-,35,15.1,140,12.9,70,-,-,1975.5.16,-,-,-
550,千葉,45346,-,雨,有線ロボット雨量計,Y,N,N,N,N,N,N,鋸南,キョナン,SAKUMA,鋸南,安房郡鋸南町大六,-,35,7.3,139,50.2,10,-,-,#,-,-,-
551,千葉,45361,-,四,有線ロボット気象計,Y,Y,Y,Y,Y,ES,N,鴨川,カモガワ,KAMOGAWA,鴨川,鴨川市横渚,-,35,6.7,140,6,5,9.9,1.5,#1978.1.13,-,-,-
552,千葉,45371,47674,官,地上気象観測装置,Y,Y,Y,Y,Y,Y,N,勝浦,カツウラ,KATSUURA,勝浦,勝浦市墨名,勝浦特別地域気象観測所,35,9,140,18.7,12,15.2,-,#1975.12.7,-,-,-
553,千葉,45401,47672,官,地上気象観測装置,Y,Y,Y,Y,Y,Y,N,館山,タテヤマ,TATEYAMA,館山,館山市長須賀,館山特別地域気象観測所,34,59.2,139,51.9,6,21.8,-,#1975.3.12,-,-,-
554,神奈川,46001,-,雨,有線ロボット雨量計,Y,N,N,N,N,N,N,相模湖,サガミコ,SAGAMIKO,相模原市相模湖,相模原市緑区与瀬,-,35,36.8,139,11.6,188,-,-,#,-,-,-
555,神奈川,46046,-,雨,有線ロボット雨量計,Y,N,N,N,N,N,N,相模原中央,サガミハラチュウオウ,SAGAMIHARA,相模原市中央,相模原市中央区中央,-,35,34.3,139,22.2,149,-,-,1975.5.16,-,-,-
556,神奈川,46061,-,雨,有線ロボット雨量計,Y,N,N,N,N,N,N,日吉,ヒヨシ,HIYOSHI,横浜市港北区日吉,横浜市港北区日吉,-,35,33.1,139,39,57,-,-,1975.5.16,-,-,-
557,神奈川,46076,-,雨,有線ロボット雨量計,Y,N,N,N,N,N,N,丹沢湖,タンザワコ,KUROKURA,山北町丹沢湖,足柄上郡山北町神尾田,-,35,24.6,139,2.6,330,-,-,1976.5.26,-,-,-
558,神奈川,46091,-,四,有線ロボット気象計,Y,Y,Y,Y,N,ES,N,海老名,エビナ,ATSUGI,海老名,海老名市中新田,-,35,26,139,23.2,18,6.5,1.5,#1978.1.17,-,-,湿度を除く
559,神奈川,46106,47670,官,地上気象観測装置,Y,Y,Y,Y,Y,Y,Y,横浜,ヨコハマ,YOKOHAMA,横浜市中区山手町,横浜市中区山手町,横浜地方気象台,35,26.3,139,39.1,39,19.8,-,#1975.3.8,-,46900,-
560,神奈川,46136,-,雨,有線ロボット雨量計,Y,N,N,N,N,N,N,平塚,ヒラツカ,HIRATSUKA,平塚,平塚市公所,-,35,20.7,139,18.3,20,-,-,1975.5.16,-,-,-
561,神奈川,46141,-,四,有線ロボット気象計,Y,Y,Y,Y,Y,ES,N,辻堂,ツジドウ,TSUJIDO,藤沢市辻堂,藤沢市辻堂西海岸,-,35,19.2,139,27,5,9.9,1.5,1992.2.10,-,-,-
562,神奈川,46161,-,雨,有線ロボット雨量計,Y,N,N,N,N,N,N,箱根,ハコネ,HAKONE,箱根,足柄下郡箱根町芦ノ湯,-,35,13.3,139,2.5,855,-,-,#,-,-,-
563,神奈川,46166,-,四,有線ロボット気象計,Y,Y,Y,Y,Y,ES,N,小田原,オダワラ,ODAWARA,小田原,小田原市扇町,-,35,16.6,139,9.3,14,9.9,1.5,(1975.5.16)1978.1.17,-,-,-
564,神奈川,46211,-,四,有線ロボット気象計,Y,Y,Y,Y,Y,ES,N,三浦,ミウラ,MIURA,三浦,三浦市初声町下宮田,-,35,10.7,139,37.8,42,9.9,1.5,#1978.1.20,-,-,-
565,長野,48031,-,四,有線ロボット気象計,Y,Y,Y,Y,N,ES,Y,野沢温泉,ノザワオンセン,NOZAWAONSEN,野沢温泉,下高井郡野沢温泉村大字豊郷字南原,-,36,54.7,138,26.5,576,10,3,#1978.11.16,-,48900,湿度を除く
566,長野,48061,-,四,有線ロボット気象計,Y,Y,Y,Y,N,ES,Y,信濃町,シナノマチ,SHINANOMACHI,信濃町,上水内郡信濃町柏原字小丸山,-,36,48.5,138,11.8,685,9.5,3,#1978.11.17,-,48905,湿度を除く
567,長野,48066,-,四,有線ロボット気象計,Y,Y,Y,Y,Y,ES,Y,飯山,イイヤマ,IIYAMA,飯山,飯山市大字飯山字大道東,-,36,52.5,138,22.5,313,9.9,3,#1978.11.16,-,48910,-
568,長野,48097,-,雨,有線ロボット雨量計,Y,N,N,N,N,N,Y,小谷,オタリ,OTARI,小谷,北安曇郡小谷村大字中土,-,36,49.3,137,55.8,550,-,-,1983.10.13,-,48915,-
569,長野,48141,-,四,有線ロボット気象計,Y,Y,Y,Y,N,ES,Y,白馬,ハクバ,HAKUBA,白馬,北安曇郡白馬村北城,-,36,41.9,137,51.7,703,10,3,#1978.11.21,-,48920,湿度を除く
570,長野,48146,-,雨,有線ロボット雨量計,Y,N,N,N,N,N,N,鬼無里,キナサ,KINASA,長野市鬼無里,長野市鬼無里,-,36,41.3,137,57.9,778,-,-,1977.6.29,-,-,-
571,長野,48156,47610,官,地上気象観測装置,Y,Y,Y,Y,Y,Y,Y,長野,ナガノ,NAGANO,長野市箱清水,長野市箱清水,長野地方気象台,36,39.7,138,11.5,418,18.8,-,#1975.3.24,-,48925,-
572,長野,48172,-,雨,有線ロボット雨量計,Y,N,N,N,N,N,N,笠岳,カサダケ,KASADAKE,高山村笠岳,上高井郡高山村大字奥山田字山田入,-,36,39.9,138,27.5,1473,-,-,1979.7.12,-,-,-
573,長野,48191,-,四,有線ロボット気象計,Y,Y,Y,Y,N,ES,Y,大町,オオマチ,OMACHI,大町,大町市大町,-,36,31.4,137,49.9,784,10,2,#1978.11.20,-,48930,湿度を除く
574,長野,48196,-,四,有線ロボット気象計,Y,Y,Y,Y,N,ES,N,信州新町,シンシュウシンマチ,SHINSHUSHIMMACHI,長野市信州新町,長野市信州新町牧田中,-,36,32.9,137,59.8,509,9.5,1.5,#1978.11.17,-,-,湿度を除く
575,長野,48216,-,四,有線ロボット気象計,Y,Y,Y,Y,N,ES,Y,菅平,スガダイラ,SUGADAIRA,上田市菅平,上田市菅平高原,-,36,31.9,138,19.5,1253,10,2,(1975.5.14)1978.11.15,-,48935,湿度を除く
576,長野,48247,-,雨,有線ロボット雨量計,Y,N,N,N,N,N,N,聖高原,ヒジリコウゲン,HIJIRI-KOGEN,麻績村聖高原,東筑摩郡麻績村麻字猿ヶ馬場峯山,-,36,29.2,138,4.1,985,-,-,1979.7.19,-,-,-
577,長野,48256,-,四,有線ロボット気象計,Y,Y,Y,Y,Y,ES,N,上田,ウエダ,UEDA,上田市古里,上田市古里,-,36,24,138,15.9,502,6.5,1.5,#1976.3.16,-,-,-
578,長野,48296,-,四,有線ロボット気象計,Y,Y,Y,Y,N,ES,N,穂高,ホタカ,HOTAKA,安曇野市穂高,安曇野市穂高,-,36,20.6,137,52.9,540,10,1.5,#1978.11.21,-,-,湿度を除く
579,長野,48321,-,四,有線ロボット気象計,Y,Y,Y,Y,N,ES,N,東御,トウミ,TOBUMACHI,東御,東御市新張,-,36,23,138,23,958,10,1.5,(1975.5.14)1978.12.1,-,-,湿度を除く
580,長野,48331,47622,官,地上気象観測装置,Y,Y,N,N,N,Y,Y,軽井沢,カルイザワ,KARUIZAWA,軽井沢,北佐久郡軽井沢町大字追分,軽井沢特別地域気象観測所,36,20.5,138,32.8,999,-,-,#1975.12.2,-,48938,気温、雨
581,長野,48331,47622,官,地上気象観測装置,N,N,Y,Y,N,Y,Y,軽井沢,カルイザワ,KARUIZAWA,軽井沢,北佐久郡軽井沢町大字長倉,-,36,20.1,138,33.8,950,18.5,-,#1975.12.2,-,-,風、日照
582,長野,48346,-,雨,有線ロボット雨量計,Y,N,N,N,N,N,N,上高地,カミコウチ,KAMIKOCHI,松本市上高地,松本市安曇上高地国有林,-,36,14.9,137,38,1510,-,-,1975.5.14,-,-,-
583,長野,48361,47618,官,地上気象観測装置,Y,Y,Y,Y,Y,Y,Y,松本,マツモト,MATSUMOTO,松本市沢村,松本市沢村,松本特別地域気象観測所,36,14.8,137,58.2,610,17.6,-,#1975.3.12,-,48936,-
584,長野,48363,-,官,地上気象観測装置,Y,Y,Y,Y,Y,N,N,松本今井,マツモトイマイ,MATSUMOTO-IMAI,松本空港,松本市大字空港東,松本航空気象観測所,36,10,137,55.3,658,10,-,2003.1.1,-,-,日照・湿度・気圧を除く
585,長野,48371,-,雨,有線ロボット雨量計,Y,N,N,N,N,N,N,鹿教湯,カケユ,KAKEYU,上田市鹿教湯,上田市鹿教湯温泉,-,36,18.1,138,8.2,721,-,-,#,-,-,-
586,長野,48381,-,四,有線ロボット気象計,Y,Y,Y,Y,N,ES,N,立科,タテシナ,TATESHINA,立科,北佐久郡立科町芦田,-,36,16.3,138,18.8,715,10,1.5,1978.12.1,-,-,湿度を除く
587,長野,48386,-,四,有線ロボット気象計,Y,Y,Y,Y,N,ES,N,佐久,サク,SAKU,佐久市中込,佐久市中込,-,36,14.8,138,28.6,683,10,1.5,#1978.12.1,-,-,湿度を除く
588,長野,48436,-,雨,有線ロボット雨量計,Y,N,N,N,N,N,N,白樺湖,シラカバコ,SHIRAKABAKO,茅野市白樺湖,茅野市北山,-,36,6.3,138,13.7,1440,-,-,2004.9.9,-,-,-
589,長野,48466,-,四,有線ロボット気象計,Y,Y,Y,Y,N,ES,N,奈川,ナガワ,NAGAWA,松本市奈川,松本市奈川,-,36,5.3,137,41,1068,10,2,1978.11.22,-,-,湿度を除く
590,長野,48491,47620,官,地上気象観測装置,Y,Y,N,N,N,Y,Y,諏訪,スワ,SUWA,諏訪,諏訪市湖岸通り,諏訪特別地域気象観測所,36,2.7,138,6.5,760,-,-,1975.12.4,-,48937,気温、雨
591,長野,48491,47620,官,地上気象観測装置,N,N,Y,Y,N,Y,Y,諏訪,スワ,SUWA,諏訪,諏訪市高島,-,36,2.4,138,6.1,759,10.8,-,1975.12.4,-,-,風、日照
592,長野,48516,-,雨,有線ロボット雨量計,Y,N,N,N,N,N,N,北相木,キタアイキ,KITAAIKI,北相木,南佐久郡北相木村字板置場,-,36,4.3,138,36.7,1185,-,-,2004.9.8,-,-,-
593,長野,48531,-,四,有線ロボット気象計,Y,Y,Y,Y,Y,ES,Y,開田高原,カイダコウゲン,KAIDA,木曽町開田高原,木曽郡木曽町開田高原西野,-,35,56.3,137,36.1,1130,9.9,2,1978.11.24,-,48940,-
594,長野,48536,-,四,有線ロボット気象計,Y,Y,Y,Y,N,ES,N,木祖薮原,キソヤブハラ,KISO-YABUHARA,木祖村薮原,木曽郡木祖村薮原,-,35,56.2,137,47.2,985,11.3,1.5,2019.9.5,-,-,湿度を除く
595,長野,48546,-,四,有線ロボット気象計,Y,Y,Y,Y,N,ES,N,辰野,タツノ,TATSUNO,辰野,上伊那郡辰野町中央,-,35,59,137,59,732,10,1.5,1978.11.30,-,-,湿度を除く
596,長野,48556,-,雨,有線ロボット雨量計,Y,N,N,N,N,N,N,高遠,タカトオ,TAKATO,伊那市高遠,伊那市高遠町藤沢,-,35,57.2,138,6.5,1075,-,-,2004.9.9,-,-,-
597,長野,48561,-,四,有線ロボット気象計,Y,Y,Y,Y,N,ES,N,原村,ハラムラ,HARAMURA,原村,諏訪郡原村向坂上,-,35,58.2,138,13.2,1017,10,1.5,#1978.11.27,-,-,湿度を除く
598,長野,48571,-,四,有線ロボット気象計,Y,Y,Y,Y,N,ES,N,野辺山,ノベヤマ,NOBEYAMA,南牧村野辺山,南佐久郡南牧村野辺山,-,35,56.9,138,28.3,1350,10,1.5,#1978.11.15,-,-,湿度を除く
599,長野,48601,-,雨,有線ロボット雨量計,Y,N,N,N,N,N,N,御嶽山,オンタケサン,ONTAKESAN,王滝村御嶽山,木曽郡王滝村御岳国有林,-,35,52.3,137,30.2,2195,-,-,1976.7.1,-,-,-
600,長野,48606,-,四,有線ロボット気象計,Y,Y,Y,Y,Y,ES,N,木曽福島,キソフクシマ,KISOFUKUSHIMA,木曽町木曽福島,木曽郡木曽町福島,-,35,50.4,137,41.3,750,8.2,1.5,1976.3.25,-,-,-
601,長野,48621,-,四,有線ロボット気象計,Y,Y,Y,Y,N,ES,N,伊那,イナ,INA,伊那市下新田,伊那市下新田,-,35,49.5,137,57.3,633,10,1.5,1993.2.25,-,-,湿度を除く
602,長野,48681,-,雨,有線ロボット雨量計,Y,N,N,N,N,N,N,宮田高原,ミヤダコウゲン,MIYADA-KOGEN,宮田高原,上伊那郡宮田村,-,35,46.4,137,53.1,1660,-,-,#,-,-,-
603,長野,48691,-,雨,有線ロボット雨量計,Y,N,N,N,N,N,N,杉島,スギシマ,SUGISHIMA,伊那市杉島,伊那市長谷杉島,-,35,43.6,138,5.6,905,-,-,1983.6.23,-,-,-
604,長野,48716,-,雨,有線ロボット雨量計,Y,N,N,N,N,N,N,須原,スハラ,SUHARA,大桑村須原,木曽郡大桑村須原殿,-,35,41.9,137,41.5,535,-,-,#,-,-,-
605,長野,48717,-,四,有線ロボット気象計,Y,Y,Y,Y,N,ES,N,南木曽,ナギソ,NAGISO,南木曽,木曽郡南木曽町読書,-,35,36.6,137,37.2,560,10,1.5,(1975.5.20)1978.11.24,-,-,湿度を除く
606,長野,48731,-,四,有線ロボット気象計,Y,Y,Y,Y,N,ES,N,飯島,イイジマ,IIJIMA,飯島,上伊那郡飯島町七久保,-,35,39.2,137,53.9,728,10,1.5,#1978.11.28,-,-,湿度を除く
607,長野,48737,-,雨,有線ロボット雨量計,Y,N,N,N,N,N,N,大鹿,オオシカ,OSHIKA,大鹿,下伊那郡大鹿村大河原,-,35,33.4,138,2.4,718,-,-,1983.6.14,-,-,-
608,長野,48767,47637,官,地上気象観測装置,Y,Y,Y,Y,Y,Y,Y,飯田,イイダ,IIDA,飯田市高羽町,飯田市高羽町,飯田特別地域気象観測所,35,31.4,137,49.3,516,36.1,-,2002.5.27,-,48945,-
609,長野,48826,-,四,有線ロボット気象計,Y,Y,Y,Y,N,ES,N,浪合,ナミアイ,NAMIAI,阿智村浪合,下伊那郡阿智村浪合,-,35,22.4,137,41.5,940,10,1.5,1978.11.28,-,-,湿度を除く
610,長野,48836,-,雨,有線ロボット雨量計,Y,N,N,N,N,N,N,阿南,アナン,ANAN,阿南,下伊那郡阿南町南条,-,35,18.8,137,48.7,610,-,-,1978.12.26,-,-,-
611,長野,48841,-,四,有線ロボット気象計,Y,Y,Y,Y,N,ES,N,南信濃,ミナミシナノ,MINAMISHINANO,飯田市南信濃,飯田市南信濃和田字夜川瀬,-,35,19.3,137,55.9,407,9.5,1.5,1978.12.1,-,-,湿度を除く
612,山梨,49036,-,四,有線ロボット気象計,Y,Y,Y,Y,N,ES,N,大泉,オオイズミ,OIZUMI,北杜市大泉,北杜市大泉町谷戸,-,35,51.7,138,23.2,867,10,1.5,(1975.5.20)1977.12.23,-,-,湿度を除く
613,山梨,49052,-,雨,有線ロボット雨量計,Y,N,N,N,N,N,N,乙女湖,オトメコ,OTOMEKO,山梨市牧丘町乙女湖,山梨市牧丘町柳平,-,35,48.4,138,39.3,1465,-,-,19900.10.21,-,-,-
614,山梨,49086,-,四,有線ロボット気象計,Y,Y,Y,Y,N,ES,N,韮崎,ニラサキ,NIRASAKI,韮崎,韮崎市大草町若尾,-,35,41.6,138,26.9,341,6.6,1.5,(1975.5.20)1977.12.23,-,-,湿度を除く
615,山梨,49142,47638,官,地上気象観測装置,Y,Y,Y,Y,Y,Y,Y,甲府,コウフ,KOFU,甲府,甲府市飯田,甲府地方気象台,35,40,138,33.2,273,26.9,-,1993.3.18,-,49900,-
616,山梨,49151,-,四,有線ロボット気象計,Y,Y,Y,Y,N,ES,N,勝沼,カツヌマ,KATSUNUMA,甲州市勝沼,甲州市勝沼町勝沼,-,35,39.8,138,43.5,394,9.5,1.5,#1977.12.22,-,-,湿度を除く
617,山梨,49161,-,四,有線ロボット気象計,Y,Y,Y,Y,Y,ES,N,大月,オオツキ,OTSUKI,大月,大月市大月,-,35,36.5,138,56.3,364,9.9,1.7,#1977.12.22,-,-,-
618,山梨,49172,-,雨,有線ロボット雨量計,Y,N,N,N,N,N,N,上野原,ウエノハラ,UENOHARA,上野原,上野原市松留,-,35,37.2,139,6.3,187,-,-,19907.2.18,-,-,-
619,山梨,49187,-,雨,有線ロボット雨量計,Y,N,N,N,N,N,N,富士川,フジカワ,FUJIKAWA,富士川町最勝寺,南巨摩郡富士川町最勝寺,-,35,33.7,138,26.9,295,-,-,19905.3.14,-,-,-
620,山梨,49196,-,四,有線ロボット気象計,Y,Y,Y,Y,N,ES,N,古関,フルセキ,KAMIKUISHIKI,甲府市古関,甲府市古関町,-,35,31.7,138,36.9,552,10.3,1.5,#1978.11.13,-,-,湿度を除く
621,山梨,49236,-,四,有線ロボット気象計,Y,Y,Y,Y,N,ES,N,切石,キリイシ,NAKATOMI,身延町切石,南巨摩郡身延町切石,-,35,28,138,26.5,226,10,1.5,1977.12.26,-,-,湿度を除く
622,山梨,49251,47640,官,地上気象観測装置,Y,Y,Y,Y,Y,Y,Y,河口湖,カワグチコ,KAWAGUCHI-KO,河口湖,南都留郡富士河口湖町船津,河口湖特別地域気象観測所,35,30,138,45.6,860,15.1,-,#1975.12.6,-,49905,-
623,山梨,49256,-,四,有線ロボット気象計,Y,Y,Y,Y,N,ES,N,山中,ヤマナカ,YAMANAKA,山中湖村,南都留郡山中湖村山中字梨ヶ原,-,35,26.2,138,50.2,992,6.5,2,#1977.12.27,-,-,湿度を除く
624,山梨,49316,-,四,有線ロボット気象計,Y,Y,Y,Y,Y,ES,N,南部,ナンブ,NAMBU,南部町,南巨摩郡南部町南部,-,35,17.3,138,26.7,141,9.2,1.5,#1977.12.26,-,-,-
625,静岡,50056,-,雨,有線ロボット雨量計,Y,N,N,N,N,N,N,白糸,シライト,SHIRAITO,富士宮市白糸,富士宮市原,-,35,18.7,138,34.7,530,-,-,#,-,-,-
626,静岡,50106,-,四,有線ロボット気象計,Y,Y,Y,Y,Y,ES,N,井川,イカワ,IKAWA,静岡市井川,静岡市葵区井川,-,35,13,138,13.3,755,10,1.5,1978.12.25,-,-,-
627,静岡,50112,-,雨,有線ロボット雨量計,Y,N,N,N,N,N,N,有東木,ウトウギ,UTOUGI,静岡市有東木,静岡市葵区有東木,-,35,12.4,138,22.1,585,-,-,2020.1.28,-,-,-
628,静岡,50136,-,四,有線ロボット気象計,Y,Y,Y,Y,Y,ES,N,御殿場,ゴテンバ,GOTEMBA,御殿場,御殿場市萩原,-,35,18.3,138,55.6,472,10.1,1.5,#1976.11.29,-,-,-
629,静岡,50196,-,四,有線ロボット気象計,Y,Y,Y,Y,Y,ES,N,富士,フジ,YOSHIWARA,富士,富士市厚原,-,35,11.1,138,39.8,66,9.9,1.5,#1978.12.26,-,-,-
630,静岡,50206,47657,官,地上気象観測装置,Y,Y,Y,Y,Y,Y,N,三島,ミシマ,MISHIMA,三島,三島市東本町,三島特別地域気象観測所,35,6.8,138,55.5,21,15.8,-,#1975.12.13,-,-,-
631,静岡,50211,-,三,有線ロボット気象計,Y,Y,Y,Y,Y,N,N,熱海伊豆山,アタミイズサン,ATAMIIZUSAN,熱海伊豆山,静岡県熱海市伊豆山,-,35,6.9,139,5,144,5.5,1.5,2021.7.7,-,-,臨時観測所
632,静岡,50226,-,四,有線ロボット気象計,Y,Y,Y,Y,Y,ES,N,佐久間,サクマ,SAKUMA,浜松市佐久間,浜松市天竜区佐久間町浦川,-,35,3.4,137,45.7,150,10,1.5,(1975.5.13)1978.12.20,-,-,-
633,静岡,50232,-,雨,有線ロボット雨量計,Y,N,N,N,N,N,N,春野,ハルノ,HARUNO,浜松市春野,浜松市天竜区春野町五和,-,35,0.7,137,56.7,486,-,-,19908.9.28,-,-,-
634,静岡,50241,-,四,有線ロボット気象計,Y,Y,Y,Y,Y,ES,N,川根本町,カワネホンチョウ,HONKAWANE,川根本町,榛原郡川根本町田代,-,35,6.1,138,7.7,290,9.9,1.5,#1978.12.22,-,-,-
635,静岡,50247,-,雨,有線ロボット雨量計,Y,N,N,N,N,N,N,鍵穴,カギアナ,KAGIANA,静岡市鍵穴,静岡市葵区鍵穴,-,35,2.9,138,14.8,160,-,-,1991.3.26,-,-,-
636,静岡,50261,-,四,有線ロボット気象計,Y,Y,Y,Y,Y,ES,N,清水,シミズ,SHIMIZU,静岡市清水,静岡市清水区興津中町,-,35,3.2,138,31.3,3,8.4,1.5,1978.1.18,-,-,-
637,静岡,50281,47668,官,地上気象観測装置,Y,Y,Y,Y,Y,Y,N,網代,アジロ,AJIRO,熱海市網代,熱海市網代,網代特別地域気象観測所,35,2.7,139,5.5,67,12.5,-,#1975.12.16,-,-,-
638,静岡,50296,-,雨,有線ロボット雨量計,Y,N,N,N,N,N,N,熊,クマ,KUMA,浜松市熊,浜松市天竜区熊,-,34,57.5,137,44,375,-,-,1976.6.25,-,-,-
639,静岡,50317,-,雨,有線ロボット雨量計,Y,N,N,N,N,N,N,高根山,タカネサン,TAKANESAN,藤枝市高根山,藤枝市瀬戸谷,-,34,58.5,138,11.8,415,-,-,19901.12.18,-,-,-
640,静岡,50331,47656,官,地上気象観測装置,Y,Y,Y,Y,Y,Y,Y,静岡,シズオカ,SHIZUOKA,静岡,静岡市駿河区曲金,静岡地方気象台,34,58.5,138,24.2,14,16,-,#1975.3.23,-,50900,-
641,静岡,50371,-,雨,有線ロボット雨量計,Y,N,N,N,N,N,N,三ヶ日,ミッカビ,MIKKABI,浜松市三ヶ日,浜松市北区三ヶ日町三ヶ日,-,34,48.1,137,33.4,2,-,-,1975.5.13,-,-,-
642,静岡,50386,-,四,有線ロボット気象計,Y,Y,Y,Y,Y,ES,N,天竜,テンリュウ,TENRYU,浜松市天竜,浜松市天竜区船明,-,34,53.4,137,48.8,61,10,1.5,#1978.12.21,-,-,-
643,静岡,50391,-,雨,有線ロボット雨量計,Y,N,N,N,N,N,N,三倉,ミクラ,MIKURA,森町三倉,周智郡森町三倉,-,34,53.7,137,56.4,114,-,-,1982.9.29,-,-,-
644,静岡,50416,-,雨,有線ロボット雨量計,Y,N,N,N,N,N,N,土肥,トイ,TOI,伊豆市土肥,伊豆市小下田,-,34,52.6,138,45.7,92,-,-,1990.7.10,-,-,-
645,静岡,50426,-,雨,有線ロボット雨量計,Y,N,N,N,N,N,N,湯ケ島,ユガシマ,YUGASHIMA,伊豆市湯ヶ島,伊豆市市山,-,34,54,138,55.5,165,-,-,#,-,-,-
646,静岡,50427,-,雨,有線ロボット雨量計,Y,N,N,N,N,N,N,天城山,アマギサン,AMAGISAN,伊豆市天城山,伊豆市菅引字天城山菅引入,-,34,52.3,139,1.4,1066,-,-,#,-,-,-
647,静岡,50456,47654,官,地上気象観測装置,Y,Y,Y,Y,Y,Y,N,浜松,ハママツ,HAMAMATSU,浜松市中区,浜松市中区高丘東,浜松特別地域気象観測所,34,45.2,137,42.7,46,16.8,-,#1975.3.19,-,-,-
648,静岡,50466,-,雨,有線ロボット雨量計,Y,N,N,N,N,N,N,掛川,カケガワ,KAKEGAWA,掛川,掛川市長谷,-,34,46.1,137,59.7,32,-,-,1975.5.13,-,-,-
649,静岡,50476,-,四,有線ロボット気象計,Y,Y,Y,Y,Y,ES,N,菊川牧之原,キクガワマキノハラ,MAKINOHARA,菊川牧之原,菊川市倉沢,-,34,47.1,138,8.3,191,10.1,1.5,1978.12.21,-,-,-
650,静岡,50477,-,官,地上気象観測装置,Y,Y,Y,Y,Y,N,N,静岡空港,シズオカクウコウ,SHIZUOKA-KUKO,静岡空港,牧之原市坂口,静岡航空気象観測所,34,47.7,138,11.3,132,10,-,19901.6.4,-,-,日照・湿度・気圧を除く
651,静岡,50491,-,四,有線ロボット気象計,Y,Y,Y,Y,Y,ES,N,松崎,マツザキ,MATSUZAKI,松崎,賀茂郡松崎町江奈,-,34,45.3,138,47,4,10,1.5,#1978.12.27,-,-,-
652,静岡,50506,-,四,有線ロボット気象計,Y,Y,Y,Y,Y,ES,N,稲取,イナトリ,INATORI,東伊豆町稲取,賀茂郡東伊豆町稲取,-,34,46.9,139,2.9,130,10,1.5,#1978.12.27,-,-,-
653,静岡,50536,-,四,有線ロボット気象計,Y,Y,Y,Y,Y,ES,N,磐田,イワタ,FUKUDE,磐田,磐田市南島,-,34,41.5,137,52.8,1,10.2,1.5,1978.1.19,-,-,-
654,静岡,50551,47655,官,地上気象観測装置,Y,Y,Y,Y,Y,Y,N,御前崎,オマエザキ,OMAEZAKI,御前崎,御前崎市御前崎,御前崎特別地域気象観測所,34,36.2,138,12.8,45,16,-,#1975.12.11,-,-,-
655,静岡,50561,47666,官,地上気象観測装置,Y,Y,Y,Y,Y,Y,N,石廊崎,イロウザキ,IROZAKI,南伊豆町石廊崎,賀茂郡南伊豆町石廊崎石室山,石廊崎特別地域気象観測所,34,36.2,138,50.5,52,15,-,#1975.3.26,-,-,-
656,愛知,51011,-,雨,有線ロボット雨量計,Y,N,N,N,N,N,N,一宮,イチノミヤ,ICHINOMIYA,一宮市千秋町,一宮市千秋町佐野字辻田,-,35,17.9,136,51.2,11,-,-,#,-,-,-
657,愛知,51031,-,四,有線ロボット気象計,Y,Y,Y,Y,Y,ES,N,愛西,アイサイ,HACHIKAI,愛西市江西町,愛西市江西町川原,-,35,13,136,41.9,5,10.4,1.5,1979.1.11,-,-,-
658,愛知,51056,-,雨,有線ロボット雨量計,Y,N,N,N,N,N,N,小原,オバラ,OBARA,豊田市小原町,豊田市小原町上平,-,35,13.7,137,17.1,290,-,-,1977.7.1,-,-,-
659,愛知,51071,-,四,有線ロボット気象計,Y,Y,Y,Y,Y,ES,N,稲武,イナブ,INABU,豊田市稲武町スソガエト,豊田市稲武町スソガエト,-,35,12.7,137,30.4,505,10,1.5,(1975.5.12)1979.1.9,-,-,-
660,愛知,51077,-,雨,有線ロボット雨量計,Y,N,N,N,N,N,N,茶臼山,チャウスヤマ,CHAUSUYAMA,豊根村茶臼山,北設楽郡豊根村大字坂宇場字御所平,-,35,13.2,137,39.6,1216,-,-,2005.12.8,-,-,-
661,愛知,51096,-,雨,有線ロボット雨量計,Y,N,N,N,N,N,N,蟹江,カニエ,KANIE,蟹江町蟹江,海部郡蟹江町蟹江本町クノ割,-,35,8.2,136,47.5,2,-,-,1975.5.12,-,-,-
662,愛知,51106,47636,官,地上気象観測装置,Y,Y,Y,Y,Y,Y,Y,名古屋,ナゴヤ,NAGOYA,名古屋市千種区,名古屋市千種区日和町,名古屋地方気象台,35,10,136,57.9,51,17.8,-,#1975.3.19,-,51900,-
663,愛知,51116,-,四,有線ロボット気象計,Y,Y,Y,Y,Y,ES,N,豊田,トヨタ,TOYOTA,豊田市高町,豊田市高町東山,-,35,7.9,137,10.6,75,6.6,1.5,#1979.1.9,-,-,-
664,愛知,51192,-,雨,有線ロボット雨量計,Y,N,N,N,N,N,N,阿蔵,アゾウ,AZO,豊田市阿蔵町,豊田市阿蔵町猫田,-,35,4.7,137,24.8,613,-,-,2005.12.5,-,-,-
665,愛知,51216,-,四,有線ロボット気象計,Y,Y,Y,Y,Y,ES,N,大府,オオブ,OBU,大府,大府市森岡町,-,34,59.7,136,56.6,32,10,1.5,19904.10.17,-,-,-
666,愛知,51226,-,四,有線ロボット気象計,Y,Y,Y,Y,Y,ES,N,岡崎,オカザキ,OKAZAKI,岡崎市美合町,岡崎市美合町地蔵野,-,34,55.1,137,11.6,47,6.4,1.5,#1979.1.9,-,-,-
667,愛知,51241,-,雨,有線ロボット雨量計,Y,N,N,N,N,N,N,作手,ツクデ,TSUKUDE,新城市作手高里木戸口,新城市作手高里字木戸口,-,34,58.6,137,25.5,532,-,-,#,-,-,-
668,愛知,51247,-,四,有線ロボット気象計,Y,Y,Y,Y,Y,ES,N,新城,シンシロ,SHINSHIRO,新城市富沢,新城市富沢字広瀬,-,34,54.4,137,31.1,53,6.4,1.5,2002.12.25,-,-,-
669,愛知,51261,-,官,地上気象観測装置,Y,Y,Y,Y,Y,N,N,セントレア,セントレア,SENTOREA,常滑市セントレア,常滑市セントレア,中部航空地方気象台,34,51.5,136,48.3,4,10,-,2005.2.17,-,-,日照・湿度・気圧を除く
670,愛知,51271,-,雨,有線ロボット雨量計,Y,N,N,N,N,N,N,一色,イッシキ,NISHIO,西尾市一色町,西尾市一色町一色伊那跨,-,34,48.7,137,1.7,12,-,-,#,-,-,-
671,愛知,51281,-,四,有線ロボット気象計,Y,Y,Y,Y,Y,ES,N,蒲郡,ガマゴオリ,GAMAGOORI,蒲郡市神ノ郷町,蒲郡市神ノ郷町上名取,-,34,50.7,137,13,55,10,1.5,1979.1.10,-,-,-
672,愛知,51311,-,四,有線ロボット気象計,Y,Y,Y,Y,Y,ES,N,南知多,ミナミチタ,MINAMICHITA,南知多町豊丘,知多郡南知多町大字豊丘字浜見台,-,34,44.4,136,56.3,16,6.5,1.5,(1975.5.12)1979.1.10,-,-,-
673,愛知,51331,-,四,有線ロボット気象計,Y,Y,Y,Y,Y,ES,N,豊橋,トヨハシ,TOYOHASHI,豊橋市神野新田町,豊橋市神野新田町字レノ割,-,34,45,137,20.5,3,6.5,1.5,2005.12.6,-,-,-
674,愛知,51346,47653,官,地上気象観測装置,Y,Y,Y,Y,Y,Y,N,伊良湖,イラコ,IRAKO,田原市伊良湖,田原市福江町字金五郎坂,伊良湖特別地域気象観測所,34,37.7,137,5.6,6,10.7,-,#1975.12.16,-,-,-
675,愛知,51356,-,雨,有線ロボット雨量計,Y,N,N,N,N,N,N,田原,タハラ,TAHARA,田原市高松町,田原市高松町尾村崎,-,34,37.6,137,13.3,45,-,-,#,-,-,-
676,岐阜,52041,-,四,有線ロボット気象計,Y,Y,Y,Y,N,ES,Y,河合,カワイ,KAWAI,飛騨市河合,飛騨市河合町角川,-,36,18.3,137,6,471,10,3.7,1978.11.18,-,52900,湿度を除く
677,岐阜,52051,-,四,有線ロボット気象計,Y,Y,Y,Y,N,ES,Y,神岡,カミオカ,KAMIOKA,飛騨市神岡,飛騨市神岡町殿,-,36,19.3,137,18.5,455,10,2,1978.11.20,-,52905,湿度を除く
678,岐阜,52081,-,四,有線ロボット気象計,Y,Y,Y,Y,N,ES,Y,白川,シラカワ,SHIRAKAWA,白川村,大野郡白川村鳩谷字北長,-,36,16.4,136,53.8,478,10,4,1978.11.17,-,52910,湿度を除く
679,岐阜,52111,-,四,有線ロボット気象計,Y,Y,Y,Y,N,ES,N,栃尾,トチオ,TOCHIO,高山市栃尾,高山市奥飛騨温泉郷今見,-,36,14.9,137,30.2,765,10,1.5,(1975.5.30)1978.11.20,-,-,湿度を除く
680,岐阜,52131,-,雨,有線ロボット雨量計,Y,N,N,N,N,N,N,御母衣,ミボロ,MIBORO,白川村御母衣,大野郡白川村牧,-,36,8.8,136,54.5,640,-,-,1982.6.22,-,-,-
681,岐阜,52137,-,雨,有線ロボット雨量計,Y,N,N,N,N,N,N,清見,キヨミ,KIYOMI,高山市清見,高山市清見町大谷,-,36,10.8,137,2.7,740,-,-,1990.12.21,-,-,-
682,岐阜,52146,47617,官,地上気象観測装置,Y,Y,Y,Y,Y,Y,Y,高山,タカヤマ,TAKAYAMA,高山,高山市桐生町,高山特別地域気象観測所,36,9.3,137,15.2,560,18.1,-,#1975.4.1,-,52913,-
683,岐阜,52152,-,雨,有線ロボット雨量計,Y,N,N,N,N,N,N,丹生川,ニュウカワ,NYUKAWA,高山市丹生川,高山市丹生川町瓜田,-,36,11.2,137,22.3,910,-,-,1990.12.26,-,-,-
684,岐阜,52173,-,雨,有線ロボット雨量計,Y,N,N,N,N,N,N,ひるがの,ヒルガノ,HIRUGANO,郡上市ひるがの,郡上市高鷲町ひるがの,-,36,0.6,136,53.6,885,-,-,1990.12.20,-,-,-
685,岐阜,52181,-,四,有線ロボット気象計,Y,Y,Y,Y,N,ES,N,六厩,ムマヤ,MUMAI,高山市六厩,高山市荘川町六厩,-,36,3.6,137,2.1,1015,10,2.8,1978.11.16,-,-,湿度を除く
686,岐阜,52192,-,雨,有線ロボット雨量計,Y,N,N,N,N,N,N,船山,フナヤマ,FUNAYAMA,高山市船山,高山市久々野町無数河,-,36,2.1,137,15.6,880,-,-,2002.10.8,-,-,-
687,岐阜,52196,-,四,有線ロボット気象計,Y,Y,Y,Y,N,ES,N,宮之前,ミヤノマエ,MIYANOMAE,高山市宮之前,高山市朝日町宮之前,-,36,0.9,137,23.3,930,9.4,2,1978.11.21,-,-,湿度を除く
688,岐阜,52221,-,四,有線ロボット気象計,Y,Y,Y,Y,Y,ES,Y,長滝,ナガタキ,NAGATAKI,郡上市長滝,郡上市白鳥町長滝字三昧,-,35,55.4,136,49.9,430,9.9,2.8,1978.11.11,-,52915,-
689,岐阜,52286,-,四,有線ロボット気象計,Y,Y,Y,Y,Y,ES,N,萩原,ハギワラ,HAGIWARA,下呂市萩原,下呂市萩原町羽根,-,35,53.3,137,12.4,425,10.1,1.5,#1976.3.3,-,-,-
690,岐阜,52321,-,雨,有線ロボット雨量計,Y,N,N,N,N,N,N,関市板取,セキシイタドリ,SEKISHIITADORI,関市板取,関市板取,-,35,43.4,136,47,351,-,-,2005.12.5,-,-,-
691,岐阜,52331,-,四,有線ロボット気象計,Y,Y,Y,Y,N,ES,N,八幡,ハチマン,HACHIMAN,郡上市八幡,郡上市八幡町旭田尻,-,35,45.4,136,58.7,271,10,1.5,#1978.11.16,-,-,湿度を除く
692,岐阜,52346,-,四,有線ロボット気象計,Y,Y,Y,Y,N,ES,N,宮地,ミヤジ,MIYAJI,下呂市宮地,下呂市宮地,-,35,45.8,137,17.3,450,10,1.5,(1975.6.1)1978.11.21,-,-,湿度を除く
693,岐阜,52381,-,四,有線ロボット気象計,Y,Y,Y,Y,Y,ES,Y,樽見,タルミ,TARUMI,本巣市樽見,本巣市根尾神所,-,35,38.3,136,36.1,190,9.9,2.2,#1978.11.14,-,52920,-
694,岐阜,52406,-,四,有線ロボット気象計,Y,Y,Y,Y,N,ES,N,金山,カナヤマ,KANAYAMA,下呂市金山,下呂市金山町大船渡,-,35,39.7,137,9.6,233,10,1.5,#1978.11.22,-,-,湿度を除く
695,岐阜,52421,-,雨,有線ロボット雨量計,Y,N,N,N,N,N,N,付知,ツケチ,TSUKECHI,中津川市付知,中津川市付知町,-,35,39.7,137,25.6,461,-,-,1982.6.11,-,-,-
696,岐阜,52461,-,四,有線ロボット気象計,Y,Y,Y,Y,N,ES,N,美濃,ミノ,MINO,美濃,美濃市前野中川原,-,35,33.3,136,54.6,68,10,1.5,(1975.5.29)1978.11.15,-,-,湿度を除く
697,岐阜,52476,-,雨,有線ロボット雨量計,Y,N,N,N,N,N,N,伽藍,ガラン,GARAN,八百津町伽藍,加茂郡八百津町伽藍谷,-,35,30.9,137,13.8,650,-,-,#,-,-,-
698,岐阜,52482,-,四,有線ロボット気象計,Y,Y,Y,Y,N,ES,N,黒川,クロカワ,KUROKAWA,白川町黒川,加茂郡白川町黒川,-,35,35.9,137,19.1,517,9.4,1.5,1998.9.29,-,-,湿度を除く
699,岐阜,52511,-,四,有線ロボット気象計,Y,Y,Y,Y,N,ES,N,揖斐川,イビガワ,IBIGAWA,揖斐川,揖斐郡揖斐川町三輪,-,35,29.1,136,34,45,10,1.5,1978.11.14,-,-,湿度を除く
700,岐阜,52536,-,四,有線ロボット気象計,Y,Y,Y,Y,N,ES,N,美濃加茂,ミノカモ,MINOKAMO,美濃加茂,美濃加茂市西町,-,35,26.7,137,0.3,74,10,1.5,#1978.11.15,-,-,湿度を除く
701,岐阜,52556,-,四,有線ロボット気象計,Y,Y,Y,Y,N,ES,N,恵那,エナ,ENA,恵那,恵那市長島町永田大洞,-,35,26.8,137,24.2,315,10,1.5,#1976.3.8,-,-,湿度を除く
702,岐阜,52557,-,四,有線ロボット気象計,Y,Y,Y,Y,N,ES,N,中津川,ナカツガワ,NAKATSUGAWA,中津川,中津川市手賀野,-,35,28.6,137,29.2,378,10,1.5,19902.3.25,-,-,湿度を除く
703,岐阜,52571,-,四,有線ロボット気象計,Y,Y,Y,Y,Y,ES,Y,関ケ原,セキガハラ,SEKIGAHARA,関ケ原,不破郡関ケ原町関ケ原,-,35,21.8,136,28,130,10.1,1.5,#1978.11.13,-,52935,-
704,岐阜,52581,-,四,有線ロボット気象計,Y,Y,Y,Y,N,ES,N,大垣,オオガキ,OGAKI,大垣,大垣市禾森町,-,35,20.8,136,37.2,6,10,1.5,#1978.11.13,-,-,湿度を除く
705,岐阜,52586,47632,官,地上気象観測装置,Y,Y,Y,Y,Y,Y,Y,岐阜,ギフ,GIFU,岐阜,岐阜市加納二之丸,岐阜地方気象台,35,24,136,45.7,13,23,-,#1975.4.1,-,52940,-
706,岐阜,52606,-,四,有線ロボット気象計,Y,Y,Y,Y,N,ES,N,多治見,タジミ,TAJIMI,多治見,多治見市光ケ丘,-,35,20.8,137,6.5,120,10,1.5,(1975.5.29)1978.11.24,-,-,湿度を除く
707,岐阜,52642,-,雨,有線ロボット雨量計,Y,N,N,N,N,N,N,上石津,カミイシヅ,KAMIISHIZU,大垣市上石津,大垣市上石津町堂之上,-,35,14.8,136,27.5,193,-,-,19908.3.29,-,-,-
708,三重,53016,-,雨,有線ロボット雨量計,Y,N,N,N,N,N,N,北勢,ホクセイ,AGEKI,いなべ市北勢,いなべ市北勢町其原,-,35,8.6,136,32.3,125,-,-,#,-,-,-
709,三重,53041,-,四,有線ロボット気象計,Y,Y,Y,Y,Y,ES,N,桑名,クワナ,KUWANA,桑名,桑名市大字江場字正金縄,-,35,3,136,41.6,3,9.9,1.5,#1979.1.12,-,-,-
710,三重,53061,47684,官,地上気象観測装置,Y,Y,Y,Y,Y,Y,N,四日市,ヨッカイチ,YOKKAICHI,四日市,四日市市日永,四日市特別地域気象観測所,34,56.4,136,34.8,55,10.7,-,#1975.12.13,-,-,-
711,三重,53091,-,四,有線ロボット気象計,Y,Y,Y,Y,Y,ES,N,亀山,カメヤマ,KAMEYAMA,亀山,亀山市椿世町,-,34,52.2,136,27.2,70,10,1.5,#1979.1.12,-,-,-
712,三重,53112,47649,官,地上気象観測装置,Y,Y,Y,Y,Y,Y,N,上野,ウエノ,UENO,上野,伊賀市緑ケ丘本町,上野特別地域気象観測所,34,45.7,136,8.5,159,22.1,-,1985.1.30,-,-,-
713,三重,53121,-,雨,有線ロボット雨量計,Y,N,N,N,N,N,N,笠取山,カサトリヤマ,KASATORIYAMA,津市笠取山,津市榊原町,-,34,43.5,136,18.5,810,-,-,#,-,-,-
714,三重,53133,47651,官,地上気象観測装置,Y,Y,N,N,N,Y,Y,津,ツ,TSU,津,津市島崎町,津地方気象台,34,44,136,31.1,3,-,-,19903.10.20,-,53900,気温、雨
715,三重,53133,47651,官,地上気象観測装置,N,N,Y,Y,N,Y,Y,津,ツ,TSU,津,津市末広町,-,34,43.3,136,31.5,2,15,-,19903.10.20,-,-,風、日照
716,三重,53141,-,雨,有線ロボット雨量計,Y,N,N,N,N,N,N,名張,ナバリ,NABARI,名張,名張市鴻之台1番町,-,34,37.6,136,6.5,226,-,-,#,-,-,-
717,三重,53151,-,雨,有線ロボット雨量計,Y,N,N,N,N,N,N,白山,ハクサン,HAKUSAN,津市白山,津市白山町南家城,-,34,37.5,136,19.3,60,-,-,1979.3.30,-,-,-
718,三重,53196,-,四,有線ロボット気象計,Y,Y,Y,Y,Y,ES,N,小俣,オバタ,OBATA,伊勢市小俣,伊勢市小俣町明野,-,34,31.7,136,39.9,10,10,1.5,#1979.1.16,-,-,-
719,三重,53231,-,四,有線ロボット気象計,Y,Y,Y,Y,Y,ES,N,粥見,カユミ,KAYUMI,松阪市粥見,松阪市飯南町粥見,-,34,26.9,136,23.4,120,10,1.5,#1979.1.16,-,-,-
720,三重,53257,-,四,有線ロボット気象計,Y,Y,Y,Y,Y,ES,N,鳥羽,トバ,TOBA,鳥羽,鳥羽市鳥羽,-,34,28.9,136,49.5,2,9,1.5,1994.2.7,-,-,-
721,三重,53287,-,雨,有線ロボット雨量計,Y,N,N,N,N,N,N,藤坂峠,フジサカトウゲ,FUJISAKATOGE,大紀町藤坂峠,度会郡大紀町永会字中河内,-,34,19.4,136,29.3,560,-,-,#,-,-,-
722,三重,53296,-,四,有線ロボット気象計,Y,Y,Y,Y,Y,ES,N,南伊勢,ミナミイセ,NANSEI,南伊勢,度会郡南伊勢町船越,-,34,20.7,136,40.9,6,10,1.5,(1978.6.15)1979.1.17,-,-,-
723,三重,53307,-,雨,有線ロボット雨量計,Y,N,N,N,N,N,N,阿児,アゴ,AGO,志摩市阿児,志摩市阿児町甲賀字浅野,-,34,18.5,136,52.4,31,-,-,1982.6.1,-,-,-
724,三重,53321,-,雨,有線ロボット雨量計,Y,N,N,N,N,N,N,宮川,ミヤガワ,MIYAGAWA,大台町宮川,多気郡大台町久豆,-,34,16.7,136,12.5,205,-,-,1978.6.1,-,-,-
725,三重,53326,-,四,有線ロボット気象計,Y,Y,Y,Y,Y,ES,N,紀伊長島,キイナガシマ,KII-NAGASHIMA,紀北町紀伊長島,北牟婁郡紀北町長島,-,34,12.5,136,19.6,3,9.9,1.5,1979.1.17,-,-,-
726,三重,53378,47663,官,地上気象観測装置,Y,Y,Y,Y,Y,Y,N,尾鷲,オワセ,OWASE,尾鷲,尾鷲市南陽町,尾鷲特別地域気象観測所,34,4.1,136,11.6,15,28.4,-,1985.5.29,-,-,-
727,三重,53401,-,四,有線ロボット気象計,Y,Y,Y,Y,Y,ES,N,熊野新鹿,クマノアタシカ,KUMANOATASHIKA,熊野新鹿,熊野市新鹿町,-,33,55.9,136,8.3,23,6.4,1.5,2001.12.18,-,-,-
728,三重,53416,-,雨,有線ロボット雨量計,Y,N,N,N,N,N,N,御浜,ミハマ,MIHAMA,御浜,南牟婁郡御浜町大字上野,-,33,51.1,135,58.8,130,-,-,1985.6.11,-,-,-
729,新潟,54012,-,四,有線ロボット気象計,Y,Y,Y,Y,N,ES,N,粟島,アワシマ,AWASHIMA,粟島,岩船郡粟島浦村字内浦,-,38,27.9,139,15.2,4,10.4,1.5,19908.5.31,-,-,湿度を除く
730,新潟,54041,-,四,有線ロボット気象計,Y,Y,Y,Y,N,ES,N,弾崎,ハジキザキ,HAGIKIZAKI,佐渡市弾崎,佐渡市鷲崎字弾崎,-,38,19.8,138,30.7,58,8.1,1.5,1997.3.31,-,-,湿度を除く
731,新潟,54056,-,雨,有線ロボット雨量計,Y,N,N,N,N,N,N,高根,タカネ,TAKANE,村上市高根,村上市高根,-,38,19.8,139,36.2,85,-,-,1978.6.1,-,-,-
732,新潟,54086,-,四,有線ロボット気象計,Y,Y,Y,Y,Y,ES,N,村上,ムラカミ,MURAKAMI,村上,村上市三之町,-,38,13.6,139,28.7,10,8.3,2.7,#1978.11.28,-,-,-
733,新潟,54097,-,雨,有線ロボット雨量計,Y,N,N,N,N,N,N,三面,ミオモテ,MIOMOTE,村上市三面,村上市茎太,-,38,14.8,139,36.3,45,-,-,1981.5.20,-,-,-
734,新潟,54157,47602,官,地上気象観測装置,Y,Y,Y,Y,Y,Y,Y,相川,アイカワ,AIKAWA,佐渡市相川,佐渡市相川三町目新浜町,相川特別地域気象観測所,38,1.7,138,14.4,6,33.8,-,1995.7.7,-,54900,-
735,新潟,54166,-,四,有線ロボット気象計,Y,Y,Y,Y,N,ES,N,両津,リョウツ,RYOTSU,佐渡市両津,佐渡市両津湊,-,38,4.4,138,26.4,2,18.8,1.5,#1978.11.24,-,-,湿度を除く
736,新潟,54181,-,四,有線ロボット気象計,Y,Y,Y,Y,N,ES,N,中条,ナカジョウ,NAKAJO,胎内市中条,胎内市清水,-,38,4.6,139,23.3,14,10,2.6,1978.11.28,-,-,湿度を除く
737,新潟,54191,-,四,有線ロボット気象計,Y,Y,Y,Y,N,ES,Y,下関,シモセキ,SHIMOSEKI,関川村下関,岩船郡関川村下関,-,38,5.5,139,33.8,33,10,2.8,(1975.5.2)1978.11.27,-,54905,湿度を除く
738,新潟,54232,47604,官,地上気象観測装置,Y,Y,N,N,N,Y,Y,新潟,ニイガタ,NIIGATA,新潟,新潟市中央区美咲町,新潟地方気象台,37,53.6,139,1.1,4,-,-,2002.11.21,-,54907,気温、雨
739,新潟,54232,47604,官,地上気象観測装置,N,N,Y,Y,N,Y,Y,新潟,ニイガタ,NIIGATA,新潟,新潟市中央区女池南,-,37,53.3,139,2.9,0,15.1,-,2002.11.21,-,-,風、日照
740,新潟,54236,-,官,地上気象観測装置,Y,Y,Y,Y,Y,N,Y,松浜,マツハマ,MATSUHAMA,新潟市松浜,新潟市東区松浜町,新潟航空気象観測所,37,57.3,139,6.7,1,10,-,2003.1.1,-,54908,日照・湿度・気圧を除く
741,新潟,54271,-,四,有線ロボット気象計,Y,Y,Y,Y,N,ES,N,羽茂,ハモチ,HAMOCHI,佐渡市羽茂,佐渡市羽茂本郷,-,37,50.5,138,18.8,11,10,1.5,(1975.6.1)1978.11.24,-,-,湿度を除く
742,新潟,54296,-,四,有線ロボット気象計,Y,Y,Y,Y,Y,ES,Y,新津,ニイツ,NIITSU,新潟市新津,新潟市秋葉区小戸上組,-,37,47.5,139,5.2,3,10,2.5,#1978.11.21,-,54910,-
743,新潟,54301,-,雨,有線ロボット雨量計,Y,N,N,N,N,N,N,瓢湖,ヒョウコ,HYOKO,阿賀野市瓢湖,阿賀野市中島字諏訪前,-,37,50,139,14.2,9,-,-,19906.7.23,-,-,-
744,新潟,54311,-,雨,有線ロボット雨量計,Y,N,N,N,N,N,N,赤谷,アカダニ,AKADANI,新発田市赤谷,新発田市上赤谷字大檀原,-,37,50.1,139,24.9,135,-,-,1976.7.30,-,-,-
745,新潟,54341,-,四,有線ロボット気象計,Y,Y,Y,Y,N,ES,N,巻,マキ,MAKI,新潟市巻,新潟市西蒲区巻甲,-,37,46.1,138,54.8,2,10,2.3,#1978.12.22,-,-,湿度を除く
746,新潟,54387,-,四,有線ロボット気象計,Y,Y,Y,Y,N,ES,N,寺泊,テラドマリ,TERADOMARI,長岡市寺泊,長岡市寺泊二の関,-,37,38.4,138,46,44,7.9,1.5,2001.8.10,-,-,湿度を除く
747,新潟,54396,-,四,有線ロボット気象計,Y,Y,Y,Y,N,ES,N,三条,サンジョウ,SANJO,三条,三条市西裏館,-,37,38.4,138,57.3,9,12.5,2.5,#1978.11.20,-,-,湿度を除く
748,新潟,54406,-,雨,有線ロボット雨量計,Y,N,N,N,N,N,N,村松,ムラマツ,MURAMATSU,五泉市村松,五泉市愛宕,-,37,41.8,139,11.3,25,-,-,#,-,-,-
749,新潟,54421,-,四,有線ロボット気象計,Y,Y,Y,Y,N,ES,Y,津川,ツガワ,TSUGAWA,阿賀町津川,東蒲原郡阿賀町津川,-,37,40.3,139,26.8,100,9.6,3,#1978.11.21,-,54915,湿度を除く
750,新潟,54462,-,雨,有線ロボット雨量計,Y,N,N,N,N,N,N,宮寄上,ミヤヨリカミ,MIYAYORIKAMI,加茂市宮寄上,加茂市宮寄上,-,37,34.8,139,8.4,125,-,-,1983.6.29,-,-,-
751,新潟,54472,-,雨,有線ロボット雨量計,Y,N,N,N,N,N,N,室谷,ムロヤ,MUROYA,阿賀町室谷,東蒲原郡阿賀町神谷丙,-,37,33,139,22.2,200,-,-,1992.3.27,-,-,-
752,新潟,54501,-,四,有線ロボット気象計,Y,Y,Y,Y,N,ES,Y,長岡,ナガオカ,NAGAOKA,長岡,長岡市緑町,-,37,27,138,49.4,23,9.5,3,#1976.2.24,-,54920,湿度を除く
753,新潟,54506,-,雨,有線ロボット雨量計,Y,N,N,N,N,N,N,栃尾,トチオ,TOCHIO,長岡市栃尾,長岡市栃尾大町,-,37,28.5,138,59.5,83,-,-,#,-,-,-
754,新潟,54541,-,四,有線ロボット気象計,Y,Y,Y,Y,Y,ES,Y,柏崎,カシワザキ,KASHIWAZAKI,柏崎,柏崎市元城町,-,37,21.1,138,33.2,7,10,2.5,#1978.11.15,-,54925,-
755,新潟,54566,-,四,有線ロボット気象計,Y,Y,Y,Y,N,ES,Y,守門,スモン,IRIHIROSE,魚沼市守門,魚沼市西名,-,37,20.8,139,2.6,222,10,5.4,(1975.5.21)1978.11.17,-,54930,湿度を除く
756,新潟,54586,-,四,有線ロボット気象計,Y,Y,Y,Y,Y,ES,N,大潟,オオガタ,OGATA,上越市大潟,上越市大潟区土底浜,-,37,13.5,138,19.5,13,10,2.3,1978.11.14,-,-,-
757,新潟,54606,-,雨,有線ロボット雨量計,Y,N,N,N,N,N,N,小国,オグニ,OGUNI,長岡市小国,長岡市小国町新町,-,37,17.5,138,42.1,83,-,-,1977.6.21,-,-,-
758,新潟,54616,-,四,有線ロボット気象計,Y,Y,Y,Y,N,ES,Y,小出,コイデ,KOIDE,魚沼市小出,魚沼市佐梨,-,37,13.6,138,57.8,98,10,4,#1978.11.17,-,54935,湿度を除く
759,新潟,54621,-,雨,有線ロボット雨量計,Y,N,N,N,N,N,N,大湯,オオユ,OYU,魚沼市大湯,魚沼市下折立,-,37,12.3,139,3.7,240,-,-,1981.5.22,-,-,-
760,新潟,54651,47612,官,地上気象観測装置,Y,Y,Y,Y,Y,Y,Y,高田,タカダ,TAKADA,上越市高田,上越市大手町,高田特別地域気象観測所,37,6.4,138,14.8,13,18,-,#1978.3.11,-,54937,-
761,新潟,54661,-,四,有線ロボット気象計,Y,Y,Y,Y,N,ES,Y,安塚,ヤスヅカ,YASUZUKA,上越市安塚,上越市安塚区和田,-,37,6.4,138,27.4,126,6.5,3.5,#1978.11.15,-,54940,湿度を除く
762,新潟,54666,-,雨,有線ロボット雨量計,Y,N,N,N,N,N,N,川谷,カワダニ,KAWADANI,上越市川谷,上越市吉川区川谷字宮田,-,37,12,138,31,206,-,-,1985.6.14,-,-,-
763,新潟,54671,-,雨,有線ロボット雨量計,Y,N,N,N,N,N,N,松代,マツダイ,MATSUDAI,十日町市松代,十日町市松代,-,37,7.9,138,36.4,210,-,-,1977.6.21,-,-,-
764,新潟,54676,-,四,有線ロボット気象計,Y,Y,Y,Y,N,ES,Y,十日町,トオカマチ,TOKAMACHI,十日町,十日町市小泉字北原,-,37,8.6,138,43.6,170,10,4.5,#1978.11.16,-,54945,湿度を除く
765,新潟,54711,-,四,有線ロボット気象計,Y,Y,Y,Y,N,ES,N,糸魚川,イトイガワ,ITOIGAWA,糸魚川,糸魚川市東寺町,-,37,2.6,137,52.5,8,10,2.5,#1978.11.13,-,-,湿度を除く
766,新潟,54721,-,四,有線ロボット気象計,Y,Y,Y,Y,N,ES,Y,能生,ノウ,NO,糸魚川市能生,糸魚川市大字平,-,37,5,138,1.4,55,10.3,3.5,#1978.11.13,-,54950,湿度を除く
767,新潟,54737,-,雨,有線ロボット雨量計,Y,N,N,N,N,N,N,筒方,ドウガタ,DOGATA,上越市筒方,上越市板倉区筒方,-,37,1.8,138,20.6,255,-,-,1985.6.14,-,-,-
768,新潟,54761,-,雨,有線ロボット雨量計,Y,N,N,N,N,N,N,塩沢,シオザワ,SHIOZAWA,南魚沼市塩沢,南魚沼市塩沢,-,37,2.3,138,50.8,195,-,-,1983.6.14,-,-,-
769,新潟,54816,-,四,有線ロボット気象計,Y,Y,Y,Y,N,ES,Y,関山,セキヤマ,SEKIYAMA,妙高市関山,妙高市大字関山字原田,-,36,56,138,13.3,350,10,4.3,(1975.5.14)1978.11.14,-,54955,湿度を除く
770,新潟,54836,-,四,有線ロボット気象計,Y,Y,Y,Y,N,ES,Y,津南,ツナン,TSUNAN,津南,中魚沼郡津南町中深見乙,-,36,59.8,138,41,452,10,4.9,#1978.11.16,-,54965,湿度を除く
771,新潟,54841,-,四,有線ロボット気象計,Y,Y,Y,Y,N,ES,Y,湯沢,ユザワ,YUZAWA,湯沢,南魚沼郡湯沢町湯沢字中島川原,-,36,56.5,138,48.6,340,10,4,#1978.11.18,-,54960,湿度を除く
772,新潟,54876,-,雨,有線ロボット雨量計,Y,N,N,N,N,N,N,平岩,ヒライワ,HIRAIWA,糸魚川市平岩,糸魚川市大所,-,36,52.8,137,52,281,-,-,1978.11.10,-,-,-
773,新潟,54892,-,雨,有線ロボット雨量計,Y,N,N,N,N,N,N,樽本,タルモト,TARUMOTO,妙高市樽本,妙高市大字樽本乙,-,36,53.4,138,16.5,633,-,-,1985.6.13,-,-,-
774,富山,55022,-,四,有線ロボット気象計,Y,Y,Y,Y,Y,ES,Y,朝日,アサヒ,ASAHI,朝日,下新川郡朝日町南保町,-,36,56.2,137,33.8,43,10.1,2,19909.9.27,-,55900,-
775,富山,55041,-,四,有線ロボット気象計,Y,Y,Y,Y,N,ES,Y,氷見,ヒミ,HIMI,氷見,氷見市七分一,-,36,51.8,136,57.6,7,10.2,1.6,1978.11.18,-,55915,湿度を除く
776,富山,55056,-,四,有線ロボット気象計,Y,Y,Y,Y,Y,ES,Y,魚津,ウオヅ,UOZU,魚津,魚津市六郎丸,-,36,49.3,137,25.7,48,10.2,1.8,#1978.11.16,-,55905,-
777,富山,55063,-,雨,有線ロボット雨量計,Y,N,N,N,N,N,N,宇奈月,ウナヅキ,UNAZUKI,宇奈月,黒部市宇奈月町内山,-,36,50.8,137,33.4,160,-,-,1984.6.21,-,-,-
778,富山,55091,47606,官,地上気象観測装置,Y,Y,Y,Y,Y,Y,Y,伏木,フシキ,FUSHIKI,高岡市伏木,高岡市伏木古国府,伏木特別地域気象観測所,36,47.5,137,3.3,12,15.3,-,#1975.12.12,-,55907,-
779,富山,55102,47607,官,地上気象観測装置,Y,Y,Y,Y,Y,Y,Y,富山,トヤマ,TOYAMA,富山,富山市石坂,富山地方気象台,36,42.5,137,12.1,9,20,-,1986.1.30,-,55908,-
780,富山,55141,-,四,有線ロボット気象計,Y,Y,Y,Y,Y,ES,Y,砺波,トナミ,TONAMI,砺波,砺波市五郎丸,-,36,36.6,136,57.3,69,6.5,2.1,#1976.4.1,-,55910,-
781,富山,55151,-,官,地上気象観測装置,Y,Y,Y,Y,Y,N,Y,秋ヶ島,アキガシマ,AKIGASHIMA,富山市秋ヶ島,富山市秋ヶ島,富山航空気象観測所,36,38.9,137,11.2,24,10,-,2003.1.1,-,55925,日照・湿度・気圧を除く
782,富山,55156,-,雨,有線ロボット雨量計,Y,N,N,N,N,N,N,大山,オオヤマ,OYAMA,大山,富山市花崎,-,36,36.5,137,17,128,-,-,1984.6.28,-,-,-
783,富山,55166,-,四,有線ロボット気象計,Y,Y,Y,Y,N,ES,N,上市,カミイチ,KAMIICHI,上市町東種,中新川郡上市町東種,-,36,40.2,137,25.4,296,10,2.8,1978.11.15,-,-,湿度を除く
784,富山,55191,-,四,有線ロボット気象計,Y,Y,Y,Y,N,ES,N,南砺高宮,ナントタカミヤ,FUKUMITSU,南砺高宮,南砺市高宮,-,36,32.7,136,52.3,91,10,2.4,#1978.11.17,-,-,湿度を除く
785,富山,55206,-,四,有線ロボット気象計,Y,Y,Y,Y,Y,ES,N,八尾,ヤツオ,YATSUO,八尾,富山市八尾町樫尾,-,36,34.2,137,9.5,124,10,2.5,#1976.2.27,-,-,-
786,富山,55217,-,雨,有線ロボット雨量計,Y,N,N,N,N,N,N,立山芦峅,タテヤマアシクラ,TATEYAMAASHIKURA,立山芦峅,中新川郡立山町芦峅寺,-,36,34.6,137,23.1,379,-,-,19902.3.29,-,-,-
787,富山,55252,-,雨,有線ロボット雨量計,Y,N,N,N,N,N,N,五箇山,ゴカヤマ,GOKAYAMA,五箇山,南砺市下梨中の平,-,36,25.8,136,56.5,357,-,-,2004.10.19,-,-,-
788,富山,55267,-,雨,有線ロボット雨量計,Y,N,N,N,N,N,Y,猪谷,イノタニ,,富山市猪谷,富山市猪谷,-,36,28.4,137,14.2,215,-,-,1996.10.28,-,55920,-
789,石川,56036,-,四,有線ロボット気象計,Y,Y,Y,Y,Y,ES,Y,珠洲,スズ,SUZU,珠洲,珠洲市正院町正院,-,37,26.8,137,17.2,4,7.5,2,#1978.11.20,-,56900,-
790,石川,56052,47600,官,地上気象観測装置,Y,Y,Y,Y,Y,Y,Y,輪島,ワジマ,WAJIMA,輪島,輪島市鳳至町畠田,輪島特別地域気象観測所,37,23.4,136,53.7,5,28.1,-,1986.6.20,-,56903,-
791,石川,56081,-,雨,有線ロボット雨量計,Y,N,N,N,N,N,N,門前,モンゼン,MONZEN,輪島市門前,輪島市門前町北川,-,37,15.7,136,43.7,11,-,-,#,-,-,-
792,石川,56093,-,官,地上気象観測装置,Y,Y,Y,Y,Y,N,N,三井,ミイ,MII,輪島市三井,輪島市三井町洲衛,能登航空気象観測所,37,17.6,136,57.7,219,10,-,2003.7.7,-,-,日照・湿度・気圧を除く
793,石川,56116,-,四,有線ロボット気象計,Y,Y,Y,Y,Y,ES,N,志賀,シカ,TOGI,志賀,羽咋郡志賀町富来領家町甲,-,37,8.6,136,43.5,6,8.5,2,#1978.11.21,-,-,-
794,石川,56146,-,四,有線ロボット気象計,Y,Y,Y,Y,Y,ES,Y,七尾,ナナオ,NANAODAINI,七尾,七尾市万行町43の部,-,37,1.8,136,59.5,58,10,1.5,#1978.11.21,-,56905,-
795,石川,56176,-,四,有線ロボット気象計,Y,Y,Y,Y,Y,ES,N,羽咋,ハクイ,HAKUI,羽咋,羽咋市旭町,-,36,53.6,136,46.6,15,19.5,2,#1978.11.22,-,-,-
796,石川,56186,-,四,有線ロボット気象計,Y,Y,Y,Y,N,ES,N,かほく,カホク,UNOKE,かほく,かほく市内日角井,-,36,42.7,136,41.5,42,10,2,#1978.11.22,-,-,湿度を除く
797,石川,56192,-,雨,有線ロボット雨量計,Y,N,N,N,N,N,N,宝達志水,ホウダツシミズ,OSHIMIZU,宝達志水,羽咋郡宝達志水町坪山,-,36,47.3,136,46.1,90,-,-,2003.8.12,-,-,-
798,石川,56227,47605,官,地上気象観測装置,Y,Y,Y,Y,Y,Y,Y,金沢,カナザワ,KANAZAWA,金沢,金沢市西念,金沢地方気象台,36,35.3,136,38,6,48.4,-,1991.10.23,-,56907,-
799,石川,56232,-,雨,有線ロボット雨量計,Y,N,N,N,N,N,N,医王山,イオウゼン,IOZEN,医王山,金沢市平等本町,-,36,31.2,136,44.7,420,-,-,2003.7.29,-,-,-
800,石川,56276,-,四,有線ロボット気象計,Y,Y,Y,Y,N,ES,N,小松,コマツ,KOMATSU,小松,小松市今江町,-,36,22.9,136,26.1,3,10,2,1978.12.1,-,-,湿度を除く
801,石川,56286,-,四,有線ロボット気象計,Y,Y,Y,Y,N,ES,Y,白山河内,ハクサンカワチ,TORIGOE,白山市河内,白山市河内町福岡,-,36,23.8,136,37.2,136,10,2.5,(1975.5.7)1978.11.24,-,56910,湿度を除く
802,石川,56301,-,四,有線ロボット気象計,Y,Y,Y,Y,N,ES,Y,加賀中津原,カガナカツハラ,YAMANAKA,加賀中津原,加賀市山中温泉中津原町,-,36,15.7,136,23.8,65,10,2,#1978.11.27,-,56915,湿度を除く
803,石川,56346,-,雨,有線ロボット雨量計,Y,N,N,N,N,N,N,白山白峰,ハクサンシラミネ,SHIRAMINE,白山市白峰,白山市白峰,-,36,10.8,136,37.5,470,-,-,1977.7.13,-,-,-
804,石川,56401,-,雨,有線ロボット雨量計,Y,N,N,N,N,N,N,舳倉島,ヘグラジマ,HEGURAJIMA,輪島市舳倉島,輪島市海士町所属舳倉島高見,-,37,51,136,55.1,8,-,-,19906.8.19,-,-,-
805,福井,57001,-,四,有線ロボット気象計,Y,Y,Y,Y,N,ES,N,三国,ミクニ,MIKUNI,坂井市三国,坂井市三国町平山,-,36,14.6,136,10.4,34,9.9,2,(1975.6.24)1978.11.27,-,-,湿度を除く
806,福井,57026,-,官,地上気象観測装置,Y,Y,Y,Y,Y,N,N,春江,ハルエ,HARUE,坂井市春江,坂井市春江町江留中,福井航空気象観測所,36,8.5,136,13.4,5,10,-,2003.1.1,-,-,日照・湿度・気圧を除く
807,福井,57051,-,四,有線ロボット気象計,Y,Y,Y,Y,Y,ES,N,越廼,コシノ,KOSHINO,福井市越廼,福井市居倉町,-,36,0.7,135,59.4,30,9.9,1.5,1978.11.27,-,-,-
808,福井,57066,47616,官,地上気象観測装置,Y,Y,Y,Y,Y,Y,Y,福井,フクイ,FUKUI,福井,福井市豊島,福井地方気象台,36,3.3,136,13.3,9,26.1,-,#1975.3.15,-,57903,-
809,福井,57071,-,雨,有線ロボット雨量計,Y,N,N,N,N,N,N,美山,ミヤマ,MIYAMA,福井市美山,福井市美山町,-,35,59.9,136,21.5,70,-,-,1975.5.7,-,-,-
810,福井,57082,-,四,有線ロボット気象計,Y,Y,Y,Y,N,ES,N,勝山,カツヤマ,KATSUYAMA,勝山,勝山市平泉寺町平泉寺86字岡道北,-,36,2.3,136,31.3,196,9,3.5,1993.10.18,-,-,湿度を除く
811,福井,57106,-,雨,有線ロボット雨量計,Y,N,N,N,N,N,Y,武生,タケフ,TAKEFU,越前市武生,越前市村国,-,35,54.3,136,10.4,32,-,-,2005.10.27,-,57920,-
812,福井,57121,-,四,有線ロボット気象計,Y,Y,Y,Y,N,ES,Y,大野,オオノ,ONO,大野,大野市93字蛇塚四,-,35,58.3,136,29.8,182,6.4,3.5,#1976.3.2,-,57905,湿度を除く
813,福井,57176,-,雨,有線ロボット雨量計,Y,N,N,N,N,N,Y,九頭竜,クズリュウ,KUZURYU,大野市九頭竜,大野市貝皿,-,35,54.5,136,40.1,436,-,-,1982.6.1,-,57900,-
814,福井,57206,-,四,有線ロボット気象計,Y,Y,Y,Y,N,ES,Y,今庄,イマジョウ,IMAJO,南越前町今庄,南条郡南越前町今庄,-,35,46,136,12,128,10,2.5,#1978.11.28,-,57910,湿度を除く
815,福井,57248,47631,官,地上気象観測装置,Y,Y,Y,Y,Y,Y,Y,敦賀,ツルガ,TSURUGA,敦賀,敦賀市松栄町,敦賀特別地域気象観測所,35,39.2,136,3.7,2,28,-,1988.2.12,-,57913,-
816,福井,57286,-,四,有線ロボット気象計,Y,Y,Y,Y,N,ES,N,美浜,ミハマ,MIHAMA,美浜,三方郡美浜町久々子,-,35,36,135,55,10,10,2,(1975.5.19)1978.11.28,-,-,湿度を除く
817,福井,57311,-,雨,有線ロボット雨量計,Y,N,N,N,N,N,N,大飯,オオイ,OI,おおい,大飯郡おおい町本郷,-,35,28.8,135,37,3,-,-,1995.11.10,-,-,-
818,福井,57317,-,四,有線ロボット気象計,Y,Y,Y,Y,Y,ES,Y,小浜,オバマ,OBAMA,小浜,小浜市遠敷,-,35,29,135,46.9,10,24.9,2,1992.11.2,-,57915,-
819,滋賀,60026,-,雨,有線ロボット雨量計,Y,N,N,N,N,N,Y,柳ケ瀬,ヤナガセ,YANAGASE,長浜市余呉町柳ケ瀬,長浜市余呉町柳ケ瀬字大門,-,35,34.9,136,11.3,220,-,-,1976.4.27,-,60900,-
820,滋賀,60051,-,四,有線ロボット気象計,Y,Y,Y,Y,Y,ES,Y,今津,イマヅ,IMAZU,高島市今津,高島市今津町弘川,-,35,24.7,136,1.7,88,9.9,1.5,#1978.11.16,-,60905,-
821,滋賀,60061,-,四,有線ロボット気象計,Y,Y,Y,Y,Y,ES,N,長浜,ナガハマ,TORAHIME,長浜市唐国,長浜市唐国町,-,35,25.4,136,14.5,95,10,1.5,(1975.5.7)1978.11.17,-,-,-
822,滋賀,60081,-,雨,有線ロボット雨量計,Y,N,N,N,N,N,N,朽木平良,クツキヘラ,KUTSUKIHERA,高島市朽木平良,高島市朽木平良,-,35,18.5,135,49.8,380,-,-,2005.12.6,-,-,-
823,滋賀,60102,-,四,有線ロボット気象計,Y,Y,Y,Y,Y,ES,Y,米原,マイバラ,SANTO,米原市朝日,米原市朝日,-,35,23,136,20.6,147,6.4,1.5,2001.3.30,-,60911,-
824,滋賀,60116,-,四,有線ロボット気象計,Y,Y,Y,Y,Y,ES,N,南小松,ミナミコマツ,KITAKOMATSU,大津市南小松,大津市南小松,-,35,14.1,135,57.4,90,9.9,1.5,#1978.11.16,-,-,-
825,滋賀,60131,47761,官,地上気象観測装置,Y,Y,Y,Y,Y,Y,Y,彦根,ヒコネ,HIKONE,彦根,彦根市城町,彦根地方気象台,35,16.5,136,14.6,87,19.7,-,#1975.3.14,-,60915,-
826,滋賀,60161,-,雨,有線ロボット雨量計,Y,N,N,N,N,N,N,近江八幡,オウミハチマン,OMI-HACHIMAN,近江八幡,近江八幡市土田町,-,35,7.6,136,5.5,90,-,-,#,-,-,-
827,滋賀,60196,-,四,有線ロボット気象計,Y,Y,Y,Y,Y,ES,N,東近江,ヒガシオウミ,GAMO,東近江市桜川東,東近江市桜川東町,-,35,3.7,136,11.4,128,6.5,1.5,(1975.5.2)1978.12.20,-,-,-
828,滋賀,60216,-,四,有線ロボット気象計,Y,Y,Y,Y,Y,ES,Y,大津,オオツ,OTSU,大津市萱野浦,大津市萱野浦,-,34,59.5,135,54.7,86,9.9,1.5,1977.12.22,-,60920,-
829,滋賀,60226,-,四,有線ロボット気象計,Y,Y,Y,Y,Y,ES,N,信楽,シガラキ,SHIGARAKI,甲賀市信楽,甲賀市信楽町牧,-,34,54.8,136,4.8,265,10,1.5,(1975.5.2)1978.12.20,-,-,-
830,滋賀,60236,-,四,有線ロボット気象計,Y,Y,Y,Y,Y,ES,N,土山,ツチヤマ,TSUCHIYAMA,甲賀市土山,甲賀市土山町北土山,-,34,56.3,136,16.7,248,10,1.5,#1978.12.21,-,-,-
831,京都,61001,-,四,有線ロボット気象計,Y,Y,Y,Y,Y,ES,N,間人,タイザ,TAIZA,京丹後市間人,京丹後市丹後町間人小字新ヶ皿,-,35,44.2,135,5.2,42,11.2,1.5,(1975.5.2)1977.2.28,-,-,-
832,京都,61031,-,雨,有線ロボット雨量計,Y,N,N,N,N,N,Y,峰山,ミネヤマ,MINEYAMATAMBA,京丹後市峰山,京丹後市峰山町荒山,-,35,37.1,135,4.3,23,-,-,#,-,61900,-
833,京都,61076,-,四,有線ロボット気象計,Y,Y,Y,Y,Y,ES,N,宮津,ミヤヅ,MIYAZU,宮津,宮津市字上司,-,35,33,135,14.1,2,10.5,1.5,#1978.11.15,-,-,-
834,京都,61096,-,雨,有線ロボット雨量計,Y,N,N,N,N,N,N,坂浦,サカウラ,SAKAURA,福知山市坂浦,福知山市下野条,-,35,25.1,135,5.2,223,-,-,19905.5.29,-,-,-
835,京都,61111,47750,官,地上気象観測装置,Y,Y,Y,Y,Y,Y,Y,舞鶴,マイヅル,MAIZURU,舞鶴,舞鶴市字下福井,舞鶴特別地域気象観測所,35,27,135,19,2,41.6,-,#1975.3.26,-,61905,-
836,京都,61151,-,雨,有線ロボット雨量計,Y,N,N,N,N,N,N,睦寄,ムツヨリ,KOYAOKA,綾部市睦寄町,綾部市睦寄町狸岩,-,35,22.9,135,27.2,175,-,-,1977.6.28,-,-,-
837,京都,61187,-,四,有線ロボット気象計,Y,Y,Y,Y,Y,ES,N,福知山,フクチヤマ,FUKUCHIYAMA,福知山市荒河,福知山市字荒河,-,35,18.7,135,6.8,17,9.5,1.5,2005.12.8,-,-,-
838,京都,61192,-,雨,有線ロボット雨量計,Y,N,N,N,N,N,N,三和,ミワ,MIWA,福知山市三和,福知山市三和町千束,-,35,13,135,13.9,105,-,-,1982.6.2,-,-,-
839,京都,61196,-,雨,有線ロボット雨量計,Y,N,N,N,N,N,N,綾部山家,アヤベヤマガ,AYABEYAMAGA,綾部市山家,綾部市東山町山家,-,35,17.8,135,18.9,87,-,-,2021.3.4,-,-,-
840,京都,61201,-,雨,有線ロボット雨量計,Y,N,N,N,N,N,N,本庄,ホンジョウ,WACHI,京丹波町本庄,船井郡京丹波町本庄西畑,-,35,15.6,135,23.7,95,-,-,1975.5.2,-,-,-
841,京都,61206,-,四,有線ロボット気象計,Y,Y,Y,Y,Y,ES,Y,美山,ミヤマ,MIYAMA,南丹市美山,南丹市美山町静原桧野,-,35,16.5,135,33,200,9.9,1.5,1978.11.15,-,61910,-
842,京都,61241,-,雨,有線ロボット雨量計,Y,N,N,N,N,N,N,須知,シュウチ,SHUCHI,京丹波町須知,船井郡京丹波町富田蒲生野,-,35,10.6,135,25.2,150,-,-,1982.5.26,-,-,-
843,京都,61242,-,四,有線ロボット気象計,Y,Y,Y,Y,Y,ES,N,園部,ソノベ,SONOBE,南丹市園部,南丹市園部町黒田,-,35,6.5,135,27.3,134,9.2,1.5,2002.3.6,-,-,-
844,京都,61251,-,雨,有線ロボット雨量計,Y,N,N,N,N,N,N,京北,ケイホク,KEIHOKU,京都市京北,京都市右京区京北比賀江町院谷,-,35,10.9,135,39.7,260,-,-,1975.4.24,-,-,-
845,京都,61286,47759,官,地上気象観測装置,Y,Y,N,N,N,Y,Y,京都,キョウト,KYOTO,京都市中京区,京都市中京区西ノ京笠殿町,京都地方気象台,35,0.8,135,43.9,41,-,-,19900.3.27,-,61915,気温、雨、日照
846,京都,61286,47759,官,地上気象観測装置,N,N,Y,Y,N,Y,Y,京都,キョウト,KYOTO,京都市中京区,京都市中京区西ノ京船塚町,-,35,0.7,135,44.1,36,17.7,-,19900.3.27,-,-,風
847,京都,61306,-,雨,有線ロボット雨量計,Y,N,N,N,N,N,N,長岡京,ナガオカキョウ,NAGAOKAKYO,長岡京,長岡京市光風台,-,34,55.8,135,40.7,71,-,-,1975.5.20,-,-,-
848,京都,61326,-,四,有線ロボット気象計,Y,Y,Y,Y,Y,ES,N,京田辺,キョウタナベ,TANABE,京田辺,京田辺市薪西浜,-,34,49.8,135,45.6,20,9.9,1.5,#1978.12.19,-,-,-
849,大阪,62016,-,四,有線ロボット気象計,Y,Y,Y,Y,Y,ES,N,能勢,ノセ,NOSE,能勢,豊能郡能勢町地黄,-,34,56.9,135,27.3,235,9.9,1.5,#1977.3.7,-,-,-
850,大阪,62037,-,雨,有線ロボット雨量計,Y,N,N,N,N,N,N,茨木,イバラキ,IBARAKI,茨木,茨木市大字桑原,-,34,51.6,135,33.6,78,-,-,19901.12.18,-,-,-
851,大阪,62046,-,四,有線ロボット気象計,Y,Y,Y,Y,Y,ES,N,枚方,ヒラカタ,HIRAKATA,枚方,枚方市星丘,-,34,48.5,135,40.3,26,9.9,1.5,(1975.5.31)1977.3.2,-,-,-
852,大阪,62051,-,官,地上気象観測装置,Y,Y,Y,Y,Y,N,N,豊中,トヨナカ,TOYONAKA,豊中,豊中市蛍池西町,大阪航空気象観測所,34,47,135,26.3,12,10,-,#1977.3.9,-,-,日照・湿度・気圧を除く
853,大阪,62078,47772,官,地上気象観測装置,Y,Y,N,N,N,Y,Y,大阪,オオサカ,OSAKA,大阪市中央区,大阪市中央区大手前,大阪管区気象台,34,40.9,135,31.1,23,-,-,1999.2.24,-,62900,気温、雨、日照
854,大阪,62078,47772,官,地上気象観測装置,N,N,Y,Y,N,Y,Y,大阪,オオサカ,OSAKA,大阪市中央区,大阪市東成区東中本,-,34,40.5,135,32.8,1,24,-,1999.2.24,-,-,風
855,大阪,62081,-,四,有線ロボット気象計,Y,Y,Y,Y,Y,ES,N,生駒山,イコマヤマ,IKOMAYAMA,生駒山,東大阪市山手町,-,34,40.5,135,40.6,626,9.3,1.5,#1976.2.12,-,-,-
856,大阪,62091,-,四,有線ロボット気象計,Y,Y,Y,Y,Y,ES,N,堺,サカイ,SAKAI,堺市堺区,堺市堺区百舌鳥夕雲町,-,34,33.3,135,29.1,20,10,1.5,(1975.5.30)1977.3.3,-,-,-
857,大阪,62096,-,官,地上気象観測装置,Y,Y,Y,Y,Y,N,N,八尾,ヤオ,YAO,八尾,八尾市空港,八尾航空気象観測所,34,35.8,135,36,10,10,-,2003.1.1,-,-,日照・湿度・気圧を除く
858,大阪,62101,-,官,地上気象観測装置,Y,Y,Y,Y,Y,N,N,関空島,カンクウジマ,KANKUJIMA,関西空港,泉南郡田尻町泉州空港中,関西航空地方気象台,34,26,135,13.9,5,10,-,2003.1.1,-,-,日照・湿度・気圧を除く
859,大阪,62111,-,雨,有線ロボット雨量計,Y,N,N,N,N,N,N,河内長野,カワチナガノ,KAWACHINAGANO,河内長野,河内長野市日野,-,34,25.4,135,32.6,160,-,-,#,-,-,-
860,大阪,62131,-,四,有線ロボット気象計,Y,Y,Y,Y,Y,ES,N,熊取,クマトリ,KUMATORI,熊取,泉南郡熊取町朝代西,-,34,23.1,135,21,68,9.9,1.5,#1977.3.4,-,-,-
861,兵庫,63016,-,四,有線ロボット気象計,Y,Y,Y,Y,Y,ES,Y,香住,カスミ,KASUMI,香美町香住,美方郡香美町香住区森,-,35,37.5,134,37.6,5,9.2,2,#1976.4.1,-,63900,-
862,兵庫,63032,-,雨,有線ロボット雨量計,Y,N,N,N,N,N,N,温泉,オンセン,ONSEN,温泉,美方郡新温泉町桐岡字穴町,-,35,31.7,134,28.8,233,-,-,2006.12.5,-,-,-
863,兵庫,63051,47747,官,地上気象観測装置,Y,Y,Y,Y,Y,Y,Y,豊岡,トヨオカ,TOYO-OKA,豊岡,豊岡市桜町,豊岡特別地域気象観測所,35,32.1,134,49.3,3,16,-,#1975.3.29,-,63905,-
864,兵庫,63071,-,四,有線ロボット気象計,Y,Y,Y,Y,Y,ES,Y,兎和野高原,ウワノコウゲン,MURAOKA,香美町兎和野高原,美方郡香美町村岡区宿字菟臥野,-,35,25.9,134,35,540,6.4,2.5,2005.12.14,-,63911,-
865,兵庫,63111,-,雨,有線ロボット雨量計,Y,N,N,N,N,N,N,大屋,オオヤ,OYA,養父市大屋,養父市大屋町山路,-,35,19.9,134,39.9,150,-,-,1975.5.2,-,-,-
866,兵庫,63116,-,雨,有線ロボット雨量計,Y,N,N,N,N,N,N,八鹿,ヨウカ,YOKA,養父市八鹿,養父市八鹿町高柳字篠尾,-,35,23.9,134,44.4,183,-,-,2005.7.4,-,-,-
867,兵庫,63121,-,四,有線ロボット気象計,Y,Y,Y,Y,Y,ES,Y,和田山,ワダヤマ,WADAYAMA,朝来市和田山,朝来市和田山町枚田,-,35,19.4,134,50.9,80,9.9,1.5,#1977.12.20,-,63915,-
868,兵庫,63201,-,四,有線ロボット気象計,Y,Y,Y,Y,Y,ES,N,生野,イクノ,IKUNO,朝来市生野,朝来市生野町口銀谷,-,35,10,134,47.5,320,10.7,1.5,#1978.11.13,-,-,-
869,兵庫,63216,-,四,有線ロボット気象計,Y,Y,Y,Y,Y,ES,N,柏原,カイバラ,KAIBARA,丹波市柏原,丹波市柏原町柏原,-,35,8.2,135,3.9,98,10.1,1.5,#1978.12.20,-,-,-
870,兵庫,63241,-,雨,有線ロボット雨量計,Y,N,N,N,N,N,N,佐用,サヨウ,SAYO,佐用,佐用郡佐用町円応寺,-,35,1,134,22.1,120,-,-,1976.12.20,-,-,-
871,兵庫,63251,-,四,有線ロボット気象計,Y,Y,Y,Y,Y,ES,N,一宮,イチノミヤ,ICHINOMIYA,宍粟市一宮町,宍粟市一宮町東市場,-,35,5.8,134,35.1,195,10,1.5,#1978.11.13,-,-,-
872,兵庫,63321,-,四,有線ロボット気象計,Y,Y,Y,Y,Y,ES,N,福崎,フクサキ,FUKUSAKI,福崎,神崎郡福崎町福崎新,-,34,57,134,44.9,72,13.9,1.5,(1975.5.2)1977.12.19,-,-,-
873,兵庫,63331,-,四,有線ロボット気象計,Y,Y,Y,Y,Y,ES,N,西脇,ニシワキ,NISHIWAKI,西脇,西脇市上比延町,-,34,59.9,134,59.8,72,6.5,1.5,(1975.5.1)1978.12.21,-,-,-
874,兵庫,63346,-,雨,有線ロボット雨量計,Y,N,N,N,N,N,N,後川,シツカワ,HATSUKAGAWA,丹波篠山市後川,丹波篠山市後川上,-,35,1.5,135,17.6,330,-,-,#,-,-,-
875,兵庫,63366,-,四,有線ロボット気象計,Y,Y,Y,Y,Y,ES,N,上郡,カミゴオリ,KAMIGORI,上郡,赤穂郡上郡町与井,-,34,51.5,134,22.4,20,13.1,1.5,1978.12.26,-,-,-
876,兵庫,63383,47769,官,地上気象観測装置,Y,Y,Y,Y,Y,Y,N,姫路,ヒメジ,HIMEJI,姫路市神子岡前,姫路市神子岡前,姫路特別地域気象観測所,34,50.3,134,40.2,38,16.2,-,19900.11.21,-,-,-
877,兵庫,63411,-,四,有線ロボット気象計,Y,Y,Y,Y,Y,ES,N,三田,サンダ,SANDA,三田,三田市下深田,-,34,53.7,135,12.7,150,21.6,1.5,(1975.5.2)1978.12.20,-,-,-
878,兵庫,63461,-,四,有線ロボット気象計,Y,Y,Y,Y,Y,ES,N,三木,ミキ,MIKI,三木,三木市志染町広野,-,34,46.6,135,0.8,145,10,1.5,1977.12.19,-,-,-
879,兵庫,63477,-,雨,有線ロボット雨量計,Y,N,N,N,N,N,N,西宮,ニシノミヤ,NISHINOMIYA,西宮,西宮市奥畑,-,34,45,135,20.1,38,-,-,2006.3.6,-,-,-
880,兵庫,63491,-,四,有線ロボット気象計,Y,Y,Y,Y,Y,ES,N,家島,イエシマ,IESHIMA,姫路市家島,姫路市家島町真浦字御室寺,-,34,40.3,134,31.6,88,6.5,1.5,1978.12.25,-,-,-
881,兵庫,63496,-,四,有線ロボット気象計,Y,Y,Y,Y,Y,ES,N,明石,アカシ,AKASHI,明石,明石市二見町南二見,-,34,41.2,134,52.6,3,28.6,1.5,1992.3.23,-,-,-
882,兵庫,63517,-,官,地上気象観測装置,Y,Y,Y,Y,Y,N,N,神戸空港,コウベクウコウ,KOBE-KUKO,神戸空港,神戸市中央区神戸空港,神戸航空気象観測所,34,37.9,135,13.4,5,10,-,2006.2.16,-,-,日照・湿度・気圧を除く
883,兵庫,63518,47770,官,地上気象観測装置,Y,Y,N,N,N,Y,Y,神戸,コウベ,KOBE,神戸市中央区,神戸市中央区脇浜海岸通,神戸地方気象台,34,41.8,135,12.7,5,-,-,2007.3.28,-,63950,気温、雨
884,兵庫,63518,47770,官,地上気象観測装置,N,N,Y,Y,N,Y,Y,神戸,コウベ,KOBE,神戸市中央区,神戸市中央区港島,-,34,40.9,135,13.2,3,16,-,2007.3.28,-,-,風、日照
885,兵庫,63551,-,四,有線ロボット気象計,Y,Y,Y,Y,Y,ES,N,郡家,グンゲ,GUNGE,淡路市郡家,淡路市多賀,-,34,28,134,50.9,5,9.2,1.5,(1975.5.2)1978.12.22,-,-,-
886,兵庫,63571,47776,官,地上気象観測装置,Y,Y,Y,Y,Y,Y,N,洲本,スモト,SUMOTO,洲本,洲本市木戸,洲本特別地域気象観測所,34,18.6,134,50.9,69,14.6,-,19909.11.30,-,-,-
887,兵庫,63588,-,四,有線ロボット気象計,Y,Y,Y,Y,Y,ES,N,南淡,ナンダン,NANDAN,南あわじ市南淡,南あわじ市阿万塩屋町,-,34,13.1,134,43.2,5,9.6,1.5,2004.1.30,-,-,-
888,奈良,64036,47780,官,地上気象観測装置,Y,Y,N,N,N,Y,Y,奈良,ナラ,NARA,奈良市東紀寺町,奈良市東紀寺町,奈良地方気象台,34,40.4,135,50.2,102,-,-,#1975.3.19,-,64900,気温、雨
889,奈良,64036,47780,官,地上気象観測装置,N,N,Y,Y,N,Y,Y,奈良,ナラ,NARA,奈良市東紀寺町,奈良市西紀寺町,-,34,40.4,135,49.9,90,20.1,-,#1975.3.19,-,-,風、日照
890,奈良,64041,-,四,有線ロボット気象計,Y,Y,Y,Y,Y,ES,N,針,ハリ,HARI,奈良市針,奈良市都祁友田町,-,34,36.3,135,57.1,468,9.9,1.5,#1978.12.22,-,-,-
891,奈良,64056,-,雨,有線ロボット雨量計,Y,N,N,N,N,N,N,田原本,タワラモト,TAWARAMOTO,田原本,磯城郡田原本町,-,34,33.3,135,47.1,50,-,-,#,-,-,-
892,奈良,64076,-,雨,有線ロボット雨量計,Y,N,N,N,N,N,N,曽爾,ソニ,SONI,曽爾,宇陀郡曽爾村太良路,-,34,31.3,136,9.5,610,-,-,#,-,-,-
893,奈良,64091,-,雨,有線ロボット雨量計,Y,N,N,N,N,N,N,葛城,カツラギ,TAIMA,葛城市寺口,葛城市寺口,-,34,29.3,135,42.2,141,-,-,1981.8.24,-,-,-
894,奈良,64101,-,四,有線ロボット気象計,Y,Y,Y,Y,Y,ES,N,大宇陀,オオウダ,OUDA,宇陀市大宇陀,宇陀市大宇陀下竹,-,34,29.3,135,55.9,349,10,1.5,#1978.12.22,-,-,-
895,奈良,64127,-,四,有線ロボット気象計,Y,Y,Y,Y,Y,ES,N,五條,ゴジョウ,GOJO,五條市三在町,五條市三在町,-,34,22.8,135,43.8,190,9.4,1.5,2005.12.19,-,-,-
896,奈良,64136,-,雨,有線ロボット雨量計,Y,N,N,N,N,N,N,吉野,ヨシノ,YOSHINO,吉野,吉野郡吉野町宮滝,-,34,22.7,135,54,188,-,-,1991.1.16,-,-,-
897,奈良,64161,-,雨,有線ロボット雨量計,Y,N,N,N,N,N,N,天川,テンカワ,TENKAWA,天川,吉野郡天川村大字洞川,-,34,16.2,135,53,840,-,-,19902.3.25,-,-,-
898,奈良,64206,-,四,有線ロボット気象計,Y,Y,Y,Y,Y,ES,N,上北山,カミキタヤマ,KAMIKITAYAMA,上北山村小橡,吉野郡上北山村小橡,-,34,8.2,136,0.3,334,10,1.5,(1975.5.1)1978.12.26,-,-,-
899,奈良,64227,-,四,有線ロボット気象計,Y,Y,Y,Y,Y,ES,N,風屋,カゼヤ,KAZEYA,十津川村風屋,吉野郡十津川村風屋,-,34,2.7,135,47.2,301,6.5,1.5,1977.12.20,-,-,-
900,奈良,64236,-,雨,有線ロボット雨量計,Y,N,N,N,N,N,N,下北山,シモキタヤマ,SHIMOKITAYAMA,下北山村佐田,吉野郡下北山村佐田,-,34,0.2,135,58,249,-,-,19906.7.31,-,-,-
901,奈良,64262,-,雨,有線ロボット雨量計,Y,N,N,N,N,N,N,葛川,クズカワ,KUZUKAWA,十津川村葛川,吉野郡十津川村大字東中,-,33,57.2,135,51.4,396,-,-,2021.1.20,-,-,-
902,和歌山,65021,-,雨,有線ロボット雨量計,Y,N,N,N,N,N,N,葛城山,カツラギサン,KATSURAGISAN,紀の川市葛城山,紀の川市切畑,-,34,20.8,135,26.2,840,-,-,#,-,-,-
903,和歌山,65026,-,四,有線ロボット気象計,Y,Y,Y,Y,Y,ES,N,かつらぎ,カツラギ,KATSURAGI,かつらぎ,伊都郡かつらぎ町妙寺,-,34,18.6,135,31.7,142,9.4,1.5,1979.1.8,-,-,-
904,和歌山,65036,-,四,有線ロボット気象計,Y,Y,Y,Y,Y,ES,N,友ケ島,トモガシマ,TOMOGASHIMA,友ヶ島,和歌山市加太苫ケ沖島,-,34,16.8,134,59.9,44,9.3,1.5,1998.3.18,-,-,-
905,和歌山,65042,47777,官,地上気象観測装置,Y,Y,N,N,N,Y,Y,和歌山,ワカヤマ,WAKAYAMA,和歌山市,和歌山市男野芝丁,和歌山地方気象台,34,13.7,135,9.8,14,-,-,1993.12.1,-,65900,気温、雨
906,和歌山,65042,47777,官,地上気象観測装置,N,N,Y,Y,N,Y,Y,和歌山,ワカヤマ,WAKAYAMA,和歌山市,和歌山市男野芝丁,-,34,13.7,135,9.8,14,42.1,-,1993.12.1,-,-,風、日照
907,和歌山,65061,-,四,有線ロボット気象計,Y,Y,Y,Y,Y,ES,N,高野山,コウヤサン,KOYASAN,高野山,伊都郡高野町高野山,-,34,13.3,135,35.4,801,12.9,1.5,#1979.1.8,-,-,-
908,和歌山,65106,-,雨,有線ロボット雨量計,Y,N,N,N,N,N,N,湯浅,ユアサ,YUASA,湯浅,有田郡湯浅町湯浅,-,34,2.1,135,10.9,8,-,-,1975.5.8,-,-,-
909,和歌山,65121,-,四,有線ロボット気象計,Y,Y,Y,Y,Y,ES,N,清水,シミズ,YAHATA,有田川町清水,有田郡有田川町清水,-,34,5.2,135,25.5,240,6.5,1.5,(1975.5.30)1979.1.9,-,-,-
910,和歌山,65127,-,雨,有線ロボット雨量計,Y,N,N,N,N,N,N,護摩壇山,ゴマダンザン,GOMADANZAN,田辺市護摩壇山,田辺市龍神村龍神,-,34,2.4,135,34,1130,-,-,19902.3.25,-,-,-
911,和歌山,65162,-,四,有線ロボット気象計,Y,Y,Y,Y,Y,ES,N,龍神,リュウジン,RYUJIN,田辺市龍神,田辺市龍神村湯ノ又,-,33,56.7,135,33.4,410,6.4,1.5,1994.3.8,-,-,-
912,和歌山,65201,-,四,有線ロボット気象計,Y,Y,Y,Y,Y,ES,N,川辺,カワベ,KAWABE,日高川町川辺,日高郡日高川町和佐,-,33,53.6,135,13,84,9.4,1.5,1999.3.4,-,-,-
913,和歌山,65226,-,雨,有線ロボット雨量計,Y,N,N,N,N,N,N,本宮,ホングウ,HONGU,田辺市本宮,田辺市本宮町本宮,-,33,50.2,135,46.4,60,-,-,1975.8.18,-,-,-
914,和歌山,65256,-,四,有線ロボット気象計,Y,Y,Y,Y,Y,ES,N,栗栖川,クリスガワ,KURISUGAWA,田辺市栗栖川,田辺市中辺路町栗栖川,-,33,47.5,135,30.8,160,9.9,1.5,(1975.5.2)1979.1.11,-,-,-
915,和歌山,65276,-,四,有線ロボット気象計,Y,Y,Y,Y,Y,ES,N,新宮,シングウ,SHINGU,新宮,新宮市佐野,-,33,41.2,135,58.2,18,9.4,1.5,#1979.3.13,-,-,-
916,和歌山,65288,-,官,地上気象観測装置,Y,Y,Y,Y,Y,N,N,南紀白浜,ナンキシラハマ,NANKI-SHIRAHAMA,南紀白浜空港,西牟婁郡白浜町,南紀白浜航空気象観測所,33,39.7,135,21.8,89,9.7,-,2006.3.16,-,-,日照・湿度・気圧を除く
917,和歌山,65306,-,四,有線ロボット気象計,Y,Y,Y,Y,Y,ES,N,西川,ニシカワ,NISHIKAWA,古座川町西川,東牟婁郡古座川町西川,-,33,38.3,135,42.6,150,10,1.5,1979.1.12,-,-,-
918,和歌山,65311,-,雨,有線ロボット雨量計,Y,N,N,N,N,N,N,色川,イロカワ,IROKAWA,那智勝浦町色川,東牟婁郡那智勝浦町大野,-,33,40.5,135,50.9,275,-,-,1977.7.14,-,-,-
919,和歌山,65321,-,雨,有線ロボット雨量計,Y,N,N,N,N,N,N,日置川,ヒキガワ,HIKIGAWA,白浜町日置川,西牟婁郡白浜町安居,-,33,36.3,135,28.8,17,-,-,#,-,-,-
920,和歌山,65356,47778,官,地上気象観測装置,Y,Y,Y,Y,Y,Y,N,潮岬,シオノミサキ,SHIONOMISAKI,潮岬,東牟婁郡串本町潮岬,潮岬特別地域気象観測所,33,27,135,45.4,68,14.9,-,#1975.3.13,-,-,-
921,岡山,66046,-,四,有線ロボット気象計,Y,Y,Y,Y,Y,ES,Y,上長田,カミナガタ,KAMINAGATA,真庭市上長田,真庭市蒜山上長田,-,35,17.8,133,43.5,430,6.4,2,1978.12.6,-,66900,-
922,岡山,66056,-,雨,有線ロボット雨量計,Y,N,N,N,N,N,N,恩原,オンバラ,OMBARA,鏡野町恩原,苫田郡鏡野町上斎原,-,35,18,133,59.2,734,-,-,1981.6.2,-,-,-
923,岡山,66091,-,四,有線ロボット気象計,Y,Y,Y,Y,Y,ES,Y,千屋,チヤ,CHIYA,新見市千屋,新見市千屋,-,35,6.2,133,26.1,525,9.9,1.5,1978.12.8,-,66910,-
924,岡山,66112,-,雨,有線ロボット雨量計,Y,N,N,N,N,N,N,富,トミ,TOMI,鏡野町富,苫田郡鏡野町富西谷,-,35,10.7,133,48.3,480,-,-,2005.12.10,-,-,-
925,岡山,66127,-,四,有線ロボット気象計,Y,Y,Y,Y,Y,ES,N,奈義,ナギ,NAGI,奈義,勝田郡奈義町荒内西字大池,-,35,6.7,134,10.2,212,6.5,1.5,1977.2.25,-,-,-
926,岡山,66136,-,四,有線ロボット気象計,Y,Y,Y,Y,Y,ES,Y,今岡,イマオカ,FURUMACHI,美作市今岡,美作市今岡,-,35,5.9,134,19.5,207,6.4,1.5,#1978.11.16,-,66915,-
927,岡山,66171,-,四,有線ロボット気象計,Y,Y,Y,Y,Y,ES,N,久世,クセ,KUSE,真庭市久世,真庭市中島,-,35,4.1,133,45.2,144,10,1.5,1978.11.17,-,-,-
928,岡山,66186,47756,官,地上気象観測装置,Y,Y,Y,Y,Y,Y,Y,津山,ツヤマ,TSUYAMA,津山,津山市林田,津山特別地域気象観測所,35,3.8,134,0.5,146,12.4,-,#1975.12.15,-,66920,-
929,岡山,66221,-,四,有線ロボット気象計,Y,Y,Y,Y,Y,ES,N,新見,ニイミ,NIIMI,新見,新見市足見堂の下,-,34,56.6,133,31.1,393,10,1.5,1978.11.20,-,-,-
930,岡山,66226,-,雨,有線ロボット雨量計,Y,N,N,N,N,N,N,下呰部,シモアザエ,SHIMOAZAE,真庭市下呰部,真庭市下呰部,-,34,57.9,133,37.7,180,-,-,1975.4.24,-,-,-
931,岡山,66237,-,雨,有線ロボット雨量計,Y,N,N,N,N,N,N,旭西,アサヒニシ,ASAHINISHI,美咲町旭西,久米郡美咲町西,-,34,57.7,133,48.7,230,-,-,19902.3.18,-,-,-
932,岡山,66251,-,雨,有線ロボット雨量計,Y,N,N,N,N,N,N,赤磐,アカイワ,SUSAI,赤磐,赤磐市黒本,-,34,55.1,134,4.9,56,-,-,#,-,-,-
933,岡山,66276,-,雨,有線ロボット雨量計,Y,N,N,N,N,N,N,陣山,ジンヤマ,JINYAMA,高梁市陣山,高梁市松原町字松岡陣山,-,34,49.7,133,31.4,529,-,-,#,-,-,-
934,岡山,66287,-,雨,有線ロボット雨量計,Y,N,N,N,N,N,N,吉備中央,キビチュウオウ,KIBICHUO,吉備中央,加賀郡吉備中央町北,-,34,49,133,42.3,340,-,-,2005.12.14,-,-,-
935,岡山,66296,-,四,有線ロボット気象計,Y,Y,Y,Y,Y,ES,N,福渡,フクワタリ,FUKUWATARI,岡山市北区福渡,岡山市北区建部町福渡,-,34,52,133,54.2,63,7.9,1.5,#1979.1.9,-,-,-
936,岡山,66306,-,四,有線ロボット気象計,Y,Y,Y,Y,Y,ES,N,和気,ワケ,WAKE,和気,和気郡和気町吉田,-,34,48.9,134,11,35,10,1.5,#1979.1.9,-,-,-
937,岡山,66336,-,四,有線ロボット気象計,Y,Y,Y,Y,Y,ES,N,高梁,タカハシ,TAKAHASHI,高梁,高梁市落合町近似,-,34,47.5,133,36.6,60,10,1.5,(1975.4.24)1979.1.10,-,-,-
938,岡山,66346,-,官,地上気象観測装置,Y,Y,Y,Y,Y,N,N,日応寺,ニチオウジ,NICHIOJI,岡山空港,岡山市北区日応寺,岡山航空気象観測所,34,45.4,133,51.3,239,9.7,-,2003.1.1,-,-,日照・湿度・気圧を除く
939,岡山,66381,-,雨,有線ロボット雨量計,Y,N,N,N,N,N,N,佐屋,サヤ,SAYA,井原市佐屋,井原市芳井町佐屋,-,34,41.1,133,26.7,390,-,-,#,-,-,-
940,岡山,66391,-,雨,有線ロボット雨量計,Y,N,N,N,N,N,N,矢掛,ヤカゲ,YAKAGE,矢掛,小田郡矢掛町東三成,-,34,37,133,37.1,18,-,-,#,-,-,-
941,岡山,66408,47768,官,地上気象観測装置,Y,Y,N,N,N,Y,Y,岡山,オカヤマ,OKAYAMA,岡山市北区津島,岡山市北区津島中,岡山地方気象台,34,41.1,133,55.5,5,-,-,1996.3.25,-,66930,気温、雨
942,岡山,66408,47768,官,地上気象観測装置,N,N,Y,Y,N,Y,Y,岡山,オカヤマ,OKAYAMA,岡山市北区津島,岡山市北区下石井,-,34,39.6,133,54.9,3,70.1,-,1996.3.25,-,-,風、日照
943,岡山,66421,-,四,有線ロボット気象計,Y,Y,Y,Y,Y,ES,N,虫明,ムシアゲ,MUSHIAGE,瀬戸内市虫明,瀬戸内市邑久町虫明,-,34,40.9,134,12.4,10,10,1.5,#1979.1.19,-,-,-
944,岡山,66446,-,四,有線ロボット気象計,Y,Y,Y,Y,Y,ES,N,倉敷,クラシキ,KURASHIKI,倉敷,倉敷市中央,-,34,35.4,133,46.1,3,10,1.5,#1979.1.9,-,-,-
945,岡山,66481,-,四,有線ロボット気象計,Y,Y,Y,Y,Y,ES,N,笠岡,カサオカ,KASAOKA,笠岡,笠岡市カブト東町,-,34,30.1,133,29.7,0,6.5,1.5,1979.1.10,-,-,-
946,岡山,66501,-,四,有線ロボット気象計,Y,Y,Y,Y,Y,ES,N,玉野,タマノ,TAMANO,玉野,玉野市宇野,-,34,29.2,133,57,2,6.4,1.5,#1976.4.1,-,-,-
947,広島,67016,-,四,有線ロボット気象計,Y,Y,Y,Y,Y,ES,Y,高野,タカノ,TAKANO,庄原市高野,庄原市高野町新市,-,35,2,132,54.1,570,10,2.8,(1975.4.1)1978.11.22,-,67900,-
948,広島,67026,-,雨,有線ロボット雨量計,Y,N,N,N,N,N,N,道後山,ドウゴヤマ,DOGOYAMA,庄原市道後山,庄原市西城町三坂,-,35,3.4,133,11.3,729,-,-,2005.11.29,-,-,-
949,広島,67052,-,雨,有線ロボット雨量計,Y,N,N,N,N,N,N,君田,キミタ,KIMITA,三次市君田,三次市君田町櫃田字市井谷,-,34,55.7,132,49.8,304,-,-,2005.12.5,-,-,-
950,広島,67106,-,四,有線ロボット気象計,Y,Y,Y,Y,Y,ES,N,三次,ミヨシ,MIYOSHI,三次市三次町,三次市三次町,-,34,48.7,132,51,159,10,1.5,#1978.11.22,-,-,-
951,広島,67116,-,四,有線ロボット気象計,Y,Y,Y,Y,Y,ES,N,庄原,ショウバラ,SHOBARA,庄原市東本町,庄原市東本町,-,34,51.6,133,1.4,300,10.6,1.5,#1976.4.1,-,-,-
952,広島,67126,-,雨,有線ロボット雨量計,Y,N,N,N,N,N,N,東城,トウジョウ,TOJO,庄原市東城,庄原市東城町川東,-,34,53.7,133,16.6,310,-,-,1975.4.28,-,-,-
953,広島,67136,-,雨,有線ロボット雨量計,Y,N,N,N,N,N,Y,八幡,ヤワタ,YAWATA,北広島町八幡,山県郡北広島町東八幡原,-,34,42.5,132,10.4,774,-,-,1978.7.5,-,67905,-
954,広島,67151,-,四,有線ロボット気象計,Y,Y,Y,Y,Y,ES,Y,大朝,オオアサ,OASA,北広島町大朝,山県郡北広島町大朝字大坪,-,34,46.1,132,27.8,399,9.9,2,#1977.12.23,-,67910,-
955,広島,67161,-,雨,有線ロボット雨量計,Y,N,N,N,N,N,N,美土里,ミドリ,MIDORI,安芸高田市美土里,安芸高田市美土里町横田,-,34,43.3,132,39.3,318,-,-,2005.12.8,-,-,-
956,広島,67191,-,四,有線ロボット気象計,Y,Y,Y,Y,Y,ES,N,油木,ユキ,YUKI,神石高原町油木,神石郡神石高原町安田伊ノ平谷,-,34,45.8,133,16.7,510,10,1.5,1978.12.12,-,-,-
957,広島,67211,-,雨,有線ロボット雨量計,Y,N,N,N,N,N,N,王泊,オオドマリ,ODOMARI,北広島町王泊,山県郡北広島町細見,-,34,41.9,132,18.7,525,-,-,1978.6.7,-,-,-
958,広島,67212,-,四,有線ロボット気象計,Y,Y,Y,Y,Y,ES,N,加計,カケ,KAKE,安芸太田町加計,山県郡安芸太田町加計字神田,-,34,36.6,132,19.2,210,9.9,1.5,#1978.11.24,-,-,-
959,広島,67217,-,雨,有線ロボット雨量計,Y,N,N,N,N,N,N,都志見,ツシミ,TSUSHIMI,北広島町都志見,山県郡北広島町都志見,-,34,38.8,132,26.6,400,-,-,2005.12.6,-,-,-
960,広島,67231,-,雨,有線ロボット雨量計,Y,N,N,N,N,N,N,甲田,コウダ,KODA,安芸高田市甲田,安芸高田市甲田町高田原,-,34,41.7,132,45.6,185,-,-,1975.4.28,-,-,-
961,広島,67251,-,雨,有線ロボット雨量計,Y,N,N,N,N,N,N,上下,ジョウゲ,JOGE,府中市上下,府中市上下町上下,-,34,41.6,133,7,384,-,-,#,-,-,-
962,広島,67271,-,雨,有線ロボット雨量計,Y,N,N,N,N,N,N,内黒山,ウチグロヤマ,UCHIGUROYAMA,安芸太田町内黒山,山県郡安芸太田町大字横川字横川東平,-,34,35.8,132,10.6,987,-,-,#,-,-,-
963,広島,67292,-,四,有線ロボット気象計,Y,Y,Y,Y,Y,ES,N,三入,ミイリ,MIIRI,広島市安佐北区三入,広島市安佐北区三入,-,34,32.7,132,31.8,70,6.4,1.5,2001.12.20,-,-,-
964,広島,67306,-,雨,有線ロボット雨量計,Y,N,N,N,N,N,N,安宿,アスカ,ASUKA,東広島市豊栄町安宿,東広島市豊栄町安宿,-,34,34,132,50.3,363,-,-,19902.1.28,-,-,-
965,広島,67316,-,四,有線ロボット気象計,Y,Y,Y,Y,Y,ES,N,世羅,セラ,SERA,世羅,世羅郡世羅町大字東神崎字大田,-,34,35,133,3,350,7.9,1.5,#1977.2.23,-,-,-
966,広島,67326,-,四,有線ロボット気象計,Y,Y,Y,Y,Y,ES,N,府中,フチュウ,FUCHU,府中市土生町,府中市土生町,-,34,33.7,133,13.9,70,9.5,1.5,(1975.4.28)1979.1.11,-,-,-
967,広島,67351,-,雨,有線ロボット雨量計,Y,N,N,N,N,N,N,佐伯湯来,サエキユキ,SAEKIYUKI,広島市佐伯湯来,広島市佐伯区湯来町大字和田字中須賀,-,34,29.9,132,17.4,206,-,-,2005.12.2,-,-,-
968,広島,67371,-,雨,有線ロボット雨量計,Y,N,N,N,N,N,N,志和,シワ,SHIWA,東広島市志和,東広島市志和町志和堀,-,34,29.9,132,39.6,215,-,-,1977.6.30,-,-,-
969,広島,67376,-,四,有線ロボット気象計,Y,Y,Y,Y,Y,ES,N,東広島,ヒガシヒロシマ,SAIJO,東広島市八本松町,東広島市八本松町原,-,34,25,132,42,224,10,1.5,#1979.1.17,-,-,-
970,広島,67386,-,官,地上気象観測装置,Y,Y,Y,Y,Y,N,N,本郷,ホンゴウ,HONGO,三原市本郷,三原市本郷町善入寺平岩,広島航空気象観測所,34,26.1,132,55.1,331,10,-,2003.1.1,-,-,日照・湿度・気圧を除く
971,広島,67401,47767,官,地上気象観測装置,Y,Y,Y,Y,Y,Y,N,福山,フクヤマ,FUKUYAMA,福山市松永町,福山市松永町,福山特別地域気象観測所,34,26.8,133,14.8,2,14.4,-,#1975.12.16,-,-,-
972,広島,67421,-,四,有線ロボット気象計,Y,Y,Y,Y,Y,ES,N,廿日市津田,ハツカイチツタ,SAEKI,廿日市津田,廿日市市津田,-,34,21.9,132,11.4,317,10,1.5,1978.12.6,-,-,-
973,広島,67437,47765,官,地上気象観測装置,Y,Y,Y,Y,N,Y,Y,広島,ヒロシマ,HIROSHIMA,広島市中区,広島市中区上八丁堀,広島地方気象台,34,23.9,132,27.7,4,95.4,-,1988.1.1,-,67920,気温、風、雨
974,広島,67437,47765,官,地上気象観測装置,N,N,N,N,N,Y,Y,広島,ヒロシマ,HIROSHIMA,広島市中区,広島市中区上八丁堀,-,34,23.9,132,27.8,3,-,-,1988.1.1,-,-,日照
975,広島,67461,-,四,有線ロボット気象計,Y,Y,Y,Y,Y,ES,N,竹原,タケハラ,TAKEHARA,竹原,竹原市忠海床浦,-,34,19.8,132,58.9,5,10,1.5,#1979.1.12,-,-,-
976,広島,67471,-,四,有線ロボット気象計,Y,Y,Y,Y,Y,ES,N,生口島,イクチジマ,INNOSHIMA,尾道市生口島,尾道市瀬戸田町御寺,-,34,16.7,133,7.4,3,10,1.5,#1979.1.12,-,-,-
977,広島,67496,-,四,有線ロボット気象計,Y,Y,Y,Y,Y,ES,N,大竹,オオタケ,OTAKE,大竹,大竹市立戸,-,34,13.3,132,13.2,1,25.1,1.5,#1979.1.16,-,-,-
978,広島,67511,47766,官,地上気象観測装置,Y,Y,Y,Y,Y,Y,N,呉,クレ,KURE,呉市宝町,呉市宝町,呉特別地域気象観測所,34,14.4,132,33,4,27.3,-,#1975.12.10,-,-,-
979,広島,67566,-,雨,有線ロボット雨量計,Y,N,N,N,N,N,N,倉橋,クラハシ,KURAHASHI,呉市倉橋,呉市倉橋町須川,-,34,5.5,132,29.3,3,-,-,#,-,-,-
980,広島,67576,-,四,有線ロボット気象計,Y,Y,Y,Y,Y,ES,N,呉市蒲刈,クレシカマガリ,KURE-SHI-KAMAGARI,呉市蒲刈,呉市蒲刈町大浦字前沖浦,-,34,9.9,132,44.9,48,10,1.5,19901.2.25,-,-,-
981,島根,68022,47740,官,地上気象観測装置,Y,Y,Y,Y,Y,Y,Y,西郷,サイゴウ,SAIGO,隠岐の島町西郷,隠岐郡隠岐の島町西町大城ノ一,西郷特別地域気象観測所,36,12.2,133,20,27,17,-,1987.10.14,-,68955,-
982,島根,68046,-,官,地上気象観測装置,Y,Y,Y,Y,N,N,N,西郷岬,サイゴウミサキ,SAIGOMISAKI,隠岐空港,隠岐郡隠岐の島町岬町,隠岐航空気象観測所,36,10.7,133,19.4,80,10,-,2003.1.1,-,-,日照・湿度・気圧を除く
983,島根,68056,-,四,有線ロボット気象計,Y,Y,Y,Y,Y,ES,N,海士,アマ,AMA,海士,隠岐郡海士町海士,-,36,5.8,133,5.8,3,9.3,1.5,1978.11.17,-,-,-
984,島根,68091,-,四,有線ロボット気象計,Y,Y,Y,Y,Y,ES,N,鹿島,カシマ,KASHIMA,松江市鹿島,松江市鹿島町佐陀本郷,-,35,31.2,132,59,3,9.9,1.5,#1978.12.1,-,-,-
985,島根,68121,-,官,地上気象観測装置,Y,Y,Y,Y,N,N,Y,斐川,ヒカワ,HIKAWA,出雲空港,出雲市斐川町沖洲,出雲航空気象観測所,35,24.8,132,53.4,2,10.2,-,2003.1.1,-,68920,日照・湿度・気圧を除く
986,島根,68132,47741,官,地上気象観測装置,Y,Y,Y,Y,Y,Y,Y,松江,マツエ,MATSUE,松江市西津田,松江市西津田,松江地方気象台,35,27.4,133,3.9,17,26.8,-,1979.11.1,-,68960,-
987,島根,68156,-,四,有線ロボット気象計,Y,Y,Y,Y,Y,ES,N,出雲,イズモ,IZUMO,出雲市芦渡町,出雲市芦渡町,-,35,19.9,132,43.8,20,9.9,1.5,1978.11.20,-,-,-
988,島根,68166,-,雨,有線ロボット雨量計,Y,N,N,N,N,N,N,大東,ダイトウ,DAITO,雲南市大東,雲南市大東町下阿用,-,35,19.1,132,57.9,56,-,-,#,-,-,-
989,島根,68181,-,雨,有線ロボット雨量計,Y,N,N,N,N,N,N,伯太,ハクタ,HAKUTA,安来市伯太,安来市伯太町西母里,-,35,21,133,16.4,23,-,-,1976.5.20,-,-,-
990,島根,68206,-,雨,有線ロボット雨量計,Y,N,N,N,N,N,N,佐田,サダ,SADA,出雲市佐田,出雲市佐田町大呂,-,35,13.3,132,43.4,100,-,-,1975.4.28,-,-,-
991,島根,68246,-,四,有線ロボット気象計,Y,Y,Y,Y,Y,ES,N,大田,オオダ,ODA,大田市大田,大田市大田町大田,-,35,11.4,132,29.8,30,10.2,1.5,#1978.11.21,-,-,-
992,島根,68261,-,四,有線ロボット気象計,Y,Y,Y,Y,Y,ES,N,掛合,カケヤ,KAKEYA,雲南市掛合,雲南市掛合町掛合,-,35,11.8,132,48.9,215,7.9,1.5,#1978.11.16,-,-,-
993,島根,68276,-,四,有線ロボット気象計,Y,Y,Y,Y,Y,ES,Y,横田,ヨコタ,YOKOTA,奥出雲町横田,仁多郡奥出雲町稲原,-,35,10.4,133,6.2,369,9.9,1.5,#1978.11.16,-,68900,-
994,島根,68286,-,雨,有線ロボット雨量計,Y,N,N,N,N,N,N,福光,フクミツ,FUKUMITSU,大田市福光,大田市温泉津町福光,-,35,4.2,132,20,8,-,-,1978.12.21,-,-,-
995,島根,68306,-,四,有線ロボット気象計,Y,Y,Y,Y,Y,ES,Y,赤名,アカナ,AKANA,飯南町赤名,飯石郡飯南町下赤名,-,35,0.1,132,42.7,444,9.9,1.5,1978.12.5,-,68905,-
996,島根,68346,-,雨,有線ロボット雨量計,Y,N,N,N,N,N,N,桜江,サクラエ,SAKURAE,江津市桜江,江津市桜江町川戸,-,34,57.2,132,20,32,-,-,1976.5.18,-,-,-
997,島根,68351,-,四,有線ロボット気象計,Y,Y,Y,Y,Y,ES,N,川本,カワモト,KAWAMOTO,川本,邑智郡川本町川本,-,34,58.6,132,29.5,132,9.9,1.5,#1978.11.22,-,-,-
998,島根,68376,47755,官,地上気象観測装置,Y,Y,Y,Y,Y,Y,N,浜田,ハマダ,HAMADA,浜田市大辻町,浜田市大辻町,浜田特別地域気象観測所,34,53.8,132,4.2,19,14.8,-,#1975.3.20,-,-,-
999,島根,68401,-,四,有線ロボット気象計,Y,Y,Y,Y,Y,ES,Y,瑞穂,ミズホ,MIZUHO,邑南町瑞穂,邑智郡邑南町淀原,-,34,51.2,132,31.8,327,9.9,1.5,(1976.5.19)1978.11.22,-,68910,-
1000,島根,68421,-,雨,有線ロボット雨量計,Y,N,N,N,N,N,N,三隅,ミスミ,MISUMI,浜田市三隅,浜田市三隅町西河内,-,34,47.7,131,56.9,9,-,-,1978.7.3,-,-,-
1001,島根,68431,-,四,有線ロボット気象計,Y,Y,Y,Y,Y,ES,Y,弥栄,ヤサカ,YASAKA,浜田市弥栄,浜田市弥栄町長安本郷,-,34,46.6,132,6.5,380,9.4,1.5,1978.12.1,-,68915,-
1002,島根,68436,-,雨,有線ロボット雨量計,Y,N,N,N,N,N,N,波佐,ハザ,HAZA,浜田市波佐,浜田市金城町波佐,-,34,46.8,132,11.8,370,-,-,1977.7.21,-,-,-
1003,島根,68456,-,官,地上気象観測装置,Y,Y,Y,Y,N,N,N,高津,タカツ,TAKATSU,石見空港,益田市内田町,石見航空気象観測所,34,40.5,131,47.4,54,10.2,-,2003.1.1,-,-,日照・湿度・気圧を除く
1004,島根,68462,-,四,有線ロボット気象計,Y,Y,Y,Y,Y,ES,N,益田,マスダ,MASUDA,益田市あけぼの東町,益田市あけぼの東町,-,34,40.6,131,50.6,4,12.3,1.5,1978.11.24,-,-,-
1005,島根,68501,-,雨,有線ロボット雨量計,Y,N,N,N,N,N,N,匹見,ヒキミ,HIKIMI,益田市匹見,益田市匹見町匹見,-,34,34.3,132,1,259,-,-,1977.7.26,-,-,-
1006,島根,68516,-,四,有線ロボット気象計,Y,Y,Y,Y,Y,ES,N,津和野,ツワノ,TSUWANO,津和野町森村,鹿足郡津和野町森村ロ,-,34,27.7,131,46.2,165,10,1.5,#1978.11.24,-,-,-
1007,島根,68541,-,四,有線ロボット気象計,Y,Y,Y,Y,Y,ES,N,吉賀,ヨシカ,YOSHIKA,吉賀町七日市,鹿足郡吉賀町七日市,-,34,23.5,131,53.6,250,9.9,1.5,2006.10.31,-,-,-
1008,鳥取,69006,47742,官,地上気象観測装置,Y,Y,Y,Y,Y,Y,Y,境,サカイ,SAKAI,境港市境,境港市東本町,境特別地域気象観測所,35,32.6,133,14.1,2,11.7,-,#1975.12.18,-,69910,-
1009,鳥取,69021,-,四,有線ロボット気象計,Y,Y,Y,Y,Y,ES,N,塩津,シオツ,SHIMOICHI,大山町塩津,西伯郡大山町塩津,-,35,31.4,133,34,15,9.9,1.5,1977.12.21,-,-,-
1010,鳥取,69041,-,四,有線ロボット気象計,Y,Y,Y,Y,Y,ES,N,青谷,アオヤ,AOYA,鳥取市青谷,鳥取市青谷町青谷,-,35,31.2,133,59.8,13,9.9,1.5,#1978.11.14,-,-,-
1011,鳥取,69052,-,官,地上気象観測装置,Y,Y,Y,Y,N,N,N,湖山,コヤマ,KOYAMA,鳥取空港,鳥取市湖山町西,鳥取航空気象観測所,35,31.8,134,9.9,15,10.2,-,2003.1.1,-,-,日照・湿度・気圧を除く
1012,鳥取,69061,-,四,有線ロボット気象計,Y,Y,Y,Y,Y,ES,N,岩井,イワイ,IWAI,岩美町宇治,岩美郡岩美町宇治字前田,-,35,33.5,134,21.6,19,10,1.5,#1978.11.13,-,-,-
1013,鳥取,69076,47744,官,地上気象観測装置,Y,Y,Y,Y,Y,Y,Y,米子,ヨナゴ,YONAGO,米子,米子市博労町,米子特別地域気象観測所,35,26,133,20.3,7,18.1,-,#1975.3.13,-,69930,-
1014,鳥取,69101,-,四,有線ロボット気象計,Y,Y,Y,Y,Y,ES,Y,倉吉,クラヨシ,KURAYOSHI,倉吉市大塚,倉吉市大塚字隈ヶ坪,-,35,28.4,133,50.3,8,9.9,1.5,#1978.11.14,-,69900,-
1015,鳥取,69111,-,雨,有線ロボット雨量計,Y,N,N,N,N,N,N,鹿野,シカノ,SHIKANO,鳥取市鹿野,鳥取市鹿野町河内,-,35,24.8,134,1,210,-,-,1982.7.1,-,-,-
1016,鳥取,69122,47746,官,地上気象観測装置,Y,Y,Y,Y,Y,Y,Y,鳥取,トットリ,TOTTORI,鳥取市吉方,鳥取市吉方,鳥取地方気象台,35,29.2,134,14.3,7,33.2,-,1977.10.31,-,69940,-
1017,鳥取,69152,-,雨,有線ロボット雨量計,Y,N,N,N,N,N,Y,大山,ダイセン,DAISEN,大山町大山,西伯郡大山町大山字立の坂上,-,35,23.6,133,32.2,875,-,-,1982.6.17,-,69905,-
1018,鳥取,69161,-,雨,有線ロボット雨量計,Y,N,N,N,N,N,N,関金,セキガネ,SEKIGANE,倉吉市関金,倉吉市関金町安歩,-,35,22.7,133,45.4,150,-,-,1977.7.26,-,-,-
1019,鳥取,69181,-,雨,有線ロボット雨量計,Y,N,N,N,N,N,N,佐治,サジ,SAJI,鳥取市佐治,鳥取市佐治町加瀬木,-,35,19.7,134,6.8,210,-,-,1982.6.11,-,-,-
1020,鳥取,69196,-,雨,有線ロボット雨量計,Y,N,N,N,N,N,N,若桜,ワカサ,WAKASA,若桜,八頭郡若桜町大字大炊,-,35,20,134,24.3,231,-,-,1977.7.26,-,-,-
1021,鳥取,69222,-,雨,有線ロボット雨量計,Y,N,N,N,N,N,N,江尾,エビ,EBI,江府町小江尾,日野郡江府町小江尾,-,35,17.3,133,29,155,-,-,1982.6.23,-,-,-
1022,鳥取,69246,-,四,有線ロボット気象計,Y,Y,Y,Y,Y,ES,Y,智頭,チズ,CHIZU,智頭,八頭郡智頭町智頭沖代,-,35,15.8,134,14.4,182,6.4,1.5,#1978.11.13,-,69915,-
1023,鳥取,69271,-,四,有線ロボット気象計,Y,Y,Y,Y,Y,ES,N,茶屋,チャヤ,CYAYA,日南町茶屋,日野郡日南町茶屋大ジャフ田,-,35,11.2,133,13.8,490,10,1.5,1978.11.15,-,-,-
1024,徳島,71066,-,四,有線ロボット気象計,Y,Y,Y,Y,Y,ES,N,池田,イケダ,IKEDA,三好市池田,三好市池田町シンヤマ,-,34,1.4,133,47.7,214,10,1.5,#1978.1.29,-,-,-
1025,徳島,71087,-,四,有線ロボット気象計,Y,Y,Y,Y,Y,ES,N,穴吹,アナブキ,ANABUKI,美馬市穴吹,美馬市穴吹町口山初草,-,34,2.4,134,9.4,160,9.3,1.5,2001.3.13,-,-,-
1026,徳島,71106,47895,官,地上気象観測装置,Y,Y,Y,Y,N,Y,Y,徳島,トクシマ,TOKUSHIMA,徳島市,徳島市大和町,徳島地方気象台,34,4,134,34.4,2,17.8,-,#1975.4.1,-,71900,気温、風、雨
1027,徳島,71106,47895,官,地上気象観測装置,N,N,N,N,N,Y,Y,徳島,トクシマ,TOKUSHIMA,徳島市,徳島市大和町,-,34,4,134,34.3,2,-,-,#1975.4.1,-,-,日照
1028,徳島,71136,-,雨,有線ロボット雨量計,Y,N,N,N,N,N,N,半田,ハンダ,HANDA,つるぎ町半田,美馬郡つるぎ町半田字下尾尻,-,33,59.4,134,2.2,228,-,-,1978.12.1,-,-,-
1029,徳島,71191,-,四,有線ロボット気象計,Y,Y,Y,Y,Y,ES,N,京上,キョウジョウ,KYOJO,三好市京上,三好市東祖谷京上,-,33,52,133,54.2,532,6.4,1.5,1978.3.23,-,-,-
1030,徳島,71211,-,雨,有線ロボット雨量計,Y,N,N,N,N,N,N,福原旭,フクハラアサヒ,FUKUHARAASAHI,上勝町福原旭,勝浦郡上勝町大字旭字蔭,-,33,52.7,134,23.3,290,-,-,1976.5.27,-,-,-
1031,徳島,71231,-,四,有線ロボット気象計,Y,Y,Y,Y,Y,ES,N,蒲生田,カモダ,GAMODA,阿南市蒲生田,阿南市椿町蒲生田,-,33,50.2,134,44.5,10,9.9,1.5,1978.1.13,-,-,-
1032,徳島,71251,-,四,有線ロボット気象計,Y,Y,Y,Y,Y,ES,N,木頭,キトウ,KITO,那賀町木頭和無田,那賀郡那賀町木頭和無田ヨシノ,-,33,46.3,134,11.9,363,10,1.5,1979.1.24,-,-,-
1033,徳島,71266,-,四,有線ロボット気象計,Y,Y,Y,Y,Y,ES,N,日和佐,ヒワサ,HIWASA,美波町日和佐,海部郡美波町日和佐浦,-,33,43.9,134,32.3,3,15.4,1.5,#1976.2.14,-,-,-
1034,徳島,71291,-,四,有線ロボット気象計,Y,Y,Y,Y,Y,ES,N,海陽,カイヨウ,KAIYO,海陽,海部郡海陽町四方原字杉谷,-,33,36.7,134,21.3,5,10,1.5,19901.2.19,-,-,-
1035,香川,72061,-,四,有線ロボット気象計,Y,Y,Y,Y,Y,ES,N,内海,ウチノミ,UCHINOMI,小豆島町内海,小豆郡小豆島町西村甲,-,34,28.3,134,16.4,20,9.3,1.5,#1978.1.10,-,-,-
1036,香川,72086,47891,官,地上気象観測装置,Y,Y,Y,Y,Y,Y,Y,高松,タカマツ,TAKAMATSU,高松,高松市伏石町,高松地方気象台,34,19.1,134,3.2,9,17.5,-,#1975.4.1,-,72900,-
1037,香川,72111,47890,官,地上気象観測装置,Y,Y,Y,Y,Y,Y,N,多度津,タドツ,TADOTSU,多度津,仲多度郡多度津町家中,多度津特別地域気象観測所,34,16.5,133,45.1,4,12.1,-,#1975.12.18,-,-,-
1038,香川,72121,-,四,有線ロボット気象計,Y,Y,Y,Y,Y,ES,N,滝宮,タキノミヤ,TAKINOMIYA,綾川町滝宮,綾歌郡綾川町滝宮字山田,-,34,14.2,133,55.4,60,10,1.5,#1978.1.11,-,-,-
1039,香川,72126,-,官,地上気象観測装置,Y,Y,Y,Y,N,N,N,香南,コウナン,KONAN,高松空港,高松市香南町由佐,高松航空気象観測所,34,12.8,134,0.9,185,10,-,2003.1.1,-,-,日照・湿度・気圧を除く
1040,香川,72146,-,四,有線ロボット気象計,Y,Y,Y,Y,Y,ES,N,引田,ヒケタ,HIKETA,東かがわ市引田,東かがわ市南野,-,34,12.8,134,24.4,12,10,1.5,#1978.1.12,-,-,-
1041,香川,72161,-,四,有線ロボット気象計,Y,Y,Y,Y,Y,ES,N,財田,サイタ,SAITA,三豊市財田,三豊市財田町財田上,-,34,7.2,133,46.3,65,9.3,1.5,1978.1.11,-,-,-
1042,徳島,72176,-,雨,有線ロボット雨量計,Y,N,N,N,N,N,N,竜王山,リュウオウザン,RYUOZAN,竜王山,徳島県美馬市美馬町字入倉,-,34,6.8,134,3,1040,-,-,#,-,-,-
1043,愛媛,73001,-,四,有線ロボット気象計,Y,Y,Y,Y,Y,ES,N,大三島,オオミシマ,OMISHIMA,今治市大三島,今治市大三島町宮浦地先,-,34,15,133,0.4,9,10,1.5,#1978.1.19,-,-,-
1044,愛媛,73071,-,雨,有線ロボット雨量計,Y,N,N,N,N,N,N,玉川,タマガワ,TAMAGAWA,今治市玉川,今治市玉川町三反地甲,-,34,1.1,132,56.4,67,-,-,#,-,-,-
1045,愛媛,73076,-,四,有線ロボット気象計,Y,Y,Y,Y,Y,ES,N,今治,イマバリ,IMABARI,今治,今治市山路,-,34,3.2,132,58.5,27,10,1.5,(1975.10.1)1976.2.18,-,-,-
1046,愛媛,73126,-,四,有線ロボット気象計,Y,Y,Y,Y,Y,ES,N,西条,サイジョウ,TAMBARA,西条市周布,西条市周布,-,33,54.9,133,4.8,4,10.2,1.5,(1975.5.1)1978.1.18,-,-,-
1047,愛媛,73141,-,四,有線ロボット気象計,Y,Y,Y,Y,Y,ES,N,新居浜,ニイハマ,NIIHAMA,新居浜,新居浜市船木甲,-,33,56.2,133,20.3,90,10,1.5,19908.8.24,-,-,-
1048,愛媛,73151,-,四,有線ロボット気象計,Y,Y,Y,Y,Y,ES,N,四国中央,シコクチュウオウ,MISHIMA,四国中央,四国中央市妻鳥町乙,-,33,58.9,133,34.9,75,10,1.5,#1978.1.17,-,-,-
1049,愛媛,73152,-,雨,有線ロボット雨量計,Y,N,N,N,N,N,N,富郷,トミサト,TOMISATO,四国中央市富郷,四国中央市富郷町寒川山,-,33,54.9,133,30.6,310,-,-,1978.6.29,-,-,-
1050,愛媛,73166,47887,官,地上気象観測装置,Y,Y,N,N,N,Y,Y,松山,マツヤマ,MATSUYAMA,松山,松山市北持田町,松山地方気象台,33,50.6,132,46.6,32,-,-,#1975.4.1,-,73900,気温、雨
1051,愛媛,73166,47887,官,地上気象観測装置,N,N,Y,Y,N,Y,Y,松山,マツヤマ,MATSUYAMA,松山,松山市桑原,-,33,50.1,132,47.6,41,17.8,-,#1975.4.1,-,-,風、日照
1052,愛媛,73168,-,官,地上気象観測装置,Y,Y,Y,Y,N,N,N,松山南吉田,マツヤマミナミヨシダ,MATSUYAMA-MINAMIYOSHIDA,松山空港,松山市南吉田町,松山航空気象観測所,33,49.6,132,41.9,4,9.7,-,2003.1.1,-,-,日照・湿度・気圧を除く
1053,愛媛,73231,-,雨,有線ロボット雨量計,Y,N,N,N,N,N,N,上林,カミハヤシ,KAMIHAYASHI,東温市上林,東温市上林甲,-,33,44.3,132,53.4,460,-,-,#,-,-,-
1054,愛媛,73247,-,雨,有線ロボット雨量計,Y,N,N,N,N,N,N,成就社,ジョウジュシャ,JOJUSHA,石鎚山成就社,西条市西之川野地国有林,-,33,47.7,133,7.9,1280,-,-,1980.5.16,-,-,-
1055,愛媛,73256,-,四,有線ロボット気象計,Y,Y,Y,Y,Y,ES,N,長浜,ナガハマ,NAGAHAMA,大洲市長浜,大洲市長浜甲,-,33,37,132,28.8,4,10,1.5,#1978.1.31,-,-,-
1056,愛媛,73271,-,雨,有線ロボット雨量計,Y,N,N,N,N,N,N,中山,ナカヤマ,NAKAYAMA,伊予市中山,伊予市中山町中山丑,-,33,38.3,132,42.5,163,-,-,#,-,-,-
1057,愛媛,73276,-,四,有線ロボット気象計,Y,Y,Y,Y,Y,ES,N,久万,クマ,KUMA,久万高原町久万,上浮穴郡久万高原町入野,-,33,39.8,132,53.7,511,10,1.5,#1978.1.20,-,-,-
1058,愛媛,73306,-,四,有線ロボット気象計,Y,Y,Y,Y,Y,ES,N,大洲,オオズ,OZU,大洲,大洲市阿蔵字フルカワ甲,-,33,30.5,132,32.1,20,10,1.5,(1975.5.1)1978.1.31,-,-,-
1059,愛媛,73321,-,雨,有線ロボット雨量計,Y,N,N,N,N,N,N,獅子越峠,シシゴエトウゲ,SHISHIGOETOGE,内子町獅子越峠,喜多郡内子町本川,-,33,32.6,132,49.9,1000,-,-,#,-,-,-
1060,愛媛,73341,-,四,有線ロボット気象計,Y,Y,Y,Y,Y,ES,N,瀬戸,セト,SETO,伊方町瀬戸,西宇和郡伊方町塩成,-,33,26.8,132,15.4,143,12.1,1.5,1997.8.8,-,-,-
1061,愛媛,73351,-,雨,有線ロボット雨量計,Y,N,N,N,N,N,N,八幡浜,ヤワタハマ,YAWATAHAMA,八幡浜,八幡浜市五反田,-,33,26.9,132,26,8,-,-,#,-,-,-
1062,愛媛,73406,-,四,有線ロボット気象計,Y,Y,Y,Y,Y,ES,N,宇和,ウワ,UWA,西予市宇和,西予市宇和町神領,-,33,22,132,30.2,200,10,1.5,(1975.5.1)1978.1.23,-,-,-
1063,愛媛,73442,47892,官,地上気象観測装置,Y,Y,Y,Y,Y,Y,N,宇和島,ウワジマ,UWAJIMA,宇和島,宇和島市住吉町,宇和島特別地域気象観測所,33,13.6,132,33.1,2,33.2,-,1993.2.1,-,-,-
1064,愛媛,73446,-,四,有線ロボット気象計,Y,Y,Y,Y,Y,ES,N,近永,チカナガ,CHIKANAGA,鬼北町近永,北宇和郡鬼北町近永,-,33,15.2,132,40.5,129,8.1,1.5,1979.1.17,-,-,-
1065,愛媛,73516,-,四,有線ロボット気象計,Y,Y,Y,Y,Y,ES,N,御荘,ミショウ,MISHO,愛南町御荘,南宇和郡愛南町御荘平城,-,32,57.8,132,34.2,12,10.1,1.5,#1978.1.23,-,-,-
1066,高知,74056,-,四,有線ロボット気象計,Y,Y,Y,Y,Y,ES,N,本川,ホンガワ,HONGAWA,いの町本川,吾川郡いの町脇ノ山字根藤,-,33,45.9,133,20.3,605,10.4,1.5,1979.1.18,-,-,-
1067,高知,74071,-,四,有線ロボット気象計,Y,Y,Y,Y,Y,ES,N,本山,モトヤマ,MOTOYAMA,本山,長岡郡本山町本山,-,33,45.2,133,34.5,252,9.3,1.5,#1978.1.1,-,-,-
1068,高知,74101,-,雨,有線ロボット雨量計,Y,N,N,N,N,N,N,池川,イケガワ,IKEGAWA,仁淀川町池川,吾川郡仁淀川町土居甲,-,33,36.4,133,10.2,141,-,-,1977.7.28,-,-,-
1069,高知,74126,-,雨,有線ロボット雨量計,Y,N,N,N,N,N,N,繁藤,シゲトウ,SHIGETO,香美市繁藤,香美市土佐山田町繁藤,-,33,40.7,133,41.1,346,-,-,#,-,-,-
1070,高知,74136,-,四,有線ロボット気象計,Y,Y,Y,Y,Y,ES,N,大栃,オオドチ,ODOCHI,香美市大栃,香美市物部町大栃上西の川,-,33,41.9,133,52.5,210,6.5,1.5,1977.12.20,-,-,-
1071,高知,74151,-,雨,有線ロボット雨量計,Y,N,N,N,N,N,N,魚梁瀬,ヤナセ,YANASE,馬路村魚梁瀬,安芸郡馬路村魚梁瀬,-,33,36.9,134,6.5,450,-,-,1978.10.25,-,-,-
1072,高知,74166,-,雨,有線ロボット雨量計,Y,N,N,N,N,N,N,佐川,サカワ,SAKAWA,佐川,高岡郡佐川町丙,-,33,30.7,133,16.3,80,-,-,#,-,-,-
1073,高知,74182,47893,官,地上気象観測装置,Y,Y,N,N,N,Y,Y,高知,コウチ,KOCHI,高知市,高知市比島町,高知地方気象台,33,34,133,32.9,1,-,-,2023.3.2,-,74900,気温、雨
1074,高知,74182,47893,官,地上気象観測装置,N,N,Y,Y,N,Y,Y,高知,コウチ,KOCHI,高知市,高知市江陽町,-,33,34,133,33.1,2,58.8,-,2023.3.2,-,74900,風、日照
1075,高知,74187,-,四,有線ロボット気象計,Y,Y,Y,Y,Y,ES,N,後免,ゴメン,GOMEN,南国市後免,南国市廿枝,-,33,35.4,133,38.6,12,6.5,1.5,1977.12.20,-,-,-
1076,高知,74188,-,官,地上気象観測装置,Y,Y,Y,Y,N,N,N,南国日章,ナンコクニッショウ,NANKOKU-NISSHO,高知空港,南国市物部国有,高知航空気象観測所,33,32.7,133,40.1,9,10.2,-,2003.1.1,-,-,日照・湿度・気圧を除く
1077,高知,74237,-,雨,有線ロボット雨量計,Y,N,N,N,N,N,N,船戸,フナト,FUNATO,津野町船戸,高岡郡津野町船戸,-,33,25,133,5.3,425,-,-,#,-,-,-
1078,高知,74238,-,雨,有線ロボット雨量計,Y,N,N,N,N,N,N,鳥形山,トリガタヤマ,TORIGATAYAMA,仁淀川町鳥形山,吾川郡仁淀川町大植,-,33,28.8,133,5,835,-,-,19902.3.17,-,-,-
1079,高知,74271,-,四,有線ロボット気象計,Y,Y,Y,Y,Y,ES,N,安芸,アキ,AKI,安芸,安芸市伊尾木,-,33,29.3,133,56,6,6.4,1.5,#1977.12.19,-,-,-
1080,高知,74276,-,雨,有線ロボット雨量計,Y,N,N,N,N,N,N,田野,タノ,TANO,田野,安芸郡田野町,-,33,25.6,134,0.4,17,-,-,1975.4.28,-,-,-
1081,高知,74296,-,四,有線ロボット気象計,Y,Y,Y,Y,Y,ES,N,梼原,ユスハラ,YUSUHARA,梼原,高岡郡梼原町川西路,-,33,23.4,132,55.3,415,6.5,1.5,(1975.4.23)1977.12.22,-,-,-
1082,高知,74311,-,四,有線ロボット気象計,Y,Y,Y,Y,Y,ES,N,須崎,スサキ,SUSAKI,須崎,須崎市西町,-,33,23.1,133,16.6,4,6.5,1.5,#1977.12.22,-,-,-
1083,高知,74336,-,雨,有線ロボット雨量計,Y,N,N,N,N,N,N,佐喜浜,サキハマ,SAKIHAMA,室戸市佐喜浜,室戸市佐喜浜町,-,33,24.7,134,11.9,26,-,-,#,-,-,-
1084,高知,74361,-,四,有線ロボット気象計,Y,Y,Y,Y,Y,ES,N,窪川,クボカワ,KUBOKAWA,四万十町窪川,高岡郡四万十町新開町,-,33,12.4,133,7.7,205,6.4,1.5,#1977.12.23,-,-,-
1085,高知,74372,47899,官,地上気象観測装置,Y,Y,N,N,N,Y,N,室戸岬,ムロトミサキ,MUROTOMISAKI,室戸岬,室戸市室戸岬町,室戸岬特別地域気象観測所,33,15.1,134,10.6,185,-,-,2006.11.28,-,-,気温、雨、日照
1086,高知,74372,47899,官,地上気象観測装置,N,N,Y,Y,N,Y,N,室戸岬,ムロトミサキ,MUROTOMISAKI,室戸岬,室戸市室戸岬町,-,33,14.8,134,10.5,161,20.8,-,2006.11.28,-,-,風
1087,高知,74381,-,四,有線ロボット気象計,Y,Y,Y,Y,Y,ES,N,江川崎,エカワサキ,EKAWASAKI,四万十市江川崎,四万十市西土佐用井,-,33,10.2,132,47.5,72,9.9,1.5,1977.12.26,-,-,-
1088,高知,74391,-,雨,有線ロボット雨量計,Y,N,N,N,N,N,N,大正,タイショウ,TAISHO,四万十町大正,高岡郡四万十町大正,-,33,11.6,132,58.3,150,-,-,#,-,-,-
1089,高知,74436,-,四,有線ロボット気象計,Y,Y,Y,Y,Y,ES,N,佐賀,サガ,SAGA,黒潮町佐賀,幡多郡黒潮町佐賀,-,33,4.7,133,6.1,3,6.4,1.5,1977.12.23,-,-,-
1090,高知,74447,47897,官,地上気象観測装置,Y,Y,Y,Y,Y,Y,N,宿毛,スクモ,SUKUMO,宿毛,宿毛市片島,宿毛特別地域気象観測所,32,55.2,132,41.7,2,17.2,-,1982.4.1,-,-,-
1091,高知,74456,-,四,有線ロボット気象計,Y,Y,Y,Y,Y,ES,N,中村,ナカムラ,NAKAMURA,四万十市中村,四万十市入田字長善寺前,-,32,59.4,132,55.2,8,6.5,1.5,#1976.2.17,-,-,-
1092,高知,74506,-,雨,有線ロボット雨量計,Y,N,N,N,N,N,N,三崎,ミサキ,MISAKI,土佐清水市三崎,土佐清水市三崎,-,32,47.7,132,52.3,9,-,-,2005.10.17,-,-,-
1093,高知,74516,47898,官,地上気象観測装置,Y,Y,Y,Y,Y,Y,N,清水,シミズ,ASHIZURI,清水,土佐清水市足摺岬,清水特別地域気象観測所,32,43.3,133,0.6,31,14.7,-,#1975.3.20,-,-,-
1094,山口,81011,-,四,有線ロボット気象計,Y,Y,Y,Y,Y,ES,N,須佐,スサ,SUSA,萩市須佐,萩市須佐字野中,-,34,36.9,131,37.4,50,6.4,1.5,#1977.3.7,-,-,-
1095,山口,81071,47754,官,地上気象観測装置,Y,Y,Y,Y,Y,Y,N,萩,ハギ,HAGI,萩市土原,萩市大字土原字川島沖田,萩特別地域気象観測所,34,24.6,131,24.3,2,11.1,-,#1975.4.1,-,-,-
1096,山口,81116,-,四,有線ロボット気象計,Y,Y,Y,Y,Y,ES,N,油谷,ユヤ,YUYA,長門市油谷,長門市油谷新別名,-,34,22.2,131,3.3,20,9.9,1.5,(1975.4.25)1977.3.8,-,-,-
1097,山口,81146,-,雨,有線ロボット雨量計,Y,N,N,N,N,N,N,篠生,シノブ,SHINOBU,山口市篠生,山口市阿東地福下,-,34,20.3,131,37.6,264,-,-,2021.12.7,-,-,-
1098,山口,81151,-,四,有線ロボット気象計,Y,Y,Y,Y,Y,ES,N,徳佐,トクサ,TOKUSA,山口市徳佐,山口市阿東徳佐中,-,34,23.9,131,43.5,310,10.2,1.5,#1977.3.4,-,-,-
1099,山口,81167,-,雨,有線ロボット雨量計,Y,N,N,N,N,N,N,羅漢山,ラカンザン,RAKANZAN,岩国市羅漢山,岩国市美和町秋掛字羅漢山,-,34,21,132,3.8,945,-,-,1976.6.3,-,-,-
1100,山口,81196,-,四,有線ロボット気象計,Y,Y,Y,Y,Y,ES,N,秋吉台,アキヨシダイ,AKIYOSHIDAI,美祢市秋吉台,美祢市秋芳町秋吉,-,34,14.1,131,18.4,240,9.9,1.5,#1977.3.10,-,-,-
1101,山口,81228,-,雨,有線ロボット雨量計,Y,N,N,N,N,N,N,鹿野,カノ,KANO,周南市鹿野,周南市大字鹿野下字サヤ段,-,34,13.5,131,48.9,368,-,-,19902.3.9,-,-,-
1102,山口,81231,-,四,有線ロボット気象計,Y,Y,Y,Y,Y,ES,N,広瀬,ヒロセ,HIROSE,岩国市広瀬,岩国市錦町広瀬,-,34,15.7,131,57.1,97,10.1,1.5,#1976.2.24,-,-,-
1103,山口,81266,-,四,有線ロボット気象計,Y,Y,Y,Y,Y,ES,N,豊田,トヨタ,NISHIICHI,下関市豊田,下関市豊田町大字稲光字土橋,-,34,11.2,131,4.6,40,10,1.5,#1977.3.11,-,-,-
1104,山口,81271,-,雨,有線ロボット雨量計,Y,N,N,N,N,N,N,東厚保,ヒガシアツ,HIGASHIATSU,美祢市東厚保,美祢市東厚保町山中,-,34,7.1,131,10.9,56,-,-,19902.3.26,-,-,-
1105,山口,81286,47784,官,地上気象観測装置,Y,Y,Y,Y,Y,Y,Y,山口,ヤマグチ,YAMAGUCHI,山口市前町,山口市前町,山口特別地域気象観測所,34,9.7,131,27.7,18,15.4,-,#1975.12.18,-,81900,-
1106,山口,81301,-,雨,有線ロボット雨量計,Y,N,N,N,N,N,N,和田,ワダ,WADA,周南市和田,周南市大字高瀬,-,34,10.2,131,45.2,154,-,-,1978.6.29,-,-,-
1107,山口,81321,-,四,有線ロボット気象計,Y,Y,Y,Y,Y,ES,N,岩国,イワクニ,IWAKUNI,岩国市川西,岩国市川西,-,34,9.3,132,10.7,41,10.2,1.5,(1975.4.25)1977.2.22,-,-,-
1108,山口,81371,-,四,有線ロボット気象計,Y,Y,Y,Y,Y,ES,N,防府,ホウフ,HOFU,防府,防府市大字植松,-,34,2.4,131,32,4,9.9,1.5,#1977.3.2,-,-,-
1109,山口,81386,-,四,有線ロボット気象計,Y,Y,Y,Y,Y,ES,N,下松,クダマツ,KUDAMATSU,下松,下松市西豊井,-,34,0.6,131,52.3,27,10.1,1.5,1977.3.1,-,-,-
1110,山口,81397,-,四,有線ロボット気象計,Y,Y,Y,Y,Y,ES,N,玖珂,クガ,KUGA,岩国市玖珂,岩国市玖珂町,-,34,5.7,132,4.5,68,7.4,1.5,(1975.4.1)1977.2.28,-,-,-
1111,山口,81428,47762,官,地上気象観測装置,Y,Y,N,N,N,Y,Y,下関,シモノセキ,SHIMONOSEKI,下関市竹崎,下関市竹崎町,下関地方気象台,33,56.9,130,55.5,3,-,-,1996.6.27,-,81905,気温、雨
1112,山口,81428,47762,官,地上気象観測装置,N,N,Y,Y,N,Y,Y,下関,シモノセキ,SHIMONOSEKI,下関市竹崎,下関市名池町,-,33,57.4,130,56.3,46,14.6,-,1996.6.27,-,-,風、日照
1113,山口,81436,-,官,地上気象観測装置,Y,Y,Y,Y,N,N,N,宇部,ウベ,UBE,宇部,宇部市沖宇部地先,山口宇部航空気象観測所,33,55.8,131,16.7,5,10,-,#2001.12.12,-,-,日照・湿度・気圧を除く
1114,山口,81481,-,四,有線ロボット気象計,Y,Y,Y,Y,Y,ES,N,柳井,ヤナイ,YANAI,柳井,柳井市南浜,-,33,57.5,132,6.8,3,10.1,1.5,(1975.4.25)1977.2.25,-,-,-
1115,山口,81486,-,四,有線ロボット気象計,Y,Y,Y,Y,Y,ES,N,安下庄,アゲノショウ,AGENOSHO,周防大島町安下庄,大島郡周防大島町東安下庄,-,33,54.2,132,17.6,5,9.9,1.5,#1977.2.24,-,-,-
1116,福岡,82036,-,雨,有線ロボット雨量計,Y,N,N,N,N,N,N,小呂島,オロノシマ,ORONOSHIMA,福岡市小呂島,福岡市西区大字小呂島,-,33,51.8,130,2.1,49,-,-,19906.9.11,-,-,-
1117,福岡,82046,-,四,有線ロボット気象計,Y,Y,Y,Y,Y,ES,N,宗像,ムナカタ,MUNAKATA,宗像,宗像市田熊,-,33,48.5,130,32.3,7,10.3,1.5,(1975.4.25)1977.2.15,-,-,-
1118,福岡,82056,-,四,有線ロボット気象計,Y,Y,Y,Y,Y,ES,N,八幡,ヤハタ,YAHATA,八幡西区鷹の巣,北九州市八幡西区鷹の巣,-,33,51.1,130,44.6,20,9.9,1.5,#1977.2.17,-,-,-
1119,福岡,82068,-,官,地上気象観測装置,Y,Y,Y,Y,N,N,N,空港北町,クウコウキタマチ,KUKO-KITAMACHI,北九州空港,北九州市小倉南区空港北町,北九州航空気象観測所,33,50.7,131,2.1,7,10,-,2003.1.1,-,-,日照・湿度・気圧を除く
1120,福岡,82097,-,雨,有線ロボット雨量計,Y,N,N,N,N,N,N,東谷,ヒガシタニ,HIGASHITANI,小倉南区東谷,北九州市小倉南区大字木下,-,33,46.7,130,51.9,55,-,-,19904.2.15,-,-,-
1121,福岡,82101,-,四,有線ロボット気象計,Y,Y,Y,Y,Y,ES,N,行橋,ユクハシ,YUKUHASHI,行橋,行橋市西泉,-,33,42.8,130,58.5,9,10,1.5,#1977.2.18,-,-,-
1122,福岡,82136,47809,官,地上気象観測装置,Y,Y,Y,Y,Y,Y,N,飯塚,イイヅカ,IIZUKA,飯塚,飯塚市川島字甘木,飯塚特別地域気象観測所,33,39.1,130,41.6,37,11,-,#1975.12.16,-,-,-
1123,福岡,82171,-,四,有線ロボット気象計,Y,Y,Y,Y,Y,ES,N,前原,マエバル,MAEBARU,糸島市前原,糸島市前原西,-,33,33.6,130,11.4,5,9.9,1.5,#1977.3.4,-,-,-
1124,福岡,82182,47807,官,地上気象観測装置,Y,Y,N,N,N,Y,Y,福岡,フクオカ,FUKUOKA,福岡市中央区,福岡市中央区大濠,福岡管区気象台,33,34.9,130,22.5,3,-,-,19902.2.18,-,82900,気温、雨、日照
1125,福岡,82182,47807,官,地上気象観測装置,N,N,Y,Y,N,Y,Y,福岡,フクオカ,FUKUOKA,福岡市中央区,福岡市中央区六本松,-,33,34.9,130,22.6,3,34.6,-,19902.2.18,-,-,風
1126,福岡,82186,-,官,地上気象観測装置,Y,Y,Y,Y,N,N,N,博多,ハカタ,HAKATA,福岡空港,福岡市博多区大字上臼井字屋敷,福岡航空地方気象台,33,35,130,27.1,9,10,-,2003.1.1,-,-,日照・湿度・気圧を除く
1127,福岡,82191,-,四,有線ロボット気象計,Y,Y,Y,Y,Y,ES,N,太宰府,ダザイフ,DAZAIFU,太宰府,太宰府市大佐野,-,33,29.8,130,29.4,52,10.2,1.5,1977.3.2,-,-,-
1128,福岡,82206,-,四,有線ロボット気象計,Y,Y,Y,Y,Y,ES,N,添田,ソエダ,SOEDA,添田町野田,田川郡添田町大字野田字大野ノ原,-,33,33.5,130,51.3,92,10.2,1.5,(1975.5.25)1977.2.21,-,-,-
1129,福岡,82241,-,雨,有線ロボット雨量計,Y,N,N,N,N,N,N,早良脇山,サワラワキヤマ,SAWARAWAKIYAMA,福岡市早良脇山,福岡市早良区脇山,-,33,29.3,130,21.2,83,-,-,19902.3.2,-,-,-
1130,福岡,82261,-,四,有線ロボット気象計,Y,Y,Y,Y,Y,ES,N,朝倉,アサクラ,AMAGI,朝倉,朝倉市三奈木,-,33,24.4,130,41.7,38,10.1,1.5,#1977.2.18,-,-,-
1131,福岡,82272,-,雨,有線ロボット雨量計,Y,N,N,N,N,N,N,英彦山,ヒコサン,HIKOSAN,添田町英彦山,田川郡添田町大字英彦山,-,33,29.3,130,55.4,823,-,-,1988.9.8,-,-,-
1132,福岡,82306,-,四,有線ロボット気象計,Y,Y,Y,Y,Y,ES,N,久留米,クルメ,KURUME,久留米市津福本町,久留米市津福本町,-,33,18.2,130,29.6,7,12.9,1.5,1977.3.1,-,-,-
1133,福岡,82316,-,雨,有線ロボット雨量計,Y,N,N,N,N,N,N,耳納山,ミノウサン,MINOSAN,久留米市耳納山,久留米市草野町字吉木,-,33,17.5,130,37.5,607,-,-,#,-,-,-
1134,福岡,82317,-,四,有線ロボット気象計,Y,Y,Y,Y,Y,ES,N,黒木,クロギ,KUROKI,八女市黒木,八女市黒木町本分,-,33,13.5,130,38.7,144,10.1,1.5,#1977.2.25,-,-,-
1135,福岡,82331,-,雨,有線ロボット雨量計,Y,N,N,N,N,N,N,柳川,ヤナガワ,YANAGAWA,柳川,柳川市本城町,-,33,9.6,130,24.2,7,-,-,1975.4.25,-,-,-
1136,福岡,82361,-,四,有線ロボット気象計,Y,Y,Y,Y,Y,ES,N,大牟田,オオムタ,OMUTA,大牟田,大牟田市笹原町,-,33,0.4,130,28,40,10,1.5,#1977.2.23,-,-,-
1137,大分,83021,-,四,有線ロボット気象計,Y,Y,Y,Y,Y,ES,N,国見,クニミ,KUNIMI,国東市国見,国東市国見町中字浜手,-,33,40.7,131,34.5,53,10,1.5,1977.2.15,-,-,-
1138,大分,83051,-,四,有線ロボット気象計,Y,Y,Y,Y,Y,ES,N,中津,ナカツ,NAKATSU,中津市中津,中津市大字定留,-,33,35.2,131,14.7,12,10.1,1.5,19903.3.15,-,-,-
1139,大分,83061,-,四,有線ロボット気象計,Y,Y,Y,Y,Y,ES,N,豊後高田,ブンゴタカダ,BUNGOTAKADA,豊後高田,豊後高田市呉崎,-,33,34.2,131,26,5,9.8,1.5,#1977.2.16,-,-,-
1140,大分,83096,-,雨,有線ロボット雨量計,Y,N,N,N,N,N,N,耶馬渓,ヤバケイ,YABAKEI,中津市耶馬渓,中津市耶馬渓町大島,-,33,26.7,131,6.9,100,-,-,1975.5.8,-,-,-
1141,大分,83106,-,四,有線ロボット気象計,Y,Y,Y,Y,Y,ES,N,院内,インナイ,INNAI,宇佐市院内,宇佐市院内町山城,-,33,25.2,131,19,90,13.1,1.5,(1975.4.24)1977.2.21,-,-,-
1142,大分,83121,-,四,有線ロボット気象計,Y,Y,Y,Y,Y,ES,N,杵築,キツキ,KITSUKI,杵築,杵築市大字本庄,-,33,25,131,35.8,5,9.6,1.5,1978.1.10,-,-,-
1143,大分,83126,-,官,地上気象観測装置,Y,Y,Y,Y,N,N,N,武蔵,ムサシ,MUSASHI,国東市武蔵,国東市武蔵町大字糸原字大海田,大分航空気象観測所,33,28.7,131,44.2,5,10,-,2003.1.1,-,-,日照・湿度・気圧を除く
1144,大分,83137,47814,官,地上気象観測装置,Y,Y,Y,Y,Y,Y,N,日田,ヒタ,HITA,日田市三本松,日田市三本松,日田特別地域気象観測所,33,19.3,130,55.7,83,22.1,-,#1975.12.13,-,-,-
1145,大分,83191,-,四,有線ロボット気象計,Y,Y,Y,Y,Y,ES,N,玖珠,クス,BUNGOKUSU,玖珠,玖珠郡玖珠町大字帆足,-,33,17.5,131,9.3,331,9.6,1.5,(1975.4.24)1977.2.22,-,-,-
1146,大分,83201,-,四,有線ロボット気象計,Y,Y,Y,Y,Y,ES,N,湯布院,ユフイン,YUFUIN,由布市湯布院,由布市湯布院町川南,-,33,15.2,131,20.8,435,9.6,1.5,#1977.2.23,-,-,-
1147,大分,83216,47815,官,地上気象観測装置,Y,Y,Y,Y,Y,Y,Y,大分,オオイタ,OITA,大分市長浜,大分市長浜町,大分地方気象台,33,14.1,131,37.1,5,19.8,-,#1975.3.21,-,83900,-
1148,大分,83226,-,雨,有線ロボット雨量計,Y,N,N,N,N,N,N,佐賀関,サガノセキ,SAGANOSEKI,大分市佐賀関,大分市大字佐賀関字太田,-,33,14.9,131,51.9,1,-,-,#,-,-,-
1149,大分,83242,-,雨,有線ロボット雨量計,Y,N,N,N,N,N,N,椿ヶ鼻,ツバキガハナ,TSUBAKIGAHANA,日田市椿ヶ鼻,日田市前津江町大野字ウスギ,-,33,11.4,130,54.9,843,-,-,2004.11.4,-,-,-
1150,大分,83286,-,雨,有線ロボット雨量計,Y,N,N,N,N,N,N,臼杵,ウスキ,USUKI,臼杵市臼杵,臼杵市大字諏訪字北ヶ迫,-,33,7.9,131,47.8,30,-,-,1975.4.24,-,-,-
1151,大分,83341,-,四,有線ロボット気象計,Y,Y,Y,Y,Y,ES,N,犬飼,イヌカイ,INUKAI,豊後大野市犬飼,豊後大野市犬飼町田原,-,33,3.9,131,37.9,121,10.1,1.5,#1977.3.3,-,-,-
1152,大分,83371,-,四,有線ロボット気象計,Y,Y,Y,Y,Y,ES,N,竹田,タケタ,TAKETA,竹田市会々,竹田市大字会々,-,32,58.4,131,23.9,261,10.1,1.5,#1977.3.2,-,-,-
1153,大分,83401,-,四,有線ロボット気象計,Y,Y,Y,Y,Y,ES,N,佐伯,サイキ,SAIKI,佐伯市佐伯,佐伯市字剣崎,-,32,57,131,54.1,2,9.7,1.5,#1977.3.1,-,-,-
1154,大分,83431,-,四,有線ロボット気象計,Y,Y,Y,Y,Y,ES,N,宇目,ウメ,UME,佐伯市宇目,佐伯市宇目大字重岡,-,32,50.7,131,40.5,200,9.9,1.5,1977.3.2,-,-,-
1155,大分,83476,-,四,有線ロボット気象計,Y,Y,Y,Y,Y,ES,N,蒲江,カマエ,KAMAE,佐伯市蒲江,佐伯市蒲江大字蒲江浦,-,32,47.7,131,55.4,2,9.6,1.5,#1977.2.28,-,-,-
1156,長崎,84012,-,四,有線ロボット気象計,Y,Y,Y,Y,Y,ES,N,鰐浦,ワニウラ,WANIURA,対馬市鰐浦,対馬市上対馬町鰐浦字カキセ,-,34,41.9,129,26.7,63,8,1.5,1995.8.2,-,-,-
1157,長崎,84072,47800,官,地上気象観測装置,Y,Y,Y,Y,Y,Y,N,厳原,イヅハラ,IZUHARA,対馬市厳原,対馬市厳原町東里,厳原特別地域気象観測所,34,11.8,129,17.5,5,36.1,-,1991.9.1,-,-,-
1158,長崎,84076,-,官,地上気象観測装置,Y,Y,Y,Y,N,N,N,美津島,ミツシマ,MITSUSHIMA,対馬空港,対馬市美津島町鶏知乙,対馬航空気象観測所,34,17.1,129,19.8,63,10.1,-,2003.1.1,-,-,日照・湿度・気圧を除く
1159,長崎,84121,-,四,有線ロボット気象計,Y,Y,Y,Y,Y,ES,N,芦辺,アシベ,ASHIBE,壱岐市芦辺,壱岐市芦辺町国分東触,-,33,48,129,43.3,97,9.9,1.5,1977.3.11,-,-,-
1160,長崎,84122,-,官,地上気象観測装置,Y,Y,Y,Y,N,N,N,石田,イシダ,ISHIDA,壱岐空港,壱岐市石田町筒城東触,壱岐航空気象観測所,33,44.9,129,47.1,12,10,-,2003.1.1,-,-,日照・湿度・気圧を除く
1161,長崎,84171,47805,官,地上気象観測装置,Y,Y,Y,Y,Y,Y,N,平戸,ヒラド,HIRADO,平戸,平戸市岩の上町,平戸特別地域気象観測所,33,21.6,129,33,58,12.5,-,#1975.12.11,-,-,-
1162,長崎,84183,-,四,有線ロボット気象計,Y,Y,Y,Y,Y,ES,N,松浦,マツウラ,MATSUURA,松浦,松浦市志佐町里免字辻ノ尾台,-,33,20.5,129,42.7,14,9.9,1.5,19903.3.15,-,-,-
1163,長崎,84266,47812,官,地上気象観測装置,Y,Y,Y,Y,Y,Y,N,佐世保,サセボ,SASEBO,佐世保市干尽町,佐世保市干尽町,佐世保特別地域気象観測所,33,9.5,129,43.6,4,35,-,2002.3.27,-,-,-
1164,長崎,84306,-,四,有線ロボット気象計,Y,Y,Y,Y,Y,ES,N,西海,サイカイ,SAIKAI,西海市西海,西海市西海町中浦南郷,-,33,0.8,129,39.1,18,9.9,1.5,2021.3.5,-,-,-
1165,長崎,84341,-,四,有線ロボット気象計,Y,Y,Y,Y,Y,ES,N,有川,アリカワ,ARIKAWA,新上五島町有川郷,南松浦郡新上五島町有川郷字上原,-,32,58.9,129,7.1,11,9.9,1.5,1999.12.22,-,-,-
1166,長崎,84361,-,雨,有線ロボット雨量計,Y,N,N,N,N,N,N,長浦岳,ナガウラダケ,NAGAURADAKE,長崎市長浦岳,長崎市神浦北大中尾町上アマサキ,-,32,54.5,129,44.3,510,-,-,#,-,-,-
1167,長崎,84371,-,官,地上気象観測装置,Y,Y,Y,Y,N,N,N,大村,オオムラ,OMURA,大村,大村市箕島町,長崎航空気象観測所,32,55,129,54.8,3,10,-,(1976.4.22)1996.3.25,-,-,日照・湿度・気圧を除く
1168,長崎,84441,-,雨,有線ロボット雨量計,Y,N,N,N,N,N,N,諫早,イサハヤ,ISAHAYA,諫早,諫早市馬渡町,-,32,50.6,130,1.5,15,-,-,#,-,-,-
1169,長崎,84496,47817,官,地上気象観測装置,Y,Y,Y,Y,Y,Y,Y,長崎,ナガサキ,NAGASAKI,長崎市南山手町,長崎市南山手町,長崎地方気象台,32,44,129,52,27,18.6,-,#1975.3.21,-,84900,-
1170,長崎,84519,47818,官,地上気象観測装置,Y,Y,N,N,N,Y,N,雲仙岳,ウンゼンダケ,UNZENDAKE,雲仙岳,雲仙市小浜町雲仙,雲仙岳特別地域気象観測所,32,44.2,130,15.7,678,-,-,2002.11.26,-,-,気温、雨、日照
1171,長崎,84519,47818,官,地上気象観測装置,N,N,Y,Y,N,Y,N,雲仙岳,ウンゼンダケ,UNZENDAKE,雲仙岳,雲仙市小浜町雲仙絹笠山,-,32,44.2,130,15,870,10.5,-,2002.11.26,-,-,風
1172,長崎,84523,-,四,有線ロボット気象計,Y,Y,Y,Y,Y,ES,N,島原,シマバラ,SHIMABARA,島原,島原市新湊,-,32,45.6,130,21.7,14,9.9,1.5,2006.3.15,-,-,-
1173,長崎,84536,47843,官,地上気象観測装置,Y,Y,Y,Y,Y,Y,N,福江,フクエ,FUKUE,五島市木場町,五島市木場町,福江特別地域気象観測所,32,41.6,128,49.6,25,10.1,-,#1975.3.18,-,-,-
1174,長崎,84537,-,官,地上気象観測装置,Y,Y,Y,Y,N,N,N,上大津,カミオオヅ,KAMIOZU,福江空港,五島市上大津町,福江航空気象観測所,32,39.9,128,49.9,77,10.1,-,2003.1.1,-,-,日照・湿度・気圧を除く
1175,長崎,84561,-,四,有線ロボット気象計,Y,Y,Y,Y,Y,ES,N,口之津,クチノツ,KUCHINOTSU,南島原市口之津,南島原市口之津町丁,-,32,36.7,130,11.6,13,9.9,1.5,(1975.4.23)1976.4.1,-,-,-
1176,長崎,84597,-,四,有線ロボット気象計,Y,Y,Y,Y,Y,ES,N,脇岬,ワキミサキ,WAKIMISAKI,長崎市脇岬,長崎市脇岬町,-,32,34.9,129,46.6,4,9.9,1.5,2021.1.20,-,-,-
1177,佐賀,85033,-,四,有線ロボット気象計,Y,Y,Y,Y,Y,ES,N,唐津,カラツ,KARATSU,唐津,唐津市二夕子,-,33,27.5,129,57.3,23,9.9,1.5,19902.2.25,-,-,-
1178,佐賀,85046,-,雨,有線ロボット雨量計,Y,N,N,N,N,N,N,北山,ホクザン,HOKUZAN,佐賀市北山,佐賀市富士町大字関屋字中島,-,33,24.8,130,13.2,339,-,-,19902.3.17,-,-,-
1179,佐賀,85106,-,雨,有線ロボット雨量計,Y,N,N,N,N,N,N,鳥栖,トス,TOSU,鳥栖,鳥栖市田代外町,-,33,23.1,130,31,25,-,-,19902.3.4,-,-,-
1180,佐賀,85116,-,四,有線ロボット気象計,Y,Y,Y,Y,Y,ES,N,伊万里,イマリ,IMARI,伊万里,伊万里市立花町,-,33,16,129,52.7,25,9.9,1.5,(1975.9.1)1977.3.3,-,-,-
1181,佐賀,85142,47813,官,地上気象観測装置,Y,Y,Y,Y,Y,Y,Y,佐賀,サガ,SAGA,佐賀市駅前中央,佐賀市駅前中央,佐賀地方気象台,33,15.9,130,18.3,6,56.1,-,1995.10.19,-,85900,-
1182,佐賀,85161,-,四,有線ロボット気象計,Y,Y,Y,Y,Y,ES,N,嬉野,ウレシノ,URESHINO,嬉野,嬉野市嬉野町大字下野丙,-,33,7,129,59.7,81,9.9,1.5,#1977.2.24,-,-,-
1183,佐賀,85166,-,四,有線ロボット気象計,Y,Y,Y,Y,Y,ES,N,白石,シロイシ,SHIROISHI,白石,杵島郡白石町大字福田,-,33,11,130,8.9,2,9.8,1.5,#1977.3.2,-,-,-
1184,佐賀,85176,-,官,地上気象観測装置,Y,Y,Y,Y,N,N,N,川副,カワソエ,KAWASOE,佐賀空港,佐賀市川副町大字犬井道字国造搦,佐賀航空気象観測所,33,8.9,130,18.1,2,10.1,-,2003.1.1,-,-,日照・湿度・気圧を除く
1185,熊本,86006,-,四,有線ロボット気象計,Y,Y,Y,Y,Y,ES,N,鹿北,カホク,KAHOKU,山鹿市鹿北,山鹿市鹿北町岩野,-,33,6.9,130,41.5,119,10,1.5,#1977.2.9,-,-,-
1186,熊本,86066,-,四,有線ロボット気象計,Y,Y,Y,Y,Y,ES,N,南小国,ミナミオグニ,MINAMIOGUNI,南小国町赤馬場,阿蘇郡南小国町赤馬場,-,33,6.2,131,4,448,10.1,1.5,#1977.2.14,-,-,-
1187,熊本,86086,-,四,有線ロボット気象計,Y,Y,Y,Y,Y,ES,N,岱明,タイメイ,TAIMEI,玉名市岱明,玉名市岱明町中土,-,32,54.9,130,30.7,15,10,1.5,#1977.2.10,-,-,-
1188,熊本,86101,-,四,有線ロボット気象計,Y,Y,Y,Y,Y,ES,N,菊池,キクチ,KIKUCHI,菊池市木柑子,菊池市木柑子字上辻,-,32,56.7,130,46.9,83,10.1,1.5,#1977.2.10,-,-,-
1189,熊本,86111,-,四,有線ロボット気象計,Y,Y,Y,Y,Y,ES,N,阿蘇乙姫,アソオトヒメ,ASO-OTOHIME,阿蘇市阿蘇乙姫,阿蘇市乙姫,-,32,56.8,131,2.4,487,10,1.5,1978.1.11,-,-,-
1190,熊本,86141,47819,官,地上気象観測装置,Y,Y,N,N,N,Y,Y,熊本,クマモト,KUMAMOTO,熊本市中央区京町,熊本市中央区京町,熊本地方気象台,32,48.8,130,42.4,38,-,-,#1975.3.26,-,86905,気温、雨、日照
1191,熊本,86141,47819,官,地上気象観測装置,N,N,Y,Y,N,Y,Y,熊本,クマモト,KUMAMOTO,熊本市中央区京町,熊本市北区清水町打越,-,32,49.3,130,42.9,15,15.3,-,#1975.3.26,-,-,風
1192,熊本,86146,-,官,地上気象観測装置,Y,Y,Y,Y,N,N,N,益城,マシキ,MASHIKI,熊本空港,上益城郡益城町大字小谷字上大道,熊本航空気象観測所,32,50.2,130,51.3,193,10,-,2003.1.1,-,-,日照・湿度・気圧を除く
1193,熊本,86157,-,四,有線ロボット気象計,Y,Y,Y,Y,Y,ES,Y,南阿蘇,ミナミアソ,MINAMIASO,南阿蘇村久木野,阿蘇郡南阿蘇村河陰,-,32,49.9,131,0.8,394,10,1.5,19907.1.16,-,86901,-
1194,熊本,86156,47821,官,地上気象観測装置,Y,Y,Y,Y,Y,-,Y,阿蘇山,アソサン,ASOSAN,阿蘇山特別地域気象観測所,-,-,32,52.8,131,4.4,1142,102,-,2000.10.1,2017.12.11,-,-
1195,熊本,86161,-,四,有線ロボット気象計,Y,Y,Y,Y,Y,ES,N,高森,タカモリ,TAKAMORI,高森,阿蘇郡高森町大字高森,-,32,49.3,131,7.5,555,9.8,1.5,#1977.2.15,-,-,-
1196,熊本,86181,-,雨,有線ロボット雨量計,Y,N,N,N,N,N,N,宇土,ウト,UTO,宇土市馬之瀬,宇土市馬之瀬町,-,32,42,130,39.4,6,-,-,2005.12.6,-,-,-
1197,熊本,86197,-,雨,有線ロボット雨量計,Y,N,N,N,N,N,N,山都,ヤマト,YAMATO,山都町原,上益城郡山都町原突角,-,32,42.7,130,57.5,574,-,-,19902.3.4,-,-,-
1198,熊本,86216,-,四,有線ロボット気象計,Y,Y,Y,Y,Y,ES,N,三角,ミスミ,MISUMI,宇城市三角,宇城市三角町波多,-,32,36.7,130,28.7,60,10,1.5,(1975.4.23)1977.2.23,-,-,-
1199,熊本,86236,-,四,有線ロボット気象計,Y,Y,Y,Y,Y,ES,N,甲佐,コウサ,KOSA,甲佐,上益城郡甲佐町大字上早川字尾ノ上,-,32,40.3,130,49,52,10.1,1.5,#1977.2.16,-,-,-
1200,熊本,86271,-,四,有線ロボット気象計,Y,Y,Y,Y,Y,ES,N,松島,マツシマ,MATSUSHIMA,上天草市松島,上天草市松島町阿村,-,32,30.9,130,26.8,2,10.1,1.5,#1977.2.24,-,-,-
1201,熊本,86316,-,四,有線ロボット気象計,Y,Y,Y,Y,Y,ES,N,本渡,ホンド,HONDO,天草市本渡,天草市本渡町本戸馬場,-,32,28.1,130,10.8,30,10,1.5,#1977.2.25,-,-,-
1202,熊本,86336,-,四,有線ロボット気象計,Y,Y,Y,Y,Y,ES,N,八代,ヤツシロ,YATSUSHIRO,八代市平山新町,八代市平山新町,-,32,28.4,130,36.4,8,10,1.5,#1977.2.22,-,-,-
1203,熊本,86396,-,雨,有線ロボット雨量計,Y,N,N,N,N,N,N,田浦,タノウラ,TANOURA,芦北町田浦,葦北郡芦北町大字田浦町字八幡の元,-,32,21.8,130,30.5,3,-,-,1975.4.25,-,-,-
1204,熊本,86407,-,雨,有線ロボット雨量計,Y,N,N,N,N,N,N,山江,ヤマエ,YAMAE,山江,球磨郡山江村大字万江字屋形,-,32,18.1,130,44.8,218,-,-,1990.12.7,-,-,-
1205,熊本,86411,-,雨,有線ロボット雨量計,Y,N,N,N,N,N,N,五木,イツキ,ITSUKI,五木,球磨郡五木村甲字下手,-,32,23.7,130,49.6,310,-,-,19904.3.7,-,-,-
1206,熊本,86451,-,四,有線ロボット気象計,Y,Y,Y,Y,Y,ES,N,水俣,ミナマタ,MINAMATA,水俣,水俣市南福寺,-,32,12.3,130,24.4,6,10.1,1.5,(1975.4.23)1977.2.21,-,-,-
1207,熊本,86461,-,雨,有線ロボット雨量計,Y,N,N,N,N,N,N,一勝地,イッショウチ,ISSHOCHI,球磨村一勝地,球磨郡球磨村大字一勝地丙字永崎,-,32,14.7,130,38.7,120,-,-,2005.12.7,-,-,-
1208,熊本,86467,47824,官,地上気象観測装置,Y,Y,Y,Y,Y,Y,N,人吉,ヒトヨシ,HITOYOSHI,人吉,人吉市城本町,人吉特別地域気象観測所,32,13,130,45.3,146,14.7,-,#1975.12.13,-,-,-
1209,熊本,86477,-,四,有線ロボット気象計,Y,Y,Y,Y,Y,ES,N,上,ウエ,UE,あさぎり町上,球磨郡あさぎり町上北,-,32,13.5,130,54.3,166,10,1.5,(1975.4.23)1977.3.22,-,-,-
1210,熊本,86478,-,雨,有線ロボット雨量計,Y,N,N,N,N,N,N,多良木,タラギ,TARAGI,多良木町祓川,球磨郡多良木町大字黒肥地字祓川,-,32,17.7,130,57,210,-,-,2005.12.8,-,-,-
1211,熊本,86481,-,雨,有線ロボット雨量計,Y,N,N,N,N,N,N,湯前横谷,ユノマエヨコタニ,ICHIFUSAYAMA,湯前町湯前横谷,球磨郡湯前町猪鹿倉山,-,32,15.8,131,2.6,665,-,-,1976.4.26,-,-,-
1212,熊本,86491,47838,官,地上気象観測装置,Y,Y,Y,Y,Y,Y,N,牛深,ウシブカ,USHIBUKA,天草市牛深,天草市牛深町,牛深特別地域気象観測所,32,11.8,130,1.6,3,20.5,-,#1975.12.19,-,-,-
1213,宮崎,87041,-,四,有線ロボット気象計,Y,Y,Y,Y,Y,ES,N,高千穂,タカチホ,TAKACHIHO,高千穂,西臼杵郡高千穂町大字押方字宮野原,-,32,42.7,131,17.4,350,10.2,1.5,#1977.2.7,-,-,-
1214,宮崎,87066,-,四,有線ロボット気象計,Y,Y,Y,Y,Y,ES,N,古江,フルエ,FURUE,延岡市古江,延岡市北浦町古江,-,32,42.7,131,49.2,14,10.2,1.5,1977.2.8,-,-,-
1215,宮崎,87071,-,四,有線ロボット気象計,Y,Y,Y,Y,Y,ES,N,鞍岡,クラオカ,KURAOKA,五ヶ瀬町鞍岡,西臼杵郡五ヶ瀬町大字鞍岡,-,32,38.6,131,9.4,590,10.2,1.5,1979.1.12,-,-,-
1216,宮崎,87086,-,雨,有線ロボット雨量計,Y,N,N,N,N,N,N,日之影,ヒノカゲ,HINOKAGE,日之影,西臼杵郡日之影町大字七折字滝上下,-,32,40.9,131,24.4,262,-,-,19902.2.18,-,-,-
1217,宮崎,87127,-,雨,有線ロボット雨量計,Y,N,N,N,N,N,N,諸塚,モロツカ,MOROTSUKA,諸塚,東臼杵郡諸塚村大字家代,-,32,31,131,20.1,150,-,-,1979.1.10,-,-,-
1218,宮崎,87136,-,雨,有線ロボット雨量計,Y,N,N,N,N,N,N,北方,キタカタ,KITAKATA,延岡市北方,延岡市北方町川水流卯,-,32,33.7,131,31.5,30,-,-,1987.2.26,-,-,-
1219,宮崎,87141,47822,官,地上気象観測装置,Y,Y,N,N,N,Y,N,延岡,ノベオカ,NOBEOKA,延岡市天神小路,延岡市天神小路,延岡特別地域気象観測所,32,34.9,131,39.4,19,-,-,#1975.12.11,-,-,気温、雨
1220,宮崎,87141,47822,官,地上気象観測装置,N,N,Y,Y,N,Y,N,延岡,ノベオカ,NOBEOKA,延岡市天神小路,延岡市野田町,-,32,34.7,131,38,8,10.1,-,#1975.12.11,-,-,風、日照
1221,宮崎,87157,-,雨,有線ロボット雨量計,Y,N,N,N,N,N,N,椎葉,シイバ,SHIIBA,椎葉,東臼杵郡椎葉村大字下福良,-,32,28.5,131,6.2,517,-,-,19903.12.20,-,-,-
1222,宮崎,87181,-,四,有線ロボット気象計,Y,Y,Y,Y,Y,ES,N,日向,ヒュウガ,HYUGA,日向,日向市大字塩見,-,32,24.5,131,36,20,9.3,1.5,#1977.2.9,-,-,-
1223,宮崎,87206,-,四,有線ロボット気象計,Y,Y,Y,Y,Y,ES,N,神門,ミカド,MIKADO,美郷町神門,東臼杵郡美郷町南郷区神門,-,32,23.1,131,19.9,250,6.5,1.5,1979.1.11,-,-,-
1224,宮崎,87231,-,四,有線ロボット気象計,Y,Y,Y,Y,Y,ES,N,西米良,ニシメラ,NISHI-MERA,西米良,児湯郡西米良村大字竹原,-,32,14.4,131,9.1,260,9.9,1.5,1979.1.10,-,-,-
1225,宮崎,87251,-,雨,有線ロボット雨量計,Y,N,N,N,N,N,N,都農,ツノ,TSUNO,都農,児湯郡都農町大字川北,-,32,17,131,32.5,61,-,-,19902.2.17,-,-,-
1226,宮崎,87293,-,四,有線ロボット気象計,Y,Y,Y,Y,Y,ES,N,高鍋,タカナベ,TAKANABE,高鍋,児湯郡高鍋町上江,-,32,7.4,131,28.5,57,10,1.5,19909.3.10,-,-,-
1227,宮崎,87301,-,四,有線ロボット気象計,Y,Y,Y,Y,Y,ES,N,加久藤,カクトウ,KAKUTO,えびの市加久藤,えびの市大字永山,-,32,2.8,130,48.6,228,10,1.5,#1977.2.1,-,-,-
1228,宮崎,87331,-,四,有線ロボット気象計,Y,Y,Y,Y,Y,ES,N,西都,サイト,SAITO,西都,西都市大字黒生野,-,32,3.8,131,24.8,8,10,1.5,#1977.2.10,-,-,-
1229,宮崎,87346,-,雨,有線ロボット雨量計,Y,N,N,N,N,N,N,えびの高原,エビノコウゲン,EBINO,えびの市えびの高原,えびの市大字末永,-,31,56.7,130,50.4,1150,-,-,#,-,-,-
1230,宮崎,87352,-,四,有線ロボット気象計,Y,Y,Y,Y,Y,ES,N,小林,コバヤシ,KOBAYASHI,小林市南西方,小林市南西方,-,32,0,130,57.2,276,9.5,1.5,2000.9.26,-,-,-
1231,宮崎,87361,-,雨,有線ロボット雨量計,Y,N,N,N,N,N,N,野尻,ノジリ,IKENOO,小林市野尻,小林市野尻町大字紙屋,-,31,57.4,131,9.4,182,-,-,#,-,-,-
1232,宮崎,87371,-,雨,有線ロボット雨量計,Y,N,N,N,N,N,N,国富,クニトミ,HONJO,国富,東諸県郡国富町大字須志田,-,32,0.4,131,17.8,66,-,-,#,-,-,-
1233,宮崎,87376,47830,官,地上気象観測装置,Y,Y,Y,Y,Y,Y,Y,宮崎,ミヤザキ,MIYAZAKI,宮崎市霧島,宮崎市霧島,宮崎地方気象台,31,56.3,131,24.8,9,25.5,-,#1975.3.31,-,87900,-
1234,宮崎,87406,-,四,有線ロボット気象計,Y,Y,Y,Y,Y,ES,N,田野,タノ,TANO,宮崎市田野,宮崎市田野町甲,-,31,50.6,131,18.5,134,10,1.5,19909.2.17,-,-,-
1235,宮崎,87412,-,官,地上気象観測装置,Y,Y,Y,Y,N,N,N,赤江,アカエ,AKAE,宮崎空港,宮崎市大字赤江,宮崎航空気象観測所,31,52.6,131,26.9,6,10,-,2003.1.1,-,-,日照・湿度・気圧を除く
1236,宮崎,87426,47829,官,地上気象観測装置,Y,Y,Y,Y,Y,Y,N,都城,ミヤコノジョウ,MIYAKONOJO,都城市菖蒲原町,都城市菖蒲原町,都城特別地域気象観測所,31,43.8,131,4.9,154,12.4,-,#1975.12.16,-,-,-
1237,宮崎,87461,-,雨,有線ロボット雨量計,Y,N,N,N,N,N,N,深瀬,フカセ,FUKASE,日南市深瀬,日南市大字酒谷甲,-,31,38.2,131,15,130,-,-,1977.6.30,-,-,-
1238,宮崎,87492,47835,官,地上気象観測装置,Y,Y,N,N,N,Y,N,油津,アブラツ,ABURATSU,日南市油津,日南市油津,油津特別地域気象観測所,31,34.7,131,24.4,3,-,-,19901.3.10,-,-,気温、雨、日照
1239,宮崎,87492,47835,官,地上気象観測装置,N,N,Y,Y,N,Y,N,油津,アブラツ,ABURATSU,日南市油津,日南市平山字仮屋下,-,31,35.8,131,24.5,5,10,-,19901.3.10,-,-,風
1240,宮崎,87501,-,四,有線ロボット気象計,Y,Y,Y,Y,Y,ES,N,串間,クシマ,KUSHIMA,串間,串間市大字西方字平山,-,31,27.9,131,13.2,20,10.2,1.5,#1977.2.3,-,-,-
1241,鹿児島,88061,47823,官,地上気象観測装置,Y,Y,Y,Y,Y,Y,N,阿久根,アクネ,AKUNE,阿久根,阿久根市赤瀬川,阿久根特別地域気象観測所,32,1.6,130,12,40,12.6,-,#1975.12.10,-,-,-
1242,鹿児島,88066,-,雨,有線ロボット雨量計,Y,N,N,N,N,N,N,出水,イズミ,IZUMI,出水,出水市緑町,-,32,5.6,130,21.1,11,-,-,1975.4.24,-,-,-
1243,鹿児島,88081,-,四,有線ロボット気象計,Y,Y,Y,Y,Y,ES,N,大口,オオクチ,OKUCHI,伊佐市大口,伊佐市大口原田,-,32,2.8,130,37.6,175,10.1,1.5,#1977.2.14,-,-,-
1244,鹿児島,88101,-,雨,有線ロボット雨量計,Y,N,N,N,N,N,N,紫尾山,シビサン,SHIBISAN,さつま町紫尾山,薩摩郡さつま町平川大洞国有林,-,31,58.8,130,22,1060,-,-,#,-,-,-
1245,鹿児島,88107,-,四,有線ロボット気象計,Y,Y,Y,Y,Y,ES,N,さつま柏原,サツマカシワバル,MIYANOJO,さつま町柏原,薩摩郡さつま町柏原,-,31,55,130,27.3,59,10.1,1.5,#1976.4.1,-,-,-
1246,鹿児島,88131,-,四,有線ロボット気象計,Y,Y,Y,Y,Y,ES,N,中甑,ナカコシキ,NAKAKOSHIKI,甑島中甑,薩摩川内市上甑町中甑,-,31,50.1,129,52,10,10.1,1.5,#1977.2.19,-,-,-
1247,鹿児島,88151,-,四,有線ロボット気象計,Y,Y,Y,Y,Y,ES,N,川内,センダイ,SENDAI,薩摩川内市中郷,薩摩川内市中郷,-,31,50,130,18.9,5,10.1,1.5,#1977.2.15,-,-,-
1248,鹿児島,88166,-,官,地上気象観測装置,Y,Y,Y,Y,N,N,N,溝辺,ミゾベ,MIZOBE,霧島市溝辺,霧島市溝辺町麓,鹿児島航空気象観測所,31,48.2,130,43.1,272,10,-,#1995.3.22,-,-,日照・湿度・気圧を除く
1249,鹿児島,88211,-,雨,有線ロボット雨量計,Y,N,N,N,N,N,N,八重山,ヤエヤマ,IRIKITOGE,薩摩川内市八重山,薩摩川内市入来町浦之名字大谷,-,31,44.8,130,26.3,533,-,-,#,-,-,-
1250,鹿児島,88261,-,四,有線ロボット気象計,Y,Y,Y,Y,Y,ES,N,東市来,ヒガシイチキ,HIGASHIICHIKI,日置市東市来,日置市東市来町湯田,-,31,40.1,130,19.7,40,10.1,1.5,#1977.2.16,-,-,-
1251,鹿児島,88286,-,四,有線ロボット気象計,Y,Y,Y,Y,Y,ES,N,牧之原,マキノハラ,MAKINOHARA,霧島市福山町牧之原,霧島市福山町福山,-,31,39.7,130,50.6,387,9.9,1.5,(1975.4.24)1977.2.9,-,-,-
1252,鹿児島,88317,47827,官,地上気象観測装置,Y,Y,Y,Y,Y,Y,Y,鹿児島,カゴシマ,KAGOSHIMA,鹿児島市東郡元町,鹿児島市東郡元町,鹿児島地方気象台,31,33.3,130,32.8,4,44.9,-,1994.2.25,-,88905,-
1253,鹿児島,88331,-,四,有線ロボット気象計,Y,Y,Y,Y,Y,ES,N,輝北,キホク,KIHOKU,鹿屋市輝北,鹿屋市輝北町市成,-,31,35.3,130,51.3,360,10.1,1.5,1977.3.10,-,-,-
1254,鹿児島,88341,-,雨,有線ロボット雨量計,Y,N,N,N,N,N,N,大隅,オオスミ,OSUMI,曽於市大隅,曽於市大隅町境木町,-,31,34.8,131,0.3,170,-,-,1977.3.17,-,-,-
1255,鹿児島,88371,-,四,有線ロボット気象計,Y,Y,Y,Y,Y,ES,N,加世田,カセダ,KASEDA,南さつま市加世田,南さつま市加世田東本町,-,31,24.9,130,19.5,9,9.5,1.5,#1977.2.21,-,-,-
1256,鹿児島,88392,-,雨,有線ロボット雨量計,Y,N,N,N,N,N,N,吉ケ別府,ヨシガベップ,YOSHIGABEPPU,鹿屋市吉ケ別府,鹿屋市下高隈町,-,31,27.5,130,51.7,89,-,-,1977.6.6,-,-,-
1257,鹿児島,88406,-,四,有線ロボット気象計,Y,Y,Y,Y,Y,ES,N,志布志,シブシ,SHIBUSHI,志布志,志布志市志布志町志布志字杉の下,-,31,28.7,131,5.7,70,10,1.5,(1975.4.24)1977.2.16,-,-,-
1258,鹿児島,88432,-,四,有線ロボット気象計,Y,Y,Y,Y,Y,ES,N,喜入,キイレ,KIIRE,鹿児島市喜入中名町,鹿児島市喜入中名町,-,31,23.2,130,32.4,4,7.9,1.5,#1977.2.23,-,-,-
1259,鹿児島,88442,-,四,有線ロボット気象計,Y,Y,Y,Y,Y,ES,N,鹿屋,カノヤ,KANOYA,鹿屋市寿,鹿屋市寿,-,31,23.5,130,51.8,63,10.2,1.5,(1975.4.24)1977.2.25,-,-,-
1260,鹿児島,88447,-,四,有線ロボット気象計,Y,Y,Y,Y,Y,ES,N,肝付前田,キモツキマエダ,KOYAMA,肝付町前田,肝属郡肝付町前田,-,31,20.4,130,56.3,31,9.3,1.5,1977.8.10,-,-,-
1261,鹿児島,88466,47831,官,地上気象観測装置,Y,Y,Y,Y,Y,Y,N,枕崎,マクラザキ,MAKURAZAKI,枕崎,枕崎市高見町,枕崎特別地域気象観測所,31,16.3,130,17.5,30,11,-,#1975.3.24,-,-,-
1262,鹿児島,88486,-,四,有線ロボット気象計,Y,Y,Y,Y,Y,ES,N,指宿,イブスキ,IBUSUKI,指宿,指宿市十町,-,31,15,130,38.2,5,10,1.5,#1977.2.24,-,-,-
1263,鹿児島,88506,-,四,有線ロボット気象計,Y,Y,Y,Y,Y,ES,N,内之浦,ウチノウラ,UCHINOURA,肝付町内之浦,肝属郡肝付町北方,-,31,16.6,131,3.3,8,9.9,1.5,#1977.2.15,-,-,-
1264,鹿児島,88536,-,四,有線ロボット気象計,Y,Y,Y,Y,Y,ES,N,田代,タシロ,TASHIRO,錦江町田代,肝属郡錦江町田代麓,-,31,11.9,130,50.6,182,10.1,1.5,1977.2.14,-,-,-
1265,鹿児島,88551,-,雨,有線ロボット雨量計,Y,N,N,N,N,N,N,佐多,サタ,SATA,南大隅町佐多,肝属郡南大隅町佐多伊座敷,-,31,5.6,130,41.4,27,-,-,1977.6.28,-,-,-
1266,鹿児島,88612,47837,官,地上気象観測装置,Y,Y,Y,Y,Y,Y,N,種子島,タネガシマ,TANEGASHIMA,西之表市西之表,西之表市西之表,種子島特別地域気象観測所,30,43.2,130,58.9,25,29.8,-,#1975.3.26,-,-,-
1267,鹿児島,88621,-,官,地上気象観測装置,Y,Y,Y,Y,N,N,N,中種子,ナカタネ,NAKATANE,中種子,熊毛郡中種子町砂中,種子島航空気象観測所,30,36.3,130,59.5,234,10,-,2003.1.1,-,-,日照・湿度・気圧を除く
1268,鹿児島,88666,-,四,有線ロボット気象計,Y,Y,Y,Y,Y,ES,N,上中,カミナカ,KAMINAKA,南種子町上中,熊毛郡南種子町中之下,-,30,24.4,130,54.1,150,10.1,1.5,#1977.2.18,-,-,-
1269,鹿児島,88686,47836,官,地上気象観測装置,Y,Y,Y,Y,Y,Y,N,屋久島,ヤクシマ,YAKUSHIMA,屋久島町小瀬田,熊毛郡屋久島町小瀬田,屋久島特別地域気象観測所,30,23.1,130,39.5,37,10,-,#1975.12.19,-,-,-
1270,鹿児島,88706,-,四,有線ロボット気象計,Y,Y,Y,Y,Y,ES,N,尾之間,オノアイダ,ONOAIDA,屋久島町尾之間,熊毛郡屋久島町尾之間字井出ノ尻,-,30,14.1,130,33.3,60,10.2,1.5,#1977.3.4,-,-,-
1271,鹿児島,88736,-,四,有線ロボット気象計,Y,Y,Y,Y,Y,ES,N,中之島,ナカノシマ,NAKANOSHIMA,十島村中之島,鹿児島郡十島村中之島,-,29,50.4,129,52,220,10,1.5,2002.12.18,-,-,-
1272,鹿児島,88746,-,雨,有線ロボット雨量計,Y,N,N,N,N,N,N,平島,タイラジマ,TAIRAJIMA,十島村平島,鹿児島郡十島村平島,-,29,41,129,31.7,97,-,-,19906.9.17,-,-,-
1273,鹿児島,88756,-,雨,有線ロボット雨量計,Y,N,N,N,N,N,N,諏訪之瀬島,スワノセジマ,SUWANOSEJIMA,十島村諏訪之瀬島,鹿児島郡十島村諏訪之瀬島,-,29,36.6,129,42.3,111,-,-,19906.9.3,-,-,-
1274,鹿児島,88776,-,雨,有線ロボット雨量計,Y,N,N,N,N,N,N,小宝島,コダカラジマ,KODAKARAJIMA,十島村小宝島,鹿児島郡十島村小宝島,-,29,13.5,129,19.7,10,-,-,19906.9.3,-,-,-
1275,鹿児島,88781,-,雨,有線ロボット雨量計,Y,N,N,N,N,N,N,宝島,タカラジマ,TAKARAJIMA,十島村宝島,鹿児島郡十島村宝島,-,29,9.1,129,12.1,33,-,-,19906.7.30,-,-,-
1276,鹿児島,88821,-,官,地上気象観測装置,Y,Y,Y,Y,N,N,N,笠利,カサリ,KASARI,奄美市笠利,奄美市笠利町大字和野字長浜金久,奄美航空気象観測所,28,25.8,129,42.7,4,10,-,2003.1.1,-,-,日照・湿度・気圧を除く
1277,鹿児島,88836,47909,官,地上気象観測装置,Y,Y,Y,Y,Y,Y,N,名瀬,ナゼ,NAZE,奄美市名瀬,奄美市名瀬港町,名瀬測候所,28,22.7,129,29.7,3,20.8,-,#1975.3.17,-,-,-
1278,鹿児島,88851,-,官,地上気象観測装置,Y,Y,Y,Y,N,N,N,喜界島,キカイジマ,KIKAIJIMA,喜界島,大島郡喜界町大字中里西牧,喜界航空気象観測所,28,19.2,129,55.6,5,10,-,(1978.11.9)2000.3.16,-,-,日照・湿度・気圧を除く
1279,鹿児島,88901,-,四,有線ロボット気象計,Y,Y,Y,Y,Y,ES,N,古仁屋,コニヤ,KONIYA,瀬戸内町古仁屋,大島郡瀬戸内町古仁屋船津,-,28,8.6,129,18.9,2,10.2,1.5,(1975.5.9)1977.2.21,-,-,-
1280,鹿児島,88931,-,官,地上気象観測装置,Y,Y,Y,Y,N,N,N,天城,アマギ,AMAGI,天城,大島郡天城町大字浅間字湾屋,徳之島航空気象観測所,27,50.1,128,52.8,2,10,-,2003.3.1,-,-,日照・湿度・気圧を除く
1281,鹿児島,88956,-,四,有線ロボット気象計,Y,Y,Y,Y,Y,ES,N,伊仙,イセン,ISEN,伊仙,大島郡伊仙町面縄,-,27,40.6,128,58.4,44,10.1,1.5,1977.2.24,-,-,-
1282,鹿児島,88971,47942,官,地上気象観測装置,Y,Y,Y,Y,Y,Y,N,沖永良部,オキノエラブ,OKINOERABU,和泊町,大島郡和泊町国頭字手付,沖永良部特別地域気象観測所,27,25.9,128,42.3,27,10,-,#1975.4.10,-,-,-
1283,鹿児島,88986,-,官,地上気象観測装置,Y,Y,Y,Y,N,N,N,与論島,ヨロンジマ,YORONJIMA,与論島,大島郡与論町立長,与論航空気象観測所,27,2.6,128,24.1,14,10.1,-,(1978.10.3)2000.3.16,-,-,日照・湿度・気圧を除く
1284,沖縄,91011,-,四,有線ロボット気象計,Y,Y,Y,Y,Y,ES,N,伊是名,イゼナ,IZENA,伊是名村内花,島尻郡伊是名村字内花,-,26,56.9,127,56.4,14,10,1.5,1977.3.16,-,-,-
1285,沖縄,91021,-,四,有線ロボット気象計,Y,Y,Y,Y,Y,ES,N,奥,オク,OKU,国頭村奥,国頭郡国頭村奥,-,26,50.1,128,16.3,232,10,1.5,#1977.2.28,-,-,-
1286,沖縄,91046,-,雨,有線ロボット雨量計,Y,N,N,N,N,N,N,国頭,クニガミ,KUNIGAMI,国頭村比地,国頭郡国頭村比地,-,26,43.7,128,10.7,8,-,-,2005.12.20,-,-,-
1287,沖縄,91066,-,雨,有線ロボット雨量計,Y,N,N,N,N,N,N,本部,モトブ,MOTOBU,本部町謝花,国頭郡本部町謝花,-,26,41.1,127,53.9,25,-,-,1981.7.1,-,-,-
1288,沖縄,91081,-,雨,有線ロボット雨量計,Y,N,N,N,N,N,N,東,ヒガシ,HIGASHI,東村平良,国頭郡東村字平良,-,26,37.9,128,9.2,24,-,-,1981.7.1,-,-,-
1289,沖縄,91096,-,雨,有線ロボット雨量計,Y,N,N,N,N,N,N,粟国,アグニ,AGUNI,粟国空港,島尻郡粟国村字浜,-,26,35.5,127,14.3,14,-,-,2003.1.1,-,-,-
1290,沖縄,91107,47940,官,地上気象観測装置,Y,Y,Y,Y,Y,Y,N,名護,ナゴ,NAKAMA,名護市宮里,名護市宮里,名護特別地域気象観測所,26,35.6,127,57.9,6,25.6,-,1987.7.1,-,-,-
1291,沖縄,91121,-,雨,有線ロボット雨量計,Y,N,N,N,N,N,N,読谷,ヨミタン,YOMITAN,読谷,中頭郡読谷村字波平,-,26,24.4,127,44,90,-,-,#,-,-,-
1292,沖縄,91141,-,官,地上気象観測装置,Y,Y,Y,Y,N,N,N,北原,キタハラ,KITAHARA,久米島空港,島尻郡久米島町字北原,久米島航空気象観測所,26,21.8,126,42.8,7,10,-,2003.1.1,-,-,日照・湿度・気圧を除く
1293,沖縄,91146,47929,官,地上気象観測装置,Y,Y,Y,Y,Y,Y,N,久米島,クメジマ,KUMEJIMA,久米島町謝名堂,島尻郡久米島町字謝名堂,久米島特別地域気象観測所,26,20.2,126,48.2,5,15,-,1977.3.23,-,-,-
1294,沖縄,91151,-,雨,有線ロボット雨量計,Y,N,N,N,N,N,N,渡名喜,トナキ,TONAKI,渡名喜,島尻郡渡名喜村,-,26,22.4,127,8.5,7,-,-,19906.8.26,-,-,-
1295,沖縄,91161,-,雨,有線ロボット雨量計,Y,N,N,N,N,N,N,胡屋,ゴヤ,GOYA,沖縄市胡屋,沖縄市胡屋,-,26,19.6,127,48.3,86,-,-,#,-,-,-
1296,沖縄,91166,-,四,有線ロボット気象計,Y,Y,Y,Y,Y,ES,N,宮城島,ミヤギジマ,MIYAGIJIMA,うるま市宮城島,うるま市与那城上原阪上,-,26,21.8,127,58.3,100,10,1.5,2007.12.19,-,-,-
1297,沖縄,91181,-,四,有線ロボット気象計,Y,Y,Y,Y,Y,ES,N,渡嘉敷,トカシキ,TOKASHIKI,渡嘉敷村渡嘉敷島,島尻郡渡嘉敷村渡嘉敷,-,26,12.6,127,21.8,220,9.6,1.5,1977.3.23,-,-,-
1298,沖縄,91197,47936,官,地上気象観測装置,Y,Y,Y,Y,Y,Y,N,那覇,ナハ,NAHA,那覇市樋川,那覇市樋川,沖縄気象台,26,12.4,127,41.2,28,47.8,-,1987.6.10,-,-,-
1299,沖縄,91236,-,官,地上気象観測装置,Y,Y,Y,Y,N,N,N,安次嶺,アシミネ,ASHIMINE,那覇空港,那覇市字安次嶺,那覇航空測候所,26,11.6,127,38.3,3,10,-,2003.1.1,-,-,日照・湿度・気圧を除く
1300,沖縄,91241,-,四,有線ロボット気象計,Y,Y,Y,Y,Y,ES,N,糸数,イトカズ,ITOKAZU,南城市糸数,南城市玉城字糸数西赤津川原,-,26,9.2,127,45.9,186,10,1.5,#1977.3.3,-,-,-
1301,沖縄,92006,-,官,地上気象観測装置,Y,Y,Y,Y,N,N,N,北大東,キタダイトウ,KITA-DAITO,北大東空港,島尻郡北大東村字南,北大東航空気象観測所,25,56.6,131,19.6,22,9.8,-,2003.1.1,-,-,日照・湿度・気圧を除く
1302,沖縄,92011,47945,官,地上気象観測装置,Y,Y,Y,Y,Y,Y,N,南大東,ミナミダイトウ,MINAMI-DAITO,南大東村在所,島尻郡南大東村在所,南大東島地方気象台,25,49.7,131,13.7,15,22.5,-,1979.3.14,-,-,-
1303,沖縄,92012,-,官,地上気象観測装置,Y,Y,Y,Y,N,N,N,旧東,キュウトウ,KYUTO,南大東空港,島尻郡南大東村字旧東,南大東航空気象観測所,25,50.8,131,15.8,48,9.8,-,2003.1.1,-,-,日照・湿度・気圧を除く
1304,沖縄,93012,-,官,地上気象観測装置,Y,Y,Y,Y,N,N,N,下地島,シモジシマ,SHIMOJI,下地島空港,宮古島市伊良部字佐和田,下地島航空気象観測所,24,49.6,125,8.6,8,10,-,2003.1.1,-,-,日照・湿度・気圧を除く
1305,沖縄,93041,47927,官,地上気象観測装置,Y,Y,Y,Y,Y,Y,N,宮古島,ミヤコジマ,MIYAKOJIMA,宮古島市下里,宮古島市平良字下里,宮古島地方気象台,24,47.6,125,16.7,39,17.2,-,1977.3.16,-,-,-
1306,沖縄,93042,-,官,地上気象観測装置,Y,Y,Y,Y,N,N,N,鏡原,カガミハラ,KAGAMIHARA,宮古空港,宮古島市平良字下里,宮古航空気象観測所,24,46.9,125,17.7,43,10,-,2003.1.1,-,-,日照・湿度・気圧を除く
1307,沖縄,93051,-,雨,有線ロボット雨量計,Y,N,N,N,N,N,N,城辺,グスクベ,GUSUKUBE,宮古島市新城,宮古島市城辺字新城,-,24,44.6,125,24.6,55,-,-,1978.1.30,-,-,-
1308,沖縄,93062,-,官,地上気象観測装置,Y,Y,Y,Y,N,N,N,仲筋,ナカスジ,SHIOKAWA,多良間空港,宮古郡多良間村仲筋,多良間航空気象観測所,24,39.2,124,40.5,10,10,-,2003.1.1,-,-,日照・湿度・気圧を除く
1309,沖縄,94001,-,四,有線ロボット気象計,Y,Y,Y,Y,Y,ES,N,伊原間,イバルマ,IBARUMA,石垣市伊原間,石垣市伊原間,-,24,30.4,124,16.8,11,10,1.5,1977.3.10,-,-,-
1310,沖縄,94011,-,官,地上気象観測装置,Y,Y,Y,Y,N,N,N,所野,トコロノ,TOKORONO,与那国空港,八重山郡与那国町字与那国,与那国航空気象観測所,24,28,122,58.7,15,9.8,-,2003.1.1,-,-,日照・湿度・気圧を除く
1311,沖縄,94017,47912,官,地上気象観測装置,Y,Y,Y,Y,Y,Y,N,与那国島,ヨナグニジマ,YONAGUNIJIMA,与那国町祖納,八重山郡与那国町与那国,与那国島特別地域気象観測所,24,28,123,0.6,30,14.4,-,1978.4.25,-,-,-
1312,沖縄,94036,-,雨,有線ロボット雨量計,Y,N,N,N,N,N,N,川平,カビラ,KABIRA,石垣市川平,石垣市川平,-,24,28,124,8.4,7,-,-,1978.3.13,-,-,-
1313,沖縄,94062,47917,官,地上気象観測装置,Y,Y,Y,Y,Y,Y,N,西表島,イリオモテジマ,IRIOMOTEJIMA,竹富町上原,八重山郡竹富町字上原宇那利崎,西表島特別地域気象観測所,24,25.6,123,45.9,10,10.1,-,2003.3.12,-,-,-
1314,沖縄,94081,47918,官,地上気象観測装置,Y,Y,Y,Y,Y,Y,N,石垣島,イシガキジマ,ISHIGAKIJIMA,石垣市登野城,石垣市登野城,石垣島地方気象台,24,20.2,124,9.8,6,28.9,-,1977.3.8,-,-,-
1315,沖縄,94086,-,官,地上気象観測装置,Y,Y,Y,Y,N,N,N,盛山,モリヤマ,MORIYAMA,新石垣空港,石垣市字盛山東牛種子,石垣航空気象観測所,24,23.7,124,14.7,31,10,-,1990.3.7,-,-,日照・湿度・気圧を除く
1316,沖縄,94101,-,四,有線ロボット気象計,Y,Y,Y,Y,Y,ES,N,大原,オオハラ,OTOMI,竹富町大原,八重山郡竹富町南風見,-,24,15.9,123,52.3,33,10,1.5,1978.3.14,-,-,-
1317,沖縄,94116,-,四,有線ロボット気象計,Y,Y,Y,Y,Y,ES,N,波照間,ハテルマ,HATERUMA,竹富町波照間,八重山郡竹富町波照間,-,24,3.3,123,46,38,10,1.5,1979.3.2,-,-,-
1318,東京,-,47646,官,地上気象観測装置,Y,Y,Y,Y,Y,Y,Y,館野,タテノ,TATENO,-,茨城県つくば市長峰1-2,高層気象台・気象研究所,36,3.4,124,7.5,25.2,204,-,1961.1.1,-,-,-
