#,Prefectural Development Bureau,AMeDAS station number,"Surface station station number (in the data,  it has 47 at the beginning)",Type,Type of Observation Instrument,Observation_Precipitation,Observation_Temperature,Observation_wind_direction,Wind Speed,Relative humidity,Sunshine hours (ES is estimated from meteorological satellite data),Observation_Depth of snowfall,Station name_Roman alphabet,Latitude (degree),Latitude (minutes),Longitude(degree),Longitude (minutes),Height above sea level (m),Height of anemometer (m),Height of thermometer (m),Observation start date,Observation end date,Remark 1,Remark 2
1,SOYA,11001,-,4,Wired Robot Weather Station,Y,Y,Y,Y,Y,ES,N,SOYAMISAKI,45,31.2,141,56.1,26,10.1,1.5,1978.10.30,-,-,-
2,SOYA,11016,47401,M,Ground Weather Observation Equipment,Y,Y,Y,Y,Y,Y,Y,WAKKANAI,45,24.9,141,40.7,3,24.1,-,#1975.4.1,-,11903,-
3,SOYA,11046,-,4,Wired Robot Weather Station,Y,Y,Y,Y,Y,ES,N,REBUN,45,18.3,141,2.7,65,9.9,1.5,2003.10.17,-,-,-
4,SOYA,11061,-,M,Ground Weather Observation Equipment,Y,Y,Y,Y,Y,N,Y,KOETOI,45,24.2,141,48.1,8,10,-,2003.1.1,-,11904,日照・湿度・気圧を除く
5,SOYA,11076,-,4,Wired Robot Weather Station,Y,Y,Y,Y,Y,ES,Y,HAMAONISHIBETSU,45,20.1,142,10.2,13,6.5,1.5,1978.10.30,-,11900,湿度を除く
6,SOYA,11091,-,M,Ground Weather Observation Equipment,Y,Y,Y,Y,Y,N,N,MOTODOMARI,45,14.5,141,11.2,30,10,-,2003.1.1,-,-,日照・湿度・気圧を除く
7,SOYA,11121,-,4,Wired Robot Weather Station,Y,Y,Y,Y,Y,ES,Y,NUMAKAWA,45,14.9,141,51.1,23,10,1.5,1977.10.20,-,11905,湿度を除く
8,SOYA,11151,-,4,Wired Robot Weather Station,Y,Y,Y,Y,Y,ES,N,KUTSUGATA,45,10.7,141,8.3,14,9.9,1.5,#1977.10.24,-,-,-
9,SOYA,11176,-,4,Wired Robot Weather Station,Y,Y,Y,Y,Y,ES,Y,TOYOTOMI,45,6.1,141,46.8,14,10,1.5,(1975.5.29)1977.10.25,-,11910,湿度を除く
10,SOYA,11206,-,4,Wired Robot Weather Station,Y,Y,Y,Y,Y,ES,N,HAMATOMBETSU,45,7.5,142,21,18,10,2.5,#1977.10.19,-,-,湿度を除く
11,SOYA,11276,-,4,Wired Robot Weather Station,Y,Y,-,Y,Y,ES,Y,NAKATOMBETSU,44,57.9,142,16.8,25,10.2,1.5,(1975.5.28)1977.10.19,-,11915,湿度を除く
12,SOYA,11291,47402,M,Ground Weather Observation Equipment,Y,Y,Y,Y,Y,Y,Y,KITAMI-ESASHI,44,56.4,142,35.1,7,17.2,-,#1976.1.1,-,11917,-
13,SOYA,11316,-,4,Wired Robot Weather Station,Y,Y,Y,Y,Y,ES,Y,UTANOBORI,44,50.5,142,28.8,14,10,1.5,#1977.10.25,-,11920,湿度を除く
14,SOYA,13011,-,R,Wired Robot Rain Gauge,Y,N,N,N,N,N,N,HORONOBE,45,0.4,141,51.1,5,-,-,2005.11.15,-,-,-
15,KAMIKAWA,12011,-,4,Wired Robot Weather Station,Y,Y,Y,Y,Y,ES,N,NAKAGAWA,44,49.7,142,4.6,22,10,1.5,1977.10.19,-,-,湿度を除く
16,KAMIKAWA,12041,-,4,Wired Robot Weather Station,Y,Y,Y,Y,Y,ES,Y,OTOINEPPU,44,43.6,142,15.9,40,10,1.5,1977.10.17,-,12905,湿度を除く
17,KAMIKAWA,12066,-,R,Wired Robot Rain Gauge,Y,N,N,N,N,N,N,OGURUMA,44,36.5,142,17.7,60,-,-,2005.11.9,-,-,-
18,KAMIKAWA,12141,-,4,Wired Robot Weather Station,Y,Y,Y,Y,Y,ES,Y,BIFUKA,44,28.8,142,20.5,77,10,1.5,#1977.10.6,-,12900,湿度を除く
19,KAMIKAWA,12181,-,4,Wired Robot Weather Station,Y,Y,Y,Y,Y,ES,Y,NAYORO,44,22.2,142,27.4,89,9.9,1.5,#1976.4.1,-,12910,-
20,KAMIKAWA,12217,-,R,Wired Robot Rain Gauge,Y,N,N,N,N,N,N,NISHIFUREN,44,17.7,142,21.5,128,-,-,2005.11.8,-,-,-
21,KAMIKAWA,12231,-,4,Wired Robot Weather Station,Y,Y,Y,Y,Y,ES,Y,SHIMOKAWA,44,17.7,142,38.2,143,10,2.4,#1977.10.14,-,12925,湿度を除く
22,KAMIKAWA,12256,-,R,Wired Robot Rain Gauge,Y,N,N,N,N,N,N,KENBUCHI,44,6.4,142,21.2,138,-,-,2005.11.10,-,-,-
23,KAMIKAWA,12261,-,4,Wired Robot Weather Station,Y,Y,Y,Y,Y,ES,N,SHIBETSU,44,11.2,142,25,135,8,1.5,#1977.10.13,-,-,湿度を除く
24,KAMIKAWA,12266,-,4,Wired Robot Weather Station,Y,Y,Y,Y,Y,ES,N,ASAHI,44,7.1,142,35.7,225,10,1.5,1977.10.13,-,-,湿度を除く
25,KAMIKAWA,12301,-,4,Wired Robot Weather Station,Y,Y,Y,Y,Y,ES,Y,WASSAMU,44,1.7,142,24.6,150,10,1.5,1977.10.12,-,12915,湿度を除く
26,KAMIKAWA,12386,-,4,Wired Robot Weather Station,Y,Y,Y,Y,Y,ES,N,ETAMBETSU,43,52.2,142,15.6,140,10,3.2,1977.10.11,-,-,湿度を除く
27,KAMIKAWA,12396,-,4,Wired Robot Weather Station,Y,Y,Y,Y,Y,ES,N,PIPPU,43,52.2,142,28.2,164,10,2.5,(1975.5.27)1977.10.11,-,-,湿度を除く
28,KAMIKAWA,12411,-,4,Wired Robot Weather Station,Y,Y,Y,Y,Y,ES,Y,KAMIKAWA,43,50.8,142,45.2,324,10,2.4,#1977.10.12,-,12920,湿度を除く
29,KAMIKAWA,12442,47407,M,Ground Weather Observation Equipment,Y,Y,Y,Y,Y,Y,Y,ASAHIKAWA,43,45.4,142,22.3,120,47,-,2004.9.9,-,12927,-
30,KAMIKAWA,12451,-,4,Wired Robot Weather Station,Y,Y,Y,Y,Y,ES,N,HIGASHIKAWA,43,42.1,142,30.5,215,10,2.2,1977.10.5,-,-,湿度を除く
31,KAMIKAWA,12457,-,R,Wired Robot Rain Gauge,Y,N,N,N,N,N,N,MIZUHO,43,44.2,142,38.3,289,-,-,1984.10.8,-,-,-
32,KAMIKAWA,12471,-,R,Wired Robot Rain Gauge,Y,N,N,N,N,N,Y,SOUNKYO,43,45.2,142,55.8,540,-,-,1975.5.27,-,12930,-
33,KAMIKAWA,12501,-,M,Ground Weather Observation Equipment,Y,Y,Y,Y,Y,N,Y,HIGASHI-KAGURA,43,40.2,142,26.8,211,10,-,2003.1.1,-,12932,日照・湿度・気圧を除く
34,KAMIKAWA,12512,-,4,Wired Robot Weather Station,Y,Y,Y,Y,Y,ES,N,CHUBETSU,43,38.6,142,34.9,310,10,1.5,1992.10.9,-,-,湿度を除く
35,KAMIKAWA,12551,-,4,Wired Robot Weather Station,Y,Y,Y,Y,Y,ES,Y,BIEI,43,35.3,142,29.6,250,10,1.5,(1975.5.28)1977.10.6,-,12935,湿度を除く
36,KAMIKAWA,12596,-,4,Wired Robot Weather Station,Y,Y,Y,Y,Y,ES,N,KAMIFURANO,43,27.3,142,27.9,220,10,2.1,1977.10.8,-,-,湿度を除く
37,KAMIKAWA,12607,-,R,Wired Robot Rain Gauge,Y,N,N,N,N,N,N,SHIROGANE,43,28.5,142,39,658,-,-,1984.10.8,-,-,-
38,KAMIKAWA,12626,-,4,Wired Robot Weather Station,Y,Y,Y,Y,Y,ES,Y,FURANO,43,20,142,24,174,9.9,1.5,#1976.4.1,-,12940,-
39,KAMIKAWA,12632,-,4,Wired Robot Weather Station,Y,Y,Y,Y,Y,ES,N,ROKUGO,43,18.1,142,31.3,315,10,2.3,1978.10.25,-,-,湿度を除く
40,KAMIKAWA,12686,-,R,Wired Robot Rain Gauge,Y,N,N,N,N,N,N,KANAYAMA,43,8.3,142,25,284,-,-,2005.11.17,-,-,-
41,KAMIKAWA,12691,-,4,Wired Robot Weather Station,Y,Y,Y,Y,Y,ES,Y,IKUTORA,43,10.1,142,34.1,350,9.9,1.5,1977.10.7,-,12945,-
42,KAMIKAWA,12746,-,4,Wired Robot Weather Station,Y,Y,Y,Y,Y,ES,Y,SHIMUKAPPU,42,58.7,142,23.7,332,10,1.5,1977.10.7,-,12950,湿度を除く
43,KAMIKAWA,15041,-,4,Wired Robot Weather Station,Y,Y,Y,Y,Y,ES,Y,SHUMARINAI,44,16.9,142,9.7,255,10,1.5,1978.10.24,-,15900,湿度を除く
44,KAMIKAWA,15076,-,4,Wired Robot Weather Station,Y,Y,Y,Y,Y,ES,Y,HOROKANAI,44,0.6,142,9.6,159,9.4,1.5,(1975.5.28)1977.10.28,-,15905,湿度を除く
45,RUMOI,13061,-,4,Wired Robot Weather Station,Y,Y,Y,Y,Y,ES,Y,TESHIO,44,53.6,141,45.7,9,10,1.5,#1977.10.26,-,13900,湿度を除く
46,RUMOI,13086,-,4,Wired Robot Weather Station,Y,Y,Y,Y,Y,ES,N,EMBETSU,44,43.1,141,48.4,7,10,1.5,#1977.10.26,-,-,湿度を除く
47,RUMOI,13121,-,4,Wired Robot Weather Station,Y,Y,Y,Y,Y,ES,Y,SHOSAMBETSU,44,31.4,141,46.2,27,10,1.5,1977.10.28,-,13905,湿度を除く
48,RUMOI,13146,-,4,Wired Robot Weather Station,Y,Y,Y,Y,Y,ES,N,YAGISHIRI,44,25.7,141,25.3,38,8,1.5,1977.10.27,-,-,湿度を除く
49,RUMOI,13181,47404,M,Ground Weather Observation Equipment,Y,Y,Y,Y,Y,Y,Y,HABORO,44,21.8,141,42,8,21.6,-,#1976.1.1,-,13907,-
50,RUMOI,13206,-,R,Wired Robot Rain Gauge,Y,N,N,N,N,N,Y,KOTAMBETSU,44,15.9,141,43.3,15,-,-,1976.8.4,-,13910,-
51,RUMOI,13261,-,4,Wired Robot Weather Station,Y,Y,Y,Y,Y,ES,N,TAPPU,44,2.9,141,51.4,30,10,3.4,1977.10.31,-,-,湿度を除く
52,RUMOI,13277,47406,M,Ground Weather Observation Equipment,Y,Y,Y,Y,Y,Y,Y,RUMOI,43,56.7,141,37.9,24,16.3,-,1980.6.21,-,13915,-
53,RUMOI,13311,-,4,Wired Robot Weather Station,Y,Y,Y,Y,Y,ES,N,MASHIKE,43,50.9,141,30.6,20,9.4,1.5,#1978.10.24,-,-,湿度を除く
54,RUMOI,13321,-,4,Wired Robot Weather Station,Y,Y,Y,Y,Y,ES,Y,HORONUKA,43,51.2,141,45.6,20,10,1.5,1977.10.31,-,13920,湿度を除く
55,ISHIKARI,14026,-,4,Wired Robot Weather Station,Y,Y,Y,Y,Y,ES,N,HAMAMASU,43,34.9,141,23.2,3,10,1.5,1977.10.12,-,-,湿度を除く
56,ISHIKARI,14071,-,4,Wired Robot Weather Station,Y,Y,Y,Y,Y,ES,Y,ATSUTA,43,23.8,141,26.2,5,10,1.5,1977.10.12,-,14900,湿度を除く
57,ISHIKARI,14101,-,4,Wired Robot Weather Station,Y,Y,Y,Y,Y,ES,Y,SHINSHINOTSU,43,13.2,141,38.7,9,10,1.5,#1978.10.23,-,14910,湿度を除く
58,ISHIKARI,14116,-,4,Wired Robot Weather Station,Y,Y,Y,Y,Y,ES,N,YAMAGUCHI,43,8.9,141,13.3,5,10,1.5,#1977.10.11,-,-,湿度を除く
59,ISHIKARI,14121,-,4,Wired Robot Weather Station,Y,Y,Y,Y,Y,ES,Y,ISHIKARI,43,11.6,141,22.2,5,10.1,1.5,1990.3.6,-,14905,-
60,ISHIKARI,14136,-,4,Wired Robot Weather Station,Y,Y,Y,Y,Y,ES,N,EBETSU,43,6.6,141,36.1,8,8,1.5,2000.10.31,-,-,湿度を除く
61,ISHIKARI,14157,-,R,Wired Robot Rain Gauge,Y,N,N,N,N,N,N,TEINEYAMA,43,5,141,12.1,568,-,-,19902.3.24,-,-,-
62,ISHIKARI,14163,47412,M,Ground Weather Observation Equipment,Y,Y,N,N,Y,Y,Y,SAPPORO,43,3.6,141,19.7,17,-,-,2001.9.26,-,14913,気温、雨、日照
63,ISHIKARI,14163,47412,M,Ground Weather Observation Equipment,N,N,Y,Y,N,Y,Y,SAPPORO,43,3.6,141,19.6,17,59.7,-,2001.9.26,-,-,風
64,ISHIKARI,14191,-,R,Wired Robot Rain Gauge,Y,N,N,N,N,N,Y,KOGANEYU,42,57.8,141,13,230,-,-,#,-,14915,-
65,ISHIKARI,14206,-,4,Wired Robot Weather Station,Y,Y,Y,Y,Y,ES,Y,ENIWASHIMAMATSU,42,55.6,141,33.9,30,10,1.5,#1977.10.13,-,14920,湿度を除く
66,ISHIKARI,14286,-,4,Wired Robot Weather Station,Y,Y,Y,Y,Y,ES,N,SHIKOTSUKOHAN,42,46.3,141,24.4,290,10,1.5,#1977.10.14,-,-,湿度を除く
67,ISHIKARI,14296,-,M,Ground Weather Observation Equipment,Y,Y,Y,Y,Y,N,Y,CHITOSE,42,46.5,141,41.5,22,10,-,2003.1.1,-,14923,日照・湿度・気圧を除く
68,SORACHI,15116,-,4,Wired Robot Weather Station,Y,Y,Y,Y,Y,ES,Y,ISHIKARINUMATA,43,48.9,141,55.6,63,10,1.5,#1976.4.1,-,15935,湿度を除く
69,SORACHI,15156,-,4,Wired Robot Weather Station,Y,Y,Y,Y,Y,ES,Y,CHIPPUBETSU,43,46.8,141,57.7,51,7.9,1.5,2022.10.31,-,15940,-
70,SORACHI,15161,-,4,Wired Robot Weather Station,Y,Y,Y,Y,Y,ES,Y,FUKAGAWA,43,43.1,142,4.4,55,10,1.5,#1977.10.7,-,15910,湿度を除く
71,SORACHI,15197,-,R,Wired Robot Rain Gauge,Y,N,N,N,N,N,N,URYU,43,39.6,141,53.5,42,-,-,2005.11.1,-,-,-
72,SORACHI,15216,-,R,Wired Robot Rain Gauge,Y,N,N,N,N,N,N,SHINJO,43,36.7,142,12.2,147,-,-,1984.10.5,-,-,-
73,SORACHI,15231,-,4,Wired Robot Weather Station,Y,Y,Y,Y,Y,ES,N,SORACHIYOSHINO,43,35.7,141,43.9,100,10,1.5,1978.11.2,-,-,湿度を除く
74,SORACHI,15241,-,4,Wired Robot Weather Station,Y,Y,Y,Y,Y,ES,Y,TAKIKAWA,43,34.2,141,56.3,50,9.9,1.5,#1976.4.1,-,15930,-
75,SORACHI,15247,-,R,Wired Robot Rain Gauge,Y,N,N,N,N,N,N,AKABIRA,43,33.2,142,4,120,-,-,2005.10.31,-,-,-
76,SORACHI,15251,-,4,Wired Robot Weather Station,Y,Y,Y,Y,Y,ES,Y,ASHIBETSU,43,31.2,142,11.4,91,10,1.5,#1978.10.25,-,15915,湿度を除く
77,SORACHI,15276,-,R,Wired Robot Rain Gauge,Y,N,N,N,N,N,N,URAUSU,43,25.7,141,48.5,25,-,-,1983.8.2,-,-,-
78,SORACHI,15311,-,4,Wired Robot Weather Station,Y,Y,Y,Y,Y,ES,N,TSUKIGATA,43,19.8,141,37,50,10,1.5,(1975.5.16)1977.10.6,-,-,湿度を除く
79,SORACHI,15321,-,4,Wired Robot Weather Station,Y,Y,Y,Y,Y,ES,Y,BIBAI,43,21.8,141,49.6,16,10,1.5,#1977.10.5,-,15920,湿度を除く
80,SORACHI,15356,47413,M,Ground Weather Observation Equipment,Y,Y,Y,Y,Y,Y,Y,IWAMIZAWA,43,12.7,141,47.1,42,22.1,-,#1975.4.3,-,15923,-
81,SORACHI,15391,-,R,Wired Robot Rain Gauge,Y,N,N,N,N,N,N,KURISAWA,43,7.3,141,44.7,20,-,-,1975.6.7,-,-,-
82,SORACHI,15431,-,4,Wired Robot Weather Station,Y,Y,Y,Y,Y,ES,N,NAGANUMA,43,0.7,141,41.6,13,10.1,2.5,#1977.10.5,-,-,-
83,SORACHI,15442,-,4,Wired Robot Weather Station,Y,Y,Y,Y,Y,ES,Y,YUBARI,43,2.3,141,57.4,293,10.1,1.5,#1976.4.1,-,15925,-
84,SORACHI,15451,-,R,Wired Robot Rain Gauge,Y,N,N,N,N,N,N,KASHIMA,43,4.8,142,6,310,-,-,1983.8.2,-,-,-
85,SORACHI,15491,-,R,Wired Robot Rain Gauge,Y,N,N,N,N,N,N,NUMANOSAWA,42,57.6,142,1.2,161,-,-,1983.8.2,-,-,-
86,SHIRIBESHI,16026,-,4,Wired Robot Weather Station,Y,Y,Y,Y,Y,ES,N,BIKUNI,43,16.3,140,33.8,75,10,1.5,#1977.10.25,-,-,湿度を除く
87,SHIRIBESHI,16061,-,4,Wired Robot Weather Station,Y,Y,Y,Y,Y,ES,N,KAMOENAI,43,8.7,140,25.4,50,9.9,1.5,1977.10.24,-,-,-
88,SHIRIBESHI,16076,-,4,Wired Robot Weather Station,Y,Y,Y,Y,Y,ES,Y,YOICHI,43,10.9,140,45.5,20,10,1.5,#1977.10.31,-,16905,湿度を除く
89,SHIRIBESHI,16091,47411,M,Ground Weather Observation Equipment,Y,Y,Y,Y,Y,Y,Y,OTARU,43,10.9,141,0.9,25,13.6,-,#1975.12.23,-,16903,-
90,SHIRIBESHI,16126,-,R,Wired Robot Rain Gauge,Y,N,N,N,N,N,Y,AKAIGAWA,43,5,140,49.2,148,-,-,1976.5.12,-,16900,-
91,SHIRIBESHI,16156,-,4,Wired Robot Weather Station,Y,Y,Y,Y,Y,ES,Y,IWANAI,42,58.8,140,36.2,15,10,1.5,#1977.10.24,-,16910,湿度を除く
92,SHIRIBESHI,16206,-,4,Wired Robot Weather Station,Y,Y,Y,Y,Y,ES,Y,RANKOSHI,42,48.6,140,32.5,39,8,1.5,#1977.10.20,-,16915,湿度を除く
93,SHIRIBESHI,16217,47433,M,Ground Weather Observation Equipment,Y,Y,Y,Y,Y,Y,Y,KUTCHAN,42,54,140,45.4,176,30.8,-,1991.8.28,-,16917,-
94,SHIRIBESHI,16252,47421,M,Ground Weather Observation Equipment,Y,Y,Y,Y,Y,Y,Y,SUTTSU,42,47.7,140,13.4,33,17.6,-,1989.9.22,-,16918,-
95,SHIRIBESHI,16272,-,R,Wired Robot Rain Gauge,Y,N,N,N,N,N,N,NISEKO,42,46.7,140,40,113,-,-,19902.3.11,-,-,-
96,SHIRIBESHI,16281,-,4,Wired Robot Weather Station,Y,Y,Y,Y,Y,ES,N,MAKKARI,42,46.5,140,52.8,440,10,3.3,(1975.7.1)1978.10.27,-,-,湿度を除く
97,SHIRIBESHI,16286,-,4,Wired Robot Weather Station,Y,Y,Y,Y,Y,ES,Y,KIMOBETSU,42,47.6,140,56.9,264,10,2.9,#1977.10.21,-,16920,湿度を除く
98,SHIRIBESHI,16321,-,4,Wired Robot Weather Station,Y,Y,Y,Y,Y,ES,Y,KUROMATSUNAI,42,39.8,140,18.6,27,10,1.5,#1977.10.20,-,16925,湿度を除く
99,OKHOTSK,17036,47405,M,Ground Weather Observation Equipment,Y,Y,Y,Y,Y,Y,Y,OMU,44,34.8,142,57.8,14,16.6,-,#1975.12.1,-,17903,-
100,OKHOTSK,17076,-,4,Wired Robot Weather Station,Y,Y,Y,Y,Y,ES,N,OKOPPE,44,28.2,143,6.5,8,9.9,1.5,#1977.10.28,-,-,-
101,OKHOTSK,17091,-,4,Wired Robot Weather Station,Y,Y,Y,Y,Y,ES,Y,NISHI-OKOPPE,44,19.9,142,56.1,120,8,2.5,(1975.7.1)1977.10.28,-,17900,湿度を除く
102,OKHOTSK,17112,47435,M,Ground Weather Observation Equipment,Y,Y,Y,Y,Y,Y,Y,MOMBETSU,44,20.7,143,21.3,16,13.6,-,1983.1.1,-,17904,-
103,OKHOTSK,17116,-,M,Ground Weather Observation Equipment,Y,Y,Y,Y,Y,N,Y,MOMBETSUKOMUKAI,44,18.2,143,24.2,18,10.4,-,2003.1.1,-,17960,日照・湿度・気圧を除く
104,OKHOTSK,17166,-,4,Wired Robot Weather Station,Y,Y,Y,Y,Y,ES,N,YUBETSU,44,12.8,143,37.1,5,9.4,2.5,#1977.10.26,-,-,湿度を除く
105,OKHOTSK,17196,-,4,Wired Robot Weather Station,Y,Y,Y,Y,Y,ES,Y,TAKINOUE,44,10.6,143,3.7,165,10,2.5,#1977.10.27,-,17905,湿度を除く
106,OKHOTSK,17211,-,R,Wired Robot Rain Gauge,Y,N,N,N,N,N,N,KAMIMOBETSU,44,11.2,143,20.1,94,-,-,#,-,-,-
107,OKHOTSK,17246,-,4,Wired Robot Weather Station,Y,Y,Y,Y,Y,ES,N,TOKORO,44,6.9,144,2.2,3,10,2.5,#1977.10.21,-,-,湿度を除く
108,OKHOTSK,17306,-,4,Wired Robot Weather Station,Y,Y,Y,Y,Y,ES,Y,ENGARU,44,3.2,143,32.4,80,10,2.5,#1977.10.24,-,17910,湿度を除く
109,OKHOTSK,17316,-,4,Wired Robot Weather Station,Y,Y,Y,Y,Y,ES,Y,SAROMA,44,1.1,143,45.6,54,10,2.5,#1977.10.21,-,17915,湿度を除く
110,OKHOTSK,17341,47409,M,Ground Weather Observation Equipment,Y,Y,Y,Y,Y,Y,Y,ABASHIRI,44,1,144,16.7,38,20,-,#1975.4.1,-,17917,-
111,OKHOTSK,17351,-,4,Wired Robot Weather Station,Y,Y,Y,Y,Y,ES,Y,UTORO,44,3.1,144,58.9,144,10,2.5,(1975.5.12)1978.10.26,-,17935,湿度を除く
112,OKHOTSK,17386,-,R,Wired Robot Rain Gauge,Y,N,N,N,N,N,N,MARUSEPPU,43,57.1,143,19.7,242,-,-,1984.10.5,-,-,-
113,OKHOTSK,17482,-,4,Wired Robot Weather Station,Y,Y,Y,Y,Y,ES,Y,SHIRATAKI,43,51.9,143,9.2,475,10,2.5,(1975.9.25)1993.1.27,-,17955,湿度を除く
114,OKHOTSK,17501,-,4,Wired Robot Weather Station,Y,Y,Y,Y,Y,ES,N,IKUTAHARA,43,55,143,31.9,199,10,2.5,#1977.10.25,-,-,湿度を除く
115,OKHOTSK,17512,-,R,Wired Robot Rain Gauge,Y,N,N,N,N,N,N,NIKOROYAMA,43,51.6,143,44.8,261,-,-,2005.11.2,-,-,-
116,OKHOTSK,17521,-,4,Wired Robot Weather Station,Y,Y,Y,Y,Y,ES,Y,KITAMI,43,46.6,143,50.5,104,10.1,2.5,#1976.4.1,-,17925,-
117,OKHOTSK,17531,-,M,Ground Weather Observation Equipment,Y,Y,Y,Y,Y,N,Y,MEMAMBETSU,43,52.8,144,9.8,33,10,-,2003.1.1,-,17965,日照・湿度・気圧を除く
118,OKHOTSK,17541,-,R,Wired Robot Rain Gauge,Y,N,N,N,N,N,N,HIGASHIMOKOTO,43,50.4,144,17.1,58,-,-,1978.7.11,-,-,-
119,OKHOTSK,17546,-,4,Wired Robot Weather Station,Y,Y,Y,Y,Y,ES,N,KOSHIMIZU,43,50.5,144,29.1,52,10,1.5,#1977.10.19,-,-,湿度を除く
120,OKHOTSK,17561,-,4,Wired Robot Weather Station,Y,Y,Y,Y,Y,ES,Y,SHARI,43,53.1,144,42,15,10,2.5,#1977.10.19,-,17940,湿度を除く
121,OKHOTSK,17596,-,4,Wired Robot Weather Station,Y,Y,Y,Y,Y,ES,Y,RUBESHIBE,43,44.5,143,27,325,10,2.5,#1978.11.1,-,17930,湿度を除く
122,OKHOTSK,17607,-,4,Wired Robot Weather Station,Y,Y,Y,Y,Y,ES,N,SAKAINO,43,42.4,143,38.6,184,10,2.5,1977.10.25,-,-,湿度を除く
123,OKHOTSK,17631,-,4,Wired Robot Weather Station,Y,Y,Y,Y,Y,ES,N,BIHORO,43,46.2,144,10.3,60,10.1,1.5,#1977.10.20,-,-,湿度を除く
124,OKHOTSK,17642,-,R,Wired Robot Rain Gauge,Y,N,N,N,N,N,N,YAMAZONO,43,44.6,144,20.2,361,-,-,19902.3.18,-,-,-
125,OKHOTSK,17686,-,R,Wired Robot Rain Gauge,Y,N,N,N,N,N,N,OKETOTSUNEMOTO,43,37.2,143,26.4,368,-,-,2005.11.8,-,-,-
126,OKHOTSK,17717,-,4,Wired Robot Weather Station,Y,Y,Y,Y,Y,ES,Y,TSUBETSU,43,42.1,144,2,100,10,2.5,1988.10.4,-,17950,湿度を除く
127,OKHOTSK,17776,-,R,Wired Robot Rain Gauge,Y,N,N,N,N,N,N,TSUBETSUFUTAMATA,43,35,143,51.9,210,-,-,2005.11.4,-,-,-
128,NEMURO,18038,-,4,Wired Robot Weather Station,Y,Y,Y,Y,Y,ES,Y,RAUSU,44,1.4,145,11.2,15,9.9,1.5,2005.11.1,-,18925,-
129,NEMURO,18091,-,R,Wired Robot Rain Gauge,Y,N,N,N,N,N,N,ITOKUSHIBETSU,43,43.3,144,59.3,115,-,-,1978.7.28,-,-,-
130,NEMURO,18136,-,4,Wired Robot Weather Station,Y,Y,Y,Y,Y,ES,N,SHIBETSU,43,39.7,145,7.9,3,10,1.5,#1977.10.18,-,-,湿度を除く
131,NEMURO,18161,-,4,Wired Robot Weather Station,Y,Y,Y,Y,Y,ES,N,KAMISHIBETSU,43,31.2,144,44.8,160,6.5,2.2,2003.10.16,-,-,湿度を除く
132,NEMURO,18171,-,4,Wired Robot Weather Station,Y,Y,Y,Y,Y,ES,Y,NAKASHIBETSU,43,32.6,144,58.7,50,10.1,1.5,#1977.10.18,-,18910,-
133,NEMURO,18174,-,M,Ground Weather Observation Equipment,Y,Y,Y,Y,Y,N,Y,NEMURO-NAKASHIBETSU,43,34.6,144,57.6,65,10,-,2003.1.1,-,18930,日照・湿度・気圧を除く
134,NEMURO,18256,-,4,Wired Robot Weather Station,Y,Y,Y,Y,Y,ES,Y,BETSUKAI,43,22.9,145,7.1,23,10,2.2,#1977.10.14,-,18915,湿度を除く
135,NEMURO,18273,47420,M,Ground Weather Observation Equipment,Y,Y,Y,Y,Y,Y,Y,NEMURO,43,19.8,145,35.1,25,29.2,-,1993.8.26,-,18917,-
136,NEMURO,18281,-,4,Wired Robot Weather Station,Y,Y,Y,Y,Y,ES,N,NOSAPPU,43,23.6,145,45.5,12,10,1.5,(1975.5.29)1977.10.13,-,-,湿度を除く
137,NEMURO,18311,-,4,Wired Robot Weather Station,Y,Y,Y,Y,Y,ES,Y,ATTOKO,43,13.3,145,13.6,41,10,1.5,1977.10.14,-,18920,湿度を除く
138,KUSHIRO,19021,-,4,Wired Robot Weather Station,Y,Y,Y,Y,Y,ES,Y,KAWAYU,43,37,144,27.4,158,9.5,1.5,#1977.10.6,-,19900,湿度を除く
139,KUSHIRO,19051,-,4,Wired Robot Weather Station,Y,Y,Y,Y,Y,ES,N,TESHIKAGA,43,30.6,144,28,170,10,1.5,1977.10.6,-,-,湿度を除く
140,KUSHIRO,19076,-,4,Wired Robot Weather Station,Y,Y,Y,Y,Y,ES,Y,AKANKOHAN,43,26.2,144,5,426,9.9,1.5,#1977.10.7,-,19910,湿度を除く
141,KUSHIRO,19151,-,4,Wired Robot Weather Station,Y,Y,Y,Y,Y,ES,Y,SHIBECHA,43,17.5,144,35.2,20,10,1.5,#1977.10.11,-,19915,湿度を除く
142,KUSHIRO,19191,-,4,Wired Robot Weather Station,Y,Y,Y,Y,Y,ES,Y,TSURUI,43,13.9,144,19.5,38,6.5,1.5,1977.10.5,-,19920,湿度を除く
143,KUSHIRO,19261,-,4,Wired Robot Weather Station,Y,Y,Y,Y,Y,ES,Y,NAKATESHIBETSU,43,11.9,144,8.5,80,10,1.5,#1977.10.7,-,19925,湿度を除く
144,KUSHIRO,19281,-,R,Wired Robot Rain Gauge,Y,N,N,N,N,N,N,TORO,43,8.9,144,29.8,25,-,-,1983.8.2,-,-,-
145,KUSHIRO,19301,-,R,Wired Robot Rain Gauge,Y,N,N,N,N,N,N,CHANAIGENYA,43,10.4,144,58,70,-,-,1984.10.1,-,-,-
146,KUSHIRO,19311,-,4,Wired Robot Weather Station,Y,Y,Y,Y,Y,ES,N,SAKAKIMACHI,43,7.2,145,6.6,2,9.6,1.5,1977.10.12,-,-,-
147,KUSHIRO,19346,-,R,Wired Robot Rain Gauge,Y,N,N,N,N,N,N,AKANDAI,43,6.8,144,7.4,40,-,-,#,-,-,-
148,KUSHIRO,19347,-,M,Ground Weather Observation Equipment,Y,Y,Y,Y,Y,N,Y,TSURUOKA,43,2.4,144,11.5,95,10,-,2003.1.1,-,19935,日照・湿度・気圧を除く
149,KUSHIRO,19376,-,4,Wired Robot Weather Station,Y,Y,Y,Y,Y,ES,Y,OTA,43,5.4,144,46.7,85,10,1.5,1977.10.11,-,19930,湿度を除く
150,KUSHIRO,19406,-,R,Wired Robot Rain Gauge,Y,N,N,N,N,N,N,FUTAMATA,42,58.3,143,52.5,45,-,-,1976.6.29,-,-,-
151,KUSHIRO,19416,-,4,Wired Robot Weather Station,Y,Y,Y,Y,Y,ES,Y,SHIRANUKA,42,58.2,144,3.7,9,10,1.5,#1977.10.5,-,19940,湿度を除く
152,KUSHIRO,19432,47418,M,Ground Weather Observation Equipment,Y,Y,Y,Y,Y,Y,Y,KUSHIRO,42,59.1,144,22.6,5,66.1,-,2000.10.5,-,19950,-
153,KUSHIRO,19451,-,4,Wired Robot Weather Station,Y,Y,Y,Y,Y,ES,N,CHIPPOMANAI,42,56.3,144,44.1,149,10.1,1.5,1978.10.27,-,-,-
154,TOKACHI,20047,-,R,Wired Robot Rain Gauge,Y,N,N,N,N,N,N,MITSUMATA,43,30.6,143,8.9,660,-,-,2005.11.9,-,-,-
155,TOKACHI,20071,-,R,Wired Robot Rain Gauge,Y,N,N,N,N,N,N,SHOTOSHIBETSU,43,35.3,143,40.8,313,-,-,1983.8.2,-,-,-
156,TOKACHI,20146,-,4,Wired Robot Weather Station,Y,Y,Y,Y,Y,ES,Y,RIKUBETSU,43,28.3,143,45.2,210,10,1.5,#1977.10.21,-,20900,-
157,TOKACHI,20186,-,4,Wired Robot Weather Station,Y,Y,Y,Y,Y,ES,Y,NUKABIRA,43,22,143,11.5,540,9.9,1.5,1976.4.1,-,20910,-
158,TOKACHI,20202,-,R,Wired Robot Rain Gauge,Y,N,N,N,N,N,N,KASHIWAKURA,43,21.7,143,27.5,378,-,-,1983.8.2,-,-,-
159,TOKACHI,20222,-,R,Wired Robot Rain Gauge,Y,N,N,N,N,N,N,KAMIRAWAN,43,19.1,143,48.1,232,-,-,1983.10.5,-,-,-
160,TOKACHI,20266,-,4,Wired Robot Weather Station,Y,Y,Y,Y,Y,ES,Y,KAMISHIHORO,43,14.5,143,17.7,287,10.1,1.5,#1977.10.20,-,20920,-
161,TOKACHI,20276,-,4,Wired Robot Weather Station,Y,Y,Y,Y,Y,ES,N,ASHORO,43,14.6,143,33.2,90,10,1.5,#1977.10.21,-,-,湿度を除く
162,TOKACHI,20331,-,R,Wired Robot Rain Gauge,Y,N,N,N,N,N,N,OSHOPPU,43,6.9,143,26.6,104,-,-,1983.8.2,-,-,-
163,TOKACHI,20341,-,4,Wired Robot Weather Station,Y,Y,Y,Y,Y,ES,Y,HOMBETSU,43,7.9,143,36,67,10,1.5,#1976.3.10,-,20935,-
164,TOKACHI,20356,-,4,Wired Robot Weather Station,Y,Y,Y,Y,Y,ES,Y,SHINTOKU,43,4.6,142,50.4,178,10,1.5,#1977.10.24,-,20930,湿度を除く
165,TOKACHI,20361,-,4,Wired Robot Weather Station,Y,Y,Y,Y,Y,ES,N,SHIKAOI,43,6.2,142,59.7,206,8,1.5,#1978.10.30,-,-,湿度を除く
166,TOKACHI,20371,-,4,Wired Robot Weather Station,Y,Y,Y,Y,Y,ES,N,KOMABA,43,3,143,11,112,10,1.5,1977.10.20,-,-,湿度を除く
167,TOKACHI,20421,-,4,Wired Robot Weather Station,Y,Y,Y,Y,Y,ES,Y,MEMURO,42,54,143,2.6,90,10,1.5,#1977.10.24,-,20940,湿度を除く
168,TOKACHI,20432,47417,M,Ground Weather Observation Equipment,Y,Y,N,N,N,Y,Y,OBIHIRO,42,55.3,143,12.7,38,-,-,1998.1.28,-,20943,気温、雨
169,TOKACHI,20432,47417,M,Ground Weather Observation Equipment,N,N,Y,Y,N,Y,Y,OBIHIRO,42,54.5,143,13.4,45,11.2,-,1998.1.28,-,-,風、日照
170,TOKACHI,20441,-,4,Wired Robot Weather Station,Y,Y,Y,Y,N,ES,N,IKEDA,42,55.2,143,27.5,42,10,1.5,#1977.10.26,-,-,湿度を除く
171,TOKACHI,20451,-,R,Wired Robot Rain Gauge,Y,N,N,N,N,N,N,RUSHIN,42,55,143,39.7,40,-,-,1984.10.1,-,-,-
172,TOKACHI,20506,-,4,Wired Robot Weather Station,Y,Y,Y,Y,N,ES,Y,URAHORO,42,48.5,143,39.4,20,8.3,1.5,#1977.10.27,-,20945,湿度を除く
173,TOKACHI,20551,-,M,Ground Weather Observation Equipment,Y,Y,Y,Y,Y,N,Y,OBIHIRO-IZUMI,42,44,143,13,149,10,-,2003.1.1,-,20955,日照・湿度・気圧を除く
174,TOKACHI,20556,-,4,Wired Robot Weather Station,Y,Y,Y,Y,N,ES,N,NUKANAI,42,47.2,143,19.7,70,10,1.5,1978.10.30,-,-,湿度を除く
175,TOKACHI,20601,-,4,Wired Robot Weather Station,Y,Y,Y,Y,N,ES,Y,KAMISATSUNAI,42,38.5,143,5.8,251,10,1.5,1977.10.25,-,20950,湿度を除く
176,TOKACHI,20606,-,4,Wired Robot Weather Station,Y,Y,Y,Y,N,ES,N,SARABETSU,42,39.1,143,11.7,185,10,1.5,1977.10.25,-,-,湿度を除く
177,TOKACHI,20631,-,4,Wired Robot Weather Station,Y,Y,Y,Y,N,ES,N,OTSU,42,41.2,143,38.8,4,10,1.5,1977.10.27,-,-,湿度を除く
178,TOKACHI,20696,-,4,Wired Robot Weather Station,Y,Y,Y,Y,N,ES,Y,TAIKI,42,30,143,16.4,87,10,1.5,#1977.10.26,-,20960,湿度を除く
179,TOKACHI,20751,47440,M,Ground Weather Observation Equipment,Y,Y,Y,Y,Y,Y,Y,HIRO-O,42,17.6,143,19,32,20.1,-,#1975.12.19,-,20965,-
180,IBURI,21031,-,R,Wired Robot Rain Gauge,Y,N,N,N,N,N,Y,ABIRA,42,48.8,141,49.7,32,-,-,#,-,21900,-
181,IBURI,21111,-,4,Wired Robot Weather Station,Y,Y,Y,Y,N,ES,N,ATSUMA,42,43.8,141,53.3,20,10,1.5,#1977.10.5,-,-,湿度を除く
182,IBURI,21126,-,4,Wired Robot Weather Station,Y,Y,Y,Y,N,ES,Y,HOBETSU,42,45.7,142,8.6,56,10,1.5,#1977.10.5,-,21905,湿度を除く
183,IBURI,21161,-,4,Wired Robot Weather Station,Y,Y,Y,Y,N,ES,Y,OTAKI,42,40.2,141,4.7,390,10,2.5,(1975.6.3)1977.10.7,-,21910,湿度を除く
184,IBURI,21171,-,4,Wired Robot Weather Station,Y,Y,Y,Y,N,ES,N,MORINO,42,37.8,141,14.8,170,10,1.5,#1977.10.27,-,-,湿度を除く
185,IBURI,21187,47424,M,Ground Weather Observation Equipment,Y,Y,Y,Y,Y,Y,Y,TOMAKOMAI,42,37.4,141,32.8,6,20.2,-,1988.6.25,-,21913,-
186,IBURI,21226,-,4,Wired Robot Weather Station,Y,Y,Y,Y,Y,ES,Y,OKISHI,42,35.4,140,38.6,4,10.1,1.5,#1977.10.11,-,21915,-
187,IBURI,21237,-,R,Wired Robot Rain Gauge,Y,N,N,N,N,N,N,TOYAKOONSEN,42,33.9,140,48.4,85,-,-,1978.12.8,-,-,-
188,IBURI,21251,-,R,Wired Robot Rain Gauge,Y,N,N,N,N,N,N,KARURUSU,42,31,141,6.4,300,-,-,1985.7.31,-,-,-
189,IBURI,21261,-,4,Wired Robot Weather Station,Y,Y,Y,Y,N,ES,Y,SHIRAOI,42,32.6,141,21.1,6,6.5,1.5,#1977.10.6,-,21920,湿度を除く
190,IBURI,21276,-,4,Wired Robot Weather Station,Y,Y,Y,Y,N,ES,N,MUKAWA,42,35.4,141,56,10,10,1.5,#1978.10.26,-,-,湿度を除く
191,IBURI,21297,-,4,Wired Robot Weather Station,Y,Y,Y,Y,N,ES,N,DATE,42,28.5,140,50.9,3,10,1.5,#1977.10.11,-,-,湿度を除く
192,IBURI,21312,-,4,Wired Robot Weather Station,Y,Y,Y,Y,N,ES,Y,NOBORIBETSU,42,27.5,141,7.1,197,10,1.5,#1983.8.10,-,21925,湿度を除く
193,IBURI,21323,47423,M,Ground Weather Observation Equipment,Y,Y,Y,Y,Y,Y,Y,MURORAN,42,18.7,140,58.5,40,18.4,-,#1985.7.1,-,21930,-
194,HIDAKA,22036,-,4,Wired Robot Weather Station,Y,Y,Y,Y,N,ES,Y,HIDAKA,42,52.6,142,26.5,280,10,1.5,1977.10.19,-,22900,湿度を除く
195,HIDAKA,22072,-,R,Wired Robot Rain Gauge,Y,N,N,N,N,N,N,NISEU,42,46.3,142,21.5,150,-,-,1985.9.25,-,-,-
196,HIDAKA,22106,-,R,Wired Robot Rain Gauge,Y,N,N,N,N,N,Y,ASAHI,42,37.7,142,23.6,245,-,-,1985.9.26,-,22906,-
197,HIDAKA,22141,-,4,Wired Robot Weather Station,Y,Y,Y,Y,Y,ES,N,HIDAKA-MOMBETSU,42,29.8,142,3.2,47,9.9,1.5,#1976.3.11,-,-,-
198,HIDAKA,22156,-,4,Wired Robot Weather Station,Y,Y,Y,Y,N,ES,N,SHINWA,42,32.6,142,20,60,10,1.9,#1977.10.18,-,-,湿度を除く
199,HIDAKA,22206,-,R,Wired Robot Rain Gauge,Y,N,N,N,N,N,N,SASAYAMA,42,26,142,28.9,110,-,-,1987.10.6,-,-,-
200,HIDAKA,22241,-,4,Wired Robot Weather Station,Y,Y,Y,Y,Y,ES,Y,SHIZUNAI,42,20.6,142,21.7,10,9.9,1.5,#1977.10.17,-,22920,-
201,HIDAKA,22291,-,4,Wired Robot Weather Station,Y,Y,Y,Y,N,ES,N,MITSUISHI,42,14.7,142,39.7,10,10,1.5,1977.10.17,-,-,湿度を除く
202,HIDAKA,22306,-,4,Wired Robot Weather Station,Y,Y,Y,Y,N,ES,Y,NAKAKINEUSU,42,13.4,142,56.9,98,10,1.5,1978.10.31,-,22910,湿度を除く
203,HIDAKA,22327,47426,M,Ground Weather Observation Equipment,Y,Y,Y,Y,Y,Y,Y,URAKAWA,42,9.7,142,46.6,37,18.1,-,#1983.3.1,-,22913,-
204,HIDAKA,22356,-,R,Wired Robot Rain Gauge,Y,N,N,N,N,N,Y,MEGURO,42,7.7,143,18.7,7,-,-,1978.8.30,-,22915,-
205,HIDAKA,22366,-,R,Wired Robot Rain Gauge,Y,N,N,N,N,N,N,HOROMAN,42,4.6,143,2.1,0,-,-,1978.7.14,-,-,-
206,HIDAKA,22391,-,4,Wired Robot Weather Station,Y,Y,Y,Y,Y,ES,N,ERIMOMISAKI,41,55.5,143,14.6,63,8.1,1.5,1978.12.27,-,-,-
207,OSHIMA,23031,-,4,Wired Robot Weather Station,Y,Y,Y,Y,N,ES,Y,OSHAMAMBE,42,31.4,140,22.9,10,10,1.5,#1977.10.12,-,23900,湿度を除く
208,OSHIMA,23086,-,4,Wired Robot Weather Station,Y,Y,Y,Y,N,ES,Y,YAKUMO,42,15.1,140,16.3,8,10,1.5,#1977.10.12,-,23905,湿度を除く
209,OSHIMA,23166,-,4,Wired Robot Weather Station,Y,Y,Y,Y,N,ES,Y,MORI,42,4,140,35.3,125,8,1.5,2002.3.1,-,23925,湿度を除く
210,OSHIMA,23191,-,R,Wired Robot Rain Gauge,Y,N,N,N,N,N,Y,ONUMA,41,58.6,140,42.9,165,-,-,#,-,23910,-
211,OSHIMA,23206,-,4,Wired Robot Weather Station,Y,Y,Y,Y,Y,ES,N,MINAMIKAYABE,41,54.3,140,58.2,25,10.1,1.5,#1977.10.13,-,-,-
212,OSHIMA,23226,-,4,Wired Robot Weather Station,Y,Y,Y,Y,N,ES,N,ONO,41,53.2,140,39.2,25,10,1.5,#1977.10.13,-,-,湿度を除く
213,OSHIMA,23232,47430,M,Ground Weather Observation Equipment,Y,Y,Y,Y,Y,Y,Y,HAKODATE,41,49,140,45.2,35,25.9,-,1992.7.23,-,23915,-
214,OSHIMA,23281,47891,M,Ground Weather Observation Equipment,Y,Y,Y,Y,Y,N,Y,TAKAMATSU,41,46.2,140,49.3,34,10,-,2003.1.1,-,23930,日照・湿度・気圧を除く
215,OSHIMA,23291,-,R,Wired Robot Rain Gauge,Y,N,N,N,N,N,N,TOI,41,43,141,0.2,20,-,-,2003.3.20,-,-,-
216,OSHIMA,23321,-,R,Wired Robot Rain Gauge,Y,N,N,N,N,N,N,SHIRIUCHI,41,35.9,140,22.5,24,-,-,2004.10.1,-,-,-
217,OSHIMA,23326,-,4,Wired Robot Weather Station,Y,Y,Y,Y,Y,ES,N,KIKONAI,41,40.8,140,26.2,10,9.9,1.5,(1975.4.18)1977.10.14,-,-,-
218,OSHIMA,23356,-,R,Wired Robot Rain Gauge,Y,N,N,N,N,N,Y,SENGEN,41,33.5,140,16.3,100,-,-,1978.7.19,-,23920,-
219,OSHIMA,23376,-,4,Wired Robot Weather Station,Y,Y,Y,Y,Y,ES,N,MATSUMAE,41,25.4,140,5.2,30,10.1,1.5,#1977.10.14,-,-,-
220,OSHIMA,24141,-,4,Wired Robot Weather Station,Y,Y,Y,Y,N,ES,Y,KUMAISHI,42,7.7,139,59.1,12,10,1.5,#1977.10.18,-,24905,湿度を除く
221,HIYAMA,24041,-,4,Wired Robot Weather Station,Y,Y,Y,Y,N,ES,N,SETANA,42,27,139,51.1,10,10,1.5,#1977.10.19,-,-,湿度を除く
222,HIYAMA,24051,-,4,Wired Robot Weather Station,Y,Y,Y,Y,N,ES,Y,IMAKANE,42,25.7,140,0.5,19,10,1.5,#1977.10.19,-,24900,湿度を除く
223,HIYAMA,24101,-,4,Wired Robot Weather Station,Y,Y,Y,Y,Y,ES,N,OKUSHIRI,42,14.9,139,33.4,5,9.9,1.5,2000.1.28,-,-,-
224,HIYAMA,24156,-,M,Ground Weather Observation Equipment,Y,Y,Y,Y,Y,N,N,YONEOKA,42,4.3,139,25.9,49,10,-,2003.1.1,-,-,日照・湿度・気圧を除く
225,HIYAMA,24166,-,R,Wired Robot Rain Gauge,Y,N,N,N,N,N,N,SHIOMI,42,2.3,140,5.3,50,-,-,#,-,-,-
226,HIYAMA,24201,-,4,Wired Robot Weather Station,Y,Y,Y,Y,N,ES,Y,UZURA,41,55.8,140,18.7,53,10,1.5,1977.10.18,-,24910,湿度を除く
227,HIYAMA,24217,47428,M,Ground Weather Observation Equipment,Y,Y,Y,Y,Y,Y,Y,ESASHI,41,52,140,7.4,4,19.5,-,1979.8.30,-,24915,-
228,HIYAMA,24236,-,R,Wired Robot Rain Gauge,Y,N,N,N,N,N,N,ISHIZAKI,41,42,140,1.7,5,-,-,1977.10.20,-,-,-
229,AOMORI,31001,-,4,Wired Robot Weather Station,Y,Y,Y,Y,N,ES,Y,OMA,41,31.6,140,54.7,14,10,2,(1975.5.24)1976.11.24,-,31900,湿度を除く
230,AOMORI,31036,-,R,Wired Robot Rain Gauge,Y,N,N,N,N,N,N,YUNOKAWA,41,18.8,140,57.4,162,-,-,2005.10.21,-,-,-
231,AOMORI,31111,47576,M,Ground Weather Observation Equipment,Y,Y,Y,Y,Y,Y,Y,MUTSU,41,17,141,12.6,3,11.1,-,#1975.12.10,-,31903,-
232,AOMORI,31121,-,4,Wired Robot Weather Station,Y,Y,Y,Y,N,ES,N,ODANOSAWA,41,14.1,141,23.8,6,10,1.5,1976.11.22,-,-,湿度を除く
233,AOMORI,31136,-,4,Wired Robot Weather Station,Y,Y,Y,Y,N,ES,Y,IMABETSU,41,10.8,140,28.9,30,10,1.5,(1975.5.21)1976.11.16,-,31905,湿度を除く
234,AOMORI,31156,-,4,Wired Robot Weather Station,Y,Y,Y,Y,N,ES,Y,WAKINOSAWA,41,8.7,140,49.3,15,10,1.5,1976.11.25,-,31940,湿度を除く
235,AOMORI,31186,-,4,Wired Robot Weather Station,Y,Y,Y,Y,Y,ES,N,SHIURA,41,3.4,140,20.8,20,9.9,2.1,1976.11.18,-,-,-
236,AOMORI,31201,-,4,Wired Robot Weather Station,Y,Y,Y,Y,N,ES,N,KANITA,41,2.7,140,38,5,8.2,1.5,#1976.11.17,-,-,湿度を除く
237,AOMORI,31296,-,4,Wired Robot Weather Station,Y,Y,Y,Y,Y,ES,Y,GOSHOGAWARA,40,48.5,140,27.5,9,9.9,2,#1976.11.19,-,31910,-
238,AOMORI,31312,47575,M,Ground Weather Observation Equipment,Y,Y,Y,Y,Y,Y,Y,AOMORI,40,49.3,140,46.1,3,31.8,-,1989.12.1,-,31913,-
239,AOMORI,31321,-,R,Wired Robot Rain Gauge,Y,N,N,N,N,N,N,YAMATOYAMA,40,50.9,140,59.1,137,-,-,1975.5.24,-,-,-
240,AOMORI,31332,-,4,Wired Robot Weather Station,Y,Y,Y,Y,N,ES,Y,NOHEJI,40,53.1,141,9.6,14,10,2,19900.11.21,-,31916,湿度を除く
241,AOMORI,31336,-,4,Wired Robot Weather Station,Y,Y,Y,Y,N,ES,N,ROKKASHO,40,53.1,141,16.3,80,8.3,2,1982.9.22,-,-,湿度を除く
242,AOMORI,31366,-,4,Wired Robot Weather Station,Y,Y,Y,Y,Y,ES,Y,AJIGASAWA,40,46.6,140,12.3,40,10.1,2,#1976.11.22,-,31945,-
243,AOMORI,31386,-,M,Ground Weather Observation Equipment,Y,Y,Y,Y,Y,N,Y,AOMORI-OTANI,40,44,140,41.3,198,10,-,2003.1.1,-,31965,日照・湿度・気圧を除く
244,AOMORI,31411,-,R,Wired Robot Rain Gauge,Y,N,N,N,N,N,N,SHICHINOHE,40,42.5,141,7.7,57,-,-,1977.9.22,-,-,-
245,AOMORI,31436,47574,M,Ground Weather Observation Equipment,Y,Y,Y,Y,Y,Y,Y,FUKAURA,40,38.7,139,55.9,66,22.2,-,#1975.3.22,-,31923,-
246,AOMORI,31451,-,R,Wired Robot Rain Gauge,Y,N,N,N,N,N,N,DAKE,40,37.7,140,15.8,438,-,-,1976.7.26,-,-,-
247,AOMORI,31461,-,4,Wired Robot Weather Station,Y,Y,Y,Y,Y,ES,Y,HIROSAKI,40,36.7,140,27.3,30,10,2,#1976.3.5,-,31920,-
248,AOMORI,31466,-,4,Wired Robot Weather Station,Y,Y,Y,Y,N,ES,N,KUROISHI,40,40,140,35.1,30,10,2,#1976.11.22,-,-,湿度を除く
249,AOMORI,31482,-,4,Wired Robot Weather Station,Y,Y,Y,Y,N,ES,Y,SUKAYU,40,38.9,140,50.9,890,10,6,(1975.11.27)1976.11.15,-,31925,湿度を除く
250,AOMORI,31506,-,4,Wired Robot Weather Station,Y,Y,Y,Y,N,ES,N,MISAWA,40,40.5,141,22.5,39,8.1,1.5,#1976.11.15,-,-,湿度を除く
251,AOMORI,31551,-,R,Wired Robot Rain Gauge,Y,N,N,N,N,N,N,OWANI,40,31.8,140,33.3,63,-,-,19902.12.6,-,-,-
252,AOMORI,31562,-,R,Wired Robot Rain Gauge,Y,N,N,N,N,N,N,NURUKAWA,40,30.9,140,47,404,-,-,1983.9.13,-,-,-
253,AOMORI,31586,-,4,Wired Robot Weather Station,Y,Y,Y,Y,N,ES,Y,TOWADA,40,36.4,141,14,55,10,1.5,#1976.11.16,-,31950,湿度を除く
254,AOMORI,31602,47581,M,Ground Weather Observation Equipment,Y,Y,N,N,N,Y,Y,HACHINOHE,40,31.6,141,31.3,27,-,-,2007.3.29,-,31953,気温、雨、日照
255,AOMORI,31602,47581,M,Ground Weather Observation Equipment,N,N,Y,Y,N,Y,Y,HACHINOHE,40,31.6,141,31.3,26,27.5,-,2007.3.29,-,-,風
256,AOMORI,31646,-,4,Wired Robot Weather Station,Y,Y,Y,Y,Y,ES,Y,IKARIGASEKI,40,28.9,140,37.2,135,10.1,2,#1976.11.24,-,31935,-
257,AOMORI,31662,-,4,Wired Robot Weather Station,Y,Y,Y,Y,N,ES,N,YASUMIYA,40,25.6,140,53.9,414,10,2,1982.10.15,-,-,湿度を除く
258,AOMORI,31671,-,R,Wired Robot Rain Gauge,Y,N,N,N,N,N,N,HERAI,40,28.1,141,10.6,125,-,-,1978.8.21,-,-,-
259,AOMORI,31721,-,4,Wired Robot Weather Station,Y,Y,Y,Y,Y,ES,Y,SANNOHE,40,23,141,15.4,60,9.9,2,#1976.11.28,-,31955,-
260,AKITA,32056,-,4,Wired Robot Weather Station,Y,Y,Y,Y,Y,ES,N,HACHIMORI,40,24.8,139,56.9,34,10.1,2,(1975.5.24)1976.11.27,-,-,-
261,AKITA,32071,-,R,Wired Robot Rain Gauge,Y,N,N,N,N,N,N,FUJISATO,40,19.2,140,17.6,68,-,-,1978.8.22,-,-,-
262,AKITA,32091,-,R,Wired Robot Rain Gauge,Y,N,N,N,N,N,N,JIMBA,40,24.2,140,36.5,176,-,-,#,-,-,-
263,AKITA,32096,-,R,Wired Robot Rain Gauge,Y,N,N,N,N,N,N,FUJIWARA,40,21.2,140,46.8,280,-,-,1983.9.21,-,-,-
264,AKITA,32111,-,4,Wired Robot Weather Station,Y,Y,Y,Y,N,ES,Y,NOSHIRO,40,11.9,140,1.9,6,19,2,#1976.11.30,-,32900,湿度を除く
265,AKITA,32126,-,4,Wired Robot Weather Station,Y,Y,Y,Y,Y,ES,Y,TAKANOSU,40,13.6,140,22.3,29,10.3,3,#1976.4.1,-,32905,-
266,AKITA,32136,-,4,Wired Robot Weather Station,Y,Y,Y,Y,N,ES,N,ODATE,40,15.1,140,30.3,49,10,2.5,#1976.11.25,-,-,湿度を除く
267,AKITA,32146,-,4,Wired Robot Weather Station,Y,Y,Y,Y,N,ES,Y,KEMANAI,40,12.9,140,47.2,123,10,2.5,#1976.11.26,-,32910,湿度を除く
268,AKITA,32181,-,M,Ground Weather Observation Equipment,Y,Y,Y,Y,Y,N,N,WAKIGAMI,40,11.5,140,22.3,84,10,-,2003.1.1,-,-,日照・湿度・気圧を除く
269,AKITA,32206,-,4,Wired Robot Weather Station,Y,Y,Y,Y,N,ES,N,YUZE,40,7.2,140,50.4,214,10,2.5,#1976.11.27,-,-,湿度を除く
270,AKITA,32266,-,4,Wired Robot Weather Station,Y,Y,Y,Y,N,ES,N,HACHIMANTAI,40,0.8,140,48.1,578,10,3.5,1978.11.7,-,-,湿度を除く
271,AKITA,32276,-,R,Wired Robot Rain Gauge,Y,N,N,N,N,N,N,OGASHINZAN,39,56.3,139,46.9,84,-,-,1985.6.11,-,-,-
272,AKITA,32286,-,4,Wired Robot Weather Station,Y,Y,Y,Y,N,ES,N,OGA,39,54.7,139,54,20,6.5,1.5,(1975.5.23)1976.11.24,-,-,湿度を除く
273,AKITA,32287,-,4,Wired Robot Weather Station,Y,Y,Y,Y,N,ES,N,OGATA,40,0,139,57,-3,10,1.5,(1975.5.23)1976.11.25,-,-,湿度を除く
274,AKITA,32296,-,4,Wired Robot Weather Station,Y,Y,Y,Y,N,ES,Y,GOJOME,39,56.3,140,6.9,6,6.5,2,#1976.11.26,-,32915,湿度を除く
275,AKITA,32311,-,4,Wired Robot Weather Station,Y,Y,Y,Y,N,ES,Y,ANIAI,39,59.6,140,24.2,120,6.5,3.5,1976.12.7,-,32920,湿度を除く
276,AKITA,32312,-,R,Wired Robot Rain Gauge,Y,N,N,N,N,N,N,HITACHINAI,39,54.2,140,27,210,-,-,1976.9.28,-,-,-
277,AKITA,32376,-,R,Wired Robot Rain Gauge,Y,N,N,N,N,N,N,HINOKINAI,39,48.7,140,35.1,255,-,-,1978.10.12,-,-,-
278,AKITA,32402,47582,M,Ground Weather Observation Equipment,Y,Y,Y,Y,Y,Y,Y,AKITA,39,43,140,5.9,6,40.8,-,1989.10.30,-,32927,-
279,AKITA,32407,-,4,Wired Robot Weather Station,Y,Y,Y,Y,Y,ES,N,IWAMISANNAI,39,42.4,140,17.2,41,10.1,2.5,#1976.11.25,-,-,-
280,AKITA,32408,-,R,Wired Robot Rain Gauge,Y,N,N,N,N,N,N,NIBETSU,39,48,140,13,179,-,-,1985.6.14,-,-,-
281,AKITA,32426,-,R,Wired Robot Rain Gauge,Y,N,N,N,N,N,N,YOROIBATA,39,46.5,140,39.9,281,-,-,1977.7.5,-,-,-
282,AKITA,32431,-,R,Wired Robot Rain Gauge,Y,N,N,N,N,N,N,TAZAWAKO-KOGEN,39,46.7,140,45.7,652,-,-,19906.8.29,-,-,-
283,AKITA,32451,-,M,Ground Weather Observation Equipment,Y,Y,Y,Y,Y,N,Y,YUWA,39,36.9,140,13.1,93,10,-,2003.1.1,-,32965,日照・湿度・気圧を除く
284,AKITA,32466,-,4,Wired Robot Weather Station,Y,Y,Y,Y,N,ES,Y,KAKUNODATE,39,36.2,140,33.4,56,10,2,#1976.11.18,-,32930,湿度を除く
285,AKITA,32476,-,4,Wired Robot Weather Station,Y,Y,Y,Y,N,ES,N,TAZAWAKO,39,41.9,140,43.9,230,6.5,2,#1976.11.19,-,-,湿度を除く
286,AKITA,32496,-,4,Wired Robot Weather Station,Y,Y,Y,Y,N,ES,Y,DAISHOJI,39,31.6,140,14,20,6.5,2,(1975.5.27)1976.11.20,-,32935,湿度を除く
287,AKITA,32551,-,4,Wired Robot Weather Station,Y,Y,Y,Y,N,ES,N,OMAGARI,39,29.4,140,29.7,30,10,2,#1976.11.17,-,-,湿度を除く
288,AKITA,32571,-,4,Wired Robot Weather Station,Y,Y,Y,Y,N,ES,Y,HONJO,39,21.6,140,3.3,11,6.5,1.5,#1976.11.20,-,32940,湿度を除く
289,AKITA,32581,-,4,Wired Robot Weather Station,Y,Y,Y,Y,N,ES,N,HIGASHIYURI,39,18.3,140,17.3,117,10,2.5,1976.11.17,-,-,湿度を除く
290,AKITA,32596,-,4,Wired Robot Weather Station,Y,Y,Y,Y,N,ES,Y,YOKOTE,39,19.2,140,33.3,59,10,2.5,#1976.4.1,-,32945,湿度を除く
291,AKITA,32616,-,4,Wired Robot Weather Station,Y,Y,Y,Y,Y,ES,N,KISAKATA,39,15.3,139,54.8,7,10.1,2,#1976.11.19,-,-,-
292,AKITA,32626,-,4,Wired Robot Weather Station,Y,Y,Y,Y,N,ES,Y,YASHIMA,39,14.1,140,8.2,46,10,2.5,#1976.11.18,-,32950,湿度を除く
293,AKITA,32681,-,R,Wired Robot Rain Gauge,Y,N,N,N,N,N,N,JINEGO,39,6.2,140,17.6,200,-,-,1983.9.14,-,-,-
294,AKITA,32691,-,4,Wired Robot Weather Station,Y,Y,Y,Y,N,ES,Y,YUZAWA,39,11.2,140,27.8,74,10,2.5,#1976.11.16,-,32960,湿度を除く
295,AKITA,32701,-,R,Wired Robot Rain Gauge,Y,N,N,N,N,N,N,HIGASHINARUSE,39,10.7,140,38.9,191,-,-,1976.7.27,-,-,-
296,AKITA,32771,-,4,Wired Robot Weather Station,Y,Y,Y,Y,N,ES,Y,YUNOTAI,38,57.6,140,31.7,335,6.5,3,#1976.11.15,-,32955,湿度を除く
297,IWATE,33006,-,4,Wired Robot Weather Station,Y,Y,Y,Y,N,ES,N,TANEICHI,40,24.2,141,42,70,6.5,2,#1976.11.20,-,-,湿度を除く
298,IWATE,33026,-,4,Wired Robot Weather Station,Y,Y,Y,Y,N,ES,N,KARUMAI,40,19.5,141,28,148,10,2,#1976.11.21,-,-,湿度を除く
299,IWATE,33071,-,4,Wired Robot Weather Station,Y,Y,Y,Y,N,ES,Y,NINOHE,40,17.9,141,17.9,87,6.5,2,#1976.11.22,-,33905,湿度を除く
300,IWATE,33086,-,R,Wired Robot Rain Gauge,Y,N,N,N,N,N,N,ONO,40,16.9,141,40,200,-,-,1975.5.23,-,-,-
301,IWATE,33136,-,4,Wired Robot Weather Station,Y,Y,Y,Y,N,ES,N,YAMAGATA,40,8.9,141,34.3,290,10,2.5,1977.10.31,-,-,湿度を除く
302,IWATE,33146,-,4,Wired Robot Weather Station,Y,Y,Y,Y,Y,ES,Y,KUJI,40,10.1,141,44.9,13,9.9,2,#1976.11.19,-,33960,-
303,IWATE,33166,-,4,Wired Robot Weather Station,Y,Y,Y,Y,Y,ES,N,ARAYA,40,6.2,141,3,290,10.1,2,1976.12.14,-,-,-
304,IWATE,33176,-,4,Wired Robot Weather Station,Y,Y,Y,Y,N,ES,Y,OKUNAKAYAMA,40,3.6,141,13.5,430,10,2,1977.10.27,-,33915,湿度を除く
305,IWATE,33186,-,4,Wired Robot Weather Station,Y,Y,Y,Y,N,ES,Y,KUZUMAKI,40,2.4,141,27.4,418,10,2,#1976.12.13,-,33920,湿度を除く
306,IWATE,33201,-,R,Wired Robot Rain Gauge,Y,N,N,N,N,N,N,SHIMOTOKUSARI,40,5.1,141,42.7,232,-,-,1978.12.21,-,-,-
307,IWATE,33206,-,4,Wired Robot Weather Station,Y,Y,Y,Y,N,ES,N,FUDAI,40,0.2,141,53,8,9.4,2,1976.11.22,-,-,湿度を除く
308,IWATE,33226,-,4,Wired Robot Weather Station,Y,Y,Y,Y,N,ES,Y,IWATEMATSUO,39,57.1,141,3.9,275,10,2,#1976.12.1,-,33910,湿度を除く
309,IWATE,33231,-,R,Wired Robot Rain Gauge,Y,N,N,N,N,N,N,IKKATAI,39,58.4,141,10,285,-,-,19906.9.3,-,-,-
310,IWATE,33296,-,4,Wired Robot Weather Station,Y,Y,Y,Y,N,ES,N,KOMA,39,52.1,141,10,205,10,2,(1975.5.22)1976.12.14,-,-,湿度を除く
311,IWATE,33326,-,4,Wired Robot Weather Station,Y,Y,Y,Y,Y,ES,Y,IWAIZUMI,39,50.8,141,47.7,105,9.9,2.5,#1976.11.24,-,33965,-
312,IWATE,33336,-,4,Wired Robot Weather Station,Y,Y,Y,Y,N,ES,N,OMOTO,39,50.8,141,57.8,3,10,2,1977.10.26,-,-,湿度を除く
313,IWATE,33351,-,R,Wired Robot Rain Gauge,Y,N,N,N,N,N,N,KAKKONDA,39,46.6,140,56.7,350,-,-,1977.7.5,-,-,-
314,IWATE,33361,-,R,Wired Robot Rain Gauge,Y,N,N,N,N,N,N,TAKIZAWA,39,46.8,141,5.8,210,-,-,2005.10.21,-,-,-
315,IWATE,33371,-,4,Wired Robot Weather Station,Y,Y,Y,Y,N,ES,N,YABUKAWA,39,47,141,19.7,680,10,2.5,(1975.11.13)1976.11.25,-,-,湿度を除く
316,IWATE,33421,-,4,Wired Robot Weather Station,Y,Y,Y,Y,N,ES,Y,SHIZUKUISHI,39,41.8,140,58.5,195,8.5,2.5,#1976.11.26,-,33925,湿度を除く
317,IWATE,33431,47584,M,Ground Weather Observation Equipment,Y,Y,Y,Y,Y,Y,Y,MORIOKA,39,41.9,141,9.9,155,15.5,-,#1975.4.1,-,33927,-
318,IWATE,33441,-,4,Wired Robot Weather Station,Y,Y,Y,Y,N,ES,Y,KUZAKAI,39,39,141,21.2,734,10,2.5,1993.10.7,-,33955,湿度を除く
319,IWATE,33472,47585,M,Ground Weather Observation Equipment,Y,Y,Y,Y,Y,Y,Y,MIYAKO,39,38.8,141,57.9,43,20.3,-,1990.10.18,-,33933,-
320,IWATE,33486,-,4,Wired Robot Weather Station,Y,Y,Y,Y,N,ES,N,SAWAUCHI,39,32.9,140,50.6,407,10,3,19909.7.11,-,-,湿度を除く
321,IWATE,33501,-,4,Wired Robot Weather Station,Y,Y,Y,Y,N,ES,N,SHIWA,39,32.8,141,7.6,125,10,2,1977.1.1,-,-,湿度を除く
322,IWATE,33526,-,4,Wired Robot Weather Station,Y,Y,Y,Y,N,ES,N,KAWAI,39,35.9,141,40.9,192,6.5,2,1977.12.2,-,-,湿度を除く
323,IWATE,33566,-,R,Wired Robot Rain Gauge,Y,N,N,N,N,N,N,KOMAGASHIRAYAMA,39,28.8,140,58.1,300,-,-,1983.11.16,-,-,-
324,IWATE,33576,-,M,Ground Weather Observation Equipment,Y,Y,Y,Y,Y,N,N,HANAMAKI,39,25.7,141,8.1,90,10,-,2003.1.1,-,-,日照・湿度・気圧を除く
325,IWATE,33581,-,4,Wired Robot Weather Station,Y,Y,Y,Y,N,ES,N,OHASAMA,39,28.2,141,16.7,150,10,2,#1976.11.18,-,-,湿度を除く
326,IWATE,33596,-,R,Wired Robot Rain Gauge,Y,N,N,N,N,N,N,TSUKIMOSHI,39,27.4,141,30.4,440,-,-,2005.10.20,-,-,-
327,IWATE,33611,-,R,Wired Robot Rain Gauge,Y,N,N,N,N,N,N,OTSUCHI,39,26.3,141,48.4,120,-,-,2000.11.17,-,-,-
328,IWATE,33616,-,4,Wired Robot Weather Station,Y,Y,Y,Y,N,ES,N,YAMADA,39,27,141,57.4,24,6.5,2,(1975.5.22)1976.11.19,-,-,湿度を除く
329,IWATE,33631,-,4,Wired Robot Weather Station,Y,Y,Y,Y,Y,ES,Y,YUDA,39,18.6,140,46.6,250,9.9,3.5,#1976.2.26,-,33935,-
330,IWATE,33671,-,4,Wired Robot Weather Station,Y,Y,Y,Y,Y,ES,Y,TOONO,39,20.3,141,32.6,275,10.1,2,#1976.11.22,-,33930,-
331,IWATE,33711,-,R,Wired Robot Rain Gauge,Y,N,N,N,N,N,N,KANEGASAKI,39,13.5,141,0.9,170,-,-,2005.10.19,-,-,-
332,IWATE,33716,-,4,Wired Robot Weather Station,Y,Y,Y,Y,N,ES,Y,KITAKAMI,39,17.3,141,6.6,61,6.5,2,#1976.12.4,-,33940,湿度を除く
333,IWATE,33726,-,R,Wired Robot Rain Gauge,Y,N,N,N,N,N,N,YONESATO,39,14,141,18.6,170,-,-,1976.9.9,-,-,-
334,IWATE,33751,-,4,Wired Robot Weather Station,Y,Y,Y,Y,N,ES,N,KAMAISHI,39,16.2,141,52.7,5,10,2,#1976.11.20,-,-,湿度を除く
335,IWATE,33776,-,4,Wired Robot Weather Station,Y,Y,Y,Y,N,ES,N,WAKAYANAGI,39,8.4,141,3.8,97,10,2,#1976.11.26,-,-,湿度を除く
336,IWATE,33781,-,4,Wired Robot Weather Station,Y,Y,Y,Y,N,ES,N,ESASHI,39,11,141,9.7,42,10,2,#1976.11.25,-,-,湿度を除く
337,IWATE,33801,-,4,Wired Robot Weather Station,Y,Y,Y,Y,N,ES,N,SUMITA,39,8.5,141,34.4,80,10,2,1977.10.20,-,-,湿度を除く
338,IWATE,33831,-,R,Wired Robot Rain Gauge,Y,N,N,N,N,N,Y,MATSURUBE,39,0.7,140,51.9,350,-,-,1975.5.21,-,33945,-
339,IWATE,33841,-,R,Wired Robot Rain Gauge,Y,N,N,N,N,N,N,KOROMOGAWA,39,3,141,2.7,75,-,-,1975.5.25,-,-,-
340,IWATE,33856,-,R,Wired Robot Rain Gauge,Y,N,N,N,N,N,N,DAITO,39,2.3,141,17.8,140,-,-,2005.10.18,-,-,-
341,IWATE,33877,47512,M,Ground Weather Observation Equipment,Y,Y,Y,Y,Y,Y,Y,OFUNATO,39,3.8,141,42.8,37,22.2,-,#1990.3.15,-,33947,-
342,IWATE,33911,-,4,Wired Robot Weather Station,Y,Y,Y,Y,Y,ES,Y,ICHINOSEKI,38,56,141,7.5,32,10.1,2,#1976.2.15,-,33950,-
343,IWATE,33921,-,4,Wired Robot Weather Station,Y,Y,Y,Y,N,ES,N,SEMMAYA,38,55.3,141,19.8,120,10,2,#1976.11.27,-,-,湿度を除く
344,MIYAGI,34012,-,4,Wired Robot Weather Station,Y,Y,Y,Y,N,ES,Y,KOMANOYU,38,54.8,140,49.7,525,6.5,2.5,1976.11.29,-,34906,湿度を除く
345,MIYAGI,34026,-,4,Wired Robot Weather Station,Y,Y,Y,Y,N,ES,N,KESENNUMA,38,54.4,141,33.4,62,10,1.5,#1976.12.2,-,-,湿度を除く
346,MIYAGI,34056,-,R,Wired Robot Rain Gauge,Y,N,N,N,N,N,N,UGUISUZAWA,38,48.3,140,56.9,33,-,-,2001.9.27,-,-,-
347,MIYAGI,34096,-,4,Wired Robot Weather Station,Y,Y,Y,Y,N,ES,Y,KAWATABI,38,44.6,140,45.6,170,10,2,1976.12.4,-,34900,湿度を除く
348,MIYAGI,34111,-,4,Wired Robot Weather Station,Y,Y,Y,Y,Y,ES,N,TSUKIDATE,38,44.1,141,0.3,25,6.6,2.3,#1976.2.23,-,-,-
349,MIYAGI,34171,-,4,Wired Robot Weather Station,Y,Y,Y,Y,N,ES,N,YONEYAMA,38,37.6,141,11.3,5,6.5,2,(1975.5.21)1976.11.30,-,-,湿度を除く
350,MIYAGI,34186,-,4,Wired Robot Weather Station,Y,Y,Y,Y,N,ES,N,SHIZUGAWA,38,40.9,141,26.9,39,10,2,#1976.12.1,-,-,湿度を除く
351,MIYAGI,34206,-,R,Wired Robot Rain Gauge,Y,N,N,N,N,N,N,KAMI,38,34.3,140,43.6,195,-,-,2005.10.21,-,-,-
352,MIYAGI,34216,-,4,Wired Robot Weather Station,Y,Y,Y,Y,Y,ES,Y,FURUKAWA,38,35.9,140,54.7,28,6.6,1.8,#1976.12.3,-,34910,-
353,MIYAGI,34241,-,R,Wired Robot Rain Gauge,Y,N,N,N,N,N,N,OGATSU,38,31.2,141,27.9,24,-,-,1975.5.13,-,-,-
354,MIYAGI,34262,-,R,Wired Robot Rain Gauge,Y,N,N,N,N,N,N,IZUMIGADAKE,38,24.4,140,43.3,630,-,-,2005.10.26,-,-,-
355,MIYAGI,34266,-,4,Wired Robot Weather Station,Y,Y,Y,Y,N,ES,N,OHIRA,38,28.4,140,53.3,57,10,1.5,#1976.12.3,-,-,湿度を除く
356,MIYAGI,34276,-,4,Wired Robot Weather Station,Y,Y,Y,Y,N,ES,N,KASHIMADAI,38,27.6,141,5.5,3,10,2,#1976.12.1,-,-,湿度を除く
357,MIYAGI,34292,47592,M,Ground Weather Observation Equipment,Y,Y,Y,Y,Y,Y,Y,ISHINOMAKI,38,25.6,141,17.9,43,28.6,-,1990.1.25,-,34913,-
358,MIYAGI,34296,-,4,Wired Robot Weather Station,Y,Y,Y,Y,N,ES,N,ONAGAWA,38,26.8,141,27,38,10,1.5,19903.5.13,-,-,湿度を除く
359,MIYAGI,34311,-,4,Wired Robot Weather Station,Y,Y,Y,Y,Y,ES,Y,NIKKAWA,38,18.2,140,38.2,265,10.1,2,#1976.11.30,-,34915,-
360,MIYAGI,34331,-,4,Wired Robot Weather Station,Y,Y,Y,Y,N,ES,N,SHIOGAMA,38,20.3,141,0.8,105,10,1.5,(1975.5.21)1976.11.30,-,-,湿度を除く
361,MIYAGI,34392,47590,M,Ground Weather Observation Equipment,Y,Y,Y,Y,Y,Y,Y,SENDAI,38,15.7,140,53.8,39,52.6,-,#1982.3.1,-,34917,-
362,MIYAGI,34436,-,M,Ground Weather Observation Equipment,Y,Y,Y,Y,Y,N,Y,NATORI,38,8.3,140,55,2,9.9,-,2003.1.1,-,34965,日照・湿度・気圧を除く
363,MIYAGI,34461,-,4,Wired Robot Weather Station,Y,Y,Y,Y,Y,ES,Y,SHIROISHI,38,0.9,140,36.7,86,10.1,1.7,#1976.11.25,-,34920,-
364,MIYAGI,34462,-,4,Wired Robot Weather Station,Y,Y,Y,Y,Y,ES,N,ZAO,38,7.6,140,40.8,112,6.6,1.5,2005.10.27,-,-,-
365,MIYAGI,34471,-,4,Wired Robot Weather Station,Y,Y,Y,Y,N,ES,N,WATARI,38,1.5,140,51.5,4,10,1.5,#1976.11.29,-,-,湿度を除く
366,MIYAGI,34506,-,4,Wired Robot Weather Station,Y,Y,Y,Y,N,ES,N,MARUMORI,37,55.9,140,46.7,18,10,1.5,1977.11.4,-,-,湿度を除く
367,MIYAGI,34526,-,R,Wired Robot Rain Gauge,Y,N,N,N,N,N,N,HIPPO,37,49.6,140,43.7,305,-,-,1978.11.10,-,-,-
368,YAMAGATA,35002,-,4,Wired Robot Weather Station,Y,Y,Y,Y,Y,ES,N,TOBISHIMA,39,11,139,32.6,58,20.4,1.6,1987.11.10,-,-,-
369,YAMAGATA,35052,47587,M,Ground Weather Observation Equipment,Y,Y,Y,Y,Y,Y,Y,SAKATA,38,54.5,139,50.6,3,26.6,-,#1984.2.9,-,35955,-
370,YAMAGATA,35056,-,R,Wired Robot Rain Gauge,Y,N,N,N,N,N,N,SAKATAOSAWA,38,57.9,139,59.9,65,-,-,19909.12.20,-,-,-
371,YAMAGATA,35071,-,4,Wired Robot Weather Station,Y,Y,Y,Y,N,ES,N,SASUNABE,38,55.1,140,12,88,9,3.5,#1976.11.30,-,-,湿度を除く
372,YAMAGATA,35086,-,M,Ground Weather Observation Equipment,Y,Y,Y,Y,Y,N,N,HAMANAKA,38,48.7,139,47.2,22,10,-,2003.1.1,-,-,日照・湿度・気圧を除く
373,YAMAGATA,35116,-,4,Wired Robot Weather Station,Y,Y,Y,Y,N,ES,Y,KANEYAMA,38,52.7,140,19.9,170,10,1.5,#1976.11.29,-,35900,湿度を除く
374,YAMAGATA,35141,-,4,Wired Robot Weather Station,Y,Y,Y,Y,Y,ES,N,TSURUOKA,38,44.1,139,49.7,16,10.1,2.5,#1976.12.2,-,-,-
375,YAMAGATA,35146,-,4,Wired Robot Weather Station,Y,Y,Y,Y,N,ES,Y,KARIKAWA,38,48,139,58.4,17,10,3,#1976.12.2,-,35905,湿度を除く
376,YAMAGATA,35162,47520,M,Ground Weather Observation Equipment,Y,Y,Y,Y,Y,Y,Y,SHINJO,38,45.4,140,18.7,105,31.6,-,#1985.11.1,-,35907,-
377,YAMAGATA,35171,-,R,Wired Robot Rain Gauge,Y,N,N,N,N,N,N,SEMI,38,45.3,140,24.8,150,-,-,#,-,-,-
378,YAMAGATA,35176,-,4,Wired Robot Weather Station,Y,Y,Y,Y,N,ES,Y,MUKAIMACHI,38,45.5,140,31,212,10,3.5,(1974.12.18)1976.11.26,-,35950,湿度を除く
379,YAMAGATA,35201,-,R,Wired Robot Rain Gauge,Y,N,N,N,N,N,Y,KUSHIBIKI,38,40.3,139,50.9,33,-,-,#,-,35910,-
380,YAMAGATA,35216,-,4,Wired Robot Weather Station,Y,Y,Y,Y,N,ES,Y,HIJIORI,38,36.4,140,9.8,330,8.5,1.5,1976.11.27,-,35920,湿度を除く
381,YAMAGATA,35231,-,4,Wired Robot Weather Station,Y,Y,Y,Y,Y,ES,Y,OBANAZAWA,38,36.5,140,24.7,106,8.9,3.2,(1975.5.23)1976.3.8,-,35915,-
382,YAMAGATA,35246,-,4,Wired Robot Weather Station,Y,Y,Y,Y,Y,ES,N,NEZUGASEKI,38,34,139,33.1,18,10.2,2,(1975.5.23)1976.12.3,-,-,-
383,YAMAGATA,35256,-,R,Wired Robot Rain Gauge,Y,N,N,N,N,N,N,ARASAWA,38,30.5,139,46.9,272,-,-,1979.4.11,-,-,-
384,YAMAGATA,35332,-,4,Wired Robot Weather Station,Y,Y,Y,Y,Y,ES,N,MURAYAMA,38,27.6,140,20.9,80,6.7,2,2002.6.4,-,-,-
385,YAMAGATA,35334,-,M,Ground Weather Observation Equipment,Y,Y,Y,Y,Y,N,N,HIGASHINE,38,24.7,140,22.2,105,10,-,2003.1.1,-,-,日照・湿度・気圧を除く
386,YAMAGATA,35361,-,4,Wired Robot Weather Station,Y,Y,Y,Y,N,ES,Y,OISAWA,38,23.4,139,59.6,440,10,1.5,1978.12.20,-,35925,湿度を除く
387,YAMAGATA,35376,-,4,Wired Robot Weather Station,Y,Y,Y,Y,N,ES,Y,ATERAZAWA,38,22.2,140,11.5,133,6.5,2,#1976.12.3,-,35945,湿度を除く
388,YAMAGATA,35426,47588,M,Ground Weather Observation Equipment,Y,Y,Y,Y,Y,Y,Y,YAMAGATA,38,15.3,140,20.7,153,14.9,-,#1975.3.17,-,35927,-
389,YAMAGATA,35456,-,4,Wired Robot Weather Station,Y,Y,Y,Y,N,ES,Y,NAGAI,38,6.3,140,0.9,210,9,3,#1976.12.10,-,35930,湿度を除く
390,YAMAGATA,35466,-,R,Wired Robot Rain Gauge,Y,N,N,N,N,N,N,KAMINOYAMANAKAYAMA,38,7,140,12.8,270,-,-,2005.10.25,-,-,-
391,YAMAGATA,35486,-,4,Wired Robot Weather Station,Y,Y,Y,Y,N,ES,Y,OGUNI,38,4.7,139,44.1,140,10,4,#1976.12.8,-,35935,湿度を除く
392,YAMAGATA,35511,-,4,Wired Robot Weather Station,Y,Y,Y,Y,N,ES,N,TAKAHATA,38,0.2,140,12.4,220,10,1.5,1976.12.9,-,-,湿度を除く
393,YAMAGATA,35537,-,R,Wired Robot Rain Gauge,Y,N,N,N,N,N,N,NAKATSUGAWA,37,54.6,139,50.6,390,-,-,1981.7.1,-,-,-
394,YAMAGATA,35541,-,4,Wired Robot Weather Station,Y,Y,Y,Y,N,ES,N,TAKAMINE,37,59.4,139,57.2,260,10,1.5,#1976.11.22,-,-,湿度を除く
395,YAMAGATA,35552,-,4,Wired Robot Weather Station,Y,Y,Y,Y,Y,ES,Y,YONEZAWA,37,54.7,140,8.6,245,9.3,2.5,2005.12.1,-,35940,-
396,FUKUSHIMA,36056,-,4,Wired Robot Weather Station,Y,Y,Y,Y,N,ES,Y,MONIWA,37,53.5,140,26.2,200,6.5,3,1992.10.23,-,36950,湿度を除く
397,FUKUSHIMA,36066,-,4,Wired Robot Weather Station,Y,Y,Y,Y,N,ES,N,YANAGAWA,37,51.1,140,35.3,43,9.4,1.5,#1976.12.6,-,-,湿度を除く
398,FUKUSHIMA,36106,-,4,Wired Robot Weather Station,Y,Y,Y,Y,N,ES,N,HIBARA,37,43.3,140,3.5,824,9.4,4,1978.10.26,-,-,湿度を除く
399,FUKUSHIMA,36127,47595,M,Ground Weather Observation Equipment,Y,Y,N,N,N,Y,Y,FUKUSHIMA,37,45.5,140,28.2,67,-,-,2021.3.18,-,36955,気温、雨、日照
400,FUKUSHIMA,36127,47595,M,Ground Weather Observation Equipment,N,N,Y,Y,N,Y,Y,FUKUSHIMA,37,46.1,140,26.1,88,12,-,2021.3.18,-,-,風
401,FUKUSHIMA,36151,-,4,Wired Robot Weather Station,Y,Y,Y,Y,Y,ES,N,SOMA,37,47,140,55.5,9,6.5,1.5,#1976.12.7,-,-,-
402,FUKUSHIMA,36176,-,4,Wired Robot Weather Station,Y,Y,Y,Y,N,ES,N,KITAKATA,37,39.5,139,51.8,212,10,3.5,#1976.12.13,-,-,湿度を除く
403,FUKUSHIMA,36196,-,4,Wired Robot Weather Station,Y,Y,Y,Y,N,ES,N,WASHIKURA,37,40.1,140,15.6,1220,6.5,3,1976.11.16,-,-,湿度を除く
404,FUKUSHIMA,36221,-,4,Wired Robot Weather Station,Y,Y,Y,Y,N,ES,N,IITATE,37,39.9,140,43.6,463,10,1.5,1976.12.4,-,-,湿度を除く
405,FUKUSHIMA,36231,-,R,Wired Robot Rain Gauge,Y,N,N,N,N,N,N,HARAMACHI,37,38.3,140,59,17,-,-,#,-,-,-
406,FUKUSHIMA,36251,-,4,Wired Robot Weather Station,Y,Y,Y,Y,N,ES,Y,NISHIAIZU,37,35.3,139,39.4,165,10,3.5,(1975.5.21)1976.11.24,-,36905,湿度を除く
407,FUKUSHIMA,36276,-,4,Wired Robot Weather Station,Y,Y,Y,Y,Y,ES,Y,INAWASHIRO,37,33.1,140,6.5,519,9.9,3.5,#1976.11.30,-,36910,-
408,FUKUSHIMA,36291,-,4,Wired Robot Weather Station,Y,Y,Y,Y,N,ES,N,NIHOMMATSU,37,35,140,25.8,235,10,1.5,#1976.12.3,-,-,湿度を除く
409,FUKUSHIMA,36307,-,R,Wired Robot Rain Gauge,Y,N,N,N,N,N,N,TSUSHIMA,37,33.6,140,45.2,400,-,-,1977.3.23,-,-,-
410,FUKUSHIMA,36342,-,4,Wired Robot Weather Station,Y,Y,Y,Y,N,ES,Y,KANEYAMA,37,28.4,139,31.7,296,10,4.5,2007.12.19,-,36921,湿度を除く
411,FUKUSHIMA,36361,47570,M,Ground Weather Observation Equipment,Y,Y,Y,Y,Y,Y,Y,WAKAMATSU,37,29.3,139,54.6,212,19.1,-,#1975.3.17,-,36923,-
412,FUKUSHIMA,36391,-,4,Wired Robot Weather Station,Y,Y,Y,Y,Y,ES,N,FUNEHIKI,37,26.1,140,34.6,421,6.5,1.5,#1976.12.2,-,-,-
413,FUKUSHIMA,36411,-,4,Wired Robot Weather Station,Y,Y,Y,Y,N,ES,N,NAMIE,37,29.5,140,57.9,43,10,1.5,#1976.12.8,-,-,湿度を除く
414,FUKUSHIMA,36426,-,4,Wired Robot Weather Station,Y,Y,Y,Y,N,ES,Y,TADAMI,37,20.6,139,18.8,377,10.5,4.5,1976.7.20,-,36915,湿度を除く
415,FUKUSHIMA,36461,-,R,Wired Robot Rain Gauge,Y,N,N,N,N,N,N,KONAN,37,23.3,140,5.4,536,-,-,1982.6.18,-,-,-
416,FUKUSHIMA,36476,-,4,Wired Robot Weather Station,Y,Y,Y,Y,Y,ES,N,KOORIYAMA,37,22.1,140,19.8,249,6.4,1.5,#1976.3.12,-,-,-
417,FUKUSHIMA,36501,-,4,Wired Robot Weather Station,Y,Y,Y,Y,N,ES,N,KAWAUCHI,37,20.2,140,48.5,410,10,1.5,1976.11.30,-,-,湿度を除く
418,FUKUSHIMA,36511,-,R,Wired Robot Rain Gauge,Y,N,N,N,N,N,N,TOMIOKA,37,20.8,141,1,50,-,-,#,-,-,-
419,FUKUSHIMA,36536,-,4,Wired Robot Weather Station,Y,Y,Y,Y,Y,ES,Y,NANGO,37,15.9,139,32.2,494,7.9,4.3,#1976.11.19,-,36925,-
420,FUKUSHIMA,36562,-,4,Wired Robot Weather Station,Y,Y,Y,Y,N,ES,Y,YUMOTO,37,16.6,140,3.8,646,9.9,2.5,1988.10.5,-,36945,湿度を除く
421,FUKUSHIMA,36571,-,R,Wired Robot Rain Gauge,Y,N,N,N,N,N,N,NAGANUMA,37,17.3,140,13.1,317,-,-,1978.8.8,-,-,-
422,FUKUSHIMA,36581,-,M,Ground Weather Observation Equipment,Y,Y,Y,Y,Y,N,Y,TAMAKAWA,37,13.6,140,25.6,372,10,-,2003.1.1,-,36965,日照・湿度・気圧を除く
423,FUKUSHIMA,36591,-,4,Wired Robot Weather Station,Y,Y,Y,Y,N,ES,N,ONONIIMACHI,37,17.2,140,37.5,433,10,1.5,#1976.12.1,-,-,湿度を除く
424,FUKUSHIMA,36597,-,R,Wired Robot Rain Gauge,Y,N,N,N,N,N,N,KAWAMAE,37,14.8,140,43.4,492,-,-,19906.12.3,-,-,-
425,FUKUSHIMA,36611,-,4,Wired Robot Weather Station,Y,Y,Y,Y,N,ES,N,HIRONO,37,14,141,0,43,10,1.5,(1975.5.22)1976.12.13,-,-,湿度を除く
426,FUKUSHIMA,36641,-,4,Wired Robot Weather Station,Y,Y,Y,Y,N,ES,Y,TAJIMA,37,12.4,139,47.7,544,10,3,#1976.11.18,-,36935,湿度を除く
427,FUKUSHIMA,36667,47597,M,Ground Weather Observation Equipment,Y,Y,Y,Y,Y,Y,Y,SHIRAKAWA,37,7.9,140,12.9,355,45.3,-,1994.1.28,-,36937,-
428,FUKUSHIMA,36676,-,4,Wired Robot Weather Station,Y,Y,Y,Y,N,ES,N,ISHIKAWA,37,8.8,140,27.6,290,10,1.5,#1976.11.26,-,-,湿度を除く
429,FUKUSHIMA,36716,-,4,Wired Robot Weather Station,Y,Y,Y,Y,N,ES,Y,HINOEMATA,37,0.6,139,22.5,973,10,4.5,1978.10.31,-,36940,湿度を除く
430,FUKUSHIMA,36726,-,R,Wired Robot Rain Gauge,Y,N,N,N,N,N,N,TATEIWA,37,5.5,139,31.9,690,-,-,1978.8.9,-,-,-
431,FUKUSHIMA,36781,-,R,Wired Robot Rain Gauge,Y,N,N,N,N,N,N,TAIRA,37,3.9,140,52.6,12,-,-,#,-,-,-
432,FUKUSHIMA,36821,-,4,Wired Robot Weather Station,Y,Y,Y,Y,Y,ES,N,HIGASHISHIRAKAWA,36,56.3,140,24.5,183,6.4,1.5,#1976.11.25,-,-,-
433,FUKUSHIMA,36836,-,4,Wired Robot Weather Station,Y,Y,Y,Y,N,ES,N,YAMADA,36,56,140,44,25,10,1.5,19901.3.6,-,-,湿度を除く
434,FUKUSHIMA,36846,47598,M,Ground Weather Observation Equipment,Y,Y,N,N,N,Y,N,ONAHAMA,36,56.8,140,54.2,3,-,-,#1975.3.17,-,-,気温、雨、日照
435,FUKUSHIMA,36846,47598,M,Ground Weather Observation Equipment,N,N,Y,Y,N,Y,N,ONAHAMA,36,57.8,140,53,5,20,-,#1975.3.17,-,-,風
436,IBARAKI,40041,-,R,Wired Robot Rain Gauge,Y,N,N,N,N,N,N,HANAZONO,36,52.1,140,38.2,370,-,-,#,-,-,-
437,IBARAKI,40046,-,4,Wired Robot Weather Station,Y,Y,Y,Y,Y,ES,N,OTSU,36,50,140,46.3,5,9.9,1.5,#1978.1.18,-,-,-
438,IBARAKI,40061,-,4,Wired Robot Weather Station,Y,Y,Y,Y,N,ES,N,DAIGO,36,46.7,140,20.7,120,10,1.5,#1978.1.13,-,-,湿度を除く
439,IBARAKI,40066,-,R,Wired Robot Rain Gauge,Y,N,N,N,N,N,N,TOKUDA,36,46.7,140,28.9,270,-,-,1977.7.15,-,-,-
440,IBARAKI,40076,-,R,Wired Robot Rain Gauge,Y,N,N,N,N,N,N,ONO,36,44.6,140,35.6,395,-,-,1985.6.5,-,-,-
441,IBARAKI,40091,-,4,Wired Robot Weather Station,Y,Y,Y,Y,N,ES,N,OSE,36,36.4,140,19.5,95,6.5,1.5,1978.12.20,-,-,湿度を除く
442,IBARAKI,40126,-,R,Wired Robot Rain Gauge,Y,N,N,N,N,N,N,NAKANO,36,30.9,140,28.4,17,-,-,1977.7.13,-,-,-
443,IBARAKI,40136,-,4,Wired Robot Weather Station,Y,Y,Y,Y,N,ES,N,HITACHI,36,34.8,140,38.7,34,10,1.5,(1975.5.20)1978.1.18,-,-,湿度を除く
444,IBARAKI,40181,-,R,Wired Robot Rain Gauge,Y,N,N,N,N,N,N,KYOWA,36,20,140,2,40,-,-,1982.6.23,-,-,-
445,IBARAKI,40191,-,4,Wired Robot Weather Station,Y,Y,Y,Y,N,ES,N,KASAMA,36,23.7,140,14.4,72,10,1.5,#1978.1.31,-,-,湿度を除く
446,IBARAKI,40201,47629,M,Ground Weather Observation Equipment,Y,Y,Y,Y,Y,Y,Y,MITO,36,22.8,140,28,29,14.1,-,#1975.3.3,-,40900,-
447,IBARAKI,40221,-,4,Wired Robot Weather Station,Y,Y,Y,Y,N,ES,N,KOGA,36,12.1,139,43,20,10,1.5,#1978.1.11,-,-,湿度を除く
448,IBARAKI,40231,-,4,Wired Robot Weather Station,Y,Y,Y,Y,N,ES,N,SHIMODATE,36,16.9,139,59.3,24,6.5,1.5,2001.12.10,-,-,湿度を除く
449,IBARAKI,40241,-,R,Wired Robot Rain Gauge,Y,N,N,N,N,N,N,KAKIOKA,36,14,140,11.3,27,-,-,1975.5.20,-,-,-
450,IBARAKI,40251,-,R,Wired Robot Rain Gauge,Y,N,N,N,N,N,N,MINORI,36,14.2,140,19.5,25,-,-,1975.5.20,-,-,-
451,IBARAKI,40281,-,4,Wired Robot Weather Station,Y,Y,Y,Y,N,ES,N,SHIMOTSUMA,36,10.1,139,56.7,20,10,1.5,#1978.1.11,-,-,湿度を除く
452,IBARAKI,40311,-,4,Wired Robot Weather Station,Y,Y,Y,Y,Y,ES,N,HOKOTA,36,10.1,140,31.6,32,9.9,1.5,1978.1.31,-,-,-
453,IBARAKI,40326,-,R,Wired Robot Rain Gauge,Y,N,N,N,N,N,N,IWAI,36,2.1,139,53.6,16,-,-,#,-,-,-
454,IBARAKI,40336,-,M,Ground Weather Observation Equipment,Y,Y,Y,Y,Y,Y,Y,NAGAMINE,36,3.4,140,7.5,25,20.4,-,1990.3.9,-,40905,-
455,IBARAKI,40341,-,4,Wired Robot Weather Station,Y,Y,Y,Y,N,ES,N,TSUCHIURA,36,6.2,140,13.2,26,10,1.5,#1978.1.12,-,-,湿度を除く
456,IBARAKI,40391,-,R,Wired Robot Rain Gauge,Y,N,N,N,N,N,N,EDOSAKI,35,57.6,140,19.2,25,-,-,1975.3.28,-,-,-
457,IBARAKI,40406,-,4,Wired Robot Weather Station,Y,Y,Y,Y,N,ES,N,KASHIMA,35,57.8,140,37.3,37,10,1.5,#1978.1.17,-,-,湿度を除く
458,IBARAKI,40426,-,4,Wired Robot Weather Station,Y,Y,Y,Y,N,ES,N,RYUGASAKI,35,53.4,140,12.7,4,9.4,1.5,(1975.5.20)1978.12.19,-,-,湿度を除く
459,TOCHIGI,41011,-,4,Wired Robot Weather Station,Y,Y,Y,Y,Y,ES,Y,NASU,37,7.4,140,2.1,749,6.6,1.5,#1977.11.9,-,41900,-
460,TOCHIGI,41076,-,4,Wired Robot Weather Station,Y,Y,Y,Y,N,ES,N,IKARI,36,55.3,139,41.7,620,10,1.5,(1975.5.20)1977.11.10,-,-,湿度を除く
461,TOCHIGI,41091,-,4,Wired Robot Weather Station,Y,Y,Y,Y,Y,ES,N,KUROISO,36,58.9,140,1.1,343,9.9,1.5,#1977.12.26,-,-,-
462,TOCHIGI,41116,-,4,Wired Robot Weather Station,Y,Y,Y,Y,N,ES,Y,DOROBU,36,53.5,139,34.1,925,10,1.5,1977.11.10,-,41905,湿度を除く
463,TOCHIGI,41141,-,4,Wired Robot Weather Station,Y,Y,Y,Y,Y,ES,N,OTAWARA,36,50.4,140,2.1,188,9.9,1.5,#1976.2.20,-,-,-
464,TOCHIGI,41166,47690,M,Ground Weather Observation Equipment,Y,Y,Y,Y,Y,Y,Y,NIKKO,36,44.3,139,30,1292,11.3,-,#1975.11.27,-,41910,-
465,TOCHIGI,41172,-,4,Wired Robot Weather Station,Y,Y,Y,Y,N,ES,N,NIKKOHIGASHIMACHI,36,45,139,36.9,561,10.4,1.5,2022.11.16,-,-,湿度を除く
466,TOCHIGI,41181,-,4,Wired Robot Weather Station,Y,Y,Y,Y,N,ES,N,SHIOYA,36,45.4,139,53,225,10.5,1.5,1978.12.21,-,-,湿度を除く
467,TOCHIGI,41211,-,R,Wired Robot Rain Gauge,Y,N,N,N,N,N,N,ASHIO,36,38.8,139,26.9,650,-,-,1975.5.20,-,-,-
468,TOCHIGI,41241,-,R,Wired Robot Rain Gauge,Y,N,N,N,N,N,N,TAKANEZAWA,36,36.4,139,59.9,148,-,-,#,-,-,-
469,TOCHIGI,41247,-,4,Wired Robot Weather Station,Y,Y,Y,Y,N,ES,N,NASU-KARASUYAMA,36,38.5,140,7,82,10.5,1.5,19901.2.24,-,-,湿度を除く
470,TOCHIGI,41271,-,4,Wired Robot Weather Station,Y,Y,Y,Y,N,ES,N,KANUMA,36,35.5,139,44.1,165,10.5,1.5,#1978.1.9,-,-,湿度を除く
471,TOCHIGI,41277,47615,M,Ground Weather Observation Equipment,Y,Y,Y,Y,Y,Y,Y,UTSUNOMIYA,36,32.9,139,52.1,119,49.4,-,1989.12.20,-,41915,-
472,TOCHIGI,41311,-,R,Wired Robot Rain Gauge,Y,N,N,N,N,N,N,KUZUU,36,25.9,139,35.4,120,-,-,#,-,-,-
473,TOCHIGI,41331,-,4,Wired Robot Weather Station,Y,Y,Y,Y,N,ES,N,MOOKA,36,28.6,139,59.2,91,10,1.5,#1978.1.10,-,-,湿度を除く
474,TOCHIGI,41356,-,R,Wired Robot Rain Gauge,Y,N,N,N,N,N,N,ASHIKAGA,36,20.5,139,27.7,35,-,-,#,-,-,-
475,TOCHIGI,41361,-,4,Wired Robot Weather Station,Y,Y,Y,Y,N,ES,N,SANO,36,21.8,139,34.2,68,10.8,1.5,(1975.5.20)1978.1.9,-,-,湿度を除く
476,TOCHIGI,41371,-,R,Wired Robot Rain Gauge,Y,N,N,N,N,N,N,TOCHIGI,36,22.4,139,42.2,65,-,-,#,-,-,-
477,TOCHIGI,41376,-,4,Wired Robot Weather Station,Y,Y,Y,Y,N,ES,N,OYAMA,36,20.3,139,49.8,44,15.8,1.5,#1978.1.10,-,-,湿度を除く
478,GUNMA,42046,-,4,Wired Robot Weather Station,Y,Y,Y,Y,Y,ES,Y,FUJIWARA,36,51.8,139,3.5,700,9.9,4,1977.11.11,-,42900,-
479,GUNMA,42091,-,4,Wired Robot Weather Station,Y,Y,Y,Y,Y,ES,Y,MINAKAMI,36,46.4,138,57.9,524,10,3,(1975.5.20)1977.12.23,-,42905,-
480,GUNMA,42106,-,R,Wired Robot Rain Gauge,Y,N,N,N,N,N,N,KATASHINA,36,46.3,139,14.3,861,-,-,1977.7.19,-,-,-
481,GUNMA,42121,-,4,Wired Robot Weather Station,Y,Y,Y,Y,N,ES,Y,KUSATSU,36,37,138,35.5,1223,7.5,2.5,#1977.12.23,-,42910,湿度を除く
482,GUNMA,42146,-,4,Wired Robot Weather Station,Y,Y,Y,Y,Y,ES,N,NUMATA,36,40.1,139,1.3,390,9.9,1.5,#1977.12.21,-,-,-
483,GUNMA,42186,-,4,Wired Robot Weather Station,Y,Y,Y,Y,N,ES,N,NAKANOJO,36,35.2,138,51,354,10,1.5,(1975.5.20)1977.12.21,-,-,湿度を除く
484,GUNMA,42221,-,4,Wired Robot Weather Station,Y,Y,Y,Y,N,ES,N,TASHIRO,36,27.8,138,27.8,1230,10,2,#1977.12.22,-,-,湿度を除く
485,GUNMA,42241,-,R,Wired Robot Rain Gauge,Y,N,N,N,N,N,N,HARUNASAN,36,28.3,138,52.4,1088,-,-,#,-,-,-
486,GUNMA,42251,47624,M,Ground Weather Observation Equipment,Y,Y,N,N,N,Y,Y,MAEBASHI,36,24.3,139,3.6,112,-,-,#1975.2.27,-,42915,気温、雨
487,GUNMA,42251,47624,M,Ground Weather Observation Equipment,N,N,Y,Y,N,Y,Y,MAEBASHI,36,23.2,139,2.3,112,12.6,-,#1975.2.27,-,-,風、日照
488,GUNMA,42261,-,R,Wired Robot Rain Gauge,Y,N,N,N,N,N,N,KUROHONE,36,30.1,139,17,285,-,-,1978.6.16,-,-,-
489,GUNMA,42266,-,4,Wired Robot Weather Station,Y,Y,Y,Y,N,ES,N,KIRYU,36,24.6,139,19.5,117,10,1.5,#1976.2.5,-,-,湿度を除く
490,GUNMA,42286,-,4,Wired Robot Weather Station,Y,Y,Y,Y,N,ES,N,KAMISATOMI,36,22.6,138,53.7,183,6.5,1.5,#1977.12.19,-,-,湿度を除く
491,GUNMA,42302,-,4,Wired Robot Weather Station,Y,Y,Y,Y,N,ES,N,ISESAKI,36,19.9,139,9.9,64,12,1.5,1998.7.27,-,-,湿度を除く
492,GUNMA,42326,-,4,Wired Robot Weather Station,Y,Y,Y,Y,N,ES,N,NISHI-NOMAKI,36,14.7,138,42.4,375,10,1.5,#1977.12.20,-,-,湿度を除く
493,GUNMA,42341,-,R,Wired Robot Rain Gauge,Y,N,N,N,N,N,N,FUJIOKA,36,14.5,139,4.2,95,-,-,#,-,-,-
494,GUNMA,42366,-,4,Wired Robot Weather Station,Y,Y,Y,Y,N,ES,N,TATEBAYASHI,36,14.4,139,30.8,23,10.1,1.5,#1978.12.22,-,-,湿度を除く
495,GUNMA,42396,-,4,Wired Robot Weather Station,Y,Y,Y,Y,N,ES,N,MAMBA,36,6.5,138,53.8,357,8.5,1.5,1977.11.17,-,-,湿度を除く
496,SAITAMA,43051,-,4,Wired Robot Weather Station,Y,Y,Y,Y,N,ES,N,YORII,36,6.3,139,11,128,10,1.5,(1975.5.17)1977.12.19,-,-,湿度を除く
497,SAITAMA,43056,47626,M,Ground Weather Observation Equipment,Y,Y,Y,Y,Y,Y,Y,KUMAGAYA,36,9,139,22.8,30,16.7,-,#1975.3.3,-,43905,-
498,SAITAMA,43091,-,R,Wired Robot Rain Gauge,Y,N,N,N,N,N,N,KAMIYOSHIDA,36,3.2,138,58.8,275,-,-,1977.8.25,-,-,-
499,SAITAMA,43121,-,R,Wired Robot Rain Gauge,Y,N,N,N,N,N,N,KONOSU,36,3.9,139,31.3,15,-,-,1975.6.11,-,-,-
500,SAITAMA,43126,-,4,Wired Robot Weather Station,Y,Y,Y,Y,N,ES,N,KUKI,36,5.2,139,38.1,12,10,1.5,#1977.12.20,-,-,湿度を除く
501,SAITAMA,43151,-,R,Wired Robot Rain Gauge,Y,N,N,N,N,N,N,MITSUMINE,35,55.6,138,55.4,975,-,-,1975.5.16,-,-,-
502,SAITAMA,43156,47641,M,Ground Weather Observation Equipment,Y,Y,Y,Y,Y,Y,Y,CHICHIBU,35,59.4,139,4.4,232,17.2,-,#1975.11.28,-,43900,-
503,SAITAMA,43157,-,R,Wired Robot Rain Gauge,Y,N,N,N,N,N,N,URAYAMA,35,55.2,139,4.2,400,-,-,1977.6.28,-,-,-
504,SAITAMA,43162,-,R,Wired Robot Rain Gauge,Y,N,N,N,N,N,N,TOKIGAWA,35,59.4,139,12.4,295,-,-,2000.4.28,-,-,-
505,SAITAMA,43171,-,4,Wired Robot Weather Station,Y,Y,Y,Y,N,ES,N,HATOYAMA,35,59.1,139,20.1,44,6.5,1.5,1977.12.22,-,-,湿度を除く
506,SAITAMA,43231,-,R,Wired Robot Rain Gauge,Y,N,N,N,N,N,N,HANNO,35,50.3,139,19.3,84,-,-,#,-,-,-
507,SAITAMA,43241,-,4,Wired Robot Weather Station,Y,Y,Y,Y,Y,ES,Y,URAWA,35,52.5,139,35.2,8,9.9,1.5,#1977.12.22,-,43910,-
508,SAITAMA,43256,-,4,Wired Robot Weather Station,Y,Y,Y,Y,Y,ES,N,KOSHIGAYA,35,53,139,45.4,3,10,1.5,#1977.12.20,-,-,-
509,SAITAMA,43266,-,4,Wired Robot Weather Station,Y,Y,Y,Y,N,ES,N,TOKOROZAWA,35,46.4,139,24.8,119,10,1.5,(1975.6.11)1977.12.21,-,-,湿度を除く
510,TOKYO,44046,-,4,Wired Robot Weather Station,Y,Y,Y,Y,Y,ES,N,OGOCHI,35,47.5,139,3,530,9.9,1.5,#1976.12.15,-,-,-
511,TOKYO,44051,-,R,Wired Robot Rain Gauge,Y,N,N,N,N,N,N,OZAWA,35,44.1,139,7.4,420,-,-,1977.8.2,-,-,-
512,TOKYO,44056,-,4,Wired Robot Weather Station,Y,Y,Y,Y,N,ES,N,OME,35,47.3,139,18.7,155,10,1.5,(1975.5.16)1976.12.14,-,-,湿度を除く
513,TOKYO,44071,-,4,Wired Robot Weather Station,Y,Y,Y,Y,N,ES,N,NERIMA,35,44.3,139,35.5,51,11.3,1.5,19904.12.26,-,-,湿度を除く
514,TOKYO,44112,-,4,Wired Robot Weather Station,Y,Y,Y,Y,N,ES,N,HACHIOJI,35,40,139,19,123,49.8,1.5,1983.9.30,-,-,湿度を除く
515,TOKYO,44116,-,4,Wired Robot Weather Station,Y,Y,Y,Y,N,ES,N,FUCHU,35,41,139,29,59,9.3,1.5,1976.12.14,-,-,湿度を除く
516,TOKYO,44126,-,R,Wired Robot Rain Gauge,Y,N,N,N,N,N,N,SETAGAYA,35,37.6,139,37.2,35,-,-,#,-,-,-
517,TOKYO,44132,47662,M,Ground Weather Observation Equipment,Y,Y,N,N,N,Y,Y,TOKYO,35,41.5,139,45,25,-,-,2007.11.1,-,44900,気温、雨
518,TOKYO,44132,47662,M,Ground Weather Observation Equipment,N,N,Y,Y,N,Y,Y,TOKYO,35,41.5,139,45.1,20,35.3,-,2007.11.1,-,-,風、日照
519,TOKYO,44136,-,4,Wired Robot Weather Station,Y,Y,Y,Y,N,ES,N,SHIMKIBA,35,38.3,139,51.8,5,10.2,1.5,#1976.12.13,-,-,湿度を除く
520,TOKYO,44166,-,M,Ground Weather Observation Equipment,Y,Y,Y,Y,Y,N,N,HANEDA,35,33.2,139,46.8,6,10,-,#1993.10.12,-,-,日照・湿度・気圧を除く
521,TOKYO,44172,47675,M,Ground Weather Observation Equipment,Y,Y,Y,Y,Y,Y,N,OSHIMA,34,44.9,139,21.7,74,27.1,-,1991.12.18,-,-,-
522,TOKYO,44173,-,M,Ground Weather Observation Equipment,Y,Y,Y,Y,Y,N,N,OSHIMA-KITANOYAMA,34,46.9,139,21.6,38,9,-,2003.1.1,-,-,日照・湿度・気圧を除く
523,TOKYO,44191,-,R,Wired Robot Rain Gauge,Y,N,N,N,N,N,N,TOSHIMA,34,31.7,139,16.9,100,-,-,19906.7.25,-,-,-
524,TOKYO,44207,-,M,Ground Weather Observation Equipment,Y,Y,Y,Y,Y,N,N,KAWAHARA,34,22.1,139,16.1,29,10,-,2003.1.1,-,-,日照・湿度・気圧を除く
525,TOKYO,44216,-,M,Ground Weather Observation Equipment,Y,Y,Y,Y,Y,N,N,KINNAGA,34,11.3,139,8,138,10,-,2003.1.1,-,-,日照・湿度・気圧を除く
526,TOKYO,44226,47677,M,Ground Weather Observation Equipment,Y,Y,Y,Y,Y,Y,N,MIYAKEJIMA,34,7.4,139,31.2,38,13.2,-,#1975.12.10,-,-,-
527,TOKYO,44228,-,M,Ground Weather Observation Equipment,Y,Y,Y,Y,Y,N,N,MIYAKETSUBOTA,34,4.4,139,33.6,20,6.5,-,2000.9.11,-,-,日照・湿度・気圧を除く
528,TOKYO,44262,-,M,Ground Weather Observation Equipment,Y,Y,Y,Y,Y,N,N,YAEMIGAHARA,33,6.9,139,47.1,92,10.3,-,2003.1.1,-,-,日照・湿度・気圧を除く
529,TOKYO,44263,47678,M,Ground Weather Observation Equipment,Y,Y,N,N,N,Y,N,HACHIJOJIMA,33,7.3,139,46.7,151,-,-,1975.3.13,-,-,気温、雨
530,TOKYO,44263,47678,M,Ground Weather Observation Equipment,N,N,Y,Y,N,Y,N,HACHIJOJIMA,33,6.2,139,47,74,18.1,-,1975.3.13,-,-,風、日照
531,TOKYO,44281,-,R,Wired Robot Rain Gauge,Y,N,N,N,N,N,N,AOGASHIMA,32,28,139,45.6,272,-,-,19906.7.31,-,-,-
532,TOKYO,44301,47971,M,Ground Weather Observation Equipment,Y,Y,Y,Y,Y,Y,N,CHICHIJIMA,27,5.5,142,11.4,3,15.8,-,1986.3.18,-,-,-
533,TOKYO,44316,-,R,Wired Robot Rain Gauge,Y,N,N,N,N,N,N,HAHAJIMA,26,38.1,142,9.7,32,-,-,2007.8.29,-,-,-
534,TOKYO,44356,47991,M,Ground Weather Observation Equipment,Y,Y,Y,Y,Y,Y,N,MINAMITORISHIMA,24,17.3,153,59,7,15.8,-,19902.6.1,-,-,-
535,SHIZUOKA,50066,47639,M,Ground Weather Observation Equipment,N,Y,N,N,N,Y,N,FUJISAN,35,21.6,138,43.6,3775,-,-,2004.8.26,-,-,気温、日照
536,CHIBA,45061,-,4,Wired Robot Weather Station,Y,Y,Y,Y,N,ES,N,ABIKO,35,51.8,140,6.6,20,10,1.5,19902.3.11,-,-,湿度を除く
537,CHIBA,45081,-,4,Wired Robot Weather Station,Y,Y,Y,Y,Y,ES,N,SAWARA,35,51.5,140,30.1,37,7.8,1.5,1999.10.12,-,-,-
538,CHIBA,45086,-,R,Wired Robot Rain Gauge,Y,N,N,N,N,N,N,TONOSHO,35,47.7,140,40.9,52,-,-,#,-,-,-
539,CHIBA,45106,-,4,Wired Robot Weather Station,Y,Y,Y,Y,N,ES,N,FUNABASHI,35,42.7,140,2.6,28,7.9,1.5,1999.8.3,-,-,湿度を除く
540,CHIBA,45116,-,4,Wired Robot Weather Station,Y,Y,Y,Y,Y,ES,N,SAKURA,35,43.7,140,12.7,5,10.3,1.5,(1975.4.16)1978.12.18,-,-,-
541,CHIBA,45121,-,M,Ground Weather Observation Equipment,Y,Y,Y,Y,Y,N,N,NARITA,35,45.8,140,23.1,41,10,-,2003.1.1,-,-,日照・湿度・気圧を除く
542,CHIBA,45147,47648,M,Ground Weather Observation Equipment,Y,Y,Y,Y,Y,Y,Y,CHOSHI,35,44.3,140,51.4,20,28.2,-,1986.8.22,-,45900,-
543,CHIBA,45181,-,4,Wired Robot Weather Station,Y,Y,Y,Y,Y,ES,N,YOKOSHIBA,35,39.3,140,30.3,5,10,1.5,(1975.5.16)1978.1.10,-,-,-
544,CHIBA,45212,47682,M,Ground Weather Observation Equipment,Y,Y,Y,Y,Y,Y,Y,CHIBA,35,36.1,140,6.2,3,47.9,-,1981.3.30,-,45905,-
545,CHIBA,45261,-,4,Wired Robot Weather Station,Y,Y,Y,Y,Y,ES,N,MOBARA,35,26.2,140,17.6,11,10,1.5,#1978.1.11,-,-,-
546,CHIBA,45282,-,4,Wired Robot Weather Station,Y,Y,Y,Y,Y,ES,N,KISARAZU,35,21.7,139,56.4,60,10,1.5,2006.9.22,-,-,-
547,CHIBA,45291,-,4,Wired Robot Weather Station,Y,Y,Y,Y,Y,ES,N,USHIKU,35,23.8,140,8.9,30,9.4,1.5,1978.1.11,-,-,-
548,CHIBA,45326,-,4,Wired Robot Weather Station,Y,Y,Y,Y,Y,ES,N,SAKAHATA,35,14.1,140,5.9,120,10,1.5,1978.1.12,-,-,-
549,CHIBA,45331,-,R,Wired Robot Rain Gauge,Y,N,N,N,N,N,N,KUROHARA,35,15.1,140,12.9,70,-,-,1975.5.16,-,-,-
550,CHIBA,45346,-,R,Wired Robot Rain Gauge,Y,N,N,N,N,N,N,SAKUMA,35,7.3,139,50.2,10,-,-,#,-,-,-
551,CHIBA,45361,-,4,Wired Robot Weather Station,Y,Y,Y,Y,Y,ES,N,KAMOGAWA,35,6.7,140,6,5,9.9,1.5,#1978.1.13,-,-,-
552,CHIBA,45371,47674,M,Ground Weather Observation Equipment,Y,Y,Y,Y,Y,Y,N,KATSUURA,35,9,140,18.7,12,15.2,-,#1975.12.7,-,-,-
553,CHIBA,45401,47672,M,Ground Weather Observation Equipment,Y,Y,Y,Y,Y,Y,N,TATEYAMA,34,59.2,139,51.9,6,21.8,-,#1975.3.12,-,-,-
554,KANAGAWA,46001,-,R,Wired Robot Rain Gauge,Y,N,N,N,N,N,N,SAGAMIKO,35,36.8,139,11.6,188,-,-,#,-,-,-
555,KANAGAWA,46046,-,R,Wired Robot Rain Gauge,Y,N,N,N,N,N,N,SAGAMIHARA,35,34.3,139,22.2,149,-,-,1975.5.16,-,-,-
556,KANAGAWA,46061,-,R,Wired Robot Rain Gauge,Y,N,N,N,N,N,N,HIYOSHI,35,33.1,139,39,57,-,-,1975.5.16,-,-,-
557,KANAGAWA,46076,-,R,Wired Robot Rain Gauge,Y,N,N,N,N,N,N,KUROKURA,35,24.6,139,2.6,330,-,-,1976.5.26,-,-,-
558,KANAGAWA,46091,-,4,Wired Robot Weather Station,Y,Y,Y,Y,N,ES,N,ATSUGI,35,26,139,23.2,18,6.5,1.5,#1978.1.17,-,-,湿度を除く
559,KANAGAWA,46106,47670,M,Ground Weather Observation Equipment,Y,Y,Y,Y,Y,Y,Y,YOKOHAMA,35,26.3,139,39.1,39,19.8,-,#1975.3.8,-,46900,-
560,KANAGAWA,46136,-,R,Wired Robot Rain Gauge,Y,N,N,N,N,N,N,HIRATSUKA,35,20.7,139,18.3,20,-,-,1975.5.16,-,-,-
561,KANAGAWA,46141,-,4,Wired Robot Weather Station,Y,Y,Y,Y,Y,ES,N,TSUJIDO,35,19.2,139,27,5,9.9,1.5,1992.2.10,-,-,-
562,KANAGAWA,46161,-,R,Wired Robot Rain Gauge,Y,N,N,N,N,N,N,HAKONE,35,13.3,139,2.5,855,-,-,#,-,-,-
563,KANAGAWA,46166,-,4,Wired Robot Weather Station,Y,Y,Y,Y,Y,ES,N,ODAWARA,35,16.6,139,9.3,14,9.9,1.5,(1975.5.16)1978.1.17,-,-,-
564,KANAGAWA,46211,-,4,Wired Robot Weather Station,Y,Y,Y,Y,Y,ES,N,MIURA,35,10.7,139,37.8,42,9.9,1.5,#1978.1.20,-,-,-
565,NAGANO,48031,-,4,Wired Robot Weather Station,Y,Y,Y,Y,N,ES,Y,NOZAWAONSEN,36,54.7,138,26.5,576,10,3,#1978.11.16,-,48900,湿度を除く
566,NAGANO,48061,-,4,Wired Robot Weather Station,Y,Y,Y,Y,N,ES,Y,SHINANOMACHI,36,48.5,138,11.8,685,9.5,3,#1978.11.17,-,48905,湿度を除く
567,NAGANO,48066,-,4,Wired Robot Weather Station,Y,Y,Y,Y,Y,ES,Y,IIYAMA,36,52.5,138,22.5,313,9.9,3,#1978.11.16,-,48910,-
568,NAGANO,48097,-,R,Wired Robot Rain Gauge,Y,N,N,N,N,N,Y,OTARI,36,49.3,137,55.8,550,-,-,1983.10.13,-,48915,-
569,NAGANO,48141,-,4,Wired Robot Weather Station,Y,Y,Y,Y,N,ES,Y,HAKUBA,36,41.9,137,51.7,703,10,3,#1978.11.21,-,48920,湿度を除く
570,NAGANO,48146,-,R,Wired Robot Rain Gauge,Y,N,N,N,N,N,N,KINASA,36,41.3,137,57.9,778,-,-,1977.6.29,-,-,-
571,NAGANO,48156,47610,M,Ground Weather Observation Equipment,Y,Y,Y,Y,Y,Y,Y,NAGANO,36,39.7,138,11.5,418,18.8,-,#1975.3.24,-,48925,-
572,NAGANO,48172,-,R,Wired Robot Rain Gauge,Y,N,N,N,N,N,N,KASADAKE,36,39.9,138,27.5,1473,-,-,1979.7.12,-,-,-
573,NAGANO,48191,-,4,Wired Robot Weather Station,Y,Y,Y,Y,N,ES,Y,OMACHI,36,31.4,137,49.9,784,10,2,#1978.11.20,-,48930,湿度を除く
574,NAGANO,48196,-,4,Wired Robot Weather Station,Y,Y,Y,Y,N,ES,N,SHINSHUSHIMMACHI,36,32.9,137,59.8,509,9.5,1.5,#1978.11.17,-,-,湿度を除く
575,NAGANO,48216,-,4,Wired Robot Weather Station,Y,Y,Y,Y,N,ES,Y,SUGADAIRA,36,31.9,138,19.5,1253,10,2,(1975.5.14)1978.11.15,-,48935,湿度を除く
576,NAGANO,48247,-,R,Wired Robot Rain Gauge,Y,N,N,N,N,N,N,HIJIRI-KOGEN,36,29.2,138,4.1,985,-,-,1979.7.19,-,-,-
577,NAGANO,48256,-,4,Wired Robot Weather Station,Y,Y,Y,Y,Y,ES,N,UEDA,36,24,138,15.9,502,6.5,1.5,#1976.3.16,-,-,-
578,NAGANO,48296,-,4,Wired Robot Weather Station,Y,Y,Y,Y,N,ES,N,HOTAKA,36,20.6,137,52.9,540,10,1.5,#1978.11.21,-,-,湿度を除く
579,NAGANO,48321,-,4,Wired Robot Weather Station,Y,Y,Y,Y,N,ES,N,TOBUMACHI,36,23,138,23,958,10,1.5,(1975.5.14)1978.12.1,-,-,湿度を除く
580,NAGANO,48331,47622,M,Ground Weather Observation Equipment,Y,Y,N,N,N,Y,Y,KARUIZAWA,36,20.5,138,32.8,999,-,-,#1975.12.2,-,48938,気温、雨
581,NAGANO,48331,47622,M,Ground Weather Observation Equipment,N,N,Y,Y,N,Y,Y,KARUIZAWA,36,20.1,138,33.8,950,18.5,-,#1975.12.2,-,-,風、日照
582,NAGANO,48346,-,R,Wired Robot Rain Gauge,Y,N,N,N,N,N,N,KAMIKOCHI,36,14.9,137,38,1510,-,-,1975.5.14,-,-,-
583,NAGANO,48361,47618,M,Ground Weather Observation Equipment,Y,Y,Y,Y,Y,Y,Y,MATSUMOTO,36,14.8,137,58.2,610,17.6,-,#1975.3.12,-,48936,-
584,NAGANO,48363,-,M,Ground Weather Observation Equipment,Y,Y,Y,Y,Y,N,N,MATSUMOTO-IMAI,36,10,137,55.3,658,10,-,2003.1.1,-,-,日照・湿度・気圧を除く
585,NAGANO,48371,-,R,Wired Robot Rain Gauge,Y,N,N,N,N,N,N,KAKEYU,36,18.1,138,8.2,721,-,-,#,-,-,-
586,NAGANO,48381,-,4,Wired Robot Weather Station,Y,Y,Y,Y,N,ES,N,TATESHINA,36,16.3,138,18.8,715,10,1.5,1978.12.1,-,-,湿度を除く
587,NAGANO,48386,-,4,Wired Robot Weather Station,Y,Y,Y,Y,N,ES,N,SAKU,36,14.8,138,28.6,683,10,1.5,#1978.12.1,-,-,湿度を除く
588,NAGANO,48436,-,R,Wired Robot Rain Gauge,Y,N,N,N,N,N,N,SHIRAKABAKO,36,6.3,138,13.7,1440,-,-,2004.9.9,-,-,-
589,NAGANO,48466,-,4,Wired Robot Weather Station,Y,Y,Y,Y,N,ES,N,NAGAWA,36,5.3,137,41,1068,10,2,1978.11.22,-,-,湿度を除く
590,NAGANO,48491,47620,M,Ground Weather Observation Equipment,Y,Y,N,N,N,Y,Y,SUWA,36,2.7,138,6.5,760,-,-,1975.12.4,-,48937,気温、雨
591,NAGANO,48491,47620,M,Ground Weather Observation Equipment,N,N,Y,Y,N,Y,Y,SUWA,36,2.4,138,6.1,759,10.8,-,1975.12.4,-,-,風、日照
592,NAGANO,48516,-,R,Wired Robot Rain Gauge,Y,N,N,N,N,N,N,KITAAIKI,36,4.3,138,36.7,1185,-,-,2004.9.8,-,-,-
593,NAGANO,48531,-,4,Wired Robot Weather Station,Y,Y,Y,Y,Y,ES,Y,KAIDA,35,56.3,137,36.1,1130,9.9,2,1978.11.24,-,48940,-
594,NAGANO,48536,-,4,Wired Robot Weather Station,Y,Y,Y,Y,N,ES,N,KISO-YABUHARA,35,56.2,137,47.2,985,11.3,1.5,2019.9.5,-,-,湿度を除く
595,NAGANO,48546,-,4,Wired Robot Weather Station,Y,Y,Y,Y,N,ES,N,TATSUNO,35,59,137,59,732,10,1.5,1978.11.30,-,-,湿度を除く
596,NAGANO,48556,-,R,Wired Robot Rain Gauge,Y,N,N,N,N,N,N,TAKATO,35,57.2,138,6.5,1075,-,-,2004.9.9,-,-,-
597,NAGANO,48561,-,4,Wired Robot Weather Station,Y,Y,Y,Y,N,ES,N,HARAMURA,35,58.2,138,13.2,1017,10,1.5,#1978.11.27,-,-,湿度を除く
598,NAGANO,48571,-,4,Wired Robot Weather Station,Y,Y,Y,Y,N,ES,N,NOBEYAMA,35,56.9,138,28.3,1350,10,1.5,#1978.11.15,-,-,湿度を除く
599,NAGANO,48601,-,R,Wired Robot Rain Gauge,Y,N,N,N,N,N,N,ONTAKESAN,35,52.3,137,30.2,2195,-,-,1976.7.1,-,-,-
600,NAGANO,48606,-,4,Wired Robot Weather Station,Y,Y,Y,Y,Y,ES,N,KISOFUKUSHIMA,35,50.4,137,41.3,750,8.2,1.5,1976.3.25,-,-,-
601,NAGANO,48621,-,4,Wired Robot Weather Station,Y,Y,Y,Y,N,ES,N,INA,35,49.5,137,57.3,633,10,1.5,1993.2.25,-,-,湿度を除く
602,NAGANO,48681,-,R,Wired Robot Rain Gauge,Y,N,N,N,N,N,N,MIYADA-KOGEN,35,46.4,137,53.1,1660,-,-,#,-,-,-
603,NAGANO,48691,-,R,Wired Robot Rain Gauge,Y,N,N,N,N,N,N,SUGISHIMA,35,43.6,138,5.6,905,-,-,1983.6.23,-,-,-
604,NAGANO,48716,-,R,Wired Robot Rain Gauge,Y,N,N,N,N,N,N,SUHARA,35,41.9,137,41.5,535,-,-,#,-,-,-
605,NAGANO,48717,-,4,Wired Robot Weather Station,Y,Y,Y,Y,N,ES,N,NAGISO,35,36.6,137,37.2,560,10,1.5,(1975.5.20)1978.11.24,-,-,湿度を除く
606,NAGANO,48731,-,4,Wired Robot Weather Station,Y,Y,Y,Y,N,ES,N,IIJIMA,35,39.2,137,53.9,728,10,1.5,#1978.11.28,-,-,湿度を除く
607,NAGANO,48737,-,R,Wired Robot Rain Gauge,Y,N,N,N,N,N,N,OSHIKA,35,33.4,138,2.4,718,-,-,1983.6.14,-,-,-
608,NAGANO,48767,47637,M,Ground Weather Observation Equipment,Y,Y,Y,Y,Y,Y,Y,IIDA,35,31.4,137,49.3,516,36.1,-,2002.5.27,-,48945,-
609,NAGANO,48826,-,4,Wired Robot Weather Station,Y,Y,Y,Y,N,ES,N,NAMIAI,35,22.4,137,41.5,940,10,1.5,1978.11.28,-,-,湿度を除く
610,NAGANO,48836,-,R,Wired Robot Rain Gauge,Y,N,N,N,N,N,N,ANAN,35,18.8,137,48.7,610,-,-,1978.12.26,-,-,-
611,NAGANO,48841,-,4,Wired Robot Weather Station,Y,Y,Y,Y,N,ES,N,MINAMISHINANO,35,19.3,137,55.9,407,9.5,1.5,1978.12.1,-,-,湿度を除く
612,YAMANASHI,49036,-,4,Wired Robot Weather Station,Y,Y,Y,Y,N,ES,N,OIZUMI,35,51.7,138,23.2,867,10,1.5,(1975.5.20)1977.12.23,-,-,湿度を除く
613,YAMANASHI,49052,-,R,Wired Robot Rain Gauge,Y,N,N,N,N,N,N,OTOMEKO,35,48.4,138,39.3,1465,-,-,19900.10.21,-,-,-
614,YAMANASHI,49086,-,4,Wired Robot Weather Station,Y,Y,Y,Y,N,ES,N,NIRASAKI,35,41.6,138,26.9,341,6.6,1.5,(1975.5.20)1977.12.23,-,-,湿度を除く
615,YAMANASHI,49142,47638,M,Ground Weather Observation Equipment,Y,Y,Y,Y,Y,Y,Y,KOFU,35,40,138,33.2,273,26.9,-,1993.3.18,-,49900,-
616,YAMANASHI,49151,-,4,Wired Robot Weather Station,Y,Y,Y,Y,N,ES,N,KATSUNUMA,35,39.8,138,43.5,394,9.5,1.5,#1977.12.22,-,-,湿度を除く
617,YAMANASHI,49161,-,4,Wired Robot Weather Station,Y,Y,Y,Y,Y,ES,N,OTSUKI,35,36.5,138,56.3,364,9.9,1.7,#1977.12.22,-,-,-
618,YAMANASHI,49172,-,R,Wired Robot Rain Gauge,Y,N,N,N,N,N,N,UENOHARA,35,37.2,139,6.3,187,-,-,19907.2.18,-,-,-
619,YAMANASHI,49187,-,R,Wired Robot Rain Gauge,Y,N,N,N,N,N,N,FUJIKAWA,35,33.7,138,26.9,295,-,-,19905.3.14,-,-,-
620,YAMANASHI,49196,-,4,Wired Robot Weather Station,Y,Y,Y,Y,N,ES,N,KAMIKUISHIKI,35,31.7,138,36.9,552,10.3,1.5,#1978.11.13,-,-,湿度を除く
621,YAMANASHI,49236,-,4,Wired Robot Weather Station,Y,Y,Y,Y,N,ES,N,NAKATOMI,35,28,138,26.5,226,10,1.5,1977.12.26,-,-,湿度を除く
622,YAMANASHI,49251,47640,M,Ground Weather Observation Equipment,Y,Y,Y,Y,Y,Y,Y,KAWAGUCHI-KO,35,30,138,45.6,860,15.1,-,#1975.12.6,-,49905,-
623,YAMANASHI,49256,-,4,Wired Robot Weather Station,Y,Y,Y,Y,N,ES,N,YAMANAKA,35,26.2,138,50.2,992,6.5,2,#1977.12.27,-,-,湿度を除く
624,YAMANASHI,49316,-,4,Wired Robot Weather Station,Y,Y,Y,Y,Y,ES,N,NAMBU,35,17.3,138,26.7,141,9.2,1.5,#1977.12.26,-,-,-
625,SHIZUOKA,50056,-,R,Wired Robot Rain Gauge,Y,N,N,N,N,N,N,SHIRAITO,35,18.7,138,34.7,530,-,-,#,-,-,-
626,SHIZUOKA,50106,-,4,Wired Robot Weather Station,Y,Y,Y,Y,Y,ES,N,IKAWA,35,13,138,13.3,755,10,1.5,1978.12.25,-,-,-
627,SHIZUOKA,50112,-,R,Wired Robot Rain Gauge,Y,N,N,N,N,N,N,UTOUGI,35,12.4,138,22.1,585,-,-,2020.1.28,-,-,-
628,SHIZUOKA,50136,-,4,Wired Robot Weather Station,Y,Y,Y,Y,Y,ES,N,GOTEMBA,35,18.3,138,55.6,472,10.1,1.5,#1976.11.29,-,-,-
629,SHIZUOKA,50196,-,4,Wired Robot Weather Station,Y,Y,Y,Y,Y,ES,N,YOSHIWARA,35,11.1,138,39.8,66,9.9,1.5,#1978.12.26,-,-,-
630,SHIZUOKA,50206,47657,M,Ground Weather Observation Equipment,Y,Y,Y,Y,Y,Y,N,MISHIMA,35,6.8,138,55.5,21,15.8,-,#1975.12.13,-,-,-
631,SHIZUOKA,50211,-,3,Wired Robot Weather Station,Y,Y,Y,Y,Y,N,N,ATAMIIZUSAN,35,6.9,139,5,144,5.5,1.5,2021.7.7,-,-,臨時観測所
632,SHIZUOKA,50226,-,4,Wired Robot Weather Station,Y,Y,Y,Y,Y,ES,N,SAKUMA,35,3.4,137,45.7,150,10,1.5,(1975.5.13)1978.12.20,-,-,-
633,SHIZUOKA,50232,-,R,Wired Robot Rain Gauge,Y,N,N,N,N,N,N,HARUNO,35,0.7,137,56.7,486,-,-,19908.9.28,-,-,-
634,SHIZUOKA,50241,-,4,Wired Robot Weather Station,Y,Y,Y,Y,Y,ES,N,HONKAWANE,35,6.1,138,7.7,290,9.9,1.5,#1978.12.22,-,-,-
635,SHIZUOKA,50247,-,R,Wired Robot Rain Gauge,Y,N,N,N,N,N,N,KAGIANA,35,2.9,138,14.8,160,-,-,1991.3.26,-,-,-
636,SHIZUOKA,50261,-,4,Wired Robot Weather Station,Y,Y,Y,Y,Y,ES,N,SHIMIZU,35,3.2,138,31.3,3,8.4,1.5,1978.1.18,-,-,-
637,SHIZUOKA,50281,47668,M,Ground Weather Observation Equipment,Y,Y,Y,Y,Y,Y,N,AJIRO,35,2.7,139,5.5,67,12.5,-,#1975.12.16,-,-,-
638,SHIZUOKA,50296,-,R,Wired Robot Rain Gauge,Y,N,N,N,N,N,N,KUMA,34,57.5,137,44,375,-,-,1976.6.25,-,-,-
639,SHIZUOKA,50317,-,R,Wired Robot Rain Gauge,Y,N,N,N,N,N,N,TAKANESAN,34,58.5,138,11.8,415,-,-,19901.12.18,-,-,-
640,SHIZUOKA,50331,47656,M,Ground Weather Observation Equipment,Y,Y,Y,Y,Y,Y,Y,SHIZUOKA,34,58.5,138,24.2,14,16,-,#1975.3.23,-,50900,-
641,SHIZUOKA,50371,-,R,Wired Robot Rain Gauge,Y,N,N,N,N,N,N,MIKKABI,34,48.1,137,33.4,2,-,-,1975.5.13,-,-,-
642,SHIZUOKA,50386,-,4,Wired Robot Weather Station,Y,Y,Y,Y,Y,ES,N,TENRYU,34,53.4,137,48.8,61,10,1.5,#1978.12.21,-,-,-
643,SHIZUOKA,50391,-,R,Wired Robot Rain Gauge,Y,N,N,N,N,N,N,MIKURA,34,53.7,137,56.4,114,-,-,1982.9.29,-,-,-
644,SHIZUOKA,50416,-,R,Wired Robot Rain Gauge,Y,N,N,N,N,N,N,TOI,34,52.6,138,45.7,92,-,-,1990.7.10,-,-,-
645,SHIZUOKA,50426,-,R,Wired Robot Rain Gauge,Y,N,N,N,N,N,N,YUGASHIMA,34,54,138,55.5,165,-,-,#,-,-,-
646,SHIZUOKA,50427,-,R,Wired Robot Rain Gauge,Y,N,N,N,N,N,N,AMAGISAN,34,52.3,139,1.4,1066,-,-,#,-,-,-
647,SHIZUOKA,50456,47654,M,Ground Weather Observation Equipment,Y,Y,Y,Y,Y,Y,N,HAMAMATSU,34,45.2,137,42.7,46,16.8,-,#1975.3.19,-,-,-
648,SHIZUOKA,50466,-,R,Wired Robot Rain Gauge,Y,N,N,N,N,N,N,KAKEGAWA,34,46.1,137,59.7,32,-,-,1975.5.13,-,-,-
649,SHIZUOKA,50476,-,4,Wired Robot Weather Station,Y,Y,Y,Y,Y,ES,N,MAKINOHARA,34,47.1,138,8.3,191,10.1,1.5,1978.12.21,-,-,-
650,SHIZUOKA,50477,-,M,Ground Weather Observation Equipment,Y,Y,Y,Y,Y,N,N,SHIZUOKA-KUKO,34,47.7,138,11.3,132,10,-,19901.6.4,-,-,日照・湿度・気圧を除く
651,SHIZUOKA,50491,-,4,Wired Robot Weather Station,Y,Y,Y,Y,Y,ES,N,MATSUZAKI,34,45.3,138,47,4,10,1.5,#1978.12.27,-,-,-
652,SHIZUOKA,50506,-,4,Wired Robot Weather Station,Y,Y,Y,Y,Y,ES,N,INATORI,34,46.9,139,2.9,130,10,1.5,#1978.12.27,-,-,-
653,SHIZUOKA,50536,-,4,Wired Robot Weather Station,Y,Y,Y,Y,Y,ES,N,FUKUDE,34,41.5,137,52.8,1,10.2,1.5,1978.1.19,-,-,-
654,SHIZUOKA,50551,47655,M,Ground Weather Observation Equipment,Y,Y,Y,Y,Y,Y,N,OMAEZAKI,34,36.2,138,12.8,45,16,-,#1975.12.11,-,-,-
655,SHIZUOKA,50561,47666,M,Ground Weather Observation Equipment,Y,Y,Y,Y,Y,Y,N,IROZAKI,34,36.2,138,50.5,52,15,-,#1975.3.26,-,-,-
656,AICHI,51011,-,R,Wired Robot Rain Gauge,Y,N,N,N,N,N,N,ICHINOMIYA,35,17.9,136,51.2,11,-,-,#,-,-,-
657,AICHI,51031,-,4,Wired Robot Weather Station,Y,Y,Y,Y,Y,ES,N,HACHIKAI,35,13,136,41.9,5,10.4,1.5,1979.1.11,-,-,-
658,AICHI,51056,-,R,Wired Robot Rain Gauge,Y,N,N,N,N,N,N,OBARA,35,13.7,137,17.1,290,-,-,1977.7.1,-,-,-
659,AICHI,51071,-,4,Wired Robot Weather Station,Y,Y,Y,Y,Y,ES,N,INABU,35,12.7,137,30.4,505,10,1.5,(1975.5.12)1979.1.9,-,-,-
660,AICHI,51077,-,R,Wired Robot Rain Gauge,Y,N,N,N,N,N,N,CHAUSUYAMA,35,13.2,137,39.6,1216,-,-,2005.12.8,-,-,-
661,AICHI,51096,-,R,Wired Robot Rain Gauge,Y,N,N,N,N,N,N,KANIE,35,8.2,136,47.5,2,-,-,1975.5.12,-,-,-
662,AICHI,51106,47636,M,Ground Weather Observation Equipment,Y,Y,Y,Y,Y,Y,Y,NAGOYA,35,10,136,57.9,51,17.8,-,#1975.3.19,-,51900,-
663,AICHI,51116,-,4,Wired Robot Weather Station,Y,Y,Y,Y,Y,ES,N,TOYOTA,35,7.9,137,10.6,75,6.6,1.5,#1979.1.9,-,-,-
664,AICHI,51192,-,R,Wired Robot Rain Gauge,Y,N,N,N,N,N,N,AZO,35,4.7,137,24.8,613,-,-,2005.12.5,-,-,-
665,AICHI,51216,-,4,Wired Robot Weather Station,Y,Y,Y,Y,Y,ES,N,OBU,34,59.7,136,56.6,32,10,1.5,19904.10.17,-,-,-
666,AICHI,51226,-,4,Wired Robot Weather Station,Y,Y,Y,Y,Y,ES,N,OKAZAKI,34,55.1,137,11.6,47,6.4,1.5,#1979.1.9,-,-,-
667,AICHI,51241,-,R,Wired Robot Rain Gauge,Y,N,N,N,N,N,N,TSUKUDE,34,58.6,137,25.5,532,-,-,#,-,-,-
668,AICHI,51247,-,4,Wired Robot Weather Station,Y,Y,Y,Y,Y,ES,N,SHINSHIRO,34,54.4,137,31.1,53,6.4,1.5,2002.12.25,-,-,-
669,AICHI,51261,-,M,Ground Weather Observation Equipment,Y,Y,Y,Y,Y,N,N,SENTOREA,34,51.5,136,48.3,4,10,-,2005.2.17,-,-,日照・湿度・気圧を除く
670,AICHI,51271,-,R,Wired Robot Rain Gauge,Y,N,N,N,N,N,N,NISHIO,34,48.7,137,1.7,12,-,-,#,-,-,-
671,AICHI,51281,-,4,Wired Robot Weather Station,Y,Y,Y,Y,Y,ES,N,GAMAGOORI,34,50.7,137,13,55,10,1.5,1979.1.10,-,-,-
672,AICHI,51311,-,4,Wired Robot Weather Station,Y,Y,Y,Y,Y,ES,N,MINAMICHITA,34,44.4,136,56.3,16,6.5,1.5,(1975.5.12)1979.1.10,-,-,-
673,AICHI,51331,-,4,Wired Robot Weather Station,Y,Y,Y,Y,Y,ES,N,TOYOHASHI,34,45,137,20.5,3,6.5,1.5,2005.12.6,-,-,-
674,AICHI,51346,47653,M,Ground Weather Observation Equipment,Y,Y,Y,Y,Y,Y,N,IRAKO,34,37.7,137,5.6,6,10.7,-,#1975.12.16,-,-,-
675,AICHI,51356,-,R,Wired Robot Rain Gauge,Y,N,N,N,N,N,N,TAHARA,34,37.6,137,13.3,45,-,-,#,-,-,-
676,GIFU,52041,-,4,Wired Robot Weather Station,Y,Y,Y,Y,N,ES,Y,KAWAI,36,18.3,137,6,471,10,3.7,1978.11.18,-,52900,湿度を除く
677,GIFU,52051,-,4,Wired Robot Weather Station,Y,Y,Y,Y,N,ES,Y,KAMIOKA,36,19.3,137,18.5,455,10,2,1978.11.20,-,52905,湿度を除く
678,GIFU,52081,-,4,Wired Robot Weather Station,Y,Y,Y,Y,N,ES,Y,SHIRAKAWA,36,16.4,136,53.8,478,10,4,1978.11.17,-,52910,湿度を除く
679,GIFU,52111,-,4,Wired Robot Weather Station,Y,Y,Y,Y,N,ES,N,TOCHIO,36,14.9,137,30.2,765,10,1.5,(1975.5.30)1978.11.20,-,-,湿度を除く
680,GIFU,52131,-,R,Wired Robot Rain Gauge,Y,N,N,N,N,N,N,MIBORO,36,8.8,136,54.5,640,-,-,1982.6.22,-,-,-
681,GIFU,52137,-,R,Wired Robot Rain Gauge,Y,N,N,N,N,N,N,KIYOMI,36,10.8,137,2.7,740,-,-,1990.12.21,-,-,-
682,GIFU,52146,47617,M,Ground Weather Observation Equipment,Y,Y,Y,Y,Y,Y,Y,TAKAYAMA,36,9.3,137,15.2,560,18.1,-,#1975.4.1,-,52913,-
683,GIFU,52152,-,R,Wired Robot Rain Gauge,Y,N,N,N,N,N,N,NYUKAWA,36,11.2,137,22.3,910,-,-,1990.12.26,-,-,-
684,GIFU,52173,-,R,Wired Robot Rain Gauge,Y,N,N,N,N,N,N,HIRUGANO,36,0.6,136,53.6,885,-,-,1990.12.20,-,-,-
685,GIFU,52181,-,4,Wired Robot Weather Station,Y,Y,Y,Y,N,ES,N,MUMAI,36,3.6,137,2.1,1015,10,2.8,1978.11.16,-,-,湿度を除く
686,GIFU,52192,-,R,Wired Robot Rain Gauge,Y,N,N,N,N,N,N,FUNAYAMA,36,2.1,137,15.6,880,-,-,2002.10.8,-,-,-
687,GIFU,52196,-,4,Wired Robot Weather Station,Y,Y,Y,Y,N,ES,N,MIYANOMAE,36,0.9,137,23.3,930,9.4,2,1978.11.21,-,-,湿度を除く
688,GIFU,52221,-,4,Wired Robot Weather Station,Y,Y,Y,Y,Y,ES,Y,NAGATAKI,35,55.4,136,49.9,430,9.9,2.8,1978.11.11,-,52915,-
689,GIFU,52286,-,4,Wired Robot Weather Station,Y,Y,Y,Y,Y,ES,N,HAGIWARA,35,53.3,137,12.4,425,10.1,1.5,#1976.3.3,-,-,-
690,GIFU,52321,-,R,Wired Robot Rain Gauge,Y,N,N,N,N,N,N,SEKISHIITADORI,35,43.4,136,47,351,-,-,2005.12.5,-,-,-
691,GIFU,52331,-,4,Wired Robot Weather Station,Y,Y,Y,Y,N,ES,N,HACHIMAN,35,45.4,136,58.7,271,10,1.5,#1978.11.16,-,-,湿度を除く
692,GIFU,52346,-,4,Wired Robot Weather Station,Y,Y,Y,Y,N,ES,N,MIYAJI,35,45.8,137,17.3,450,10,1.5,(1975.6.1)1978.11.21,-,-,湿度を除く
693,GIFU,52381,-,4,Wired Robot Weather Station,Y,Y,Y,Y,Y,ES,Y,TARUMI,35,38.3,136,36.1,190,9.9,2.2,#1978.11.14,-,52920,-
694,GIFU,52406,-,4,Wired Robot Weather Station,Y,Y,Y,Y,N,ES,N,KANAYAMA,35,39.7,137,9.6,233,10,1.5,#1978.11.22,-,-,湿度を除く
695,GIFU,52421,-,R,Wired Robot Rain Gauge,Y,N,N,N,N,N,N,TSUKECHI,35,39.7,137,25.6,461,-,-,1982.6.11,-,-,-
696,GIFU,52461,-,4,Wired Robot Weather Station,Y,Y,Y,Y,N,ES,N,MINO,35,33.3,136,54.6,68,10,1.5,(1975.5.29)1978.11.15,-,-,湿度を除く
697,GIFU,52476,-,R,Wired Robot Rain Gauge,Y,N,N,N,N,N,N,GARAN,35,30.9,137,13.8,650,-,-,#,-,-,-
698,GIFU,52482,-,4,Wired Robot Weather Station,Y,Y,Y,Y,N,ES,N,KUROKAWA,35,35.9,137,19.1,517,9.4,1.5,1998.9.29,-,-,湿度を除く
699,GIFU,52511,-,4,Wired Robot Weather Station,Y,Y,Y,Y,N,ES,N,IBIGAWA,35,29.1,136,34,45,10,1.5,1978.11.14,-,-,湿度を除く
700,GIFU,52536,-,4,Wired Robot Weather Station,Y,Y,Y,Y,N,ES,N,MINOKAMO,35,26.7,137,0.3,74,10,1.5,#1978.11.15,-,-,湿度を除く
701,GIFU,52556,-,4,Wired Robot Weather Station,Y,Y,Y,Y,N,ES,N,ENA,35,26.8,137,24.2,315,10,1.5,#1976.3.8,-,-,湿度を除く
702,GIFU,52557,-,4,Wired Robot Weather Station,Y,Y,Y,Y,N,ES,N,NAKATSUGAWA,35,28.6,137,29.2,378,10,1.5,19902.3.25,-,-,湿度を除く
703,GIFU,52571,-,4,Wired Robot Weather Station,Y,Y,Y,Y,Y,ES,Y,SEKIGAHARA,35,21.8,136,28,130,10.1,1.5,#1978.11.13,-,52935,-
704,GIFU,52581,-,4,Wired Robot Weather Station,Y,Y,Y,Y,N,ES,N,OGAKI,35,20.8,136,37.2,6,10,1.5,#1978.11.13,-,-,湿度を除く
705,GIFU,52586,47632,M,Ground Weather Observation Equipment,Y,Y,Y,Y,Y,Y,Y,GIFU,35,24,136,45.7,13,23,-,#1975.4.1,-,52940,-
706,GIFU,52606,-,4,Wired Robot Weather Station,Y,Y,Y,Y,N,ES,N,TAJIMI,35,20.8,137,6.5,120,10,1.5,(1975.5.29)1978.11.24,-,-,湿度を除く
707,GIFU,52642,-,R,Wired Robot Rain Gauge,Y,N,N,N,N,N,N,KAMIISHIZU,35,14.8,136,27.5,193,-,-,19908.3.29,-,-,-
708,MIE,53016,-,R,Wired Robot Rain Gauge,Y,N,N,N,N,N,N,AGEKI,35,8.6,136,32.3,125,-,-,#,-,-,-
709,MIE,53041,-,4,Wired Robot Weather Station,Y,Y,Y,Y,Y,ES,N,KUWANA,35,3,136,41.6,3,9.9,1.5,#1979.1.12,-,-,-
710,MIE,53061,47684,M,Ground Weather Observation Equipment,Y,Y,Y,Y,Y,Y,N,YOKKAICHI,34,56.4,136,34.8,55,10.7,-,#1975.12.13,-,-,-
711,MIE,53091,-,4,Wired Robot Weather Station,Y,Y,Y,Y,Y,ES,N,KAMEYAMA,34,52.2,136,27.2,70,10,1.5,#1979.1.12,-,-,-
712,MIE,53112,47649,M,Ground Weather Observation Equipment,Y,Y,Y,Y,Y,Y,N,UENO,34,45.7,136,8.5,159,22.1,-,1985.1.30,-,-,-
713,MIE,53121,-,R,Wired Robot Rain Gauge,Y,N,N,N,N,N,N,KASATORIYAMA,34,43.5,136,18.5,810,-,-,#,-,-,-
714,MIE,53133,47651,M,Ground Weather Observation Equipment,Y,Y,N,N,N,Y,Y,TSU,34,44,136,31.1,3,-,-,19903.10.20,-,53900,気温、雨
715,MIE,53133,47651,M,Ground Weather Observation Equipment,N,N,Y,Y,N,Y,Y,TSU,34,43.3,136,31.5,2,15,-,19903.10.20,-,-,風、日照
716,MIE,53141,-,R,Wired Robot Rain Gauge,Y,N,N,N,N,N,N,NABARI,34,37.6,136,6.5,226,-,-,#,-,-,-
717,MIE,53151,-,R,Wired Robot Rain Gauge,Y,N,N,N,N,N,N,HAKUSAN,34,37.5,136,19.3,60,-,-,1979.3.30,-,-,-
718,MIE,53196,-,4,Wired Robot Weather Station,Y,Y,Y,Y,Y,ES,N,OBATA,34,31.7,136,39.9,10,10,1.5,#1979.1.16,-,-,-
719,MIE,53231,-,4,Wired Robot Weather Station,Y,Y,Y,Y,Y,ES,N,KAYUMI,34,26.9,136,23.4,120,10,1.5,#1979.1.16,-,-,-
720,MIE,53257,-,4,Wired Robot Weather Station,Y,Y,Y,Y,Y,ES,N,TOBA,34,28.9,136,49.5,2,9,1.5,1994.2.7,-,-,-
721,MIE,53287,-,R,Wired Robot Rain Gauge,Y,N,N,N,N,N,N,FUJISAKATOGE,34,19.4,136,29.3,560,-,-,#,-,-,-
722,MIE,53296,-,4,Wired Robot Weather Station,Y,Y,Y,Y,Y,ES,N,NANSEI,34,20.7,136,40.9,6,10,1.5,(1978.6.15)1979.1.17,-,-,-
723,MIE,53307,-,R,Wired Robot Rain Gauge,Y,N,N,N,N,N,N,AGO,34,18.5,136,52.4,31,-,-,1982.6.1,-,-,-
724,MIE,53321,-,R,Wired Robot Rain Gauge,Y,N,N,N,N,N,N,MIYAGAWA,34,16.7,136,12.5,205,-,-,1978.6.1,-,-,-
725,MIE,53326,-,4,Wired Robot Weather Station,Y,Y,Y,Y,Y,ES,N,KII-NAGASHIMA,34,12.5,136,19.6,3,9.9,1.5,1979.1.17,-,-,-
726,MIE,53378,47663,M,Ground Weather Observation Equipment,Y,Y,Y,Y,Y,Y,N,OWASE,34,4.1,136,11.6,15,28.4,-,1985.5.29,-,-,-
727,MIE,53401,-,4,Wired Robot Weather Station,Y,Y,Y,Y,Y,ES,N,KUMANOATASHIKA,33,55.9,136,8.3,23,6.4,1.5,2001.12.18,-,-,-
728,MIE,53416,-,R,Wired Robot Rain Gauge,Y,N,N,N,N,N,N,MIHAMA,33,51.1,135,58.8,130,-,-,1985.6.11,-,-,-
729,NIIGATA,54012,-,4,Wired Robot Weather Station,Y,Y,Y,Y,N,ES,N,AWASHIMA,38,27.9,139,15.2,4,10.4,1.5,19908.5.31,-,-,湿度を除く
730,NIIGATA,54041,-,4,Wired Robot Weather Station,Y,Y,Y,Y,N,ES,N,HAGIKIZAKI,38,19.8,138,30.7,58,8.1,1.5,1997.3.31,-,-,湿度を除く
731,NIIGATA,54056,-,R,Wired Robot Rain Gauge,Y,N,N,N,N,N,N,TAKANE,38,19.8,139,36.2,85,-,-,1978.6.1,-,-,-
732,NIIGATA,54086,-,4,Wired Robot Weather Station,Y,Y,Y,Y,Y,ES,N,MURAKAMI,38,13.6,139,28.7,10,8.3,2.7,#1978.11.28,-,-,-
733,NIIGATA,54097,-,R,Wired Robot Rain Gauge,Y,N,N,N,N,N,N,MIOMOTE,38,14.8,139,36.3,45,-,-,1981.5.20,-,-,-
734,NIIGATA,54157,47602,M,Ground Weather Observation Equipment,Y,Y,Y,Y,Y,Y,Y,AIKAWA,38,1.7,138,14.4,6,33.8,-,1995.7.7,-,54900,-
735,NIIGATA,54166,-,4,Wired Robot Weather Station,Y,Y,Y,Y,N,ES,N,RYOTSU,38,4.4,138,26.4,2,18.8,1.5,#1978.11.24,-,-,湿度を除く
736,NIIGATA,54181,-,4,Wired Robot Weather Station,Y,Y,Y,Y,N,ES,N,NAKAJO,38,4.6,139,23.3,14,10,2.6,1978.11.28,-,-,湿度を除く
737,NIIGATA,54191,-,4,Wired Robot Weather Station,Y,Y,Y,Y,N,ES,Y,SHIMOSEKI,38,5.5,139,33.8,33,10,2.8,(1975.5.2)1978.11.27,-,54905,湿度を除く
738,NIIGATA,54232,47604,M,Ground Weather Observation Equipment,Y,Y,N,N,N,Y,Y,NIIGATA,37,53.6,139,1.1,4,-,-,2002.11.21,-,54907,気温、雨
739,NIIGATA,54232,47604,M,Ground Weather Observation Equipment,N,N,Y,Y,N,Y,Y,NIIGATA,37,53.3,139,2.9,0,15.1,-,2002.11.21,-,-,風、日照
740,NIIGATA,54236,-,M,Ground Weather Observation Equipment,Y,Y,Y,Y,Y,N,Y,MATSUHAMA,37,57.3,139,6.7,1,10,-,2003.1.1,-,54908,日照・湿度・気圧を除く
741,NIIGATA,54271,-,4,Wired Robot Weather Station,Y,Y,Y,Y,N,ES,N,HAMOCHI,37,50.5,138,18.8,11,10,1.5,(1975.6.1)1978.11.24,-,-,湿度を除く
742,NIIGATA,54296,-,4,Wired Robot Weather Station,Y,Y,Y,Y,Y,ES,Y,NIITSU,37,47.5,139,5.2,3,10,2.5,#1978.11.21,-,54910,-
743,NIIGATA,54301,-,R,Wired Robot Rain Gauge,Y,N,N,N,N,N,N,HYOKO,37,50,139,14.2,9,-,-,19906.7.23,-,-,-
744,NIIGATA,54311,-,R,Wired Robot Rain Gauge,Y,N,N,N,N,N,N,AKADANI,37,50.1,139,24.9,135,-,-,1976.7.30,-,-,-
745,NIIGATA,54341,-,4,Wired Robot Weather Station,Y,Y,Y,Y,N,ES,N,MAKI,37,46.1,138,54.8,2,10,2.3,#1978.12.22,-,-,湿度を除く
746,NIIGATA,54387,-,4,Wired Robot Weather Station,Y,Y,Y,Y,N,ES,N,TERADOMARI,37,38.4,138,46,44,7.9,1.5,2001.8.10,-,-,湿度を除く
747,NIIGATA,54396,-,4,Wired Robot Weather Station,Y,Y,Y,Y,N,ES,N,SANJO,37,38.4,138,57.3,9,12.5,2.5,#1978.11.20,-,-,湿度を除く
748,NIIGATA,54406,-,R,Wired Robot Rain Gauge,Y,N,N,N,N,N,N,MURAMATSU,37,41.8,139,11.3,25,-,-,#,-,-,-
749,NIIGATA,54421,-,4,Wired Robot Weather Station,Y,Y,Y,Y,N,ES,Y,TSUGAWA,37,40.3,139,26.8,100,9.6,3,#1978.11.21,-,54915,湿度を除く
750,NIIGATA,54462,-,R,Wired Robot Rain Gauge,Y,N,N,N,N,N,N,MIYAYORIKAMI,37,34.8,139,8.4,125,-,-,1983.6.29,-,-,-
751,NIIGATA,54472,-,R,Wired Robot Rain Gauge,Y,N,N,N,N,N,N,MUROYA,37,33,139,22.2,200,-,-,1992.3.27,-,-,-
752,NIIGATA,54501,-,4,Wired Robot Weather Station,Y,Y,Y,Y,N,ES,Y,NAGAOKA,37,27,138,49.4,23,9.5,3,#1976.2.24,-,54920,湿度を除く
753,NIIGATA,54506,-,R,Wired Robot Rain Gauge,Y,N,N,N,N,N,N,TOCHIO,37,28.5,138,59.5,83,-,-,#,-,-,-
754,NIIGATA,54541,-,4,Wired Robot Weather Station,Y,Y,Y,Y,Y,ES,Y,KASHIWAZAKI,37,21.1,138,33.2,7,10,2.5,#1978.11.15,-,54925,-
755,NIIGATA,54566,-,4,Wired Robot Weather Station,Y,Y,Y,Y,N,ES,Y,IRIHIROSE,37,20.8,139,2.6,222,10,5.4,(1975.5.21)1978.11.17,-,54930,湿度を除く
756,NIIGATA,54586,-,4,Wired Robot Weather Station,Y,Y,Y,Y,Y,ES,N,OGATA,37,13.5,138,19.5,13,10,2.3,1978.11.14,-,-,-
757,NIIGATA,54606,-,R,Wired Robot Rain Gauge,Y,N,N,N,N,N,N,OGUNI,37,17.5,138,42.1,83,-,-,1977.6.21,-,-,-
758,NIIGATA,54616,-,4,Wired Robot Weather Station,Y,Y,Y,Y,N,ES,Y,KOIDE,37,13.6,138,57.8,98,10,4,#1978.11.17,-,54935,湿度を除く
759,NIIGATA,54621,-,R,Wired Robot Rain Gauge,Y,N,N,N,N,N,N,OYU,37,12.3,139,3.7,240,-,-,1981.5.22,-,-,-
760,NIIGATA,54651,47612,M,Ground Weather Observation Equipment,Y,Y,Y,Y,Y,Y,Y,TAKADA,37,6.4,138,14.8,13,18,-,#1978.3.11,-,54937,-
761,NIIGATA,54661,-,4,Wired Robot Weather Station,Y,Y,Y,Y,N,ES,Y,YASUZUKA,37,6.4,138,27.4,126,6.5,3.5,#1978.11.15,-,54940,湿度を除く
762,NIIGATA,54666,-,R,Wired Robot Rain Gauge,Y,N,N,N,N,N,N,KAWADANI,37,12,138,31,206,-,-,1985.6.14,-,-,-
763,NIIGATA,54671,-,R,Wired Robot Rain Gauge,Y,N,N,N,N,N,N,MATSUDAI,37,7.9,138,36.4,210,-,-,1977.6.21,-,-,-
764,NIIGATA,54676,-,4,Wired Robot Weather Station,Y,Y,Y,Y,N,ES,Y,TOKAMACHI,37,8.6,138,43.6,170,10,4.5,#1978.11.16,-,54945,湿度を除く
765,NIIGATA,54711,-,4,Wired Robot Weather Station,Y,Y,Y,Y,N,ES,N,ITOIGAWA,37,2.6,137,52.5,8,10,2.5,#1978.11.13,-,-,湿度を除く
766,NIIGATA,54721,-,4,Wired Robot Weather Station,Y,Y,Y,Y,N,ES,Y,NO,37,5,138,1.4,55,10.3,3.5,#1978.11.13,-,54950,湿度を除く
767,NIIGATA,54737,-,R,Wired Robot Rain Gauge,Y,N,N,N,N,N,N,DOGATA,37,1.8,138,20.6,255,-,-,1985.6.14,-,-,-
768,NIIGATA,54761,-,R,Wired Robot Rain Gauge,Y,N,N,N,N,N,N,SHIOZAWA,37,2.3,138,50.8,195,-,-,1983.6.14,-,-,-
769,NIIGATA,54816,-,4,Wired Robot Weather Station,Y,Y,Y,Y,N,ES,Y,SEKIYAMA,36,56,138,13.3,350,10,4.3,(1975.5.14)1978.11.14,-,54955,湿度を除く
770,NIIGATA,54836,-,4,Wired Robot Weather Station,Y,Y,Y,Y,N,ES,Y,TSUNAN,36,59.8,138,41,452,10,4.9,#1978.11.16,-,54965,湿度を除く
771,NIIGATA,54841,-,4,Wired Robot Weather Station,Y,Y,Y,Y,N,ES,Y,YUZAWA,36,56.5,138,48.6,340,10,4,#1978.11.18,-,54960,湿度を除く
772,NIIGATA,54876,-,R,Wired Robot Rain Gauge,Y,N,N,N,N,N,N,HIRAIWA,36,52.8,137,52,281,-,-,1978.11.10,-,-,-
773,NIIGATA,54892,-,R,Wired Robot Rain Gauge,Y,N,N,N,N,N,N,TARUMOTO,36,53.4,138,16.5,633,-,-,1985.6.13,-,-,-
774,TOYAMA,55022,-,4,Wired Robot Weather Station,Y,Y,Y,Y,Y,ES,Y,ASAHI,36,56.2,137,33.8,43,10.1,2,19909.9.27,-,55900,-
775,TOYAMA,55041,-,4,Wired Robot Weather Station,Y,Y,Y,Y,N,ES,Y,HIMI,36,51.8,136,57.6,7,10.2,1.6,1978.11.18,-,55915,湿度を除く
776,TOYAMA,55056,-,4,Wired Robot Weather Station,Y,Y,Y,Y,Y,ES,Y,UOZU,36,49.3,137,25.7,48,10.2,1.8,#1978.11.16,-,55905,-
777,TOYAMA,55063,-,R,Wired Robot Rain Gauge,Y,N,N,N,N,N,N,UNAZUKI,36,50.8,137,33.4,160,-,-,1984.6.21,-,-,-
778,TOYAMA,55091,47606,M,Ground Weather Observation Equipment,Y,Y,Y,Y,Y,Y,Y,FUSHIKI,36,47.5,137,3.3,12,15.3,-,#1975.12.12,-,55907,-
779,TOYAMA,55102,47607,M,Ground Weather Observation Equipment,Y,Y,Y,Y,Y,Y,Y,TOYAMA,36,42.5,137,12.1,9,20,-,1986.1.30,-,55908,-
780,TOYAMA,55141,-,4,Wired Robot Weather Station,Y,Y,Y,Y,Y,ES,Y,TONAMI,36,36.6,136,57.3,69,6.5,2.1,#1976.4.1,-,55910,-
781,TOYAMA,55151,-,M,Ground Weather Observation Equipment,Y,Y,Y,Y,Y,N,Y,AKIGASHIMA,36,38.9,137,11.2,24,10,-,2003.1.1,-,55925,日照・湿度・気圧を除く
782,TOYAMA,55156,-,R,Wired Robot Rain Gauge,Y,N,N,N,N,N,N,OYAMA,36,36.5,137,17,128,-,-,1984.6.28,-,-,-
783,TOYAMA,55166,-,4,Wired Robot Weather Station,Y,Y,Y,Y,N,ES,N,KAMIICHI,36,40.2,137,25.4,296,10,2.8,1978.11.15,-,-,湿度を除く
784,TOYAMA,55191,-,4,Wired Robot Weather Station,Y,Y,Y,Y,N,ES,N,FUKUMITSU,36,32.7,136,52.3,91,10,2.4,#1978.11.17,-,-,湿度を除く
785,TOYAMA,55206,-,4,Wired Robot Weather Station,Y,Y,Y,Y,Y,ES,N,YATSUO,36,34.2,137,9.5,124,10,2.5,#1976.2.27,-,-,-
786,TOYAMA,55217,-,R,Wired Robot Rain Gauge,Y,N,N,N,N,N,N,TATEYAMAASHIKURA,36,34.6,137,23.1,379,-,-,19902.3.29,-,-,-
787,TOYAMA,55252,-,R,Wired Robot Rain Gauge,Y,N,N,N,N,N,N,GOKAYAMA,36,25.8,136,56.5,357,-,-,2004.10.19,-,-,-
788,TOYAMA,55267,-,R,Wired Robot Rain Gauge,Y,N,N,N,N,N,Y,-,36,28.4,137,14.2,215,-,-,1996.10.28,-,55920,-
789,ISHIKAWA,56036,-,4,Wired Robot Weather Station,Y,Y,Y,Y,Y,ES,Y,SUZU,37,26.8,137,17.2,4,7.5,2,#1978.11.20,-,56900,-
790,ISHIKAWA,56052,47600,M,Ground Weather Observation Equipment,Y,Y,Y,Y,Y,Y,Y,WAJIMA,37,23.4,136,53.7,5,28.1,-,1986.6.20,-,56903,-
791,ISHIKAWA,56081,-,R,Wired Robot Rain Gauge,Y,N,N,N,N,N,N,MONZEN,37,15.7,136,43.7,11,-,-,#,-,-,-
792,ISHIKAWA,56093,-,M,Ground Weather Observation Equipment,Y,Y,Y,Y,Y,N,N,MII,37,17.6,136,57.7,219,10,-,2003.7.7,-,-,日照・湿度・気圧を除く
793,ISHIKAWA,56116,-,4,Wired Robot Weather Station,Y,Y,Y,Y,Y,ES,N,TOGI,37,8.6,136,43.5,6,8.5,2,#1978.11.21,-,-,-
794,ISHIKAWA,56146,-,4,Wired Robot Weather Station,Y,Y,Y,Y,Y,ES,Y,NANAODAINI,37,1.8,136,59.5,58,10,1.5,#1978.11.21,-,56905,-
795,ISHIKAWA,56176,-,4,Wired Robot Weather Station,Y,Y,Y,Y,Y,ES,N,HAKUI,36,53.6,136,46.6,15,19.5,2,#1978.11.22,-,-,-
796,ISHIKAWA,56186,-,4,Wired Robot Weather Station,Y,Y,Y,Y,N,ES,N,UNOKE,36,42.7,136,41.5,42,10,2,#1978.11.22,-,-,湿度を除く
797,ISHIKAWA,56192,-,R,Wired Robot Rain Gauge,Y,N,N,N,N,N,N,OSHIMIZU,36,47.3,136,46.1,90,-,-,2003.8.12,-,-,-
798,ISHIKAWA,56227,47605,M,Ground Weather Observation Equipment,Y,Y,Y,Y,Y,Y,Y,KANAZAWA,36,35.3,136,38,6,48.4,-,1991.10.23,-,56907,-
799,ISHIKAWA,56232,-,R,Wired Robot Rain Gauge,Y,N,N,N,N,N,N,IOZEN,36,31.2,136,44.7,420,-,-,2003.7.29,-,-,-
800,ISHIKAWA,56276,-,4,Wired Robot Weather Station,Y,Y,Y,Y,N,ES,N,KOMATSU,36,22.9,136,26.1,3,10,2,1978.12.1,-,-,湿度を除く
801,ISHIKAWA,56286,-,4,Wired Robot Weather Station,Y,Y,Y,Y,N,ES,Y,TORIGOE,36,23.8,136,37.2,136,10,2.5,(1975.5.7)1978.11.24,-,56910,湿度を除く
802,ISHIKAWA,56301,-,4,Wired Robot Weather Station,Y,Y,Y,Y,N,ES,Y,YAMANAKA,36,15.7,136,23.8,65,10,2,#1978.11.27,-,56915,湿度を除く
803,ISHIKAWA,56346,-,R,Wired Robot Rain Gauge,Y,N,N,N,N,N,N,SHIRAMINE,36,10.8,136,37.5,470,-,-,1977.7.13,-,-,-
804,ISHIKAWA,56401,-,R,Wired Robot Rain Gauge,Y,N,N,N,N,N,N,HEGURAJIMA,37,51,136,55.1,8,-,-,19906.8.19,-,-,-
805,FUKUI,57001,-,4,Wired Robot Weather Station,Y,Y,Y,Y,N,ES,N,MIKUNI,36,14.6,136,10.4,34,9.9,2,(1975.6.24)1978.11.27,-,-,湿度を除く
806,FUKUI,57026,-,M,Ground Weather Observation Equipment,Y,Y,Y,Y,Y,N,N,HARUE,36,8.5,136,13.4,5,10,-,2003.1.1,-,-,日照・湿度・気圧を除く
807,FUKUI,57051,-,4,Wired Robot Weather Station,Y,Y,Y,Y,Y,ES,N,KOSHINO,36,0.7,135,59.4,30,9.9,1.5,1978.11.27,-,-,-
808,FUKUI,57066,47616,M,Ground Weather Observation Equipment,Y,Y,Y,Y,Y,Y,Y,FUKUI,36,3.3,136,13.3,9,26.1,-,#1975.3.15,-,57903,-
809,FUKUI,57071,-,R,Wired Robot Rain Gauge,Y,N,N,N,N,N,N,MIYAMA,35,59.9,136,21.5,70,-,-,1975.5.7,-,-,-
810,FUKUI,57082,-,4,Wired Robot Weather Station,Y,Y,Y,Y,N,ES,N,KATSUYAMA,36,2.3,136,31.3,196,9,3.5,1993.10.18,-,-,湿度を除く
811,FUKUI,57106,-,R,Wired Robot Rain Gauge,Y,N,N,N,N,N,Y,TAKEFU,35,54.3,136,10.4,32,-,-,2005.10.27,-,57920,-
812,FUKUI,57121,-,4,Wired Robot Weather Station,Y,Y,Y,Y,N,ES,Y,ONO,35,58.3,136,29.8,182,6.4,3.5,#1976.3.2,-,57905,湿度を除く
813,FUKUI,57176,-,R,Wired Robot Rain Gauge,Y,N,N,N,N,N,Y,KUZURYU,35,54.5,136,40.1,436,-,-,1982.6.1,-,57900,-
814,FUKUI,57206,-,4,Wired Robot Weather Station,Y,Y,Y,Y,N,ES,Y,IMAJO,35,46,136,12,128,10,2.5,#1978.11.28,-,57910,湿度を除く
815,FUKUI,57248,47631,M,Ground Weather Observation Equipment,Y,Y,Y,Y,Y,Y,Y,TSURUGA,35,39.2,136,3.7,2,28,-,1988.2.12,-,57913,-
816,FUKUI,57286,-,4,Wired Robot Weather Station,Y,Y,Y,Y,N,ES,N,MIHAMA,35,36,135,55,10,10,2,(1975.5.19)1978.11.28,-,-,湿度を除く
817,FUKUI,57311,-,R,Wired Robot Rain Gauge,Y,N,N,N,N,N,N,OI,35,28.8,135,37,3,-,-,1995.11.10,-,-,-
818,FUKUI,57317,-,4,Wired Robot Weather Station,Y,Y,Y,Y,Y,ES,Y,OBAMA,35,29,135,46.9,10,24.9,2,1992.11.2,-,57915,-
819,SHIGA,60026,-,R,Wired Robot Rain Gauge,Y,N,N,N,N,N,Y,YANAGASE,35,34.9,136,11.3,220,-,-,1976.4.27,-,60900,-
820,SHIGA,60051,-,4,Wired Robot Weather Station,Y,Y,Y,Y,Y,ES,Y,IMAZU,35,24.7,136,1.7,88,9.9,1.5,#1978.11.16,-,60905,-
821,SHIGA,60061,-,4,Wired Robot Weather Station,Y,Y,Y,Y,Y,ES,N,TORAHIME,35,25.4,136,14.5,95,10,1.5,(1975.5.7)1978.11.17,-,-,-
822,SHIGA,60081,-,R,Wired Robot Rain Gauge,Y,N,N,N,N,N,N,KUTSUKIHERA,35,18.5,135,49.8,380,-,-,2005.12.6,-,-,-
823,SHIGA,60102,-,4,Wired Robot Weather Station,Y,Y,Y,Y,Y,ES,Y,SANTO,35,23,136,20.6,147,6.4,1.5,2001.3.30,-,60911,-
824,SHIGA,60116,-,4,Wired Robot Weather Station,Y,Y,Y,Y,Y,ES,N,KITAKOMATSU,35,14.1,135,57.4,90,9.9,1.5,#1978.11.16,-,-,-
825,SHIGA,60131,47761,M,Ground Weather Observation Equipment,Y,Y,Y,Y,Y,Y,Y,HIKONE,35,16.5,136,14.6,87,19.7,-,#1975.3.14,-,60915,-
826,SHIGA,60161,-,R,Wired Robot Rain Gauge,Y,N,N,N,N,N,N,OMI-HACHIMAN,35,7.6,136,5.5,90,-,-,#,-,-,-
827,SHIGA,60196,-,4,Wired Robot Weather Station,Y,Y,Y,Y,Y,ES,N,GAMO,35,3.7,136,11.4,128,6.5,1.5,(1975.5.2)1978.12.20,-,-,-
828,SHIGA,60216,-,4,Wired Robot Weather Station,Y,Y,Y,Y,Y,ES,Y,OTSU,34,59.5,135,54.7,86,9.9,1.5,1977.12.22,-,60920,-
829,SHIGA,60226,-,4,Wired Robot Weather Station,Y,Y,Y,Y,Y,ES,N,SHIGARAKI,34,54.8,136,4.8,265,10,1.5,(1975.5.2)1978.12.20,-,-,-
830,SHIGA,60236,-,4,Wired Robot Weather Station,Y,Y,Y,Y,Y,ES,N,TSUCHIYAMA,34,56.3,136,16.7,248,10,1.5,#1978.12.21,-,-,-
831,KYOTO,61001,-,4,Wired Robot Weather Station,Y,Y,Y,Y,Y,ES,N,TAIZA,35,44.2,135,5.2,42,11.2,1.5,(1975.5.2)1977.2.28,-,-,-
832,KYOTO,61031,-,R,Wired Robot Rain Gauge,Y,N,N,N,N,N,Y,MINEYAMATAMBA,35,37.1,135,4.3,23,-,-,#,-,61900,-
833,KYOTO,61076,-,4,Wired Robot Weather Station,Y,Y,Y,Y,Y,ES,N,MIYAZU,35,33,135,14.1,2,10.5,1.5,#1978.11.15,-,-,-
834,KYOTO,61096,-,R,Wired Robot Rain Gauge,Y,N,N,N,N,N,N,SAKAURA,35,25.1,135,5.2,223,-,-,19905.5.29,-,-,-
835,KYOTO,61111,47750,M,Ground Weather Observation Equipment,Y,Y,Y,Y,Y,Y,Y,MAIZURU,35,27,135,19,2,41.6,-,#1975.3.26,-,61905,-
836,KYOTO,61151,-,R,Wired Robot Rain Gauge,Y,N,N,N,N,N,N,KOYAOKA,35,22.9,135,27.2,175,-,-,1977.6.28,-,-,-
837,KYOTO,61187,-,4,Wired Robot Weather Station,Y,Y,Y,Y,Y,ES,N,FUKUCHIYAMA,35,18.7,135,6.8,17,9.5,1.5,2005.12.8,-,-,-
838,KYOTO,61192,-,R,Wired Robot Rain Gauge,Y,N,N,N,N,N,N,MIWA,35,13,135,13.9,105,-,-,1982.6.2,-,-,-
839,KYOTO,61196,-,R,Wired Robot Rain Gauge,Y,N,N,N,N,N,N,AYABEYAMAGA,35,17.8,135,18.9,87,-,-,2021.3.4,-,-,-
840,KYOTO,61201,-,R,Wired Robot Rain Gauge,Y,N,N,N,N,N,N,WACHI,35,15.6,135,23.7,95,-,-,1975.5.2,-,-,-
841,KYOTO,61206,-,4,Wired Robot Weather Station,Y,Y,Y,Y,Y,ES,Y,MIYAMA,35,16.5,135,33,200,9.9,1.5,1978.11.15,-,61910,-
842,KYOTO,61241,-,R,Wired Robot Rain Gauge,Y,N,N,N,N,N,N,SHUCHI,35,10.6,135,25.2,150,-,-,1982.5.26,-,-,-
843,KYOTO,61242,-,4,Wired Robot Weather Station,Y,Y,Y,Y,Y,ES,N,SONOBE,35,6.5,135,27.3,134,9.2,1.5,2002.3.6,-,-,-
844,KYOTO,61251,-,R,Wired Robot Rain Gauge,Y,N,N,N,N,N,N,KEIHOKU,35,10.9,135,39.7,260,-,-,1975.4.24,-,-,-
845,KYOTO,61286,47759,M,Ground Weather Observation Equipment,Y,Y,N,N,N,Y,Y,KYOTO,35,0.8,135,43.9,41,-,-,19900.3.27,-,61915,気温、雨、日照
846,KYOTO,61286,47759,M,Ground Weather Observation Equipment,N,N,Y,Y,N,Y,Y,KYOTO,35,0.7,135,44.1,36,17.7,-,19900.3.27,-,-,風
847,KYOTO,61306,-,R,Wired Robot Rain Gauge,Y,N,N,N,N,N,N,NAGAOKAKYO,34,55.8,135,40.7,71,-,-,1975.5.20,-,-,-
848,KYOTO,61326,-,4,Wired Robot Weather Station,Y,Y,Y,Y,Y,ES,N,TANABE,34,49.8,135,45.6,20,9.9,1.5,#1978.12.19,-,-,-
849,OSAKA,62016,-,4,Wired Robot Weather Station,Y,Y,Y,Y,Y,ES,N,NOSE,34,56.9,135,27.3,235,9.9,1.5,#1977.3.7,-,-,-
850,OSAKA,62037,-,R,Wired Robot Rain Gauge,Y,N,N,N,N,N,N,IBARAKI,34,51.6,135,33.6,78,-,-,19901.12.18,-,-,-
851,OSAKA,62046,-,4,Wired Robot Weather Station,Y,Y,Y,Y,Y,ES,N,HIRAKATA,34,48.5,135,40.3,26,9.9,1.5,(1975.5.31)1977.3.2,-,-,-
852,OSAKA,62051,-,M,Ground Weather Observation Equipment,Y,Y,Y,Y,Y,N,N,TOYONAKA,34,47,135,26.3,12,10,-,#1977.3.9,-,-,日照・湿度・気圧を除く
853,OSAKA,62078,47772,M,Ground Weather Observation Equipment,Y,Y,N,N,N,Y,Y,OSAKA,34,40.9,135,31.1,23,-,-,1999.2.24,-,62900,気温、雨、日照
854,OSAKA,62078,47772,M,Ground Weather Observation Equipment,N,N,Y,Y,N,Y,Y,OSAKA,34,40.5,135,32.8,1,24,-,1999.2.24,-,-,風
855,OSAKA,62081,-,4,Wired Robot Weather Station,Y,Y,Y,Y,Y,ES,N,IKOMAYAMA,34,40.5,135,40.6,626,9.3,1.5,#1976.2.12,-,-,-
856,OSAKA,62091,-,4,Wired Robot Weather Station,Y,Y,Y,Y,Y,ES,N,SAKAI,34,33.3,135,29.1,20,10,1.5,(1975.5.30)1977.3.3,-,-,-
857,OSAKA,62096,-,M,Ground Weather Observation Equipment,Y,Y,Y,Y,Y,N,N,YAO,34,35.8,135,36,10,10,-,2003.1.1,-,-,日照・湿度・気圧を除く
858,OSAKA,62101,-,M,Ground Weather Observation Equipment,Y,Y,Y,Y,Y,N,N,KANKUJIMA,34,26,135,13.9,5,10,-,2003.1.1,-,-,日照・湿度・気圧を除く
859,OSAKA,62111,-,R,Wired Robot Rain Gauge,Y,N,N,N,N,N,N,KAWACHINAGANO,34,25.4,135,32.6,160,-,-,#,-,-,-
860,OSAKA,62131,-,4,Wired Robot Weather Station,Y,Y,Y,Y,Y,ES,N,KUMATORI,34,23.1,135,21,68,9.9,1.5,#1977.3.4,-,-,-
861,HYOGO,63016,-,4,Wired Robot Weather Station,Y,Y,Y,Y,Y,ES,Y,KASUMI,35,37.5,134,37.6,5,9.2,2,#1976.4.1,-,63900,-
862,HYOGO,63032,-,R,Wired Robot Rain Gauge,Y,N,N,N,N,N,N,ONSEN,35,31.7,134,28.8,233,-,-,2006.12.5,-,-,-
863,HYOGO,63051,47747,M,Ground Weather Observation Equipment,Y,Y,Y,Y,Y,Y,Y,TOYO-OKA,35,32.1,134,49.3,3,16,-,#1975.3.29,-,63905,-
864,HYOGO,63071,-,4,Wired Robot Weather Station,Y,Y,Y,Y,Y,ES,Y,MURAOKA,35,25.9,134,35,540,6.4,2.5,2005.12.14,-,63911,-
865,HYOGO,63111,-,R,Wired Robot Rain Gauge,Y,N,N,N,N,N,N,OYA,35,19.9,134,39.9,150,-,-,1975.5.2,-,-,-
866,HYOGO,63116,-,R,Wired Robot Rain Gauge,Y,N,N,N,N,N,N,YOKA,35,23.9,134,44.4,183,-,-,2005.7.4,-,-,-
867,HYOGO,63121,-,4,Wired Robot Weather Station,Y,Y,Y,Y,Y,ES,Y,WADAYAMA,35,19.4,134,50.9,80,9.9,1.5,#1977.12.20,-,63915,-
868,HYOGO,63201,-,4,Wired Robot Weather Station,Y,Y,Y,Y,Y,ES,N,IKUNO,35,10,134,47.5,320,10.7,1.5,#1978.11.13,-,-,-
869,HYOGO,63216,-,4,Wired Robot Weather Station,Y,Y,Y,Y,Y,ES,N,KAIBARA,35,8.2,135,3.9,98,10.1,1.5,#1978.12.20,-,-,-
870,HYOGO,63241,-,R,Wired Robot Rain Gauge,Y,N,N,N,N,N,N,SAYO,35,1,134,22.1,120,-,-,1976.12.20,-,-,-
871,HYOGO,63251,-,4,Wired Robot Weather Station,Y,Y,Y,Y,Y,ES,N,ICHINOMIYA,35,5.8,134,35.1,195,10,1.5,#1978.11.13,-,-,-
872,HYOGO,63321,-,4,Wired Robot Weather Station,Y,Y,Y,Y,Y,ES,N,FUKUSAKI,34,57,134,44.9,72,13.9,1.5,(1975.5.2)1977.12.19,-,-,-
873,HYOGO,63331,-,4,Wired Robot Weather Station,Y,Y,Y,Y,Y,ES,N,NISHIWAKI,34,59.9,134,59.8,72,6.5,1.5,(1975.5.1)1978.12.21,-,-,-
874,HYOGO,63346,-,R,Wired Robot Rain Gauge,Y,N,N,N,N,N,N,HATSUKAGAWA,35,1.5,135,17.6,330,-,-,#,-,-,-
875,HYOGO,63366,-,4,Wired Robot Weather Station,Y,Y,Y,Y,Y,ES,N,KAMIGORI,34,51.5,134,22.4,20,13.1,1.5,1978.12.26,-,-,-
876,HYOGO,63383,47769,M,Ground Weather Observation Equipment,Y,Y,Y,Y,Y,Y,N,HIMEJI,34,50.3,134,40.2,38,16.2,-,19900.11.21,-,-,-
877,HYOGO,63411,-,4,Wired Robot Weather Station,Y,Y,Y,Y,Y,ES,N,SANDA,34,53.7,135,12.7,150,21.6,1.5,(1975.5.2)1978.12.20,-,-,-
878,HYOGO,63461,-,4,Wired Robot Weather Station,Y,Y,Y,Y,Y,ES,N,MIKI,34,46.6,135,0.8,145,10,1.5,1977.12.19,-,-,-
879,HYOGO,63477,-,R,Wired Robot Rain Gauge,Y,N,N,N,N,N,N,NISHINOMIYA,34,45,135,20.1,38,-,-,2006.3.6,-,-,-
880,HYOGO,63491,-,4,Wired Robot Weather Station,Y,Y,Y,Y,Y,ES,N,IESHIMA,34,40.3,134,31.6,88,6.5,1.5,1978.12.25,-,-,-
881,HYOGO,63496,-,4,Wired Robot Weather Station,Y,Y,Y,Y,Y,ES,N,AKASHI,34,41.2,134,52.6,3,28.6,1.5,1992.3.23,-,-,-
882,HYOGO,63517,-,M,Ground Weather Observation Equipment,Y,Y,Y,Y,Y,N,N,KOBE-KUKO,34,37.9,135,13.4,5,10,-,2006.2.16,-,-,日照・湿度・気圧を除く
883,HYOGO,63518,47770,M,Ground Weather Observation Equipment,Y,Y,N,N,N,Y,Y,KOBE,34,41.8,135,12.7,5,-,-,2007.3.28,-,63950,気温、雨
884,HYOGO,63518,47770,M,Ground Weather Observation Equipment,N,N,Y,Y,N,Y,Y,KOBE,34,40.9,135,13.2,3,16,-,2007.3.28,-,-,風、日照
885,HYOGO,63551,-,4,Wired Robot Weather Station,Y,Y,Y,Y,Y,ES,N,GUNGE,34,28,134,50.9,5,9.2,1.5,(1975.5.2)1978.12.22,-,-,-
886,HYOGO,63571,47776,M,Ground Weather Observation Equipment,Y,Y,Y,Y,Y,Y,N,SUMOTO,34,18.6,134,50.9,69,14.6,-,19909.11.30,-,-,-
887,HYOGO,63588,-,4,Wired Robot Weather Station,Y,Y,Y,Y,Y,ES,N,NANDAN,34,13.1,134,43.2,5,9.6,1.5,2004.1.30,-,-,-
888,NARA,64036,47780,M,Ground Weather Observation Equipment,Y,Y,N,N,N,Y,Y,NARA,34,40.4,135,50.2,102,-,-,#1975.3.19,-,64900,気温、雨
889,NARA,64036,47780,M,Ground Weather Observation Equipment,N,N,Y,Y,N,Y,Y,NARA,34,40.4,135,49.9,90,20.1,-,#1975.3.19,-,-,風、日照
890,NARA,64041,-,4,Wired Robot Weather Station,Y,Y,Y,Y,Y,ES,N,HARI,34,36.3,135,57.1,468,9.9,1.5,#1978.12.22,-,-,-
891,NARA,64056,-,R,Wired Robot Rain Gauge,Y,N,N,N,N,N,N,TAWARAMOTO,34,33.3,135,47.1,50,-,-,#,-,-,-
892,NARA,64076,-,R,Wired Robot Rain Gauge,Y,N,N,N,N,N,N,SONI,34,31.3,136,9.5,610,-,-,#,-,-,-
893,NARA,64091,-,R,Wired Robot Rain Gauge,Y,N,N,N,N,N,N,TAIMA,34,29.3,135,42.2,141,-,-,1981.8.24,-,-,-
894,NARA,64101,-,4,Wired Robot Weather Station,Y,Y,Y,Y,Y,ES,N,OUDA,34,29.3,135,55.9,349,10,1.5,#1978.12.22,-,-,-
895,NARA,64127,-,4,Wired Robot Weather Station,Y,Y,Y,Y,Y,ES,N,GOJO,34,22.8,135,43.8,190,9.4,1.5,2005.12.19,-,-,-
896,NARA,64136,-,R,Wired Robot Rain Gauge,Y,N,N,N,N,N,N,YOSHINO,34,22.7,135,54,188,-,-,1991.1.16,-,-,-
897,NARA,64161,-,R,Wired Robot Rain Gauge,Y,N,N,N,N,N,N,TENKAWA,34,16.2,135,53,840,-,-,19902.3.25,-,-,-
898,NARA,64206,-,4,Wired Robot Weather Station,Y,Y,Y,Y,Y,ES,N,KAMIKITAYAMA,34,8.2,136,0.3,334,10,1.5,(1975.5.1)1978.12.26,-,-,-
899,NARA,64227,-,4,Wired Robot Weather Station,Y,Y,Y,Y,Y,ES,N,KAZEYA,34,2.7,135,47.2,301,6.5,1.5,1977.12.20,-,-,-
900,NARA,64236,-,R,Wired Robot Rain Gauge,Y,N,N,N,N,N,N,SHIMOKITAYAMA,34,0.2,135,58,249,-,-,19906.7.31,-,-,-
901,NARA,64262,-,R,Wired Robot Rain Gauge,Y,N,N,N,N,N,N,KUZUKAWA,33,57.2,135,51.4,396,-,-,2021.1.20,-,-,-
902,WAKAYAMA,65021,-,R,Wired Robot Rain Gauge,Y,N,N,N,N,N,N,KATSURAGISAN,34,20.8,135,26.2,840,-,-,#,-,-,-
903,WAKAYAMA,65026,-,4,Wired Robot Weather Station,Y,Y,Y,Y,Y,ES,N,KATSURAGI,34,18.6,135,31.7,142,9.4,1.5,1979.1.8,-,-,-
904,WAKAYAMA,65036,-,4,Wired Robot Weather Station,Y,Y,Y,Y,Y,ES,N,TOMOGASHIMA,34,16.8,134,59.9,44,9.3,1.5,1998.3.18,-,-,-
905,WAKAYAMA,65042,47777,M,Ground Weather Observation Equipment,Y,Y,N,N,N,Y,Y,WAKAYAMA,34,13.7,135,9.8,14,-,-,1993.12.1,-,65900,気温、雨
906,WAKAYAMA,65042,47777,M,Ground Weather Observation Equipment,N,N,Y,Y,N,Y,Y,WAKAYAMA,34,13.7,135,9.8,14,42.1,-,1993.12.1,-,-,風、日照
907,WAKAYAMA,65061,-,4,Wired Robot Weather Station,Y,Y,Y,Y,Y,ES,N,KOYASAN,34,13.3,135,35.4,801,12.9,1.5,#1979.1.8,-,-,-
908,WAKAYAMA,65106,-,R,Wired Robot Rain Gauge,Y,N,N,N,N,N,N,YUASA,34,2.1,135,10.9,8,-,-,1975.5.8,-,-,-
909,WAKAYAMA,65121,-,4,Wired Robot Weather Station,Y,Y,Y,Y,Y,ES,N,YAHATA,34,5.2,135,25.5,240,6.5,1.5,(1975.5.30)1979.1.9,-,-,-
910,WAKAYAMA,65127,-,R,Wired Robot Rain Gauge,Y,N,N,N,N,N,N,GOMADANZAN,34,2.4,135,34,1130,-,-,19902.3.25,-,-,-
911,WAKAYAMA,65162,-,4,Wired Robot Weather Station,Y,Y,Y,Y,Y,ES,N,RYUJIN,33,56.7,135,33.4,410,6.4,1.5,1994.3.8,-,-,-
912,WAKAYAMA,65201,-,4,Wired Robot Weather Station,Y,Y,Y,Y,Y,ES,N,KAWABE,33,53.6,135,13,84,9.4,1.5,1999.3.4,-,-,-
913,WAKAYAMA,65226,-,R,Wired Robot Rain Gauge,Y,N,N,N,N,N,N,HONGU,33,50.2,135,46.4,60,-,-,1975.8.18,-,-,-
914,WAKAYAMA,65256,-,4,Wired Robot Weather Station,Y,Y,Y,Y,Y,ES,N,KURISUGAWA,33,47.5,135,30.8,160,9.9,1.5,(1975.5.2)1979.1.11,-,-,-
915,WAKAYAMA,65276,-,4,Wired Robot Weather Station,Y,Y,Y,Y,Y,ES,N,SHINGU,33,41.2,135,58.2,18,9.4,1.5,#1979.3.13,-,-,-
916,WAKAYAMA,65288,-,M,Ground Weather Observation Equipment,Y,Y,Y,Y,Y,N,N,NANKI-SHIRAHAMA,33,39.7,135,21.8,89,9.7,-,2006.3.16,-,-,日照・湿度・気圧を除く
917,WAKAYAMA,65306,-,4,Wired Robot Weather Station,Y,Y,Y,Y,Y,ES,N,NISHIKAWA,33,38.3,135,42.6,150,10,1.5,1979.1.12,-,-,-
918,WAKAYAMA,65311,-,R,Wired Robot Rain Gauge,Y,N,N,N,N,N,N,IROKAWA,33,40.5,135,50.9,275,-,-,1977.7.14,-,-,-
919,WAKAYAMA,65321,-,R,Wired Robot Rain Gauge,Y,N,N,N,N,N,N,HIKIGAWA,33,36.3,135,28.8,17,-,-,#,-,-,-
920,WAKAYAMA,65356,47778,M,Ground Weather Observation Equipment,Y,Y,Y,Y,Y,Y,N,SHIONOMISAKI,33,27,135,45.4,68,14.9,-,#1975.3.13,-,-,-
921,OKAYAMA,66046,-,4,Wired Robot Weather Station,Y,Y,Y,Y,Y,ES,Y,KAMINAGATA,35,17.8,133,43.5,430,6.4,2,1978.12.6,-,66900,-
922,OKAYAMA,66056,-,R,Wired Robot Rain Gauge,Y,N,N,N,N,N,N,OMBARA,35,18,133,59.2,734,-,-,1981.6.2,-,-,-
923,OKAYAMA,66091,-,4,Wired Robot Weather Station,Y,Y,Y,Y,Y,ES,Y,CHIYA,35,6.2,133,26.1,525,9.9,1.5,1978.12.8,-,66910,-
924,OKAYAMA,66112,-,R,Wired Robot Rain Gauge,Y,N,N,N,N,N,N,TOMI,35,10.7,133,48.3,480,-,-,2005.12.10,-,-,-
925,OKAYAMA,66127,-,4,Wired Robot Weather Station,Y,Y,Y,Y,Y,ES,N,NAGI,35,6.7,134,10.2,212,6.5,1.5,1977.2.25,-,-,-
926,OKAYAMA,66136,-,4,Wired Robot Weather Station,Y,Y,Y,Y,Y,ES,Y,FURUMACHI,35,5.9,134,19.5,207,6.4,1.5,#1978.11.16,-,66915,-
927,OKAYAMA,66171,-,4,Wired Robot Weather Station,Y,Y,Y,Y,Y,ES,N,KUSE,35,4.1,133,45.2,144,10,1.5,1978.11.17,-,-,-
928,OKAYAMA,66186,47756,M,Ground Weather Observation Equipment,Y,Y,Y,Y,Y,Y,Y,TSUYAMA,35,3.8,134,0.5,146,12.4,-,#1975.12.15,-,66920,-
929,OKAYAMA,66221,-,4,Wired Robot Weather Station,Y,Y,Y,Y,Y,ES,N,NIIMI,34,56.6,133,31.1,393,10,1.5,1978.11.20,-,-,-
930,OKAYAMA,66226,-,R,Wired Robot Rain Gauge,Y,N,N,N,N,N,N,SHIMOAZAE,34,57.9,133,37.7,180,-,-,1975.4.24,-,-,-
931,OKAYAMA,66237,-,R,Wired Robot Rain Gauge,Y,N,N,N,N,N,N,ASAHINISHI,34,57.7,133,48.7,230,-,-,19902.3.18,-,-,-
932,OKAYAMA,66251,-,R,Wired Robot Rain Gauge,Y,N,N,N,N,N,N,SUSAI,34,55.1,134,4.9,56,-,-,#,-,-,-
933,OKAYAMA,66276,-,R,Wired Robot Rain Gauge,Y,N,N,N,N,N,N,JINYAMA,34,49.7,133,31.4,529,-,-,#,-,-,-
934,OKAYAMA,66287,-,R,Wired Robot Rain Gauge,Y,N,N,N,N,N,N,KIBICHUO,34,49,133,42.3,340,-,-,2005.12.14,-,-,-
935,OKAYAMA,66296,-,4,Wired Robot Weather Station,Y,Y,Y,Y,Y,ES,N,FUKUWATARI,34,52,133,54.2,63,7.9,1.5,#1979.1.9,-,-,-
936,OKAYAMA,66306,-,4,Wired Robot Weather Station,Y,Y,Y,Y,Y,ES,N,WAKE,34,48.9,134,11,35,10,1.5,#1979.1.9,-,-,-
937,OKAYAMA,66336,-,4,Wired Robot Weather Station,Y,Y,Y,Y,Y,ES,N,TAKAHASHI,34,47.5,133,36.6,60,10,1.5,(1975.4.24)1979.1.10,-,-,-
938,OKAYAMA,66346,-,M,Ground Weather Observation Equipment,Y,Y,Y,Y,Y,N,N,NICHIOJI,34,45.4,133,51.3,239,9.7,-,2003.1.1,-,-,日照・湿度・気圧を除く
939,OKAYAMA,66381,-,R,Wired Robot Rain Gauge,Y,N,N,N,N,N,N,SAYA,34,41.1,133,26.7,390,-,-,#,-,-,-
940,OKAYAMA,66391,-,R,Wired Robot Rain Gauge,Y,N,N,N,N,N,N,YAKAGE,34,37,133,37.1,18,-,-,#,-,-,-
941,OKAYAMA,66408,47768,M,Ground Weather Observation Equipment,Y,Y,N,N,N,Y,Y,OKAYAMA,34,41.1,133,55.5,5,-,-,1996.3.25,-,66930,気温、雨
942,OKAYAMA,66408,47768,M,Ground Weather Observation Equipment,N,N,Y,Y,N,Y,Y,OKAYAMA,34,39.6,133,54.9,3,70.1,-,1996.3.25,-,-,風、日照
943,OKAYAMA,66421,-,4,Wired Robot Weather Station,Y,Y,Y,Y,Y,ES,N,MUSHIAGE,34,40.9,134,12.4,10,10,1.5,#1979.1.19,-,-,-
944,OKAYAMA,66446,-,4,Wired Robot Weather Station,Y,Y,Y,Y,Y,ES,N,KURASHIKI,34,35.4,133,46.1,3,10,1.5,#1979.1.9,-,-,-
945,OKAYAMA,66481,-,4,Wired Robot Weather Station,Y,Y,Y,Y,Y,ES,N,KASAOKA,34,30.1,133,29.7,0,6.5,1.5,1979.1.10,-,-,-
946,OKAYAMA,66501,-,4,Wired Robot Weather Station,Y,Y,Y,Y,Y,ES,N,TAMANO,34,29.2,133,57,2,6.4,1.5,#1976.4.1,-,-,-
947,HIROSHIMA,67016,-,4,Wired Robot Weather Station,Y,Y,Y,Y,Y,ES,Y,TAKANO,35,2,132,54.1,570,10,2.8,(1975.4.1)1978.11.22,-,67900,-
948,HIROSHIMA,67026,-,R,Wired Robot Rain Gauge,Y,N,N,N,N,N,N,DOGOYAMA,35,3.4,133,11.3,729,-,-,2005.11.29,-,-,-
949,HIROSHIMA,67052,-,R,Wired Robot Rain Gauge,Y,N,N,N,N,N,N,KIMITA,34,55.7,132,49.8,304,-,-,2005.12.5,-,-,-
950,HIROSHIMA,67106,-,4,Wired Robot Weather Station,Y,Y,Y,Y,Y,ES,N,MIYOSHI,34,48.7,132,51,159,10,1.5,#1978.11.22,-,-,-
951,HIROSHIMA,67116,-,4,Wired Robot Weather Station,Y,Y,Y,Y,Y,ES,N,SHOBARA,34,51.6,133,1.4,300,10.6,1.5,#1976.4.1,-,-,-
952,HIROSHIMA,67126,-,R,Wired Robot Rain Gauge,Y,N,N,N,N,N,N,TOJO,34,53.7,133,16.6,310,-,-,1975.4.28,-,-,-
953,HIROSHIMA,67136,-,R,Wired Robot Rain Gauge,Y,N,N,N,N,N,Y,YAWATA,34,42.5,132,10.4,774,-,-,1978.7.5,-,67905,-
954,HIROSHIMA,67151,-,4,Wired Robot Weather Station,Y,Y,Y,Y,Y,ES,Y,OASA,34,46.1,132,27.8,399,9.9,2,#1977.12.23,-,67910,-
955,HIROSHIMA,67161,-,R,Wired Robot Rain Gauge,Y,N,N,N,N,N,N,MIDORI,34,43.3,132,39.3,318,-,-,2005.12.8,-,-,-
956,HIROSHIMA,67191,-,4,Wired Robot Weather Station,Y,Y,Y,Y,Y,ES,N,YUKI,34,45.8,133,16.7,510,10,1.5,1978.12.12,-,-,-
957,HIROSHIMA,67211,-,R,Wired Robot Rain Gauge,Y,N,N,N,N,N,N,ODOMARI,34,41.9,132,18.7,525,-,-,1978.6.7,-,-,-
958,HIROSHIMA,67212,-,4,Wired Robot Weather Station,Y,Y,Y,Y,Y,ES,N,KAKE,34,36.6,132,19.2,210,9.9,1.5,#1978.11.24,-,-,-
959,HIROSHIMA,67217,-,R,Wired Robot Rain Gauge,Y,N,N,N,N,N,N,TSUSHIMI,34,38.8,132,26.6,400,-,-,2005.12.6,-,-,-
960,HIROSHIMA,67231,-,R,Wired Robot Rain Gauge,Y,N,N,N,N,N,N,KODA,34,41.7,132,45.6,185,-,-,1975.4.28,-,-,-
961,HIROSHIMA,67251,-,R,Wired Robot Rain Gauge,Y,N,N,N,N,N,N,JOGE,34,41.6,133,7,384,-,-,#,-,-,-
962,HIROSHIMA,67271,-,R,Wired Robot Rain Gauge,Y,N,N,N,N,N,N,UCHIGUROYAMA,34,35.8,132,10.6,987,-,-,#,-,-,-
963,HIROSHIMA,67292,-,4,Wired Robot Weather Station,Y,Y,Y,Y,Y,ES,N,MIIRI,34,32.7,132,31.8,70,6.4,1.5,2001.12.20,-,-,-
964,HIROSHIMA,67306,-,R,Wired Robot Rain Gauge,Y,N,N,N,N,N,N,ASUKA,34,34,132,50.3,363,-,-,19902.1.28,-,-,-
965,HIROSHIMA,67316,-,4,Wired Robot Weather Station,Y,Y,Y,Y,Y,ES,N,SERA,34,35,133,3,350,7.9,1.5,#1977.2.23,-,-,-
966,HIROSHIMA,67326,-,4,Wired Robot Weather Station,Y,Y,Y,Y,Y,ES,N,FUCHU,34,33.7,133,13.9,70,9.5,1.5,(1975.4.28)1979.1.11,-,-,-
967,HIROSHIMA,67351,-,R,Wired Robot Rain Gauge,Y,N,N,N,N,N,N,SAEKIYUKI,34,29.9,132,17.4,206,-,-,2005.12.2,-,-,-
968,HIROSHIMA,67371,-,R,Wired Robot Rain Gauge,Y,N,N,N,N,N,N,SHIWA,34,29.9,132,39.6,215,-,-,1977.6.30,-,-,-
969,HIROSHIMA,67376,-,4,Wired Robot Weather Station,Y,Y,Y,Y,Y,ES,N,SAIJO,34,25,132,42,224,10,1.5,#1979.1.17,-,-,-
970,HIROSHIMA,67386,-,M,Ground Weather Observation Equipment,Y,Y,Y,Y,Y,N,N,HONGO,34,26.1,132,55.1,331,10,-,2003.1.1,-,-,日照・湿度・気圧を除く
971,HIROSHIMA,67401,47767,M,Ground Weather Observation Equipment,Y,Y,Y,Y,Y,Y,N,FUKUYAMA,34,26.8,133,14.8,2,14.4,-,#1975.12.16,-,-,-
972,HIROSHIMA,67421,-,4,Wired Robot Weather Station,Y,Y,Y,Y,Y,ES,N,SAEKI,34,21.9,132,11.4,317,10,1.5,1978.12.6,-,-,-
973,HIROSHIMA,67437,47765,M,Ground Weather Observation Equipment,Y,Y,Y,Y,N,Y,Y,HIROSHIMA,34,23.9,132,27.7,4,95.4,-,1988.1.1,-,67920,気温、風、雨
974,HIROSHIMA,67437,47765,M,Ground Weather Observation Equipment,N,N,N,N,N,Y,Y,HIROSHIMA,34,23.9,132,27.8,3,-,-,1988.1.1,-,-,日照
975,HIROSHIMA,67461,-,4,Wired Robot Weather Station,Y,Y,Y,Y,Y,ES,N,TAKEHARA,34,19.8,132,58.9,5,10,1.5,#1979.1.12,-,-,-
976,HIROSHIMA,67471,-,4,Wired Robot Weather Station,Y,Y,Y,Y,Y,ES,N,INNOSHIMA,34,16.7,133,7.4,3,10,1.5,#1979.1.12,-,-,-
977,HIROSHIMA,67496,-,4,Wired Robot Weather Station,Y,Y,Y,Y,Y,ES,N,OTAKE,34,13.3,132,13.2,1,25.1,1.5,#1979.1.16,-,-,-
978,HIROSHIMA,67511,47766,M,Ground Weather Observation Equipment,Y,Y,Y,Y,Y,Y,N,KURE,34,14.4,132,33,4,27.3,-,#1975.12.10,-,-,-
979,HIROSHIMA,67566,-,R,Wired Robot Rain Gauge,Y,N,N,N,N,N,N,KURAHASHI,34,5.5,132,29.3,3,-,-,#,-,-,-
980,HIROSHIMA,67576,-,4,Wired Robot Weather Station,Y,Y,Y,Y,Y,ES,N,KURE-SHI-KAMAGARI,34,9.9,132,44.9,48,10,1.5,19901.2.25,-,-,-
981,SHIMANE,68022,47740,M,Ground Weather Observation Equipment,Y,Y,Y,Y,Y,Y,Y,SAIGO,36,12.2,133,20,27,17,-,1987.10.14,-,68955,-
982,SHIMANE,68046,-,M,Ground Weather Observation Equipment,Y,Y,Y,Y,N,N,N,SAIGOMISAKI,36,10.7,133,19.4,80,10,-,2003.1.1,-,-,日照・湿度・気圧を除く
983,SHIMANE,68056,-,4,Wired Robot Weather Station,Y,Y,Y,Y,Y,ES,N,AMA,36,5.8,133,5.8,3,9.3,1.5,1978.11.17,-,-,-
984,SHIMANE,68091,-,4,Wired Robot Weather Station,Y,Y,Y,Y,Y,ES,N,KASHIMA,35,31.2,132,59,3,9.9,1.5,#1978.12.1,-,-,-
985,SHIMANE,68121,-,M,Ground Weather Observation Equipment,Y,Y,Y,Y,N,N,Y,HIKAWA,35,24.8,132,53.4,2,10.2,-,2003.1.1,-,68920,日照・湿度・気圧を除く
986,SHIMANE,68132,47741,M,Ground Weather Observation Equipment,Y,Y,Y,Y,Y,Y,Y,MATSUE,35,27.4,133,3.9,17,26.8,-,1979.11.1,-,68960,-
987,SHIMANE,68156,-,4,Wired Robot Weather Station,Y,Y,Y,Y,Y,ES,N,IZUMO,35,19.9,132,43.8,20,9.9,1.5,1978.11.20,-,-,-
988,SHIMANE,68166,-,R,Wired Robot Rain Gauge,Y,N,N,N,N,N,N,DAITO,35,19.1,132,57.9,56,-,-,#,-,-,-
989,SHIMANE,68181,-,R,Wired Robot Rain Gauge,Y,N,N,N,N,N,N,HAKUTA,35,21,133,16.4,23,-,-,1976.5.20,-,-,-
990,SHIMANE,68206,-,R,Wired Robot Rain Gauge,Y,N,N,N,N,N,N,SADA,35,13.3,132,43.4,100,-,-,1975.4.28,-,-,-
991,SHIMANE,68246,-,4,Wired Robot Weather Station,Y,Y,Y,Y,Y,ES,N,ODA,35,11.4,132,29.8,30,10.2,1.5,#1978.11.21,-,-,-
992,SHIMANE,68261,-,4,Wired Robot Weather Station,Y,Y,Y,Y,Y,ES,N,KAKEYA,35,11.8,132,48.9,215,7.9,1.5,#1978.11.16,-,-,-
993,SHIMANE,68276,-,4,Wired Robot Weather Station,Y,Y,Y,Y,Y,ES,Y,YOKOTA,35,10.4,133,6.2,369,9.9,1.5,#1978.11.16,-,68900,-
994,SHIMANE,68286,-,R,Wired Robot Rain Gauge,Y,N,N,N,N,N,N,FUKUMITSU,35,4.2,132,20,8,-,-,1978.12.21,-,-,-
995,SHIMANE,68306,-,4,Wired Robot Weather Station,Y,Y,Y,Y,Y,ES,Y,AKANA,35,0.1,132,42.7,444,9.9,1.5,1978.12.5,-,68905,-
996,SHIMANE,68346,-,R,Wired Robot Rain Gauge,Y,N,N,N,N,N,N,SAKURAE,34,57.2,132,20,32,-,-,1976.5.18,-,-,-
997,SHIMANE,68351,-,4,Wired Robot Weather Station,Y,Y,Y,Y,Y,ES,N,KAWAMOTO,34,58.6,132,29.5,132,9.9,1.5,#1978.11.22,-,-,-
998,SHIMANE,68376,47755,M,Ground Weather Observation Equipment,Y,Y,Y,Y,Y,Y,N,HAMADA,34,53.8,132,4.2,19,14.8,-,#1975.3.20,-,-,-
999,SHIMANE,68401,-,4,Wired Robot Weather Station,Y,Y,Y,Y,Y,ES,Y,MIZUHO,34,51.2,132,31.8,327,9.9,1.5,(1976.5.19)1978.11.22,-,68910,-
1000,SHIMANE,68421,-,R,Wired Robot Rain Gauge,Y,N,N,N,N,N,N,MISUMI,34,47.7,131,56.9,9,-,-,1978.7.3,-,-,-
1001,SHIMANE,68431,-,4,Wired Robot Weather Station,Y,Y,Y,Y,Y,ES,Y,YASAKA,34,46.6,132,6.5,380,9.4,1.5,1978.12.1,-,68915,-
1002,SHIMANE,68436,-,R,Wired Robot Rain Gauge,Y,N,N,N,N,N,N,HAZA,34,46.8,132,11.8,370,-,-,1977.7.21,-,-,-
1003,SHIMANE,68456,-,M,Ground Weather Observation Equipment,Y,Y,Y,Y,N,N,N,TAKATSU,34,40.5,131,47.4,54,10.2,-,2003.1.1,-,-,日照・湿度・気圧を除く
1004,SHIMANE,68462,-,4,Wired Robot Weather Station,Y,Y,Y,Y,Y,ES,N,MASUDA,34,40.6,131,50.6,4,12.3,1.5,1978.11.24,-,-,-
1005,SHIMANE,68501,-,R,Wired Robot Rain Gauge,Y,N,N,N,N,N,N,HIKIMI,34,34.3,132,1,259,-,-,1977.7.26,-,-,-
1006,SHIMANE,68516,-,4,Wired Robot Weather Station,Y,Y,Y,Y,Y,ES,N,TSUWANO,34,27.7,131,46.2,165,10,1.5,#1978.11.24,-,-,-
1007,SHIMANE,68541,-,4,Wired Robot Weather Station,Y,Y,Y,Y,Y,ES,N,YOSHIKA,34,23.5,131,53.6,250,9.9,1.5,2006.10.31,-,-,-
1008,TOTTORI,69006,47742,M,Ground Weather Observation Equipment,Y,Y,Y,Y,Y,Y,Y,SAKAI,35,32.6,133,14.1,2,11.7,-,#1975.12.18,-,69910,-
1009,TOTTORI,69021,-,4,Wired Robot Weather Station,Y,Y,Y,Y,Y,ES,N,SHIMOICHI,35,31.4,133,34,15,9.9,1.5,1977.12.21,-,-,-
1010,TOTTORI,69041,-,4,Wired Robot Weather Station,Y,Y,Y,Y,Y,ES,N,AOYA,35,31.2,133,59.8,13,9.9,1.5,#1978.11.14,-,-,-
1011,TOTTORI,69052,-,M,Ground Weather Observation Equipment,Y,Y,Y,Y,N,N,N,KOYAMA,35,31.8,134,9.9,15,10.2,-,2003.1.1,-,-,日照・湿度・気圧を除く
1012,TOTTORI,69061,-,4,Wired Robot Weather Station,Y,Y,Y,Y,Y,ES,N,IWAI,35,33.5,134,21.6,19,10,1.5,#1978.11.13,-,-,-
1013,TOTTORI,69076,47744,M,Ground Weather Observation Equipment,Y,Y,Y,Y,Y,Y,Y,YONAGO,35,26,133,20.3,7,18.1,-,#1975.3.13,-,69930,-
1014,TOTTORI,69101,-,4,Wired Robot Weather Station,Y,Y,Y,Y,Y,ES,Y,KURAYOSHI,35,28.4,133,50.3,8,9.9,1.5,#1978.11.14,-,69900,-
1015,TOTTORI,69111,-,R,Wired Robot Rain Gauge,Y,N,N,N,N,N,N,SHIKANO,35,24.8,134,1,210,-,-,1982.7.1,-,-,-
1016,TOTTORI,69122,47746,M,Ground Weather Observation Equipment,Y,Y,Y,Y,Y,Y,Y,TOTTORI,35,29.2,134,14.3,7,33.2,-,1977.10.31,-,69940,-
1017,TOTTORI,69152,-,R,Wired Robot Rain Gauge,Y,N,N,N,N,N,Y,DAISEN,35,23.6,133,32.2,875,-,-,1982.6.17,-,69905,-
1018,TOTTORI,69161,-,R,Wired Robot Rain Gauge,Y,N,N,N,N,N,N,SEKIGANE,35,22.7,133,45.4,150,-,-,1977.7.26,-,-,-
1019,TOTTORI,69181,-,R,Wired Robot Rain Gauge,Y,N,N,N,N,N,N,SAJI,35,19.7,134,6.8,210,-,-,1982.6.11,-,-,-
1020,TOTTORI,69196,-,R,Wired Robot Rain Gauge,Y,N,N,N,N,N,N,WAKASA,35,20,134,24.3,231,-,-,1977.7.26,-,-,-
1021,TOTTORI,69222,-,R,Wired Robot Rain Gauge,Y,N,N,N,N,N,N,EBI,35,17.3,133,29,155,-,-,1982.6.23,-,-,-
1022,TOTTORI,69246,-,4,Wired Robot Weather Station,Y,Y,Y,Y,Y,ES,Y,CHIZU,35,15.8,134,14.4,182,6.4,1.5,#1978.11.13,-,69915,-
1023,TOTTORI,69271,-,4,Wired Robot Weather Station,Y,Y,Y,Y,Y,ES,N,CYAYA,35,11.2,133,13.8,490,10,1.5,1978.11.15,-,-,-
1024,TOKUSHIMA,71066,-,4,Wired Robot Weather Station,Y,Y,Y,Y,Y,ES,N,IKEDA,34,1.4,133,47.7,214,10,1.5,#1978.1.29,-,-,-
1025,TOKUSHIMA,71087,-,4,Wired Robot Weather Station,Y,Y,Y,Y,Y,ES,N,ANABUKI,34,2.4,134,9.4,160,9.3,1.5,2001.3.13,-,-,-
1026,TOKUSHIMA,71106,47895,M,Ground Weather Observation Equipment,Y,Y,Y,Y,N,Y,Y,TOKUSHIMA,34,4,134,34.4,2,17.8,-,#1975.4.1,-,71900,気温、風、雨
1027,TOKUSHIMA,71106,47895,M,Ground Weather Observation Equipment,N,N,N,N,N,Y,Y,TOKUSHIMA,34,4,134,34.3,2,-,-,#1975.4.1,-,-,日照
1028,TOKUSHIMA,71136,-,R,Wired Robot Rain Gauge,Y,N,N,N,N,N,N,HANDA,33,59.4,134,2.2,228,-,-,1978.12.1,-,-,-
1029,TOKUSHIMA,71191,-,4,Wired Robot Weather Station,Y,Y,Y,Y,Y,ES,N,KYOJO,33,52,133,54.2,532,6.4,1.5,1978.3.23,-,-,-
1030,TOKUSHIMA,71211,-,R,Wired Robot Rain Gauge,Y,N,N,N,N,N,N,FUKUHARAASAHI,33,52.7,134,23.3,290,-,-,1976.5.27,-,-,-
1031,TOKUSHIMA,71231,-,4,Wired Robot Weather Station,Y,Y,Y,Y,Y,ES,N,GAMODA,33,50.2,134,44.5,10,9.9,1.5,1978.1.13,-,-,-
1032,TOKUSHIMA,71251,-,4,Wired Robot Weather Station,Y,Y,Y,Y,Y,ES,N,KITO,33,46.3,134,11.9,363,10,1.5,1979.1.24,-,-,-
1033,TOKUSHIMA,71266,-,4,Wired Robot Weather Station,Y,Y,Y,Y,Y,ES,N,HIWASA,33,43.9,134,32.3,3,15.4,1.5,#1976.2.14,-,-,-
1034,TOKUSHIMA,71291,-,4,Wired Robot Weather Station,Y,Y,Y,Y,Y,ES,N,KAIYO,33,36.7,134,21.3,5,10,1.5,19901.2.19,-,-,-
1035,KAGAWA,72061,-,4,Wired Robot Weather Station,Y,Y,Y,Y,Y,ES,N,UCHINOMI,34,28.3,134,16.4,20,9.3,1.5,#1978.1.10,-,-,-
1036,KAGAWA,72086,47891,M,Ground Weather Observation Equipment,Y,Y,Y,Y,Y,Y,Y,TAKAMATSU,34,19.1,134,3.2,9,17.5,-,#1975.4.1,-,72900,-
1037,KAGAWA,72111,47890,M,Ground Weather Observation Equipment,Y,Y,Y,Y,Y,Y,N,TADOTSU,34,16.5,133,45.1,4,12.1,-,#1975.12.18,-,-,-
1038,KAGAWA,72121,-,4,Wired Robot Weather Station,Y,Y,Y,Y,Y,ES,N,TAKINOMIYA,34,14.2,133,55.4,60,10,1.5,#1978.1.11,-,-,-
1039,KAGAWA,72126,-,M,Ground Weather Observation Equipment,Y,Y,Y,Y,N,N,N,KONAN,34,12.8,134,0.9,185,10,-,2003.1.1,-,-,日照・湿度・気圧を除く
1040,KAGAWA,72146,-,4,Wired Robot Weather Station,Y,Y,Y,Y,Y,ES,N,HIKETA,34,12.8,134,24.4,12,10,1.5,#1978.1.12,-,-,-
1041,KAGAWA,72161,-,4,Wired Robot Weather Station,Y,Y,Y,Y,Y,ES,N,SAITA,34,7.2,133,46.3,65,9.3,1.5,1978.1.11,-,-,-
1042,TOKUSHIMA,72176,-,R,Wired Robot Rain Gauge,Y,N,N,N,N,N,N,RYUOZAN,34,6.8,134,3,1040,-,-,#,-,-,-
1043,EHIME,73001,-,4,Wired Robot Weather Station,Y,Y,Y,Y,Y,ES,N,OMISHIMA,34,15,133,0.4,9,10,1.5,#1978.1.19,-,-,-
1044,EHIME,73071,-,R,Wired Robot Rain Gauge,Y,N,N,N,N,N,N,TAMAGAWA,34,1.1,132,56.4,67,-,-,#,-,-,-
1045,EHIME,73076,-,4,Wired Robot Weather Station,Y,Y,Y,Y,Y,ES,N,IMABARI,34,3.2,132,58.5,27,10,1.5,(1975.10.1)1976.2.18,-,-,-
1046,EHIME,73126,-,4,Wired Robot Weather Station,Y,Y,Y,Y,Y,ES,N,TAMBARA,33,54.9,133,4.8,4,10.2,1.5,(1975.5.1)1978.1.18,-,-,-
1047,EHIME,73141,-,4,Wired Robot Weather Station,Y,Y,Y,Y,Y,ES,N,NIIHAMA,33,56.2,133,20.3,90,10,1.5,19908.8.24,-,-,-
1048,EHIME,73151,-,4,Wired Robot Weather Station,Y,Y,Y,Y,Y,ES,N,MISHIMA,33,58.9,133,34.9,75,10,1.5,#1978.1.17,-,-,-
1049,EHIME,73152,-,R,Wired Robot Rain Gauge,Y,N,N,N,N,N,N,TOMISATO,33,54.9,133,30.6,310,-,-,1978.6.29,-,-,-
1050,EHIME,73166,47887,M,Ground Weather Observation Equipment,Y,Y,N,N,N,Y,Y,MATSUYAMA,33,50.6,132,46.6,32,-,-,#1975.4.1,-,73900,気温、雨
1051,EHIME,73166,47887,M,Ground Weather Observation Equipment,N,N,Y,Y,N,Y,Y,MATSUYAMA,33,50.1,132,47.6,41,17.8,-,#1975.4.1,-,-,風、日照
1052,EHIME,73168,-,M,Ground Weather Observation Equipment,Y,Y,Y,Y,N,N,N,MATSUYAMA-MINAMIYOSHIDA,33,49.6,132,41.9,4,9.7,-,2003.1.1,-,-,日照・湿度・気圧を除く
1053,EHIME,73231,-,R,Wired Robot Rain Gauge,Y,N,N,N,N,N,N,KAMIHAYASHI,33,44.3,132,53.4,460,-,-,#,-,-,-
1054,EHIME,73247,-,R,Wired Robot Rain Gauge,Y,N,N,N,N,N,N,JOJUSHA,33,47.7,133,7.9,1280,-,-,1980.5.16,-,-,-
1055,EHIME,73256,-,4,Wired Robot Weather Station,Y,Y,Y,Y,Y,ES,N,NAGAHAMA,33,37,132,28.8,4,10,1.5,#1978.1.31,-,-,-
1056,EHIME,73271,-,R,Wired Robot Rain Gauge,Y,N,N,N,N,N,N,NAKAYAMA,33,38.3,132,42.5,163,-,-,#,-,-,-
1057,EHIME,73276,-,4,Wired Robot Weather Station,Y,Y,Y,Y,Y,ES,N,KUMA,33,39.8,132,53.7,511,10,1.5,#1978.1.20,-,-,-
1058,EHIME,73306,-,4,Wired Robot Weather Station,Y,Y,Y,Y,Y,ES,N,OZU,33,30.5,132,32.1,20,10,1.5,(1975.5.1)1978.1.31,-,-,-
1059,EHIME,73321,-,R,Wired Robot Rain Gauge,Y,N,N,N,N,N,N,SHISHIGOETOGE,33,32.6,132,49.9,1000,-,-,#,-,-,-
1060,EHIME,73341,-,4,Wired Robot Weather Station,Y,Y,Y,Y,Y,ES,N,SETO,33,26.8,132,15.4,143,12.1,1.5,1997.8.8,-,-,-
1061,EHIME,73351,-,R,Wired Robot Rain Gauge,Y,N,N,N,N,N,N,YAWATAHAMA,33,26.9,132,26,8,-,-,#,-,-,-
1062,EHIME,73406,-,4,Wired Robot Weather Station,Y,Y,Y,Y,Y,ES,N,UWA,33,22,132,30.2,200,10,1.5,(1975.5.1)1978.1.23,-,-,-
1063,EHIME,73442,47892,M,Ground Weather Observation Equipment,Y,Y,Y,Y,Y,Y,N,UWAJIMA,33,13.6,132,33.1,2,33.2,-,1993.2.1,-,-,-
1064,EHIME,73446,-,4,Wired Robot Weather Station,Y,Y,Y,Y,Y,ES,N,CHIKANAGA,33,15.2,132,40.5,129,8.1,1.5,1979.1.17,-,-,-
1065,EHIME,73516,-,4,Wired Robot Weather Station,Y,Y,Y,Y,Y,ES,N,MISHO,32,57.8,132,34.2,12,10.1,1.5,#1978.1.23,-,-,-
1066,KOCHI,74056,-,4,Wired Robot Weather Station,Y,Y,Y,Y,Y,ES,N,HONGAWA,33,45.9,133,20.3,605,10.4,1.5,1979.1.18,-,-,-
1067,KOCHI,74071,-,4,Wired Robot Weather Station,Y,Y,Y,Y,Y,ES,N,MOTOYAMA,33,45.2,133,34.5,252,9.3,1.5,#1978.1.1,-,-,-
1068,KOCHI,74101,-,R,Wired Robot Rain Gauge,Y,N,N,N,N,N,N,IKEGAWA,33,36.4,133,10.2,141,-,-,1977.7.28,-,-,-
1069,KOCHI,74126,-,R,Wired Robot Rain Gauge,Y,N,N,N,N,N,N,SHIGETO,33,40.7,133,41.1,346,-,-,#,-,-,-
1070,KOCHI,74136,-,4,Wired Robot Weather Station,Y,Y,Y,Y,Y,ES,N,ODOCHI,33,41.9,133,52.5,210,6.5,1.5,1977.12.20,-,-,-
1071,KOCHI,74151,-,R,Wired Robot Rain Gauge,Y,N,N,N,N,N,N,YANASE,33,36.9,134,6.5,450,-,-,1978.10.25,-,-,-
1072,KOCHI,74166,-,R,Wired Robot Rain Gauge,Y,N,N,N,N,N,N,SAKAWA,33,30.7,133,16.3,80,-,-,#,-,-,-
1073,KOCHI,74182,47893,M,Ground Weather Observation Equipment,Y,Y,N,N,N,Y,Y,KOCHI,33,34,133,32.9,1,-,-,2023.3.2,-,74900,気温、雨
1074,KOCHI,74182,47893,M,Ground Weather Observation Equipment,N,N,Y,Y,N,Y,Y,KOCHI,33,34,133,33.1,2,58.8,-,2023.3.2,-,74900,風、日照
1075,KOCHI,74187,-,4,Wired Robot Weather Station,Y,Y,Y,Y,Y,ES,N,GOMEN,33,35.4,133,38.6,12,6.5,1.5,1977.12.20,-,-,-
1076,KOCHI,74188,-,M,Ground Weather Observation Equipment,Y,Y,Y,Y,N,N,N,NANKOKU-NISSHO,33,32.7,133,40.1,9,10.2,-,2003.1.1,-,-,日照・湿度・気圧を除く
1077,KOCHI,74237,-,R,Wired Robot Rain Gauge,Y,N,N,N,N,N,N,FUNATO,33,25,133,5.3,425,-,-,#,-,-,-
1078,KOCHI,74238,-,R,Wired Robot Rain Gauge,Y,N,N,N,N,N,N,TORIGATAYAMA,33,28.8,133,5,835,-,-,19902.3.17,-,-,-
1079,KOCHI,74271,-,4,Wired Robot Weather Station,Y,Y,Y,Y,Y,ES,N,AKI,33,29.3,133,56,6,6.4,1.5,#1977.12.19,-,-,-
1080,KOCHI,74276,-,R,Wired Robot Rain Gauge,Y,N,N,N,N,N,N,TANO,33,25.6,134,0.4,17,-,-,1975.4.28,-,-,-
1081,KOCHI,74296,-,4,Wired Robot Weather Station,Y,Y,Y,Y,Y,ES,N,YUSUHARA,33,23.4,132,55.3,415,6.5,1.5,(1975.4.23)1977.12.22,-,-,-
1082,KOCHI,74311,-,4,Wired Robot Weather Station,Y,Y,Y,Y,Y,ES,N,SUSAKI,33,23.1,133,16.6,4,6.5,1.5,#1977.12.22,-,-,-
1083,KOCHI,74336,-,R,Wired Robot Rain Gauge,Y,N,N,N,N,N,N,SAKIHAMA,33,24.7,134,11.9,26,-,-,#,-,-,-
1084,KOCHI,74361,-,4,Wired Robot Weather Station,Y,Y,Y,Y,Y,ES,N,KUBOKAWA,33,12.4,133,7.7,205,6.4,1.5,#1977.12.23,-,-,-
1085,KOCHI,74372,47899,M,Ground Weather Observation Equipment,Y,Y,N,N,N,Y,N,MUROTOMISAKI,33,15.1,134,10.6,185,-,-,2006.11.28,-,-,気温、雨、日照
1086,KOCHI,74372,47899,M,Ground Weather Observation Equipment,N,N,Y,Y,N,Y,N,MUROTOMISAKI,33,14.8,134,10.5,161,20.8,-,2006.11.28,-,-,風
1087,KOCHI,74381,-,4,Wired Robot Weather Station,Y,Y,Y,Y,Y,ES,N,EKAWASAKI,33,10.2,132,47.5,72,9.9,1.5,1977.12.26,-,-,-
1088,KOCHI,74391,-,R,Wired Robot Rain Gauge,Y,N,N,N,N,N,N,TAISHO,33,11.6,132,58.3,150,-,-,#,-,-,-
1089,KOCHI,74436,-,4,Wired Robot Weather Station,Y,Y,Y,Y,Y,ES,N,SAGA,33,4.7,133,6.1,3,6.4,1.5,1977.12.23,-,-,-
1090,KOCHI,74447,47897,M,Ground Weather Observation Equipment,Y,Y,Y,Y,Y,Y,N,SUKUMO,32,55.2,132,41.7,2,17.2,-,1982.4.1,-,-,-
1091,KOCHI,74456,-,4,Wired Robot Weather Station,Y,Y,Y,Y,Y,ES,N,NAKAMURA,32,59.4,132,55.2,8,6.5,1.5,#1976.2.17,-,-,-
1092,KOCHI,74506,-,R,Wired Robot Rain Gauge,Y,N,N,N,N,N,N,MISAKI,32,47.7,132,52.3,9,-,-,2005.10.17,-,-,-
1093,KOCHI,74516,47898,M,Ground Weather Observation Equipment,Y,Y,Y,Y,Y,Y,N,ASHIZURI,32,43.3,133,0.6,31,14.7,-,#1975.3.20,-,-,-
1094,YAMAGUCHI,81011,-,4,Wired Robot Weather Station,Y,Y,Y,Y,Y,ES,N,SUSA,34,36.9,131,37.4,50,6.4,1.5,#1977.3.7,-,-,-
1095,YAMAGUCHI,81071,47754,M,Ground Weather Observation Equipment,Y,Y,Y,Y,Y,Y,N,HAGI,34,24.6,131,24.3,2,11.1,-,#1975.4.1,-,-,-
1096,YAMAGUCHI,81116,-,4,Wired Robot Weather Station,Y,Y,Y,Y,Y,ES,N,YUYA,34,22.2,131,3.3,20,9.9,1.5,(1975.4.25)1977.3.8,-,-,-
1097,YAMAGUCHI,81146,-,R,Wired Robot Rain Gauge,Y,N,N,N,N,N,N,SHINOBU,34,20.3,131,37.6,264,-,-,2021.12.7,-,-,-
1098,YAMAGUCHI,81151,-,4,Wired Robot Weather Station,Y,Y,Y,Y,Y,ES,N,TOKUSA,34,23.9,131,43.5,310,10.2,1.5,#1977.3.4,-,-,-
1099,YAMAGUCHI,81167,-,R,Wired Robot Rain Gauge,Y,N,N,N,N,N,N,RAKANZAN,34,21,132,3.8,945,-,-,1976.6.3,-,-,-
1100,YAMAGUCHI,81196,-,4,Wired Robot Weather Station,Y,Y,Y,Y,Y,ES,N,AKIYOSHIDAI,34,14.1,131,18.4,240,9.9,1.5,#1977.3.10,-,-,-
1101,YAMAGUCHI,81228,-,R,Wired Robot Rain Gauge,Y,N,N,N,N,N,N,KANO,34,13.5,131,48.9,368,-,-,19902.3.9,-,-,-
1102,YAMAGUCHI,81231,-,4,Wired Robot Weather Station,Y,Y,Y,Y,Y,ES,N,HIROSE,34,15.7,131,57.1,97,10.1,1.5,#1976.2.24,-,-,-
1103,YAMAGUCHI,81266,-,4,Wired Robot Weather Station,Y,Y,Y,Y,Y,ES,N,NISHIICHI,34,11.2,131,4.6,40,10,1.5,#1977.3.11,-,-,-
1104,YAMAGUCHI,81271,-,R,Wired Robot Rain Gauge,Y,N,N,N,N,N,N,HIGASHIATSU,34,7.1,131,10.9,56,-,-,19902.3.26,-,-,-
1105,YAMAGUCHI,81286,47784,M,Ground Weather Observation Equipment,Y,Y,Y,Y,Y,Y,Y,YAMAGUCHI,34,9.7,131,27.7,18,15.4,-,#1975.12.18,-,81900,-
1106,YAMAGUCHI,81301,-,R,Wired Robot Rain Gauge,Y,N,N,N,N,N,N,WADA,34,10.2,131,45.2,154,-,-,1978.6.29,-,-,-
1107,YAMAGUCHI,81321,-,4,Wired Robot Weather Station,Y,Y,Y,Y,Y,ES,N,IWAKUNI,34,9.3,132,10.7,41,10.2,1.5,(1975.4.25)1977.2.22,-,-,-
1108,YAMAGUCHI,81371,-,4,Wired Robot Weather Station,Y,Y,Y,Y,Y,ES,N,HOFU,34,2.4,131,32,4,9.9,1.5,#1977.3.2,-,-,-
1109,YAMAGUCHI,81386,-,4,Wired Robot Weather Station,Y,Y,Y,Y,Y,ES,N,KUDAMATSU,34,0.6,131,52.3,27,10.1,1.5,1977.3.1,-,-,-
1110,YAMAGUCHI,81397,-,4,Wired Robot Weather Station,Y,Y,Y,Y,Y,ES,N,KUGA,34,5.7,132,4.5,68,7.4,1.5,(1975.4.1)1977.2.28,-,-,-
1111,YAMAGUCHI,81428,47762,M,Ground Weather Observation Equipment,Y,Y,N,N,N,Y,Y,SHIMONOSEKI,33,56.9,130,55.5,3,-,-,1996.6.27,-,81905,気温、雨
1112,YAMAGUCHI,81428,47762,M,Ground Weather Observation Equipment,N,N,Y,Y,N,Y,Y,SHIMONOSEKI,33,57.4,130,56.3,46,14.6,-,1996.6.27,-,-,風、日照
1113,YAMAGUCHI,81436,-,M,Ground Weather Observation Equipment,Y,Y,Y,Y,N,N,N,UBE,33,55.8,131,16.7,5,10,-,#2001.12.12,-,-,日照・湿度・気圧を除く
1114,YAMAGUCHI,81481,-,4,Wired Robot Weather Station,Y,Y,Y,Y,Y,ES,N,YANAI,33,57.5,132,6.8,3,10.1,1.5,(1975.4.25)1977.2.25,-,-,-
1115,YAMAGUCHI,81486,-,4,Wired Robot Weather Station,Y,Y,Y,Y,Y,ES,N,AGENOSHO,33,54.2,132,17.6,5,9.9,1.5,#1977.2.24,-,-,-
1116,FUKUOKA,82036,-,R,Wired Robot Rain Gauge,Y,N,N,N,N,N,N,ORONOSHIMA,33,51.8,130,2.1,49,-,-,19906.9.11,-,-,-
1117,FUKUOKA,82046,-,4,Wired Robot Weather Station,Y,Y,Y,Y,Y,ES,N,MUNAKATA,33,48.5,130,32.3,7,10.3,1.5,(1975.4.25)1977.2.15,-,-,-
1118,FUKUOKA,82056,-,4,Wired Robot Weather Station,Y,Y,Y,Y,Y,ES,N,YAHATA,33,51.1,130,44.6,20,9.9,1.5,#1977.2.17,-,-,-
1119,FUKUOKA,82068,-,M,Ground Weather Observation Equipment,Y,Y,Y,Y,N,N,N,KUKO-KITAMACHI,33,50.7,131,2.1,7,10,-,2003.1.1,-,-,日照・湿度・気圧を除く
1120,FUKUOKA,82097,-,R,Wired Robot Rain Gauge,Y,N,N,N,N,N,N,HIGASHITANI,33,46.7,130,51.9,55,-,-,19904.2.15,-,-,-
1121,FUKUOKA,82101,-,4,Wired Robot Weather Station,Y,Y,Y,Y,Y,ES,N,YUKUHASHI,33,42.8,130,58.5,9,10,1.5,#1977.2.18,-,-,-
1122,FUKUOKA,82136,47809,M,Ground Weather Observation Equipment,Y,Y,Y,Y,Y,Y,N,IIZUKA,33,39.1,130,41.6,37,11,-,#1975.12.16,-,-,-
1123,FUKUOKA,82171,-,4,Wired Robot Weather Station,Y,Y,Y,Y,Y,ES,N,MAEBARU,33,33.6,130,11.4,5,9.9,1.5,#1977.3.4,-,-,-
1124,FUKUOKA,82182,47807,M,Ground Weather Observation Equipment,Y,Y,N,N,N,Y,Y,FUKUOKA,33,34.9,130,22.5,3,-,-,19902.2.18,-,82900,気温、雨、日照
1125,FUKUOKA,82182,47807,M,Ground Weather Observation Equipment,N,N,Y,Y,N,Y,Y,FUKUOKA,33,34.9,130,22.6,3,34.6,-,19902.2.18,-,-,風
1126,FUKUOKA,82186,-,M,Ground Weather Observation Equipment,Y,Y,Y,Y,N,N,N,HAKATA,33,35,130,27.1,9,10,-,2003.1.1,-,-,日照・湿度・気圧を除く
1127,FUKUOKA,82191,-,4,Wired Robot Weather Station,Y,Y,Y,Y,Y,ES,N,DAZAIFU,33,29.8,130,29.4,52,10.2,1.5,1977.3.2,-,-,-
1128,FUKUOKA,82206,-,4,Wired Robot Weather Station,Y,Y,Y,Y,Y,ES,N,SOEDA,33,33.5,130,51.3,92,10.2,1.5,(1975.5.25)1977.2.21,-,-,-
1129,FUKUOKA,82241,-,R,Wired Robot Rain Gauge,Y,N,N,N,N,N,N,SAWARAWAKIYAMA,33,29.3,130,21.2,83,-,-,19902.3.2,-,-,-
1130,FUKUOKA,82261,-,4,Wired Robot Weather Station,Y,Y,Y,Y,Y,ES,N,AMAGI,33,24.4,130,41.7,38,10.1,1.5,#1977.2.18,-,-,-
1131,FUKUOKA,82272,-,R,Wired Robot Rain Gauge,Y,N,N,N,N,N,N,HIKOSAN,33,29.3,130,55.4,823,-,-,1988.9.8,-,-,-
1132,FUKUOKA,82306,-,4,Wired Robot Weather Station,Y,Y,Y,Y,Y,ES,N,KURUME,33,18.2,130,29.6,7,12.9,1.5,1977.3.1,-,-,-
1133,FUKUOKA,82316,-,R,Wired Robot Rain Gauge,Y,N,N,N,N,N,N,MINOSAN,33,17.5,130,37.5,607,-,-,#,-,-,-
1134,FUKUOKA,82317,-,4,Wired Robot Weather Station,Y,Y,Y,Y,Y,ES,N,KUROKI,33,13.5,130,38.7,144,10.1,1.5,#1977.2.25,-,-,-
1135,FUKUOKA,82331,-,R,Wired Robot Rain Gauge,Y,N,N,N,N,N,N,YANAGAWA,33,9.6,130,24.2,7,-,-,1975.4.25,-,-,-
1136,FUKUOKA,82361,-,4,Wired Robot Weather Station,Y,Y,Y,Y,Y,ES,N,OMUTA,33,0.4,130,28,40,10,1.5,#1977.2.23,-,-,-
1137,OITA,83021,-,4,Wired Robot Weather Station,Y,Y,Y,Y,Y,ES,N,KUNIMI,33,40.7,131,34.5,53,10,1.5,1977.2.15,-,-,-
1138,OITA,83051,-,4,Wired Robot Weather Station,Y,Y,Y,Y,Y,ES,N,NAKATSU,33,35.2,131,14.7,12,10.1,1.5,19903.3.15,-,-,-
1139,OITA,83061,-,4,Wired Robot Weather Station,Y,Y,Y,Y,Y,ES,N,BUNGOTAKADA,33,34.2,131,26,5,9.8,1.5,#1977.2.16,-,-,-
1140,OITA,83096,-,R,Wired Robot Rain Gauge,Y,N,N,N,N,N,N,YABAKEI,33,26.7,131,6.9,100,-,-,1975.5.8,-,-,-
1141,OITA,83106,-,4,Wired Robot Weather Station,Y,Y,Y,Y,Y,ES,N,INNAI,33,25.2,131,19,90,13.1,1.5,(1975.4.24)1977.2.21,-,-,-
1142,OITA,83121,-,4,Wired Robot Weather Station,Y,Y,Y,Y,Y,ES,N,KITSUKI,33,25,131,35.8,5,9.6,1.5,1978.1.10,-,-,-
1143,OITA,83126,-,M,Ground Weather Observation Equipment,Y,Y,Y,Y,N,N,N,MUSASHI,33,28.7,131,44.2,5,10,-,2003.1.1,-,-,日照・湿度・気圧を除く
1144,OITA,83137,47814,M,Ground Weather Observation Equipment,Y,Y,Y,Y,Y,Y,N,HITA,33,19.3,130,55.7,83,22.1,-,#1975.12.13,-,-,-
1145,OITA,83191,-,4,Wired Robot Weather Station,Y,Y,Y,Y,Y,ES,N,BUNGOKUSU,33,17.5,131,9.3,331,9.6,1.5,(1975.4.24)1977.2.22,-,-,-
1146,OITA,83201,-,4,Wired Robot Weather Station,Y,Y,Y,Y,Y,ES,N,YUFUIN,33,15.2,131,20.8,435,9.6,1.5,#1977.2.23,-,-,-
1147,OITA,83216,47815,M,Ground Weather Observation Equipment,Y,Y,Y,Y,Y,Y,Y,OITA,33,14.1,131,37.1,5,19.8,-,#1975.3.21,-,83900,-
1148,OITA,83226,-,R,Wired Robot Rain Gauge,Y,N,N,N,N,N,N,SAGANOSEKI,33,14.9,131,51.9,1,-,-,#,-,-,-
1149,OITA,83242,-,R,Wired Robot Rain Gauge,Y,N,N,N,N,N,N,TSUBAKIGAHANA,33,11.4,130,54.9,843,-,-,2004.11.4,-,-,-
1150,OITA,83286,-,R,Wired Robot Rain Gauge,Y,N,N,N,N,N,N,USUKI,33,7.9,131,47.8,30,-,-,1975.4.24,-,-,-
1151,OITA,83341,-,4,Wired Robot Weather Station,Y,Y,Y,Y,Y,ES,N,INUKAI,33,3.9,131,37.9,121,10.1,1.5,#1977.3.3,-,-,-
1152,OITA,83371,-,4,Wired Robot Weather Station,Y,Y,Y,Y,Y,ES,N,TAKETA,32,58.4,131,23.9,261,10.1,1.5,#1977.3.2,-,-,-
1153,OITA,83401,-,4,Wired Robot Weather Station,Y,Y,Y,Y,Y,ES,N,SAIKI,32,57,131,54.1,2,9.7,1.5,#1977.3.1,-,-,-
1154,OITA,83431,-,4,Wired Robot Weather Station,Y,Y,Y,Y,Y,ES,N,UME,32,50.7,131,40.5,200,9.9,1.5,1977.3.2,-,-,-
1155,OITA,83476,-,4,Wired Robot Weather Station,Y,Y,Y,Y,Y,ES,N,KAMAE,32,47.7,131,55.4,2,9.6,1.5,#1977.2.28,-,-,-
1156,NAGASAKI,84012,-,4,Wired Robot Weather Station,Y,Y,Y,Y,Y,ES,N,WANIURA,34,41.9,129,26.7,63,8,1.5,1995.8.2,-,-,-
1157,NAGASAKI,84072,47800,M,Ground Weather Observation Equipment,Y,Y,Y,Y,Y,Y,N,IZUHARA,34,11.8,129,17.5,5,36.1,-,1991.9.1,-,-,-
1158,NAGASAKI,84076,-,M,Ground Weather Observation Equipment,Y,Y,Y,Y,N,N,N,MITSUSHIMA,34,17.1,129,19.8,63,10.1,-,2003.1.1,-,-,日照・湿度・気圧を除く
1159,NAGASAKI,84121,-,4,Wired Robot Weather Station,Y,Y,Y,Y,Y,ES,N,ASHIBE,33,48,129,43.3,97,9.9,1.5,1977.3.11,-,-,-
1160,NAGASAKI,84122,-,M,Ground Weather Observation Equipment,Y,Y,Y,Y,N,N,N,ISHIDA,33,44.9,129,47.1,12,10,-,2003.1.1,-,-,日照・湿度・気圧を除く
1161,NAGASAKI,84171,47805,M,Ground Weather Observation Equipment,Y,Y,Y,Y,Y,Y,N,HIRADO,33,21.6,129,33,58,12.5,-,#1975.12.11,-,-,-
1162,NAGASAKI,84183,-,4,Wired Robot Weather Station,Y,Y,Y,Y,Y,ES,N,MATSUURA,33,20.5,129,42.7,14,9.9,1.5,19903.3.15,-,-,-
1163,NAGASAKI,84266,47812,M,Ground Weather Observation Equipment,Y,Y,Y,Y,Y,Y,N,SASEBO,33,9.5,129,43.6,4,35,-,2002.3.27,-,-,-
1164,NAGASAKI,84306,-,4,Wired Robot Weather Station,Y,Y,Y,Y,Y,ES,N,SAIKAI,33,0.8,129,39.1,18,9.9,1.5,2021.3.5,-,-,-
1165,NAGASAKI,84341,-,4,Wired Robot Weather Station,Y,Y,Y,Y,Y,ES,N,ARIKAWA,32,58.9,129,7.1,11,9.9,1.5,1999.12.22,-,-,-
1166,NAGASAKI,84361,-,R,Wired Robot Rain Gauge,Y,N,N,N,N,N,N,NAGAURADAKE,32,54.5,129,44.3,510,-,-,#,-,-,-
1167,NAGASAKI,84371,-,M,Ground Weather Observation Equipment,Y,Y,Y,Y,N,N,N,OMURA,32,55,129,54.8,3,10,-,(1976.4.22)1996.3.25,-,-,日照・湿度・気圧を除く
1168,NAGASAKI,84441,-,R,Wired Robot Rain Gauge,Y,N,N,N,N,N,N,ISAHAYA,32,50.6,130,1.5,15,-,-,#,-,-,-
1169,NAGASAKI,84496,47817,M,Ground Weather Observation Equipment,Y,Y,Y,Y,Y,Y,Y,NAGASAKI,32,44,129,52,27,18.6,-,#1975.3.21,-,84900,-
1170,NAGASAKI,84519,47818,M,Ground Weather Observation Equipment,Y,Y,N,N,N,Y,N,UNZENDAKE,32,44.2,130,15.7,678,-,-,2002.11.26,-,-,気温、雨、日照
1171,NAGASAKI,84519,47818,M,Ground Weather Observation Equipment,N,N,Y,Y,N,Y,N,UNZENDAKE,32,44.2,130,15,870,10.5,-,2002.11.26,-,-,風
1172,NAGASAKI,84523,-,4,Wired Robot Weather Station,Y,Y,Y,Y,Y,ES,N,SHIMABARA,32,45.6,130,21.7,14,9.9,1.5,2006.3.15,-,-,-
1173,NAGASAKI,84536,47843,M,Ground Weather Observation Equipment,Y,Y,Y,Y,Y,Y,N,FUKUE,32,41.6,128,49.6,25,10.1,-,#1975.3.18,-,-,-
1174,NAGASAKI,84537,-,M,Ground Weather Observation Equipment,Y,Y,Y,Y,N,N,N,KAMIOZU,32,39.9,128,49.9,77,10.1,-,2003.1.1,-,-,日照・湿度・気圧を除く
1175,NAGASAKI,84561,-,4,Wired Robot Weather Station,Y,Y,Y,Y,Y,ES,N,KUCHINOTSU,32,36.7,130,11.6,13,9.9,1.5,(1975.4.23)1976.4.1,-,-,-
1176,NAGASAKI,84597,-,4,Wired Robot Weather Station,Y,Y,Y,Y,Y,ES,N,WAKIMISAKI,32,34.9,129,46.6,4,9.9,1.5,2021.1.20,-,-,-
1177,SAGA,85033,-,4,Wired Robot Weather Station,Y,Y,Y,Y,Y,ES,N,KARATSU,33,27.5,129,57.3,23,9.9,1.5,19902.2.25,-,-,-
1178,SAGA,85046,-,R,Wired Robot Rain Gauge,Y,N,N,N,N,N,N,HOKUZAN,33,24.8,130,13.2,339,-,-,19902.3.17,-,-,-
1179,SAGA,85106,-,R,Wired Robot Rain Gauge,Y,N,N,N,N,N,N,TOSU,33,23.1,130,31,25,-,-,19902.3.4,-,-,-
1180,SAGA,85116,-,4,Wired Robot Weather Station,Y,Y,Y,Y,Y,ES,N,IMARI,33,16,129,52.7,25,9.9,1.5,(1975.9.1)1977.3.3,-,-,-
1181,SAGA,85142,47813,M,Ground Weather Observation Equipment,Y,Y,Y,Y,Y,Y,Y,SAGA,33,15.9,130,18.3,6,56.1,-,1995.10.19,-,85900,-
1182,SAGA,85161,-,4,Wired Robot Weather Station,Y,Y,Y,Y,Y,ES,N,URESHINO,33,7,129,59.7,81,9.9,1.5,#1977.2.24,-,-,-
1183,SAGA,85166,-,4,Wired Robot Weather Station,Y,Y,Y,Y,Y,ES,N,SHIROISHI,33,11,130,8.9,2,9.8,1.5,#1977.3.2,-,-,-
1184,SAGA,85176,-,M,Ground Weather Observation Equipment,Y,Y,Y,Y,N,N,N,KAWASOE,33,8.9,130,18.1,2,10.1,-,2003.1.1,-,-,日照・湿度・気圧を除く
1185,KUMAMOTO,86006,-,4,Wired Robot Weather Station,Y,Y,Y,Y,Y,ES,N,KAHOKU,33,6.9,130,41.5,119,10,1.5,#1977.2.9,-,-,-
1186,KUMAMOTO,86066,-,4,Wired Robot Weather Station,Y,Y,Y,Y,Y,ES,N,MINAMIOGUNI,33,6.2,131,4,448,10.1,1.5,#1977.2.14,-,-,-
1187,KUMAMOTO,86086,-,4,Wired Robot Weather Station,Y,Y,Y,Y,Y,ES,N,TAIMEI,32,54.9,130,30.7,15,10,1.5,#1977.2.10,-,-,-
1188,KUMAMOTO,86101,-,4,Wired Robot Weather Station,Y,Y,Y,Y,Y,ES,N,KIKUCHI,32,56.7,130,46.9,83,10.1,1.5,#1977.2.10,-,-,-
1189,KUMAMOTO,86111,-,4,Wired Robot Weather Station,Y,Y,Y,Y,Y,ES,N,ASO-OTOHIME,32,56.8,131,2.4,487,10,1.5,1978.1.11,-,-,-
1190,KUMAMOTO,86141,47819,M,Ground Weather Observation Equipment,Y,Y,N,N,N,Y,Y,KUMAMOTO,32,48.8,130,42.4,38,-,-,#1975.3.26,-,86905,気温、雨、日照
1191,KUMAMOTO,86141,47819,M,Ground Weather Observation Equipment,N,N,Y,Y,N,Y,Y,KUMAMOTO,32,49.3,130,42.9,15,15.3,-,#1975.3.26,-,-,風
1192,KUMAMOTO,86146,-,M,Ground Weather Observation Equipment,Y,Y,Y,Y,N,N,N,MASHIKI,32,50.2,130,51.3,193,10,-,2003.1.1,-,-,日照・湿度・気圧を除く
1193,KUMAMOTO,86157,-,4,Wired Robot Weather Station,Y,Y,Y,Y,Y,ES,Y,MINAMIASO,32,49.9,131,0.8,394,10,1.5,19907.1.16,-,86901,-
1194,KUMAMOTO,86156,47821,M,Ground Weather Observation Equipment,Y,Y,Y,Y,Y,-,Y,ASOSAN,32,52.8,131,4.4,1142,102,-,2000.10.1,2017.12.11,-,-
1195,KUMAMOTO,86161,-,4,Wired Robot Weather Station,Y,Y,Y,Y,Y,ES,N,TAKAMORI,32,49.3,131,7.5,555,9.8,1.5,#1977.2.15,-,-,-
1196,KUMAMOTO,86181,-,R,Wired Robot Rain Gauge,Y,N,N,N,N,N,N,UTO,32,42,130,39.4,6,-,-,2005.12.6,-,-,-
1197,KUMAMOTO,86197,-,R,Wired Robot Rain Gauge,Y,N,N,N,N,N,N,YAMATO,32,42.7,130,57.5,574,-,-,19902.3.4,-,-,-
1198,KUMAMOTO,86216,-,4,Wired Robot Weather Station,Y,Y,Y,Y,Y,ES,N,MISUMI,32,36.7,130,28.7,60,10,1.5,(1975.4.23)1977.2.23,-,-,-
1199,KUMAMOTO,86236,-,4,Wired Robot Weather Station,Y,Y,Y,Y,Y,ES,N,KOSA,32,40.3,130,49,52,10.1,1.5,#1977.2.16,-,-,-
1200,KUMAMOTO,86271,-,4,Wired Robot Weather Station,Y,Y,Y,Y,Y,ES,N,MATSUSHIMA,32,30.9,130,26.8,2,10.1,1.5,#1977.2.24,-,-,-
1201,KUMAMOTO,86316,-,4,Wired Robot Weather Station,Y,Y,Y,Y,Y,ES,N,HONDO,32,28.1,130,10.8,30,10,1.5,#1977.2.25,-,-,-
1202,KUMAMOTO,86336,-,4,Wired Robot Weather Station,Y,Y,Y,Y,Y,ES,N,YATSUSHIRO,32,28.4,130,36.4,8,10,1.5,#1977.2.22,-,-,-
1203,KUMAMOTO,86396,-,R,Wired Robot Rain Gauge,Y,N,N,N,N,N,N,TANOURA,32,21.8,130,30.5,3,-,-,1975.4.25,-,-,-
1204,KUMAMOTO,86407,-,R,Wired Robot Rain Gauge,Y,N,N,N,N,N,N,YAMAE,32,18.1,130,44.8,218,-,-,1990.12.7,-,-,-
1205,KUMAMOTO,86411,-,R,Wired Robot Rain Gauge,Y,N,N,N,N,N,N,ITSUKI,32,23.7,130,49.6,310,-,-,19904.3.7,-,-,-
1206,KUMAMOTO,86451,-,4,Wired Robot Weather Station,Y,Y,Y,Y,Y,ES,N,MINAMATA,32,12.3,130,24.4,6,10.1,1.5,(1975.4.23)1977.2.21,-,-,-
1207,KUMAMOTO,86461,-,R,Wired Robot Rain Gauge,Y,N,N,N,N,N,N,ISSHOCHI,32,14.7,130,38.7,120,-,-,2005.12.7,-,-,-
1208,KUMAMOTO,86467,47824,M,Ground Weather Observation Equipment,Y,Y,Y,Y,Y,Y,N,HITOYOSHI,32,13,130,45.3,146,14.7,-,#1975.12.13,-,-,-
1209,KUMAMOTO,86477,-,4,Wired Robot Weather Station,Y,Y,Y,Y,Y,ES,N,UE,32,13.5,130,54.3,166,10,1.5,(1975.4.23)1977.3.22,-,-,-
1210,KUMAMOTO,86478,-,R,Wired Robot Rain Gauge,Y,N,N,N,N,N,N,TARAGI,32,17.7,130,57,210,-,-,2005.12.8,-,-,-
1211,KUMAMOTO,86481,-,R,Wired Robot Rain Gauge,Y,N,N,N,N,N,N,ICHIFUSAYAMA,32,15.8,131,2.6,665,-,-,1976.4.26,-,-,-
1212,KUMAMOTO,86491,47838,M,Ground Weather Observation Equipment,Y,Y,Y,Y,Y,Y,N,USHIBUKA,32,11.8,130,1.6,3,20.5,-,#1975.12.19,-,-,-
1213,MIYAZAKI,87041,-,4,Wired Robot Weather Station,Y,Y,Y,Y,Y,ES,N,TAKACHIHO,32,42.7,131,17.4,350,10.2,1.5,#1977.2.7,-,-,-
1214,MIYAZAKI,87066,-,4,Wired Robot Weather Station,Y,Y,Y,Y,Y,ES,N,FURUE,32,42.7,131,49.2,14,10.2,1.5,1977.2.8,-,-,-
1215,MIYAZAKI,87071,-,4,Wired Robot Weather Station,Y,Y,Y,Y,Y,ES,N,KURAOKA,32,38.6,131,9.4,590,10.2,1.5,1979.1.12,-,-,-
1216,MIYAZAKI,87086,-,R,Wired Robot Rain Gauge,Y,N,N,N,N,N,N,HINOKAGE,32,40.9,131,24.4,262,-,-,19902.2.18,-,-,-
1217,MIYAZAKI,87127,-,R,Wired Robot Rain Gauge,Y,N,N,N,N,N,N,MOROTSUKA,32,31,131,20.1,150,-,-,1979.1.10,-,-,-
1218,MIYAZAKI,87136,-,R,Wired Robot Rain Gauge,Y,N,N,N,N,N,N,KITAKATA,32,33.7,131,31.5,30,-,-,1987.2.26,-,-,-
1219,MIYAZAKI,87141,47822,M,Ground Weather Observation Equipment,Y,Y,N,N,N,Y,N,NOBEOKA,32,34.9,131,39.4,19,-,-,#1975.12.11,-,-,気温、雨
1220,MIYAZAKI,87141,47822,M,Ground Weather Observation Equipment,N,N,Y,Y,N,Y,N,NOBEOKA,32,34.7,131,38,8,10.1,-,#1975.12.11,-,-,風、日照
1221,MIYAZAKI,87157,-,R,Wired Robot Rain Gauge,Y,N,N,N,N,N,N,SHIIBA,32,28.5,131,6.2,517,-,-,19903.12.20,-,-,-
1222,MIYAZAKI,87181,-,4,Wired Robot Weather Station,Y,Y,Y,Y,Y,ES,N,HYUGA,32,24.5,131,36,20,9.3,1.5,#1977.2.9,-,-,-
1223,MIYAZAKI,87206,-,4,Wired Robot Weather Station,Y,Y,Y,Y,Y,ES,N,MIKADO,32,23.1,131,19.9,250,6.5,1.5,1979.1.11,-,-,-
1224,MIYAZAKI,87231,-,4,Wired Robot Weather Station,Y,Y,Y,Y,Y,ES,N,NISHI-MERA,32,14.4,131,9.1,260,9.9,1.5,1979.1.10,-,-,-
1225,MIYAZAKI,87251,-,R,Wired Robot Rain Gauge,Y,N,N,N,N,N,N,TSUNO,32,17,131,32.5,61,-,-,19902.2.17,-,-,-
1226,MIYAZAKI,87293,-,4,Wired Robot Weather Station,Y,Y,Y,Y,Y,ES,N,TAKANABE,32,7.4,131,28.5,57,10,1.5,19909.3.10,-,-,-
1227,MIYAZAKI,87301,-,4,Wired Robot Weather Station,Y,Y,Y,Y,Y,ES,N,KAKUTO,32,2.8,130,48.6,228,10,1.5,#1977.2.1,-,-,-
1228,MIYAZAKI,87331,-,4,Wired Robot Weather Station,Y,Y,Y,Y,Y,ES,N,SAITO,32,3.8,131,24.8,8,10,1.5,#1977.2.10,-,-,-
1229,MIYAZAKI,87346,-,R,Wired Robot Rain Gauge,Y,N,N,N,N,N,N,EBINO,31,56.7,130,50.4,1150,-,-,#,-,-,-
1230,MIYAZAKI,87352,-,4,Wired Robot Weather Station,Y,Y,Y,Y,Y,ES,N,KOBAYASHI,32,0,130,57.2,276,9.5,1.5,2000.9.26,-,-,-
1231,MIYAZAKI,87361,-,R,Wired Robot Rain Gauge,Y,N,N,N,N,N,N,IKENOO,31,57.4,131,9.4,182,-,-,#,-,-,-
1232,MIYAZAKI,87371,-,R,Wired Robot Rain Gauge,Y,N,N,N,N,N,N,HONJO,32,0.4,131,17.8,66,-,-,#,-,-,-
1233,MIYAZAKI,87376,47830,M,Ground Weather Observation Equipment,Y,Y,Y,Y,Y,Y,Y,MIYAZAKI,31,56.3,131,24.8,9,25.5,-,#1975.3.31,-,87900,-
1234,MIYAZAKI,87406,-,4,Wired Robot Weather Station,Y,Y,Y,Y,Y,ES,N,TANO,31,50.6,131,18.5,134,10,1.5,19909.2.17,-,-,-
1235,MIYAZAKI,87412,-,M,Ground Weather Observation Equipment,Y,Y,Y,Y,N,N,N,AKAE,31,52.6,131,26.9,6,10,-,2003.1.1,-,-,日照・湿度・気圧を除く
1236,MIYAZAKI,87426,47829,M,Ground Weather Observation Equipment,Y,Y,Y,Y,Y,Y,N,MIYAKONOJO,31,43.8,131,4.9,154,12.4,-,#1975.12.16,-,-,-
1237,MIYAZAKI,87461,-,R,Wired Robot Rain Gauge,Y,N,N,N,N,N,N,FUKASE,31,38.2,131,15,130,-,-,1977.6.30,-,-,-
1238,MIYAZAKI,87492,47835,M,Ground Weather Observation Equipment,Y,Y,N,N,N,Y,N,ABURATSU,31,34.7,131,24.4,3,-,-,19901.3.10,-,-,気温、雨、日照
1239,MIYAZAKI,87492,47835,M,Ground Weather Observation Equipment,N,N,Y,Y,N,Y,N,ABURATSU,31,35.8,131,24.5,5,10,-,19901.3.10,-,-,風
1240,MIYAZAKI,87501,-,4,Wired Robot Weather Station,Y,Y,Y,Y,Y,ES,N,KUSHIMA,31,27.9,131,13.2,20,10.2,1.5,#1977.2.3,-,-,-
1241,KAGOSHIMA,88061,47823,M,Ground Weather Observation Equipment,Y,Y,Y,Y,Y,Y,N,AKUNE,32,1.6,130,12,40,12.6,-,#1975.12.10,-,-,-
1242,KAGOSHIMA,88066,-,R,Wired Robot Rain Gauge,Y,N,N,N,N,N,N,IZUMI,32,5.6,130,21.1,11,-,-,1975.4.24,-,-,-
1243,KAGOSHIMA,88081,-,4,Wired Robot Weather Station,Y,Y,Y,Y,Y,ES,N,OKUCHI,32,2.8,130,37.6,175,10.1,1.5,#1977.2.14,-,-,-
1244,KAGOSHIMA,88101,-,R,Wired Robot Rain Gauge,Y,N,N,N,N,N,N,SHIBISAN,31,58.8,130,22,1060,-,-,#,-,-,-
1245,KAGOSHIMA,88107,-,4,Wired Robot Weather Station,Y,Y,Y,Y,Y,ES,N,MIYANOJO,31,55,130,27.3,59,10.1,1.5,#1976.4.1,-,-,-
1246,KAGOSHIMA,88131,-,4,Wired Robot Weather Station,Y,Y,Y,Y,Y,ES,N,NAKAKOSHIKI,31,50.1,129,52,10,10.1,1.5,#1977.2.19,-,-,-
1247,KAGOSHIMA,88151,-,4,Wired Robot Weather Station,Y,Y,Y,Y,Y,ES,N,SENDAI,31,50,130,18.9,5,10.1,1.5,#1977.2.15,-,-,-
1248,KAGOSHIMA,88166,-,M,Ground Weather Observation Equipment,Y,Y,Y,Y,N,N,N,MIZOBE,31,48.2,130,43.1,272,10,-,#1995.3.22,-,-,日照・湿度・気圧を除く
1249,KAGOSHIMA,88211,-,R,Wired Robot Rain Gauge,Y,N,N,N,N,N,N,IRIKITOGE,31,44.8,130,26.3,533,-,-,#,-,-,-
1250,KAGOSHIMA,88261,-,4,Wired Robot Weather Station,Y,Y,Y,Y,Y,ES,N,HIGASHIICHIKI,31,40.1,130,19.7,40,10.1,1.5,#1977.2.16,-,-,-
1251,KAGOSHIMA,88286,-,4,Wired Robot Weather Station,Y,Y,Y,Y,Y,ES,N,MAKINOHARA,31,39.7,130,50.6,387,9.9,1.5,(1975.4.24)1977.2.9,-,-,-
1252,KAGOSHIMA,88317,47827,M,Ground Weather Observation Equipment,Y,Y,Y,Y,Y,Y,Y,KAGOSHIMA,31,33.3,130,32.8,4,44.9,-,1994.2.25,-,88905,-
1253,KAGOSHIMA,88331,-,4,Wired Robot Weather Station,Y,Y,Y,Y,Y,ES,N,KIHOKU,31,35.3,130,51.3,360,10.1,1.5,1977.3.10,-,-,-
1254,KAGOSHIMA,88341,-,R,Wired Robot Rain Gauge,Y,N,N,N,N,N,N,OSUMI,31,34.8,131,0.3,170,-,-,1977.3.17,-,-,-
1255,KAGOSHIMA,88371,-,4,Wired Robot Weather Station,Y,Y,Y,Y,Y,ES,N,KASEDA,31,24.9,130,19.5,9,9.5,1.5,#1977.2.21,-,-,-
1256,KAGOSHIMA,88392,-,R,Wired Robot Rain Gauge,Y,N,N,N,N,N,N,YOSHIGABEPPU,31,27.5,130,51.7,89,-,-,1977.6.6,-,-,-
1257,KAGOSHIMA,88406,-,4,Wired Robot Weather Station,Y,Y,Y,Y,Y,ES,N,SHIBUSHI,31,28.7,131,5.7,70,10,1.5,(1975.4.24)1977.2.16,-,-,-
1258,KAGOSHIMA,88432,-,4,Wired Robot Weather Station,Y,Y,Y,Y,Y,ES,N,KIIRE,31,23.2,130,32.4,4,7.9,1.5,#1977.2.23,-,-,-
1259,KAGOSHIMA,88442,-,4,Wired Robot Weather Station,Y,Y,Y,Y,Y,ES,N,KANOYA,31,23.5,130,51.8,63,10.2,1.5,(1975.4.24)1977.2.25,-,-,-
1260,KAGOSHIMA,88447,-,4,Wired Robot Weather Station,Y,Y,Y,Y,Y,ES,N,KOYAMA,31,20.4,130,56.3,31,9.3,1.5,1977.8.10,-,-,-
1261,KAGOSHIMA,88466,47831,M,Ground Weather Observation Equipment,Y,Y,Y,Y,Y,Y,N,MAKURAZAKI,31,16.3,130,17.5,30,11,-,#1975.3.24,-,-,-
1262,KAGOSHIMA,88486,-,4,Wired Robot Weather Station,Y,Y,Y,Y,Y,ES,N,IBUSUKI,31,15,130,38.2,5,10,1.5,#1977.2.24,-,-,-
1263,KAGOSHIMA,88506,-,4,Wired Robot Weather Station,Y,Y,Y,Y,Y,ES,N,UCHINOURA,31,16.6,131,3.3,8,9.9,1.5,#1977.2.15,-,-,-
1264,KAGOSHIMA,88536,-,4,Wired Robot Weather Station,Y,Y,Y,Y,Y,ES,N,TASHIRO,31,11.9,130,50.6,182,10.1,1.5,1977.2.14,-,-,-
1265,KAGOSHIMA,88551,-,R,Wired Robot Rain Gauge,Y,N,N,N,N,N,N,SATA,31,5.6,130,41.4,27,-,-,1977.6.28,-,-,-
1266,KAGOSHIMA,88612,47837,M,Ground Weather Observation Equipment,Y,Y,Y,Y,Y,Y,N,TANEGASHIMA,30,43.2,130,58.9,25,29.8,-,#1975.3.26,-,-,-
1267,KAGOSHIMA,88621,-,M,Ground Weather Observation Equipment,Y,Y,Y,Y,N,N,N,NAKATANE,30,36.3,130,59.5,234,10,-,2003.1.1,-,-,日照・湿度・気圧を除く
1268,KAGOSHIMA,88666,-,4,Wired Robot Weather Station,Y,Y,Y,Y,Y,ES,N,KAMINAKA,30,24.4,130,54.1,150,10.1,1.5,#1977.2.18,-,-,-
1269,KAGOSHIMA,88686,47836,M,Ground Weather Observation Equipment,Y,Y,Y,Y,Y,Y,N,YAKUSHIMA,30,23.1,130,39.5,37,10,-,#1975.12.19,-,-,-
1270,KAGOSHIMA,88706,-,4,Wired Robot Weather Station,Y,Y,Y,Y,Y,ES,N,ONOAIDA,30,14.1,130,33.3,60,10.2,1.5,#1977.3.4,-,-,-
1271,KAGOSHIMA,88736,-,4,Wired Robot Weather Station,Y,Y,Y,Y,Y,ES,N,NAKANOSHIMA,29,50.4,129,52,220,10,1.5,2002.12.18,-,-,-
1272,KAGOSHIMA,88746,-,R,Wired Robot Rain Gauge,Y,N,N,N,N,N,N,TAIRAJIMA,29,41,129,31.7,97,-,-,19906.9.17,-,-,-
1273,KAGOSHIMA,88756,-,R,Wired Robot Rain Gauge,Y,N,N,N,N,N,N,SUWANOSEJIMA,29,36.6,129,42.3,111,-,-,19906.9.3,-,-,-
1274,KAGOSHIMA,88776,-,R,Wired Robot Rain Gauge,Y,N,N,N,N,N,N,KODAKARAJIMA,29,13.5,129,19.7,10,-,-,19906.9.3,-,-,-
1275,KAGOSHIMA,88781,-,R,Wired Robot Rain Gauge,Y,N,N,N,N,N,N,TAKARAJIMA,29,9.1,129,12.1,33,-,-,19906.7.30,-,-,-
1276,KAGOSHIMA,88821,-,M,Ground Weather Observation Equipment,Y,Y,Y,Y,N,N,N,KASARI,28,25.8,129,42.7,4,10,-,2003.1.1,-,-,日照・湿度・気圧を除く
1277,KAGOSHIMA,88836,47909,M,Ground Weather Observation Equipment,Y,Y,Y,Y,Y,Y,N,NAZE,28,22.7,129,29.7,3,20.8,-,#1975.3.17,-,-,-
1278,KAGOSHIMA,88851,-,M,Ground Weather Observation Equipment,Y,Y,Y,Y,N,N,N,KIKAIJIMA,28,19.2,129,55.6,5,10,-,(1978.11.9)2000.3.16,-,-,日照・湿度・気圧を除く
1279,KAGOSHIMA,88901,-,4,Wired Robot Weather Station,Y,Y,Y,Y,Y,ES,N,KONIYA,28,8.6,129,18.9,2,10.2,1.5,(1975.5.9)1977.2.21,-,-,-
1280,KAGOSHIMA,88931,-,M,Ground Weather Observation Equipment,Y,Y,Y,Y,N,N,N,AMAGI,27,50.1,128,52.8,2,10,-,2003.3.1,-,-,日照・湿度・気圧を除く
1281,KAGOSHIMA,88956,-,4,Wired Robot Weather Station,Y,Y,Y,Y,Y,ES,N,ISEN,27,40.6,128,58.4,44,10.1,1.5,1977.2.24,-,-,-
1282,KAGOSHIMA,88971,47942,M,Ground Weather Observation Equipment,Y,Y,Y,Y,Y,Y,N,OKINOERABU,27,25.9,128,42.3,27,10,-,#1975.4.10,-,-,-
1283,KAGOSHIMA,88986,-,M,Ground Weather Observation Equipment,Y,Y,Y,Y,N,N,N,YORONJIMA,27,2.6,128,24.1,14,10.1,-,(1978.10.3)2000.3.16,-,-,日照・湿度・気圧を除く
1284,OKINAWA,91011,-,4,Wired Robot Weather Station,Y,Y,Y,Y,Y,ES,N,IZENA,26,56.9,127,56.4,14,10,1.5,1977.3.16,-,-,-
1285,OKINAWA,91021,-,4,Wired Robot Weather Station,Y,Y,Y,Y,Y,ES,N,OKU,26,50.1,128,16.3,232,10,1.5,#1977.2.28,-,-,-
1286,OKINAWA,91046,-,R,Wired Robot Rain Gauge,Y,N,N,N,N,N,N,KUNIGAMI,26,43.7,128,10.7,8,-,-,2005.12.20,-,-,-
1287,OKINAWA,91066,-,R,Wired Robot Rain Gauge,Y,N,N,N,N,N,N,MOTOBU,26,41.1,127,53.9,25,-,-,1981.7.1,-,-,-
1288,OKINAWA,91081,-,R,Wired Robot Rain Gauge,Y,N,N,N,N,N,N,HIGASHI,26,37.9,128,9.2,24,-,-,1981.7.1,-,-,-
1289,OKINAWA,91096,-,R,Wired Robot Rain Gauge,Y,N,N,N,N,N,N,AGUNI,26,35.5,127,14.3,14,-,-,2003.1.1,-,-,-
1290,OKINAWA,91107,47940,M,Ground Weather Observation Equipment,Y,Y,Y,Y,Y,Y,N,NAKAMA,26,35.6,127,57.9,6,25.6,-,1987.7.1,-,-,-
1291,OKINAWA,91121,-,R,Wired Robot Rain Gauge,Y,N,N,N,N,N,N,YOMITAN,26,24.4,127,44,90,-,-,#,-,-,-
1292,OKINAWA,91141,-,M,Ground Weather Observation Equipment,Y,Y,Y,Y,N,N,N,KITAHARA,26,21.8,126,42.8,7,10,-,2003.1.1,-,-,日照・湿度・気圧を除く
1293,OKINAWA,91146,47929,M,Ground Weather Observation Equipment,Y,Y,Y,Y,Y,Y,N,KUMEJIMA,26,20.2,126,48.2,5,15,-,1977.3.23,-,-,-
1294,OKINAWA,91151,-,R,Wired Robot Rain Gauge,Y,N,N,N,N,N,N,TONAKI,26,22.4,127,8.5,7,-,-,19906.8.26,-,-,-
1295,OKINAWA,91161,-,R,Wired Robot Rain Gauge,Y,N,N,N,N,N,N,GOYA,26,19.6,127,48.3,86,-,-,#,-,-,-
1296,OKINAWA,91166,-,4,Wired Robot Weather Station,Y,Y,Y,Y,Y,ES,N,MIYAGIJIMA,26,21.8,127,58.3,100,10,1.5,2007.12.19,-,-,-
1297,OKINAWA,91181,-,4,Wired Robot Weather Station,Y,Y,Y,Y,Y,ES,N,TOKASHIKI,26,12.6,127,21.8,220,9.6,1.5,1977.3.23,-,-,-
1298,OKINAWA,91197,47936,M,Ground Weather Observation Equipment,Y,Y,Y,Y,Y,Y,N,NAHA,26,12.4,127,41.2,28,47.8,-,1987.6.10,-,-,-
1299,OKINAWA,91236,-,M,Ground Weather Observation Equipment,Y,Y,Y,Y,N,N,N,ASHIMINE,26,11.6,127,38.3,3,10,-,2003.1.1,-,-,日照・湿度・気圧を除く
1300,OKINAWA,91241,-,4,Wired Robot Weather Station,Y,Y,Y,Y,Y,ES,N,ITOKAZU,26,9.2,127,45.9,186,10,1.5,#1977.3.3,-,-,-
1301,OKINAWA,92006,-,M,Ground Weather Observation Equipment,Y,Y,Y,Y,N,N,N,KITA-DAITO,25,56.6,131,19.6,22,9.8,-,2003.1.1,-,-,日照・湿度・気圧を除く
1302,OKINAWA,92011,47945,M,Ground Weather Observation Equipment,Y,Y,Y,Y,Y,Y,N,MINAMI-DAITO,25,49.7,131,13.7,15,22.5,-,1979.3.14,-,-,-
1303,OKINAWA,92012,-,M,Ground Weather Observation Equipment,Y,Y,Y,Y,N,N,N,KYUTO,25,50.8,131,15.8,48,9.8,-,2003.1.1,-,-,日照・湿度・気圧を除く
1304,OKINAWA,93012,-,M,Ground Weather Observation Equipment,Y,Y,Y,Y,N,N,N,SHIMOJI,24,49.6,125,8.6,8,10,-,2003.1.1,-,-,日照・湿度・気圧を除く
1305,OKINAWA,93041,47927,M,Ground Weather Observation Equipment,Y,Y,Y,Y,Y,Y,N,MIYAKOJIMA,24,47.6,125,16.7,39,17.2,-,1977.3.16,-,-,-
1306,OKINAWA,93042,-,M,Ground Weather Observation Equipment,Y,Y,Y,Y,N,N,N,KAGAMIHARA,24,46.9,125,17.7,43,10,-,2003.1.1,-,-,日照・湿度・気圧を除く
1307,OKINAWA,93051,-,R,Wired Robot Rain Gauge,Y,N,N,N,N,N,N,GUSUKUBE,24,44.6,125,24.6,55,-,-,1978.1.30,-,-,-
1308,OKINAWA,93062,-,M,Ground Weather Observation Equipment,Y,Y,Y,Y,N,N,N,SHIOKAWA,24,39.2,124,40.5,10,10,-,2003.1.1,-,-,日照・湿度・気圧を除く
1309,OKINAWA,94001,-,4,Wired Robot Weather Station,Y,Y,Y,Y,Y,ES,N,IBARUMA,24,30.4,124,16.8,11,10,1.5,1977.3.10,-,-,-
1310,OKINAWA,94011,-,M,Ground Weather Observation Equipment,Y,Y,Y,Y,N,N,N,TOKORONO,24,28,122,58.7,15,9.8,-,2003.1.1,-,-,日照・湿度・気圧を除く
1311,OKINAWA,94017,47912,M,Ground Weather Observation Equipment,Y,Y,Y,Y,Y,Y,N,YONAGUNIJIMA,24,28,123,0.6,30,14.4,-,1978.4.25,-,-,-
1312,OKINAWA,94036,-,R,Wired Robot Rain Gauge,Y,N,N,N,N,N,N,KABIRA,24,28,124,8.4,7,-,-,1978.3.13,-,-,-
1313,OKINAWA,94062,47917,M,Ground Weather Observation Equipment,Y,Y,Y,Y,Y,Y,N,IRIOMOTEJIMA,24,25.6,123,45.9,10,10.1,-,2003.3.12,-,-,-
1314,OKINAWA,94081,47918,M,Ground Weather Observation Equipment,Y,Y,Y,Y,Y,Y,N,ISHIGAKIJIMA,24,20.2,124,9.8,6,28.9,-,1977.3.8,-,-,-
1315,OKINAWA,94086,-,M,Ground Weather Observation Equipment,Y,Y,Y,Y,N,N,N,MORIYAMA,24,23.7,124,14.7,31,10,-,1990.3.7,-,-,日照・湿度・気圧を除く
1316,OKINAWA,94101,-,4,Wired Robot Weather Station,Y,Y,Y,Y,Y,ES,N,OTOMI,24,15.9,123,52.3,33,10,1.5,1978.3.14,-,-,-
1317,OKINAWA,94116,-,4,Wired Robot Weather Station,Y,Y,Y,Y,Y,ES,N,HATERUMA,24,3.3,123,46,38,10,1.5,1979.3.2,-,-,-
1318,TOKYO,-,47646,M,Ground Weather Observation Equipment,Y,Y,Y,Y,Y,Y,Y,TATENO,36,3.4,124,7.5,25.2,204,-,1961.1.1,-,-,-
