観測所番号,観測所名（漢字）,観測所名（カナ）,観測所名（ローマ字）,積雪の観測所名（漢字）,積雪の観測所名（カナ）,積雪の観測所名（ローマ字）,観測地点を代表する緯度,観測地点を代表する経度,観測地点を代表する標高,風向風速計の高さ,予備,予備,積雪の観測地点の緯度,積雪の観測地点の経度,積雪の観測地点の標高,降水量の統計の有無,風の統計の有無,気温の統計の有無,日照時間の統計の有無,積雪の統計の有無,予備,湿度の統計の有無,観測開始年月日,観測終了年月日,旧観測所番号,降水量の統計接続,風の統計接続,気温の統計接続,日照時間の統計接続,積雪の深さの統計接続,予備,湿度の統計接続
Station Number,Station Name,Station Name,Station Name,Station Name of Snow,Station Name of Snow,Station Name of Snow,Latitude_Precipitation (degree),Longitude_Precipitation (degree),Altitude_Precipitation (m),Height of Anemometer (m),,,Latitude_Snow (degree),Longitude_Snow (degree),Altitude_Snow (m),Precipitation,Wind Speed,Temperature,Sunshine Duration,Depth of Snow Cover,,Humidity,Start Date,End Date,Old Station Number,Disconnection of Precipitation,Disconnection of Wind Speed,Disconnection of Temperature,Disconnection of Sunshine Duration,Disconnection of Depth of Snow Cover,,Disconnection of Humidity
11001,宗谷岬,ソウヤミサキ,SOYAMISAKI,,,,45.52,141.935,26,8,,,,,,1,1,1,1,0,,0,1978/10/30,1987/5/13,11001,1,1,1,1,1,,1
11001,宗谷岬,ソウヤミサキ,SOYAMISAKI,,,,45.52,141.935,26,8,,,,,,1,1,1,1,0,,0,1987/5/14,2006/10/5,11001,0,0,0,1,0,,0
11001,宗谷岬,ソウヤミサキ,SOYAMISAKI,,,,45.52,141.935,26,8,,,,,,1,1,1,1,0,,0,2006/10/6,2008/9/8,11001,0,0,0,4,0,,0
11001,宗谷岬,ソウヤミサキ,SOYAMISAKI,,,,45.52,141.935,26,8,,,,,,1,1,1,1,0,,0,2008/9/9,2009/10/27,11001,0,4,4,0,0,,0
11001,宗谷岬,ソウヤミサキ,SOYAMISAKI,,,,45.52,141.935,26,10,,,,,,1,1,1,1,0,,0,2009/10/28,2021/3/1,11001,0,0,0,0,0,,0
11001,宗谷岬,ソウヤミサキ,SOYAMISAKI,,,,45.52,141.935,26,10,,,,,,1,1,1,2,0,,0,2021/3/2,2021/3/17,11001,0,0,0,6,0,,0
11001,宗谷岬,ソウヤミサキ,SOYAMISAKI,,,,45.52,141.935,26,10.1,,,,,,1,1,1,2,0,,1,2021/3/18,9999-99-99,11001,0,0,0,0,0,,0
11011,船泊,フナドマリ,FUNADOMARI,,,,45.437,141.035,8,6.5,,,,,,1,1,1,1,0,,0,1977/10/21,1986/11/4,11011,1,1,1,1,1,,1
11011,船泊,フナドマリ,FUNADOMARI,,,,45.437,141.035,8,6.5,,,,,,1,1,1,1,0,,0,1986/11/5,2003/10/16,11011,0,0,0,1,0,,0
11012,幌泊,ホロドマリ,HORODOMARI,,,,45.455,141.038,27,7.3,,,,,,1,1,1,0,0,,0,2003/1/1,2009/1/28,11012,1,1,1,1,1,,1
11012,幌泊,ホロドマリ,HORODOMARI,,,,45.455,141.038,27,7.3,,,,,,1,1,1,0,0,,0,2009/1/29,2009/4/8,11012,0,4,4,0,0,,0
11013,礼文上泊埼,レブンウエドマリサキ,REBUN-UEDOMARISAKI,,,,45.423,141.065,13,,,,,,,1,0,0,0,0,,0,2014/9/4,2014/10/21,11013,1,1,1,1,1,,1
11016,稚内,ワッカナイ,WAKKANAI,,,,45.415,141.678,3,,,,,,,1,0,0,0,0,,0,1974/11/1,1975/3/31,11016,1,1,1,1,1,,1
11016,稚内,ワッカナイ,WAKKANAI,,,,45.415,141.678,3,23.4,,,,,,1,1,1,1,0,,0,1975/4/1,1985/12/31,11016,0,0,0,0,0,,0
11016,稚内,ワッカナイ,WAKKANAI,,,,45.415,141.678,3,23.4,,,,,,1,1,1,1,0,,0,1986/1/1,1999/2/28,11016,0,0,0,1,0,,0
11016,稚内,ワッカナイ,WAKKANAI,稚内,ワッカナイ,WAKKANAI,45.415,141.678,3,23.4,,,45.415,141.678,3,1,1,1,1,1,,0,1999/3/1,2008/3/25,11016,0,0,0,0,0,,0
11016,稚内,ワッカナイ,WAKKANAI,稚内,ワッカナイ,WAKKANAI,45.415,141.678,3,23.4,,,45.415,141.678,3,1,1,1,1,1,,0,2008/3/26,2011/7/27,11016,0,4,4,0,0,,0
11016,稚内,ワッカナイ,WAKKANAI,稚内,ワッカナイ,WAKKANAI,45.415,141.678,3,23.5,,,45.415,141.678,3,1,1,1,1,1,,0,2011/7/28,2021/3/1,11016,0,0,0,0,0,,0
11016,稚内,ワッカナイ,WAKKANAI,稚内,ワッカナイ,WAKKANAI,45.415,141.678,3,23.5,,,45.415,141.678,3,1,1,1,1,1,,1,2021/3/2,2021/3/10,11016,0,0,0,0,0,,0
11016,稚内,ワッカナイ,WAKKANAI,稚内,ワッカナイ,WAKKANAI,45.415,141.678,3,24.1,,,45.415,141.678,3,1,1,1,1,1,,1,2021/3/11,9999-99-99,11016,0,0,0,0,0,,0
11046,礼文,レブン,REBUN,,,,45.305,141.045,65,6.5,,,,,,1,1,1,1,0,,0,2003/10/17,2005/11/2,11046,1,1,1,1,1,,1
11046,礼文,レブン,REBUN,,,,45.305,141.045,65,6.5,,,,,,1,1,1,1,0,,0,2005/11/3,2008/10/23,11046,0,0,0,4,0,,0
11046,礼文,レブン,REBUN,,,,45.305,141.045,65,6.5,,,,,,1,1,1,1,0,,0,2008/10/24,2021/3/1,11046,0,4,4,0,0,,0
11046,礼文,レブン,REBUN,,,,45.305,141.045,65,6.5,,,,,,1,1,1,2,0,,0,2021/3/2,2021/7/4,11046,0,0,0,6,0,,0
11046,礼文,レブン,REBUN,,,,45.305,141.045,65,10,,,,,,1,1,1,2,0,,0,2021/7/5,2021/10/25,11046,0,0,0,0,0,,0
11046,礼文,レブン,REBUN,,,,45.305,141.045,65,9.9,,,,,,1,1,1,2,0,,1,2021/10/26,9999-99-99,11046,0,0,0,0,0,,0
11061,声問,コエトイ,KOETOI,,,,45.403,141.8,8,8,,,,,,1,1,1,0,0,,0,2003/1/1,2006/11/28,11061,1,1,1,1,1,,1
11061,声問,コエトイ,KOETOI,声問,コエトイ,KOETOI,45.403,141.8,8,8,,,45.403,141.8,8,1,1,1,0,1,,0,2006/11/29,2009/1/28,11061,0,0,0,0,0,,0
11061,声問,コエトイ,KOETOI,声問,コエトイ,KOETOI,45.403,141.8,8,8,,,45.403,141.8,8,1,1,1,0,1,,0,2009/1/29,2009/11/18,11061,0,4,4,0,0,,0
11061,声問,コエトイ,KOETOI,声問,コエトイ,KOETOI,45.403,141.802,8,8,,,45.403,141.802,8,1,1,1,0,1,,0,2009/11/19,2017/11/8,11061,0,0,0,0,0,,0
11061,声問,コエトイ,KOETOI,声問,コエトイ,KOETOI,45.403,141.802,8,10,,,45.403,141.802,8,1,1,1,0,1,,0,2017/11/9,9999-99-99,11061,0,0,0,0,0,,0
11076,浜鬼志別,ハマオニシベツ,HAMAONISHIBETSU,,,,45.335,142.17,13,6.5,,,,,,1,1,1,1,0,,0,1978/10/30,1983/9/29,11076,1,1,1,1,1,,1
11076,浜鬼志別,ハマオニシベツ,HAMAONISHIBETSU,浜鬼志別,ハマオニシベツ,HAMAONISHIBETSU,45.335,142.17,13,6.5,,,45.335,142.17,13,1,1,1,1,1,,0,1983/9/30,1987/10/22,11076,0,0,0,0,0,,0
11076,浜鬼志別,ハマオニシベツ,HAMAONISHIBETSU,浜鬼志別,ハマオニシベツ,HAMAONISHIBETSU,45.335,142.17,13,6.5,,,45.335,142.17,13,1,1,1,1,1,,0,1987/10/23,2006/10/12,11076,0,0,0,1,0,,0
11076,浜鬼志別,ハマオニシベツ,HAMAONISHIBETSU,浜鬼志別,ハマオニシベツ,HAMAONISHIBETSU,45.335,142.17,13,6.5,,,45.335,142.17,13,1,1,1,1,1,,0,2006/10/13,2008/9/11,11076,0,0,0,4,0,,0
11076,浜鬼志別,ハマオニシベツ,HAMAONISHIBETSU,浜鬼志別,ハマオニシベツ,HAMAONISHIBETSU,45.335,142.17,13,6.5,,,45.335,142.17,13,1,1,1,1,1,,0,2008/9/12,2021/3/1,11076,0,4,4,0,0,,0
11076,浜鬼志別,ハマオニシベツ,HAMAONISHIBETSU,浜鬼志別,ハマオニシベツ,HAMAONISHIBETSU,45.335,142.17,13,6.5,,,45.335,142.17,13,1,1,1,2,1,,0,2021/3/2,2023/8/8,11076,0,0,0,6,0,,0
11076,浜鬼志別,ハマオニシベツ,HAMAONISHIBETSU,浜鬼志別,ハマオニシベツ,HAMAONISHIBETSU,45.335,142.17,13,10,,,45.335,142.17,13,1,1,1,2,1,,0,2023/8/9,2023/9/18,11076,0,0,0,0,0,,0
11076,浜鬼志別,ハマオニシベツ,HAMAONISHIBETSU,浜鬼志別,ハマオニシベツ,HAMAONISHIBETSU,45.335,142.17,13,9.8,,,45.335,142.17,13,1,1,1,2,1,,1,2023/9/19,9999-99-99,11076,0,0,0,0,0,,0
11091,本泊,モトドマリ,MOTODOMARI,,,,45.242,141.187,30,7.6,,,,,,1,1,1,0,0,,0,2003/1/1,2009/1/28,11091,1,1,1,1,1,,1
11091,本泊,モトドマリ,MOTODOMARI,,,,45.242,141.187,30,7.6,,,,,,1,1,1,0,0,,0,2009/1/29,2017/11/8,11091,0,4,4,0,0,,0
11091,本泊,モトドマリ,MOTODOMARI,,,,45.242,141.187,30,10,,,,,,1,1,1,0,0,,0,2017/11/9,9999-99-99,11091,0,0,0,0,0,,0
11121,沼川,ヌマカワ,NUMAKAWA,,,,45.25,141.857,15,8,,,,,,1,1,1,1,0,,0,1977/10/20,1983/9/29,11121,1,1,1,1,1,,1
11121,沼川,ヌマカワ,NUMAKAWA,沼川,ヌマカワ,NUMAKAWA,45.25,141.857,15,8,,,45.248,141.852,23,1,1,1,1,1,,0,1983/9/30,1990/5/17,11121,0,0,0,0,0,,0
11121,沼川,ヌマカワ,NUMAKAWA,沼川,ヌマカワ,NUMAKAWA,45.25,141.857,15,8,,,45.248,141.852,23,1,1,1,1,1,,0,1990/5/18,1995/10/24,11121,0,0,0,1,0,,0
11121,沼川,ヌマカワ,NUMAKAWA,沼川,ヌマカワ,NUMAKAWA,45.248,141.852,23,8,,,45.248,141.852,23,1,1,1,1,1,,0,1995/10/25,2009/9/14,11121,0,0,0,0,0,,0
11121,沼川,ヌマカワ,NUMAKAWA,沼川,ヌマカワ,NUMAKAWA,45.248,141.852,23,8,,,45.248,141.852,23,1,1,1,1,1,,0,2009/9/15,2020/11/17,11121,0,4,4,4,0,,0
11121,沼川,ヌマカワ,NUMAKAWA,沼川,ヌマカワ,NUMAKAWA,45.248,141.852,23,10,,,45.248,141.852,23,1,1,1,1,1,,0,2020/11/18,2021/3/1,11121,0,0,0,0,0,,0
11121,沼川,ヌマカワ,NUMAKAWA,沼川,ヌマカワ,NUMAKAWA,45.248,141.852,23,10,,,45.248,141.852,23,1,1,1,2,1,,0,2021/3/2,9999-99-99,11121,0,0,0,6,0,,0
11151,沓形,クツガタ,KUTSUGATA,,,,45.178,141.138,14,,,,,,,1,0,0,0,0,,0,1974/11/1,1977/10/23,11151,1,1,1,1,1,,1
11151,沓形,クツガタ,KUTSUGATA,,,,45.178,141.138,14,6.5,,,,,,1,1,1,1,0,,0,1977/10/24,1987/6/9,11151,0,0,0,0,0,,0
11151,沓形,クツガタ,KUTSUGATA,,,,45.178,141.138,14,6.5,,,,,,1,1,1,1,0,,0,1987/6/10,2006/10/2,11151,0,0,0,1,0,,0
11151,沓形,クツガタ,KUTSUGATA,,,,45.178,141.138,14,6.5,,,,,,1,1,1,1,0,,0,2006/10/3,2008/9/16,11151,0,0,0,4,0,,0
11151,沓形,クツガタ,KUTSUGATA,,,,45.178,141.138,14,6.5,,,,,,1,1,1,1,0,,0,2008/9/17,2021/3/1,11151,0,4,4,0,0,,0
11151,沓形,クツガタ,KUTSUGATA,,,,45.178,141.138,14,6.5,,,,,,1,1,1,2,0,,0,2021/3/2,2021/7/5,11151,0,0,0,6,0,,0
11151,沓形,クツガタ,KUTSUGATA,,,,45.178,141.138,14,10,,,,,,1,1,1,2,0,,0,2021/7/6,2021/10/27,11151,0,0,0,0,0,,0
11151,沓形,クツガタ,KUTSUGATA,,,,45.178,141.138,14,9.9,,,,,,1,1,1,2,0,,1,2021/10/28,9999-99-99,11151,0,0,0,0,0,,0
11176,豊富,トヨトミ,TOYOTOMI,,,,45.102,141.778,12,,,,,,,1,0,0,0,0,,0,1975/5/29,1977/10/23,11176,1,1,1,1,1,,1
11176,豊富,トヨトミ,TOYOTOMI,,,,45.102,141.778,12,6.5,,,,,,1,1,1,1,0,,0,1977/10/24,1982/10/14,11176,0,0,0,0,0,,0
11176,豊富,トヨトミ,TOYOTOMI,豊富,トヨトミ,TOYOTOMI,45.102,141.778,12,6.5,,,45.102,141.778,12,1,1,1,1,1,,0,1982/10/15,1989/4/26,11176,0,0,0,0,0,,0
11176,豊富,トヨトミ,TOYOTOMI,豊富,トヨトミ,TOYOTOMI,45.102,141.778,12,6.5,,,45.102,141.778,12,1,1,1,1,1,,0,1989/4/27,2007/12/12,11176,0,0,0,1,0,,0
11176,豊富,トヨトミ,TOYOTOMI,豊富,トヨトミ,TOYOTOMI,45.107,141.765,16,10,,,45.107,141.765,16,1,1,1,1,1,,0,2007/12/13,2008/3/25,11176,0,0,0,4,0,,0
11176,豊富,トヨトミ,TOYOTOMI,豊富,トヨトミ,TOYOTOMI,45.107,141.765,16,10,,,45.107,141.765,16,1,1,1,1,1,,0,2008/3/26,2018/9/26,11176,0,4,4,0,0,,0
11176,豊富,トヨトミ,TOYOTOMI,豊富,トヨトミ,TOYOTOMI,45.102,141.78,14,10,,,45.102,141.78,14,1,1,1,1,1,,0,2018/9/27,2021/3/1,11176,0,0,0,0,0,,0
11176,豊富,トヨトミ,TOYOTOMI,豊富,トヨトミ,TOYOTOMI,45.102,141.78,14,10,,,45.102,141.78,14,1,1,1,2,1,,0,2021/3/2,9999-99-99,11176,0,0,0,6,0,,0
11206,浜頓別,ハマトンベツ,HAMATOMBETSU,,,,45.113,142.362,13,,,,,,,1,0,0,0,0,,0,1974/11/1,1977/10/18,11206,1,1,1,1,1,,1
11206,浜頓別,ハマトンベツ,HAMATOMBETSU,,,,45.113,142.362,13,6.5,,,,,,1,1,1,1,0,,0,1977/10/19,1986/5/21,11206,0,0,0,0,0,,0
11206,浜頓別,ハマトンベツ,HAMATOMBETSU,,,,45.113,142.362,13,6.5,,,,,,1,1,1,1,0,,0,1986/5/22,2004/12/15,11206,0,0,0,1,0,,0
11206,浜頓別,ハマトンベツ,HAMATOMBETSU,,,,45.113,142.362,13,8,,,,,,1,1,1,1,0,,0,2004/12/16,2008/10/27,11206,0,0,0,0,0,,0
11206,浜頓別,ハマトンベツ,HAMATOMBETSU,,,,45.125,142.35,18,10,,,,,,1,1,1,1,0,,0,2008/10/28,2021/3/1,11206,0,4,4,4,0,,0
11206,浜頓別,ハマトンベツ,HAMATOMBETSU,,,,45.125,142.35,18,10,,,,,,1,1,1,2,0,,0,2021/3/2,9999-99-99,11206,0,0,0,6,0,,0
11276,中頓別,ナカトンベツ,NAKATOMBETSU,,,,44.965,142.28,25,,,,,,,1,0,0,0,0,,0,1975/5/28,1977/10/18,11276,1,1,1,1,1,,1
11276,中頓別,ナカトンベツ,NAKATOMBETSU,,,,44.965,142.28,25,8,,,,,,1,1,1,1,0,,0,1977/10/19,1982/10/14,11276,0,0,0,0,0,,0
11276,中頓別,ナカトンベツ,NAKATOMBETSU,中頓別,ナカトンベツ,NAKATOMBETSU,44.965,142.28,25,8,,,44.965,142.28,25,1,1,1,1,1,,0,1982/10/15,1986/6/4,11276,0,0,0,0,0,,0
11276,中頓別,ナカトンベツ,NAKATOMBETSU,中頓別,ナカトンベツ,NAKATOMBETSU,44.965,142.28,25,8,,,44.965,142.28,25,1,1,1,1,1,,0,1986/6/5,2008/10/29,11276,0,0,0,1,0,,0
11276,中頓別,ナカトンベツ,NAKATOMBETSU,中頓別,ナカトンベツ,NAKATOMBETSU,44.965,142.28,25,10.2,,,44.965,142.28,25,1,1,1,1,1,,0,2008/10/30,2021/3/1,11276,0,4,4,4,0,,0
11276,中頓別,ナカトンベツ,NAKATOMBETSU,中頓別,ナカトンベツ,NAKATOMBETSU,44.965,142.28,25,10.2,,,44.965,142.28,25,1,1,1,2,1,,0,2021/3/2,9999-99-99,11276,0,0,0,6,0,,0
11291,北見枝幸,キタミエサシ,KITAMI-ESASHI,,,,44.94,142.585,7,,,,,,,1,0,0,0,0,,0,1974/11/1,1975/12/31,11291,1,1,1,1,1,,1
11291,北見枝幸,キタミエサシ,KITAMI-ESASHI,,,,44.94,142.585,7,10.4,,,,,,1,1,1,1,0,,0,1976/1/1,1987/12/31,11291,0,0,0,0,0,,0
11291,北見枝幸,キタミエサシ,KITAMI-ESASHI,,,,44.94,142.585,7,10.4,,,,,,1,1,1,1,0,,0,1988/1/1,1999/2/28,11291,0,0,0,1,0,,0
11291,北見枝幸,キタミエサシ,KITAMI-ESASHI,北見枝幸,キタミエサシ,KITAMI-ESASHI,44.94,142.585,7,10.4,,,44.94,142.585,7,1,1,1,1,1,,0,1999/3/1,2004/9/30,11291,0,0,0,0,0,,0
11291,北見枝幸,キタミエサシ,KITAMI-ESASHI,北見枝幸,キタミエサシ,KITAMI-ESASHI,44.94,142.585,7,16.9,,,44.94,142.585,7,1,1,1,1,1,,0,2004/10/1,2008/3/25,11291,0,0,0,0,0,,0
11291,北見枝幸,キタミエサシ,KITAMI-ESASHI,北見枝幸,キタミエサシ,KITAMI-ESASHI,44.94,142.585,7,16.9,,,44.94,142.585,7,1,1,1,1,1,,0,2008/3/26,2014/10/8,11291,0,4,4,0,0,,0
11291,北見枝幸,キタミエサシ,KITAMI-ESASHI,北見枝幸,キタミエサシ,KITAMI-ESASHI,44.94,142.585,7,17.2,,,44.94,142.585,7,1,1,1,1,1,,0,2014/10/9,2021/3/1,11291,0,0,0,0,0,,0
11291,北見枝幸,キタミエサシ,KITAMI-ESASHI,北見枝幸,キタミエサシ,KITAMI-ESASHI,44.94,142.585,7,17.2,,,44.94,142.585,7,1,1,1,1,1,,1,2021/3/2,9999-99-99,11291,0,0,0,0,0,,0
11316,歌登,ウタノボリ,UTANOBORI,,,,44.842,142.48,14,,,,,,,1,0,0,0,0,,0,1974/11/1,1977/10/17,11316,1,1,1,1,1,,1
11316,歌登,ウタノボリ,UTANOBORI,,,,44.842,142.48,14,8,,,,,,1,1,1,1,0,,0,1977/10/18,1982/10/14,11316,0,0,0,0,0,,0
11316,歌登,ウタノボリ,UTANOBORI,歌登,ウタノボリ,UTANOBORI,44.842,142.48,14,8,,,44.842,142.48,14,1,1,1,1,1,,0,1982/10/15,1986/6/4,11316,0,0,0,0,0,,0
11316,歌登,ウタノボリ,UTANOBORI,歌登,ウタノボリ,UTANOBORI,44.842,142.48,14,8,,,44.842,142.48,14,1,1,1,1,1,,0,1986/6/5,2009/9/17,11316,0,0,0,1,0,,0
11316,歌登,ウタノボリ,UTANOBORI,歌登,ウタノボリ,UTANOBORI,44.842,142.48,14,10,,,44.842,142.48,14,1,1,1,1,1,,0,2009/9/18,2021/3/1,11316,0,4,4,4,0,,0
11316,歌登,ウタノボリ,UTANOBORI,歌登,ウタノボリ,UTANOBORI,44.842,142.48,14,10,,,44.842,142.48,14,1,1,1,2,1,,0,2021/3/2,9999-99-99,11316,0,0,0,6,0,,0
12011,中川,ナカガワ,NAKAGAWA,,,,44.812,142.065,18,8,,,,,,1,1,1,1,0,,0,1977/10/19,1988/9/19,12011,1,1,1,1,1,,1
12011,中川,ナカガワ,NAKAGAWA,,,,44.828,142.077,22,8,,,,,,1,1,1,1,0,,0,1988/9/20,1990/6/3,12011,0,0,0,0,0,,0
12011,中川,ナカガワ,NAKAGAWA,,,,44.828,142.077,22,8,,,,,,1,1,1,1,0,,0,1990/6/4,2008/10/22,12011,0,0,0,1,0,,0
12011,中川,ナカガワ,NAKAGAWA,,,,44.828,142.077,22,8,,,,,,1,1,1,1,0,,0,2008/10/23,2009/10/25,12011,0,4,4,4,0,,0
12011,中川,ナカガワ,NAKAGAWA,,,,44.828,142.077,22,10,,,,,,1,1,1,1,0,,0,2009/10/26,2021/3/1,12011,0,0,0,0,0,,0
12011,中川,ナカガワ,NAKAGAWA,,,,44.828,142.077,22,10,,,,,,1,1,1,2,0,,0,2021/3/2,9999-99-99,12011,0,0,0,6,0,,0
12041,音威子府,オトイネップ,OTOINEPPU,,,,44.727,142.265,40,6.5,,,,,,1,1,1,1,0,,0,1977/10/17,1982/10/14,12041,1,1,1,1,1,,1
12041,音威子府,オトイネップ,OTOINEPPU,音威子府,オトイネップ,OTOINEPPU,44.727,142.265,40,6.5,,,44.727,142.265,40,1,1,1,1,1,,0,1982/10/15,1986/5/26,12041,0,0,0,0,0,,0
12041,音威子府,オトイネップ,OTOINEPPU,音威子府,オトイネップ,OTOINEPPU,44.727,142.265,40,6.5,,,44.727,142.265,40,1,1,1,1,1,,0,1986/5/27,2006/10/26,12041,0,0,0,1,0,,0
12041,音威子府,オトイネップ,OTOINEPPU,音威子府,オトイネップ,OTOINEPPU,44.727,142.265,40,10,,,44.727,142.265,40,1,1,1,1,1,,0,2006/10/27,2008/9/18,12041,0,0,0,4,0,,0
12041,音威子府,オトイネップ,OTOINEPPU,音威子府,オトイネップ,OTOINEPPU,44.727,142.265,40,10,,,44.727,142.265,40,1,1,1,1,1,,0,2008/9/19,2021/3/1,12041,0,4,4,0,0,,0
12041,音威子府,オトイネップ,OTOINEPPU,音威子府,オトイネップ,OTOINEPPU,44.727,142.265,40,10,,,44.727,142.265,40,1,1,1,2,1,,0,2021/3/2,2023/9/25,12041,0,0,0,6,0,,0
12041,音威子府,オトイネップ,OTOINEPPU,音威子府,オトイネップ,OTOINEPPU,44.727,142.265,40,9.8,,,44.727,142.265,40,1,1,1,2,1,,1,2023/9/26,9999-99-99,12041,0,0,0,0,0,,0
12066,小車,オグルマ,OGURUMA,,,,44.608,142.295,60,,,,,,,1,0,0,0,0,,0,2005/11/9,9999-99-99,12066,1,1,1,1,1,,1
12141,美深,ビフカ,BIFUKA,,,,44.48,142.342,77,,,,,,,1,0,0,0,0,,0,1974/11/1,1977/10/13,12141,1,1,1,1,1,,1
12141,美深,ビフカ,BIFUKA,,,,44.48,142.342,77,6.5,,,,,,1,1,1,1,0,,0,1977/10/14,1983/9/29,12141,0,0,0,0,0,,0
12141,美深,ビフカ,BIFUKA,美深,ビフカ,BIFUKA,44.48,142.342,77,6.5,,,44.48,142.342,77,1,1,1,1,1,,0,1983/9/30,1988/6/1,12141,0,0,0,0,0,,0
12141,美深,ビフカ,BIFUKA,美深,ビフカ,BIFUKA,44.48,142.342,77,6.5,,,44.48,142.342,77,1,1,1,1,1,,0,1988/6/2,2009/9/14,12141,0,0,0,1,0,,0
12141,美深,ビフカ,BIFUKA,美深,ビフカ,BIFUKA,44.48,142.342,77,10,,,44.48,142.342,77,1,1,1,1,1,,0,2009/9/15,2021/3/1,12141,0,4,4,4,0,,0
12141,美深,ビフカ,BIFUKA,美深,ビフカ,BIFUKA,44.48,142.342,77,10,,,44.48,142.342,77,1,1,1,2,1,,0,2021/3/2,9999-99-99,12141,0,0,0,6,0,,0
12151,ピヤシリ山,ピヤシリヤマ,PIYASHIRIYAMA,,,,44.435,142.582,980,,,,,,,1,0,0,0,0,,0,1974/11/1,2005/11/9,12151,1,1,1,1,1,,1
12181,名寄,ナヨロ,NAYORO,,,,44.37,142.457,89,,,,,,,1,0,0,0,0,,0,1974/11/1,1976/3/31,12181,1,1,1,1,1,,1
12181,名寄,ナヨロ,NAYORO,,,,44.37,142.457,89,11,,,,,,1,1,1,1,0,,0,1976/4/1,1979/10/30,12181,0,0,0,0,0,,0
12181,名寄,ナヨロ,NAYORO,名寄,ナヨロ,NAYORO,44.37,142.457,89,11,,,44.37,142.457,89,1,1,1,1,1,,0,1979/10/31,1989/11/7,12181,0,0,0,0,0,,0
12181,名寄,ナヨロ,NAYORO,名寄,ナヨロ,NAYORO,44.37,142.457,89,11,,,44.37,142.457,89,1,1,1,1,1,,0,1989/11/8,2005/11/3,12181,0,0,0,1,0,,0
12181,名寄,ナヨロ,NAYORO,名寄,ナヨロ,NAYORO,44.37,142.457,89,8,,,44.37,142.457,89,1,1,1,1,1,,0,2005/11/4,2008/9/29,12181,0,0,0,4,0,,0
12181,名寄,ナヨロ,NAYORO,名寄,ナヨロ,NAYORO,44.37,142.457,89,8,,,44.37,142.457,89,1,1,1,1,1,,0,2008/9/30,2021/3/1,12181,0,4,4,0,0,,0
12181,名寄,ナヨロ,NAYORO,名寄,ナヨロ,NAYORO,44.37,142.457,89,8,,,44.37,142.457,89,1,1,1,2,1,,0,2021/3/2,2021/6/22,12181,0,0,0,6,0,,0
12181,名寄,ナヨロ,NAYORO,名寄,ナヨロ,NAYORO,44.37,142.457,89,10,,,44.37,142.457,89,1,1,1,2,1,,0,2021/6/23,2021/9/15,12181,0,0,0,0,0,,0
12181,名寄,ナヨロ,NAYORO,名寄,ナヨロ,NAYORO,44.37,142.457,89,9.9,,,44.37,142.457,89,1,1,1,2,1,,1,2021/9/16,9999-99-99,12181,0,0,0,0,0,,0
12216,雨竜,ウリュウ,URYU,,,,44.268,142.298,360,,,,,,,1,0,0,0,0,,0,1974/11/1,1998/3/30,12216,1,1,1,1,1,,1
12216,雨竜,ウリュウ,URYU,,,,44.285,142.298,360,,,,,,,1,0,0,0,0,,0,1998/3/31,2000/11/30,12216,0,0,0,0,0,,0
12216,西風連,ニシフウレン,NISHIFUREN,,,,44.285,142.298,360,,,,,,,1,0,0,0,0,,0,2000/12/1,2005/11/8,12216,0,0,0,0,0,,0
12217,西風連,ニシフウレン,NISHIFUREN,,,,44.295,142.358,128,,,,,,,1,0,0,0,0,,0,2005/11/8,9999-99-99,12217,1,1,1,1,1,,1
12231,下川,シモカワ,SHIMOKAWA,,,,44.302,142.623,140,,,,,,,1,0,0,0,0,,0,1974/11/1,1977/10/13,12231,1,1,1,1,1,,1
12231,下川,シモカワ,SHIMOKAWA,,,,44.302,142.623,140,6.5,,,,,,1,1,1,1,0,,0,1977/10/14,1983/9/29,12231,0,0,0,0,0,,0
12231,下川,シモカワ,SHIMOKAWA,下川,シモカワ,SHIMOKAWA,44.302,142.623,140,6.5,,,44.302,142.623,140,1,1,1,1,1,,0,1983/9/30,1987/6/8,12231,0,0,0,0,0,,0
12231,下川,シモカワ,SHIMOKAWA,下川,シモカワ,SHIMOKAWA,44.302,142.623,140,6.5,,,44.302,142.623,140,1,1,1,1,1,,0,1987/6/9,2009/9/17,12231,0,0,0,1,0,,0
12231,下川,シモカワ,SHIMOKAWA,下川,シモカワ,SHIMOKAWA,44.302,142.623,140,10,,,44.302,142.623,140,1,1,1,1,1,,0,2009/9/18,2017/11/6,12231,0,4,4,4,0,,0
12231,下川,シモカワ,SHIMOKAWA,下川,シモカワ,SHIMOKAWA,44.295,142.637,143,10,,,44.295,142.637,143,1,1,1,1,1,,0,2017/11/7,2021/3/1,12231,0,0,0,0,0,,0
12231,下川,シモカワ,SHIMOKAWA,下川,シモカワ,SHIMOKAWA,44.295,142.637,143,10,,,44.295,142.637,143,1,1,1,2,1,,0,2021/3/2,9999-99-99,12231,0,0,0,6,0,,0
12256,剣淵,ケンブチ,KENBUCHI,,,,44.107,142.353,138,,,,,,,1,0,0,0,0,,0,2005/11/10,9999-99-99,12256,1,1,1,1,1,,1
12261,士別,シベツ,SHIBETSU,,,,44.188,142.41,135,,,,,,,1,0,0,0,0,,0,1974/11/1,1977/10/12,12261,1,1,1,1,1,,1
12261,士別,シベツ,SHIBETSU,,,,44.188,142.41,135,6.5,,,,,,1,1,1,1,0,,0,1977/10/13,1990/6/12,12261,0,0,0,0,0,,0
12261,士別,シベツ,SHIBETSU,,,,44.188,142.41,135,6.5,,,,,,1,1,1,1,0,,0,1990/6/13,2001/11/14,12261,0,0,0,1,0,,0
12261,士別,シベツ,SHIBETSU,,,,44.187,142.417,135,8,,,,,,1,1,1,1,0,,0,2001/11/15,2008/10/27,12261,0,0,0,0,0,,0
12261,士別,シベツ,SHIBETSU,,,,44.187,142.417,135,8,,,,,,1,1,1,1,0,,0,2008/10/28,2021/3/1,12261,0,4,4,4,0,,0
12261,士別,シベツ,SHIBETSU,,,,44.187,142.417,135,8,,,,,,1,1,1,2,0,,0,2021/3/2,9999-99-99,12261,0,0,0,6,0,,0
12266,朝日,アサヒ,ASAHI,,,,44.118,142.595,225,6.5,,,,,,1,1,1,1,0,,0,1977/10/13,1988/5/29,12271,0,0,0,0,0,,0
12266,朝日,アサヒ,ASAHI,,,,44.118,142.595,225,6.5,,,,,,1,1,1,1,0,,0,1988/5/30,2008/11/27,12266,0,0,0,1,0,,0
12266,朝日,アサヒ,ASAHI,,,,44.118,142.595,225,6.5,,,,,,1,1,1,1,0,,0,2008/11/28,2009/10/15,12266,0,4,4,4,0,,0
12266,朝日,アサヒ,ASAHI,,,,44.118,142.595,225,10,,,,,,1,1,1,1,0,,0,2009/10/16,2021/3/1,12266,0,0,0,0,0,,0
12266,朝日,アサヒ,ASAHI,,,,44.118,142.595,225,10,,,,,,1,1,1,2,0,,0,2021/3/2,9999-99-99,12266,0,0,0,6,0,,0
12271,朝日,アサヒ,ASAHI,,,,44.118,142.595,205,,,,,,,1,0,0,0,0,,0,1975/5/27,1977/10/12,12271,1,1,1,1,1,,1
12291,犬牛別峠,イヌウシベツトウゲ,INUUSHIBETSUTOGE,,,,44.07,142.27,410,,,,,,,1,0,0,0,0,,0,1974/11/1,2005/11/10,12291,1,1,1,1,1,,1
12301,和寒,ワッサム,WASSAMU,,,,44.028,142.41,138,6.5,,,,,,1,1,1,1,0,,0,1977/10/12,1982/10/14,12301,1,1,1,1,1,,1
12301,和寒,ワッサム,WASSAMU,和寒,ワッサム,WASSAMU,44.028,142.41,138,6.5,,,44.028,142.41,138,1,1,1,1,1,,0,1982/10/15,1987/5/5,12301,0,0,0,0,0,,0
12301,和寒,ワッサム,WASSAMU,和寒,ワッサム,WASSAMU,44.028,142.41,138,6.5,,,44.028,142.41,138,1,1,1,1,1,,0,1987/5/6,2008/11/12,12301,0,0,0,1,0,,0
12301,和寒,ワッサム,WASSAMU,和寒,ワッサム,WASSAMU,44.028,142.41,150,10,,,44.028,142.41,150,1,1,1,1,1,,0,2008/11/13,2021/3/1,12301,0,4,4,4,0,,0
12301,和寒,ワッサム,WASSAMU,和寒,ワッサム,WASSAMU,44.028,142.41,150,10,,,44.028,142.41,150,1,1,1,2,1,,0,2021/3/2,9999-99-99,12301,0,0,0,6,0,,0
12341,雄鷹峰,オタカミネ,OTAKAMINE,,,,43.953,142.32,305,,,,,,,1,0,0,0,0,,0,1974/11/1,2004/6/30,12341,1,1,1,1,1,,1
12346,和寒,ワッサム,WASSAMU,,,,43.998,142.408,130,,,,,,,1,0,0,0,0,,0,1975/5/29,1977/10/12,12346,1,1,1,1,1,,1
12351,蓬莱山,ホウライザン,HORAIZAN,,,,43.915,142.585,320,,,,,,,1,0,0,0,0,,0,1974/11/1,1998/3/30,12351,1,1,1,1,1,,1
12351,蓬莱山,ホウライザン,HORAIZAN,,,,43.913,142.583,320,,,,,,,1,0,0,0,0,,0,1998/3/31,2004/6/30,12351,0,0,0,0,0,,0
12386,江丹別,エタンベツ,ETAMBETSU,t,,,43.888,142.238,140,6.5,,,,,,1,1,1,1,0,,0,1977/10/11,1989/5/11,12386,1,1,1,1,1,,1
12386,江丹別,エタンベツ,ETAMBETSU,,,,43.888,142.238,140,6.5,,,,,,1,1,1,1,0,,0,1989/5/12,2008/12/4,12386,0,0,0,1,0,,0
12386,江丹別,エタンベツ,ETAMBETSU,,,,43.87,142.26,140,10,,,,,,1,1,1,1,0,,0,2008/12/5,2021/3/1,12386,0,4,4,4,0,,0
12386,江丹別,エタンベツ,ETAMBETSU,,,,43.87,142.26,140,10,,,,,,1,1,1,2,0,,0,2021/3/2,9999-99-99,12386,0,0,0,6,0,,0
12396,比布,ピップ,PIPPU,,,,43.87,142.477,167,,,,,,,1,0,0,0,0,,0,1975/5/27,1977/10/10,12396,1,1,1,1,1,,1
12396,比布,ピップ,PIPPU,,,,43.87,142.477,167,6.5,,,,,,1,1,1,1,0,,0,1977/10/11,1989/5/8,12396,0,0,0,0,0,,0
12396,比布,ピップ,PIPPU,,,,43.87,142.477,167,6.5,,,,,,1,1,1,1,0,,0,1989/5/9,2008/11/12,12396,0,0,0,1,0,,0
12396,比布,ピップ,PIPPU,,,,43.875,142.48,175,10,,,,,,1,1,1,1,0,,0,2008/11/13,2019/10/16,12396,0,4,4,4,0,,0
12396,比布,ピップ,PIPPU,,,,43.87,142.47,164,10,,,,,,1,1,1,1,0,,0,2019/10/17,2021/3/1,12396,0,0,0,0,0,,0
12396,比布,ピップ,PIPPU,,,,43.87,142.47,164,10,,,,,,1,1,1,2,0,,0,2021/3/2,9999-99-99,12396,0,0,0,6,0,,0
12411,上川,カミカワ,KAMIKAWA,,,,43.852,142.767,350,,,,,,,1,0,0,0,0,,0,1974/11/1,1977/10/11,12411,1,1,1,1,1,,1
12411,上川,カミカワ,KAMIKAWA,,,,43.852,142.767,350,6.5,,,,,,1,1,1,1,0,,0,1977/10/12,1982/10/14,12411,0,0,0,0,0,,0
12411,上川,カミカワ,KAMIKAWA,上川,カミカワ,KAMIKAWA,43.852,142.767,350,6.5,,,43.847,142.753,324,1,1,1,1,1,,0,1982/10/15,1986/6/10,12411,0,0,0,0,0,,0
12411,上川,カミカワ,KAMIKAWA,上川,カミカワ,KAMIKAWA,43.852,142.767,350,6.5,,,43.847,142.753,324,1,1,1,1,1,,0,1986/6/11,1993/1/26,12411,0,0,0,1,0,,0
12411,上川,カミカワ,KAMIKAWA,上川,カミカワ,KAMIKAWA,43.847,142.753,324,6.5,,,43.847,142.753,324,1,1,1,1,1,,0,1993/1/27,2009/9/24,12411,0,0,0,0,0,,0
12411,上川,カミカワ,KAMIKAWA,上川,カミカワ,KAMIKAWA,43.847,142.753,324,10,,,43.847,142.753,324,1,1,1,1,1,,0,2009/9/25,2021/3/1,12411,0,4,4,4,0,,0
12411,上川,カミカワ,KAMIKAWA,上川,カミカワ,KAMIKAWA,43.847,142.753,324,10,,,43.847,142.753,324,1,1,1,2,1,,0,2021/3/2,9999-99-99,12411,0,0,0,6,0,,0
12441,旭川,アサヒカワ,ASAHIKAWA,,,,43.772,142.368,112,,,,,,,1,0,0,0,0,,0,1974/11/1,1975/3/31,12441,1,1,1,1,1,,1
12441,旭川,アサヒカワ,ASAHIKAWA,,,,43.772,142.368,112,14.6,,,,,,1,1,1,1,0,,0,1975/4/1,1985/12/31,12441,0,0,0,0,0,,0
12441,旭川,アサヒカワ,ASAHIKAWA,,,,43.772,142.368,112,14.6,,,,,,1,1,1,1,0,,0,1986/1/1,1999/2/28,12441,0,0,0,1,0,,0
12441,旭川,アサヒカワ,ASAHIKAWA,旭川,アサヒカワ,ASAHIKAWA,43.772,142.368,112,14.6,,,43.772,142.368,112,1,1,1,1,1,,0,1999/3/1,2004/9/9,12441,0,0,0,0,0,,0
12442,旭川,アサヒカワ,ASAHIKAWA,旭川,アサヒカワ,ASAHIKAWA,43.757,142.372,120,46.4,,,43.757,142.372,120,1,1,1,1,1,,0,2004/9/9,2008/3/25,12441,0,1,0,0,0,,0
12442,旭川,アサヒカワ,ASAHIKAWA,旭川,アサヒカワ,ASAHIKAWA,43.757,142.372,120,46.4,,,43.757,142.372,120,1,1,1,1,1,,0,2008/3/26,2021/3/1,12442,0,4,4,0,0,,0
12442,旭川,アサヒカワ,ASAHIKAWA,旭川,アサヒカワ,ASAHIKAWA,43.757,142.372,120,46.4,,,43.757,142.372,120,1,1,1,1,1,,1,2021/3/2,2021/3/16,12442,0,0,0,0,0,,0
12442,旭川,アサヒカワ,ASAHIKAWA,旭川,アサヒカワ,ASAHIKAWA,43.757,142.372,120,47,,,43.757,142.372,120,1,1,1,1,1,,1,2021/3/17,9999-99-99,12442,0,0,0,0,0,,0
12451,東川,ヒガシカワ,HIGASHIKAWA,,,,43.702,142.508,215,6.5,,,,,,1,1,1,1,0,,0,1977/10/5,1988/5/16,12451,1,1,1,1,1,,1
12451,東川,ヒガシカワ,HIGASHIKAWA,,,,43.702,142.508,215,6.5,,,,,,1,1,1,1,0,,0,1988/5/17,2008/12/15,12451,0,0,0,1,0,,0
12451,東川,ヒガシカワ,HIGASHIKAWA,,,,43.702,142.508,215,6.5,,,,,,1,1,1,1,0,,0,2008/12/16,2009/10/5,12451,0,4,4,4,0,,0
12451,東川,ヒガシカワ,HIGASHIKAWA,,,,43.702,142.508,215,10,,,,,,1,1,1,1,0,,0,2009/10/6,2021/3/1,12451,0,0,0,0,0,,0
12451,東川,ヒガシカワ,HIGASHIKAWA,,,,43.702,142.508,215,10,,,,,,1,1,1,2,0,,0,2021/3/2,9999-99-99,12451,0,0,0,6,0,,0
12456,瑞穂,ミズホ,MIZUHO,,,,43.718,142.662,430,,,,,,,1,0,0,0,0,,0,1974/11/1,1984/9/26,12456,1,1,1,1,1,,1
12457,瑞穂,ミズホ,MIZUHO,,,,43.737,142.638,289,,,,,,,1,0,0,0,0,,0,1984/10/8,9999-99-99,12457,1,1,1,1,1,,1
12471,層雲峡,ソウウンキョウ,SOUNKYO,,,,43.723,142.945,560,,,,,,,1,0,0,0,0,,0,1975/5/27,1984/9/29,12471,1,1,1,1,1,,1
12471,層雲峡,ソウウンキョウ,SOUNKYO,層雲峡,ソウウンキョウ,SOUNKYO,43.723,142.945,560,,,,43.753,142.93,540,1,0,0,0,1,,0,1984/9/30,1987/11/16,12471,0,0,0,0,0,,0
12471,層雲峡,ソウウンキョウ,SOUNKYO,層雲峡,ソウウンキョウ,SOUNKYO,43.753,142.93,540,,,,43.753,142.93,540,1,0,0,0,1,,0,1987/11/17,9999-99-99,12471,0,0,0,0,0,,0
12496,終沢,オワリザワ,OWARIZAWA,,,,43.63,142.335,550,,,,,,,1,0,0,0,0,,0,1974/11/1,2004/6/30,12496,1,1,1,1,1,,1
12501,東神楽,ヒガシカグラ,HIGASHI-KAGURA,,,,43.67,142.447,211,9.4,,,,,,1,1,1,0,0,,0,2003/1/1,2006/11/28,12501,1,1,1,1,1,,1
12501,東神楽,ヒガシカグラ,HIGASHI-KAGURA,東神楽,ヒガシカグラ,HIGASHI-KAGURA,43.67,142.447,211,9.4,,,43.67,142.447,211,1,1,1,0,1,,0,2006/11/29,2009/1/28,12501,0,0,0,0,0,,0
12501,東神楽,ヒガシカグラ,HIGASHI-KAGURA,東神楽,ヒガシカグラ,HIGASHI-KAGURA,43.67,142.447,211,9.4,,,43.67,142.447,211,1,1,1,0,1,,0,2009/1/29,2017/3/7,12501,0,4,4,0,0,,0
12501,東神楽,ヒガシカグラ,HIGASHI-KAGURA,東神楽,ヒガシカグラ,HIGASHI-KAGURA,43.67,142.447,211,10,,,43.67,142.447,211,1,1,1,0,1,,0,2017/3/8,9999-99-99,12501,0,0,0,0,0,,0
12511,忠別,チュウベツ,CHUBETSU,,,,43.628,142.63,370,6.5,,,,,,1,1,1,1,0,,0,1977/10/5,1989/6/1,12511,1,1,1,1,1,,1
12511,忠別,チュウベツ,CHUBETSU,,,,43.628,142.63,370,6.5,,,,,,1,1,1,1,0,,0,1989/6/2,1993/1/27,12511,0,0,0,1,0,,0
12512,忠別,チュウベツ,CHUBETSU,,,,43.643,142.582,310,8.5,,,,,,1,1,1,1,0,,0,1993/1/27,1993/1/31,12512,1,1,1,1,1,,1
12512,忠別,チュウベツ,CHUBETSU,,,,43.643,142.582,310,8.5,,,,,,1,1,1,1,0,,0,1993/2/1,2001/12/2,12512,0,0,0,1,0,,0
12512,志比内,シビナイ,SHIBINAI,,,,43.643,142.582,310,8.5,,,,,,1,1,1,1,0,,0,2001/12/3,2008/11/13,12512,0,0,0,0,0,,0
12512,志比内,シビナイ,SHIBINAI,,,,43.643,142.582,310,8.5,,,,,,1,1,1,1,0,,0,2008/11/14,2009/10/10,12512,0,4,4,4,0,,0
12512,志比内,シビナイ,SHIBINAI,,,,43.643,142.582,310,10,,,,,,1,1,1,1,0,,0,2009/10/11,2021/3/1,12512,0,0,0,0,0,,0
12512,志比内,シビナイ,SHIBINAI,,,,43.643,142.582,310,10,,,,,,1,1,1,2,0,,0,2021/3/2,9999-99-99,12512,0,0,0,6,0,,0
12521,旭岳,アサヒダケ,ASAHIDAKE,,,,43.662,142.827,1620,,,,,,,1,0,0,0,0,,0,1974/11/1,2004/6/30,12521,1,1,1,1,1,,1
12551,美瑛,ビエイ,BIEI,,,,43.588,142.493,250,,,,,,,1,0,0,0,0,,0,1975/5/28,1977/10/5,12551,1,1,1,1,1,,1
12551,美瑛,ビエイ,BIEI,,,,43.588,142.493,250,6.5,,,,,,1,1,1,1,0,,0,1977/10/6,1983/9/29,12551,0,0,0,0,0,,0
12551,美瑛,ビエイ,BIEI,美瑛,ビエイ,BIEI,43.588,142.493,250,6.5,,,43.588,142.493,250,1,1,1,1,1,,0,1983/9/30,1986/9/17,12551,0,0,0,0,0,,0
12551,美瑛,ビエイ,BIEI,美瑛,ビエイ,BIEI,43.588,142.493,250,6.5,,,43.588,142.493,250,1,1,1,1,1,,0,1986/9/18,2007/12/20,12551,0,0,0,1,0,,0
12551,美瑛,ビエイ,BIEI,美瑛,ビエイ,BIEI,43.588,142.493,250,6.5,,,43.588,142.493,250,1,1,1,1,1,,0,2007/12/21,2008/3/25,12551,0,0,0,4,0,,0
12551,美瑛,ビエイ,BIEI,美瑛,ビエイ,BIEI,43.588,142.493,250,6.5,,,43.588,142.493,250,1,1,1,1,1,,0,2008/3/26,2009/10/14,12551,0,4,4,0,0,,0
12551,美瑛,ビエイ,BIEI,美瑛,ビエイ,BIEI,43.588,142.493,250,10,,,43.588,142.493,250,1,1,1,1,1,,0,2009/10/15,2021/3/1,12551,0,0,0,0,0,,0
12551,美瑛,ビエイ,BIEI,美瑛,ビエイ,BIEI,43.588,142.493,250,10,,,43.588,142.493,250,1,1,1,2,1,,0,2021/3/2,9999-99-99,12551,0,0,0,6,0,,0
12596,上富良野,カミフラノ,KAMIFURANO,,,,43.455,142.465,220,6.5,,,,,,1,1,1,1,0,,0,1977/10/8,1986/6/9,12596,1,1,1,1,1,,1
12596,上富良野,カミフラノ,KAMIFURANO,,,,43.455,142.465,220,6.5,,,,,,1,1,1,1,0,,0,1986/6/10,2008/11/19,12596,0,0,0,1,0,,0
12596,上富良野,カミフラノ,KAMIFURANO,,,,43.455,142.465,220,10,,,,,,1,1,1,1,0,,0,2008/11/20,2021/3/1,12596,0,4,4,4,0,,0
12596,上富良野,カミフラノ,KAMIFURANO,,,,43.455,142.465,220,10,,,,,,1,1,1,2,0,,0,2021/3/2,9999-99-99,12596,0,0,0,6,0,,0
12606,白金,シロガネ,SHIROGANE,,,,43.492,142.638,670,,,,,,,1,0,0,0,0,,0,1974/11/1,1984/10/8,12606,1,1,1,1,1,,1
12607,白金,シロガネ,SHIROGANE,,,,43.475,142.65,650,,,,,,,1,0,0,0,0,,0,1984/10/8,1989/11/1,12607,1,1,1,1,1,,1
12607,白金,シロガネ,SHIROGANE,,,,43.475,142.648,650,,,,,,,1,0,0,0,0,,0,1989/11/2,2015/11/26,12607,0,0,0,0,0,,0
12607,白金,シロガネ,SHIROGANE,,,,43.475,142.65,658,,,,,,,1,0,0,0,0,,0,2015/11/27,9999-99-99,12607,0,0,0,0,0,,0
12626,富良野,フラノ,FURANO,,,,43.333,142.398,174,,,,,,,1,0,0,0,0,,0,1974/11/1,1976/3/31,12626,1,1,1,1,1,,1
12626,富良野,フラノ,FURANO,,,,43.333,142.4,174,6.5,,,,,,1,1,1,1,0,,0,1976/4/1,1977/4/30,12626,0,0,0,0,0,,0
12626,富良野,フラノ,FURANO,,,,43.333,142.4,174,6.5,,,,,,1,1,1,1,0,,0,1977/5/1,1979/10/30,12626,0,0,0,0,0,,0
12626,富良野,フラノ,FURANO,富良野,フラノ,FURANO,43.333,142.4,174,6.5,,,43.333,142.4,174,1,1,1,1,1,,0,1979/10/31,1989/5/7,12626,0,0,0,0,0,,0
12626,富良野,フラノ,FURANO,富良野,フラノ,FURANO,43.333,142.4,174,6.5,,,43.333,142.4,174,1,1,1,1,1,,0,1989/5/8,2005/11/10,12626,0,0,0,1,0,,0
12626,富良野,フラノ,FURANO,富良野,フラノ,FURANO,43.333,142.4,174,9.4,,,43.333,142.4,174,1,1,1,1,1,,0,2005/11/11,2008/9/26,12626,0,0,0,4,0,,0
12626,富良野,フラノ,FURANO,富良野,フラノ,FURANO,43.333,142.4,174,9.4,,,43.333,142.4,174,1,1,1,1,1,,0,2008/9/27,2021/3/1,12626,0,4,4,0,0,,0
12626,富良野,フラノ,FURANO,富良野,フラノ,FURANO,43.333,142.4,174,9.4,,,43.333,142.4,174,1,1,1,2,1,,0,2021/3/2,2021/5/24,12626,0,0,0,6,0,,0
12626,富良野,フラノ,FURANO,富良野,フラノ,FURANO,43.333,142.4,174,10,,,43.333,142.4,174,1,1,1,2,1,,0,2021/5/25,2021/9/13,12626,0,0,0,0,0,,0
12626,富良野,フラノ,FURANO,富良野,フラノ,FURANO,43.333,142.4,174,9.9,,,43.333,142.4,174,1,1,1,2,1,,1,2021/9/14,9999-99-99,12626,0,0,0,0,0,,0
12631,前富良野岳,マエフラノダケ,MAEFURANODAKE,,,,43.377,142.568,746,,,,,,,1,0,0,0,0,,0,1974/11/1,2005/11/15,12631,1,1,1,1,1,,1
12632,麓郷,ロクゴウ,ROKUGO,,,,43.302,142.522,315,6.5,,,,,,1,1,1,1,0,,0,1978/10/25,1988/5/18,12632,1,1,1,1,1,,1
12632,麓郷,ロクゴウ,ROKUGO,,,,43.302,142.522,315,6.5,,,,,,1,1,1,1,0,,0,1988/5/19,2008/12/18,12632,0,0,0,1,0,,0
12632,麓郷,ロクゴウ,ROKUGO,,,,43.302,142.522,315,6.5,,,,,,1,1,1,1,0,,0,2008/12/19,2009/10/26,12632,0,4,4,4,0,,0
12632,麓郷,ロクゴウ,ROKUGO,,,,43.302,142.522,315,10,,,,,,1,1,1,1,0,,0,2009/10/27,2021/3/1,12632,0,0,0,0,0,,0
12632,麓郷,ロクゴウ,ROKUGO,,,,43.302,142.522,315,10,,,,,,1,1,1,2,0,,0,2021/3/2,9999-99-99,12632,0,0,0,6,0,,0
12681,前時雨山,マエシグレヤマ,MAESHIGUREYAMA,,,,43.185,142.347,380,,,,,,,1,0,0,0,0,,0,1974/11/1,1998/3/30,12681,1,1,1,1,1,,1
12681,前時雨山,マエシグレヤマ,MAESHIGUREYAMA,,,,43.185,142.347,380,,,,,,,1,0,0,0,0,,0,1998/3/31,2005/11/17,12681,0,0,0,0,0,,0
12686,金山,カナヤマ,KANAYAMA,,,,43.138,142.417,284,,,,,,,1,0,0,0,0,,0,2005/11/17,9999-99-99,12686,1,1,1,1,1,,1
12691,幾寅,イクトラ,IKUTORA,,,,43.163,142.568,355,6.5,,,,,,1,1,1,1,0,,0,1977/10/7,1982/10/12,12691,1,1,1,1,1,,1
12691,幾寅,イクトラ,IKUTORA,幾寅,イクトラ,IKUTORA,43.168,142.567,355,6.5,,,43.168,142.567,355,1,1,1,1,1,,0,1982/10/13,1990/3/15,12691,0,0,0,0,0,,0
12691,幾寅,イクトラ,IKUTORA,幾寅,イクトラ,IKUTORA,43.16,142.568,361,6.5,,,43.16,142.568,361,1,1,1,1,1,,0,1990/3/16,1994/8/30,12691,0,0,0,1,0,,0
12691,幾寅,イクトラ,IKUTORA,幾寅,イクトラ,IKUTORA,43.168,142.568,350,8,,,43.168,142.568,350,1,1,1,1,1,,0,1994/8/31,2005/11/17,12691,0,0,0,0,0,,0
12691,幾寅,イクトラ,IKUTORA,幾寅,イクトラ,IKUTORA,43.168,142.568,350,9.4,,,43.168,142.568,350,1,1,1,1,1,,0,2005/11/18,2008/9/24,12691,0,0,0,4,0,,0
12691,幾寅,イクトラ,IKUTORA,幾寅,イクトラ,IKUTORA,43.168,142.568,350,9.4,,,43.168,142.568,350,1,1,1,1,1,,0,2008/9/25,2021/3/1,12691,0,4,4,0,0,,0
12691,幾寅,イクトラ,IKUTORA,幾寅,イクトラ,IKUTORA,43.168,142.568,350,9.4,,,43.168,142.568,350,1,1,1,2,1,,0,2021/3/2,2021/5/25,12691,0,0,0,6,0,,0
12691,幾寅,イクトラ,IKUTORA,幾寅,イクトラ,IKUTORA,43.168,142.568,350,10,,,43.168,142.568,350,1,1,1,2,1,,0,2021/5/26,2021/9/14,12691,0,0,0,0,0,,0
12691,幾寅,イクトラ,IKUTORA,幾寅,イクトラ,IKUTORA,43.168,142.568,350,9.9,,,43.168,142.568,350,1,1,1,2,1,,1,2021/9/15,9999-99-99,12691,0,0,0,0,0,,0
12746,占冠,シムカップ,SHIMUKAPPU,,,,42.978,142.395,332,6.5,,,,,,1,1,1,1,0,,0,1977/10/7,1982/10/14,12746,1,1,1,1,1,,1
12746,占冠,シムカップ,SHIMUKAPPU,占冠,シムカップ,SHIMUKAPPU,42.978,142.395,332,6.5,,,42.978,142.395,332,1,1,1,1,1,,0,1982/10/15,1986/7/3,12746,0,0,0,0,0,,0
12746,占冠,シムカップ,SHIMUKAPPU,占冠,シムカップ,SHIMUKAPPU,42.978,142.395,332,6.5,,,42.978,142.395,332,1,1,1,1,1,,0,1986/7/4,2009/9/28,12746,0,0,0,1,0,,0
12746,占冠,シムカップ,SHIMUKAPPU,占冠,シムカップ,SHIMUKAPPU,42.978,142.395,332,10,,,42.978,142.395,332,1,1,1,1,1,,0,2009/9/29,2021/3/1,12746,0,4,4,4,0,,0
12746,占冠,シムカップ,SHIMUKAPPU,占冠,シムカップ,SHIMUKAPPU,42.978,142.395,332,10,,,42.978,142.395,332,1,1,1,2,1,,0,2021/3/2,9999-99-99,12746,0,0,0,6,0,,0
13011,幌延,ホロノベ,HORONOBE,,,,45.007,141.852,5,,,,,,,1,0,0,0,0,,0,2005/11/15,9999-99-99,13011,1,1,1,1,1,,1
13061,天塩,テシオ,TESHIO,,,,44.893,141.76,9,,,,,,,1,0,0,0,0,,0,1974/11/1,1977/10/25,13061,1,1,1,1,1,,1
13061,天塩,テシオ,TESHIO,,,,44.893,141.76,9,6.5,,,,,,1,1,1,1,0,,0,1977/10/26,1982/10/14,13061,0,0,0,0,0,,0
13061,天塩,テシオ,TESHIO,天塩,テシオ,TESHIO,44.893,141.76,9,6.5,,,44.893,141.76,9,1,1,1,1,1,,0,1982/10/15,1987/6/14,13061,0,0,0,0,0,,0
13061,天塩,テシオ,TESHIO,天塩,テシオ,TESHIO,44.893,141.76,9,6.5,,,44.893,141.76,9,1,1,1,1,1,,0,1987/6/15,1996/7/23,13061,0,0,0,1,0,,0
13061,天塩,テシオ,TESHIO,天塩,テシオ,TESHIO,44.893,141.762,9,6.5,,,44.893,141.762,9,1,1,1,1,1,,0,1996/7/24,2006/10/10,13061,0,0,0,0,0,,0
13061,天塩,テシオ,TESHIO,天塩,テシオ,TESHIO,44.893,141.762,9,6.5,,,44.893,141.762,9,1,1,1,1,1,,0,2006/10/11,2008/9/10,13061,0,0,0,4,0,,0
13061,天塩,テシオ,TESHIO,天塩,テシオ,TESHIO,44.893,141.762,9,6.5,,,44.893,141.762,9,1,1,1,1,1,,0,2008/9/11,2009/10/30,13061,0,4,4,0,0,,0
13061,天塩,テシオ,TESHIO,天塩,テシオ,TESHIO,44.893,141.762,9,10,,,44.893,141.762,9,1,1,1,1,1,,0,2009/10/31,2021/3/1,13061,0,0,0,0,0,,0
13061,天塩,テシオ,TESHIO,天塩,テシオ,TESHIO,44.893,141.762,9,10,,,44.893,141.762,9,1,1,1,2,1,,0,2021/3/2,2023/9/19,13061,0,0,0,6,0,,0
13061,天塩,テシオ,TESHIO,天塩,テシオ,TESHIO,44.893,141.762,9,9.8,,,44.893,141.762,9,1,1,1,2,1,,1,2023/9/20,9999-99-99,13061,0,0,0,0,0,,0
13086,遠別,エンベツ,EMBETSU,,,,44.717,141.825,10,,,,,,,1,0,0,0,0,,0,1974/11/1,1977/10/25,13086,1,1,1,1,1,,1
13086,遠別,エンベツ,EMBETSU,,,,44.717,141.825,10,6.5,,,,,,1,1,1,1,0,,0,1977/10/26,1990/5/16,13086,0,0,0,0,0,,0
13086,遠別,エンベツ,EMBETSU,,,,44.717,141.825,10,6.5,,,,,,1,1,1,1,0,,0,1990/5/17,2008/12/1,13086,0,0,0,1,0,,0
13086,遠別,エンベツ,EMBETSU,,,,44.718,141.807,7,10,,,,,,1,1,1,1,0,,0,2008/12/2,2021/3/1,13086,0,4,4,4,0,,0
13086,遠別,エンベツ,EMBETSU,,,,44.718,141.807,7,10,,,,,,1,1,1,2,0,,0,2021/3/2,9999-99-99,13086,0,0,0,6,0,,0
13121,初山別,ショサンベツ,SHOSAMBETSU,,,,44.53,141.77,5,6.5,,,,,,1,1,1,1,0,,0,1977/10/28,1982/10/14,13121,1,1,1,1,1,,1
13121,初山別,ショサンベツ,SHOSAMBETSU,初山別,ショサンベツ,SHOSAMBETSU,44.53,141.77,5,6.5,,,44.53,141.77,5,1,1,1,1,1,,0,1982/10/15,1987/6/15,13121,0,0,0,0,0,,0
13121,初山別,ショサンベツ,SHOSAMBETSU,初山別,ショサンベツ,SHOSAMBETSU,44.53,141.77,5,6.5,,,44.53,141.77,5,1,1,1,1,1,,0,1987/6/16,2006/10/30,13121,0,0,0,1,0,,0
13121,初山別,ショサンベツ,SHOSAMBETSU,初山別,ショサンベツ,SHOSAMBETSU,44.523,141.77,27,10,,,44.523,141.77,27,1,1,1,1,1,,0,2006/10/31,2008/9/16,13121,0,0,0,4,0,,0
13121,初山別,ショサンベツ,SHOSAMBETSU,初山別,ショサンベツ,SHOSAMBETSU,44.523,141.77,27,10,,,44.523,141.77,27,1,1,1,1,1,,0,2008/9/17,2021/3/1,13121,0,4,4,0,0,,0
13121,初山別,ショサンベツ,SHOSAMBETSU,初山別,ショサンベツ,SHOSAMBETSU,44.523,141.77,27,10,,,44.523,141.77,27,1,1,1,2,1,,0,2021/3/2,2023/9/20,13121,0,0,0,6,0,,0
13121,初山別,ショサンベツ,SHOSAMBETSU,初山別,ショサンベツ,SHOSAMBETSU,44.523,141.77,27,9.8,,,44.523,141.77,27,1,1,1,2,1,,1,2023/9/21,9999-99-99,13121,0,0,0,0,0,,0
13146,焼尻,ヤギシリ,YAGISHIRI,,,,44.428,141.422,34,6.5,,,,,,1,1,1,1,0,,0,1977/10/27,1987/5/25,13146,1,1,1,1,1,,1
13146,焼尻,ヤギシリ,YAGISHIRI,,,,44.428,141.422,34,6.5,,,,,,1,1,1,1,0,,0,1987/5/26,2008/11/13,13146,0,0,0,1,0,,0
13146,焼尻,ヤギシリ,YAGISHIRI,,,,44.428,141.422,38,8,,,,,,1,1,1,1,0,,0,2008/11/14,2021/3/1,13146,0,4,4,4,0,,0
13146,焼尻,ヤギシリ,YAGISHIRI,,,,44.428,141.422,38,8,,,,,,1,1,1,2,0,,0,2021/3/2,9999-99-99,13146,0,0,0,6,0,,0
13181,羽幌,ハボロ,HABORO,,,,44.363,141.7,8,,,,,,,1,0,0,0,0,,0,1974/11/1,1975/12/31,13181,1,1,1,1,1,,1
13181,羽幌,ハボロ,HABORO,,,,44.363,141.7,8,13.4,,,,,,1,1,1,1,0,,0,1976/1/1,1987/12/31,13181,0,0,0,0,0,,0
13181,羽幌,ハボロ,HABORO,,,,44.363,141.7,8,13.4,,,,,,1,1,1,1,0,,0,1988/1/1,1999/2/28,13181,0,0,0,1,0,,0
13181,羽幌,ハボロ,HABORO,羽幌,ハボロ,HABORO,44.363,141.7,8,13.4,,,44.363,141.7,8,1,1,1,1,1,,0,1999/3/1,2000/11/27,13181,0,0,0,0,0,,0
13181,羽幌,ハボロ,HABORO,羽幌,ハボロ,HABORO,44.363,141.7,8,21.4,,,44.363,141.7,8,1,1,1,1,1,,0,2000/11/28,2008/3/25,13181,0,0,0,0,0,,0
13181,羽幌,ハボロ,HABORO,羽幌,ハボロ,HABORO,44.363,141.7,8,21.4,,,44.363,141.7,8,1,1,1,1,1,,0,2008/3/26,2012/10/10,13181,0,4,4,0,0,,0
13181,羽幌,ハボロ,HABORO,羽幌,ハボロ,HABORO,44.363,141.7,8,21.6,,,44.363,141.7,8,1,1,1,1,1,,0,2012/10/11,2021/3/1,13181,0,0,0,0,0,,0
13181,羽幌,ハボロ,HABORO,羽幌,ハボロ,HABORO,44.363,141.7,8,21.6,,,44.363,141.7,8,1,1,1,1,1,,1,2021/3/2,9999-99-99,13181,0,0,0,0,0,,0
13206,古丹別,コタンベツ,KOTAMBETSU,,,,44.258,141.715,30,,,,,,,1,0,0,0,0,,0,1976/8/4,1983/9/29,13206,1,1,1,1,1,,1
13206,古丹別,コタンベツ,KOTAMBETSU,古丹別,コタンベツ,KOTAMBETSU,44.258,141.715,30,,,,44.268,141.71,20,1,0,0,0,1,,0,1983/9/30,1985/10/31,13206,0,0,0,0,0,,0
13206,古丹別,コタンベツ,KOTAMBETSU,古丹別,コタンベツ,KOTAMBETSU,44.268,141.71,20,,,,44.268,141.71,20,1,0,0,0,1,,0,1985/11/1,2009/10/25,13206,0,0,0,0,0,,0
13206,古丹別,コタンベツ,KOTAMBETSU,古丹別,コタンベツ,KOTAMBETSU,44.265,141.722,15,,,,44.265,141.722,15,1,0,0,0,1,,0,2009/10/26,9999-99-99,13206,0,0,0,0,0,,0
13261,達布,タップ,TAPPU,,,,44.048,141.857,30,8,,,,,,1,1,1,1,0,,0,1977/10/31,1990/5/8,13261,1,1,1,1,1,,1
13261,達布,タップ,TAPPU,,,,44.048,141.857,30,8,,,,,,1,1,1,1,0,,0,1990/5/9,2008/12/11,13261,0,0,0,1,0,,0
13261,達布,タップ,TAPPU,,,,44.048,141.857,30,8,,,,,,1,1,1,1,0,,0,2008/12/12,2009/10/19,13261,0,4,4,4,0,,0
13261,達布,タップ,TAPPU,,,,44.048,141.857,30,10,,,,,,1,1,1,1,0,,0,2009/10/20,2021/3/1,13261,0,0,0,0,0,,0
13261,達布,タップ,TAPPU,,,,44.048,141.857,30,10,,,,,,1,1,1,2,0,,0,2021/3/2,9999-99-99,13261,0,0,0,6,0,,0
13276,留萌,ルモイ,RUMOI,,,,43.945,141.632,22,,,,,,,1,0,0,0,0,,0,1974/11/1,1975/3/11,13276,1,1,1,1,1,,1
13276,留萌,ルモイ,RUMOI,,,,43.945,141.632,22,13.8,,,,,,1,1,1,1,0,,0,1975/3/12,1980/6/21,13276,0,0,0,0,0,,0
13277,留萌,ルモイ,RUMOI,,,,43.945,141.632,24,16.1,,,,,,1,1,1,1,0,,0,1980/6/21,1985/12/31,13276,0,0,0,0,0,,0
13277,留萌,ルモイ,RUMOI,,,,43.945,141.632,24,16.1,,,,,,1,1,1,1,0,,0,1986/1/1,1999/2/28,13277,0,0,0,1,0,,0
13277,留萌,ルモイ,RUMOI,留萌,ルモイ,RUMOI,43.945,141.632,24,16.1,,,43.945,141.632,24,1,1,1,1,1,,0,1999/3/1,2008/3/25,13277,0,0,0,0,0,,0
13277,留萌,ルモイ,RUMOI,留萌,ルモイ,RUMOI,43.945,141.632,24,16.1,,,43.945,141.632,24,1,1,1,1,1,,0,2008/3/26,2011/9/28,13277,0,4,4,0,0,,0
13277,留萌,ルモイ,RUMOI,留萌,ルモイ,RUMOI,43.945,141.632,24,16.3,,,43.945,141.632,24,1,1,1,1,1,,0,2011/9/29,2021/3/1,13277,0,0,0,0,0,,0
13277,留萌,ルモイ,RUMOI,留萌,ルモイ,RUMOI,43.945,141.632,24,16.3,,,43.945,141.632,24,1,1,1,1,1,,1,2021/3/2,9999-99-99,13277,0,0,0,0,0,,0
13311,増毛,マシケ,MASHIKE,,,,43.853,141.527,60,,,,,,,1,0,0,0,0,,0,1974/11/1,1978/10/23,13311,1,1,1,1,1,,1
13311,増毛,マシケ,MASHIKE,,,,43.853,141.527,60,6.5,,,,,,1,1,1,1,0,,0,1978/10/24,1980/7/28,13311,0,0,0,0,0,,0
13311,増毛,マシケ,MASHIKE,,,,43.852,141.527,36,6.5,,,,,,1,1,1,1,0,,0,1980/7/29,1988/5/19,13311,0,0,0,0,0,,0
13311,増毛,マシケ,MASHIKE,,,,43.852,141.527,36,6.5,,,,,,1,1,1,1,0,,0,1988/5/20,2003/11/5,13311,0,0,0,1,0,,0
13311,増毛,マシケ,MASHIKE,,,,43.848,141.51,20,9.4,,,,,,1,1,1,1,0,,0,2003/11/6,2008/12/9,13311,0,0,0,0,0,,0
13311,増毛,マシケ,MASHIKE,,,,43.848,141.51,20,9.4,,,,,,1,1,1,1,0,,0,2008/12/10,2021/3/1,13311,0,4,4,4,0,,0
13311,増毛,マシケ,MASHIKE,,,,43.848,141.51,20,9.4,,,,,,1,1,1,2,0,,0,2021/3/2,9999-99-99,13311,0,0,0,6,0,,0
13321,幌糠,ホロヌカ,HORONUKA,,,,43.853,141.76,20,8,,,,,,1,1,1,1,0,,0,1977/10/31,1982/10/14,13321,1,1,1,1,1,,1
13321,幌糠,ホロヌカ,HORONUKA,幌糠,ホロヌカ,HORONUKA,43.853,141.76,20,8,,,43.858,141.757,10,1,1,1,1,1,,0,1982/10/15,1986/5/13,13321,0,0,0,0,0,,0
13321,幌糠,ホロヌカ,HORONUKA,幌糠,ホロヌカ,HORONUKA,43.853,141.76,20,8,,,43.858,141.757,10,1,1,1,1,1,,0,1986/5/14,1996/10/24,13321,0,0,0,1,0,,0
13321,幌糠,ホロヌカ,HORONUKA,幌糠,ホロヌカ,HORONUKA,43.853,141.76,20,8,,,43.853,141.76,20,1,1,1,1,1,,0,1996/10/25,2009/9/24,13321,0,0,0,0,0,,0
13321,幌糠,ホロヌカ,HORONUKA,幌糠,ホロヌカ,HORONUKA,43.853,141.76,20,10,,,43.853,141.76,20,1,1,1,1,1,,0,2009/9/25,2021/3/1,13321,0,4,4,4,0,,0
13321,幌糠,ホロヌカ,HORONUKA,幌糠,ホロヌカ,HORONUKA,43.853,141.76,20,10,,,43.853,141.76,20,1,1,1,2,1,,0,2021/3/2,9999-99-99,13321,0,0,0,6,0,,0
14026,浜益,ハママス,HAMAMASU,,,,43.582,141.387,3,6.5,,,,,,1,1,1,1,0,,0,1977/10/12,1989/10/5,14026,1,1,1,1,1,,1
14026,浜益,ハママス,HAMAMASU,,,,43.582,141.387,3,6.5,,,,,,1,1,1,1,0,,0,1989/10/6,2006/10/18,14026,0,0,0,1,0,,0
14026,浜益,ハママス,HAMAMASU,,,,43.582,141.387,3,6.5,,,,,,1,1,1,1,0,,0,2006/10/19,2008/10/8,14026,0,0,0,4,0,,0
14026,浜益,ハママス,HAMAMASU,,,,43.582,141.387,3,6.5,,,,,,1,1,1,1,0,,0,2008/10/9,2009/10/19,14026,0,4,4,0,0,,0
14026,浜益,ハママス,HAMAMASU,,,,43.582,141.387,3,10,,,,,,1,1,1,1,0,,0,2009/10/20,2021/3/1,14026,0,0,0,0,0,,0
14026,浜益,ハママス,HAMAMASU,,,,43.582,141.387,3,10,,,,,,1,1,1,2,0,,0,2021/3/2,2023/10/9,14026,0,0,0,6,0,,0
14026,浜益,ハママス,HAMAMASU,,,,43.582,141.387,3,9.9,,,,,,1,1,1,2,0,,1,2023/10/10,9999-99-99,14026,0,0,0,0,0,,0
14071,厚田,アツタ,ATSUTA,,,,43.397,141.433,7,8,,,,,,1,1,1,1,0,,0,1977/10/12,1981/10/2,14071,1,1,1,1,1,,1
14071,厚田,アツタ,ATSUTA,,,,43.397,141.437,5,8,,,,,,1,1,1,1,0,,0,1981/10/3,1981/10/11,14071,0,0,0,0,0,,0
14071,厚田,アツタ,ATSUTA,厚田,アツタ,ATSUTA,43.397,141.437,5,8,,,43.397,141.437,5,1,1,1,1,1,,0,1981/10/12,1986/5/1,14071,0,0,0,0,0,,0
14071,厚田,アツタ,ATSUTA,厚田,アツタ,ATSUTA,43.397,141.437,5,8,,,43.397,141.437,5,1,1,1,1,1,,0,1986/5/2,2008/11/12,14071,0,0,0,1,0,,0
14071,厚田,アツタ,ATSUTA,厚田,アツタ,ATSUTA,43.397,141.437,5,10,,,43.397,141.437,5,1,1,1,1,1,,0,2008/11/13,2021/3/1,14071,0,4,4,4,0,,0
14071,厚田,アツタ,ATSUTA,厚田,アツタ,ATSUTA,43.397,141.437,5,10,,,43.397,141.437,5,1,1,1,2,1,,0,2021/3/2,9999-99-99,14071,0,0,0,6,0,,0
14076,阿曽岩,アソイワ,ASOIWA,,,,43.302,141.513,320,,,,,,,1,0,0,0,0,,0,1974/11/1,2009/11/2,14076,1,1,1,1,1,,1
14086,石狩,イシカリ,ISHIKARI,,,,43.245,141.352,3,,,,,,,1,0,0,0,0,,0,1976/4/26,1977/10/10,14086,1,1,1,1,1,,1
14086,石狩,イシカリ,ISHIKARI,,,,43.245,141.352,3,8,,,,,,1,1,1,1,0,,0,1977/10/11,1987/10/21,14086,0,0,0,0,0,,0
14086,石狩,イシカリ,ISHIKARI,石狩,イシカリ,ISHIKARI,43.245,141.352,3,8,,,43.193,141.37,5,1,1,1,1,1,,0,1987/10/22,1990/3/8,14086,0,0,0,0,0,,0
14101,新篠津,シンシノツ,SHINSHINOTSU,,,,43.207,141.612,10,,,,,,,1,0,0,0,0,,0,1974/11/1,1978/10/22,14101,1,1,1,1,1,,1
14101,新篠津,シンシノツ,SHINSHINOTSU,,,,43.22,141.645,9,8,,,,,,1,1,1,1,0,,0,1978/10/23,1981/10/11,14101,0,0,0,0,0,,0
14101,新篠津,シンシノツ,SHINSHINOTSU,新篠津,シンシノツ,SHINSHINOTSU,43.22,141.645,9,8,,,43.22,141.645,9,1,1,1,1,1,,0,1981/10/12,1988/5/24,14101,0,0,0,0,0,,0
14101,新篠津,シンシノツ,SHINSHINOTSU,新篠津,シンシノツ,SHINSHINOTSU,43.22,141.645,9,8,,,43.22,141.645,9,1,1,1,1,1,,0,1988/5/25,2007/12/13,14101,0,0,0,1,0,,0
14101,新篠津,シンシノツ,SHINSHINOTSU,新篠津,シンシノツ,SHINSHINOTSU,43.22,141.645,9,8,,,43.22,141.645,9,1,1,1,1,1,,0,2007/12/14,2008/3/25,14101,0,0,0,4,0,,0
14101,新篠津,シンシノツ,SHINSHINOTSU,新篠津,シンシノツ,SHINSHINOTSU,43.22,141.645,9,8,,,43.22,141.645,9,1,1,1,1,1,,0,2008/3/26,2009/10/22,14101,0,4,4,0,0,,0
14101,新篠津,シンシノツ,SHINSHINOTSU,新篠津,シンシノツ,SHINSHINOTSU,43.22,141.645,9,10,,,43.22,141.645,9,1,1,1,1,1,,0,2009/10/23,2021/3/1,14101,0,0,0,0,0,,0
14101,新篠津,シンシノツ,SHINSHINOTSU,新篠津,シンシノツ,SHINSHINOTSU,43.22,141.645,9,10,,,43.22,141.645,9,1,1,1,2,1,,0,2021/3/2,9999-99-99,14101,0,0,0,6,0,,0
14116,山口,ヤマグチ,YAMAGUCHI,,,,43.148,141.222,5,,,,,,,1,0,0,0,0,,0,1974/11/1,1977/10/10,14116,1,1,1,1,1,,1
14116,山口,ヤマグチ,YAMAGUCHI,,,,43.148,141.222,5,6.5,,,,,,1,1,1,1,0,,0,1977/10/11,1988/10/26,14116,0,0,0,0,0,,0
14116,山口,ヤマグチ,YAMAGUCHI,,,,43.148,141.222,5,6.5,,,,,,1,1,1,1,0,,0,1988/10/27,2009/1/8,14116,0,0,0,1,0,,0
14116,山口,ヤマグチ,YAMAGUCHI,,,,43.148,141.222,5,6.5,,,,,,1,1,1,1,0,,0,2009/1/9,2009/10/15,14116,0,4,4,4,0,,0
14116,山口,ヤマグチ,YAMAGUCHI,,,,43.148,141.222,5,10,,,,,,1,1,1,1,0,,0,2009/10/16,2021/3/1,14116,0,0,0,0,0,,0
14116,山口,ヤマグチ,YAMAGUCHI,,,,43.148,141.222,5,10,,,,,,1,1,1,2,0,,0,2021/3/2,9999-99-99,14116,0,0,0,6,0,,0
14121,石狩,イシカリ,ISHIKARI,石狩,イシカリ,ISHIKARI,43.193,141.37,5,8,,,43.193,141.37,5,1,1,1,1,1,,0,1990/3/8,2005/11/10,14086,1,1,1,1,0,,0
14121,石狩,イシカリ,ISHIKARI,石狩,イシカリ,ISHIKARI,43.193,141.37,5,8,,,43.193,141.37,5,1,1,1,1,1,,0,2005/11/11,2008/9/11,14121,0,0,0,4,0,,0
14121,石狩,イシカリ,ISHIKARI,石狩,イシカリ,ISHIKARI,43.193,141.37,5,8,,,43.193,141.37,5,1,1,1,1,1,,0,2008/9/12,2009/10/13,14121,0,4,4,0,0,,0
14121,石狩,イシカリ,ISHIKARI,石狩,イシカリ,ISHIKARI,43.193,141.37,5,10,,,43.193,141.37,5,1,1,1,1,1,,0,2009/10/14,2021/3/1,14121,0,0,0,0,0,,0
14121,石狩,イシカリ,ISHIKARI,石狩,イシカリ,ISHIKARI,43.193,141.37,5,10,,,43.193,141.37,5,1,1,1,2,1,,0,2021/3/2,2021/3/9,14121,0,0,0,6,0,,0
14121,石狩,イシカリ,ISHIKARI,石狩,イシカリ,ISHIKARI,43.193,141.37,5,10.1,,,43.193,141.37,5,1,1,1,2,1,,1,2021/3/10,9999-99-99,14121,0,0,0,0,0,,0
14136,江別,エベツ,EBETSU,,,,43.11,141.602,8,8,,,,,,1,1,1,1,0,,0,2000/10/31,2008/12/8,14136,1,1,1,1,1,,1
14136,江別,エベツ,EBETSU,,,,43.11,141.602,8,8,,,,,,1,1,1,1,0,,0,2008/12/9,2021/3/1,14136,0,4,4,4,0,,0
14136,江別,エベツ,EBETSU,,,,43.11,141.602,8,8,,,,,,1,1,1,2,0,,0,2021/3/2,9999-99-99,14136,0,0,0,6,0,,0
14156,手稲山,テイネヤマ,TEINEYAMA,,,,43.073,141.197,965,,,,,,,1,0,0,0,0,,0,1974/11/1,2010/3/24,14156,1,1,1,1,1,,1
14157,手稲山,テイネヤマ,TEINEYAMA,,,,43.083,141.202,568,,,,,,,1,0,0,0,0,,0,2010/3/24,9999-99-99,14157,1,1,1,1,1,,1
14161,札幌,サッポロ,SAPPORO,,,,43.06,141.328,17,,,,,,,1,0,0,0,0,,0,1974/11/1,1975/3/31,14161,1,1,1,1,1,,1
14161,札幌,サッポロ,SAPPORO,,,,43.06,141.328,17,18.3,,,,,,1,1,1,1,0,,0,1975/4/1,1985/12/31,14161,0,0,0,0,0,,0
14161,札幌,サッポロ,SAPPORO,,,,43.06,141.328,17,18.3,,,,,,1,1,1,1,0,,0,1986/1/1,1992/1/1,14161,0,0,0,1,0,,0
14162,札幌,サッポロ,SAPPORO,,,,43.06,141.328,17,31.3,,,,,,1,1,1,1,0,,0,1992/1/1,1999/2/28,14161,0,1,0,0,0,,0
14162,札幌,サッポロ,SAPPORO,札幌,サッポロ,SAPPORO,43.06,141.328,17,31.3,,,43.06,141.328,17,1,1,1,1,1,,0,1999/3/1,2001/9/26,14162,0,0,0,0,0,,0
14163,札幌,サッポロ,SAPPORO,札幌,サッポロ,SAPPORO,43.06,141.328,17,59.5,,,43.06,141.328,17,1,1,1,1,1,,0,2001/9/26,2008/3/25,14162,0,1,0,0,0,,0
14163,札幌,サッポロ,SAPPORO,札幌,サッポロ,SAPPORO,43.06,141.328,17,59.5,,,43.06,141.328,17,1,1,1,1,1,,0,2008/3/26,2021/3/1,14163,0,4,4,0,0,,0
14163,札幌,サッポロ,SAPPORO,札幌,サッポロ,SAPPORO,43.06,141.328,17,59.5,,,43.06,141.328,17,1,1,1,1,1,,1,2021/3/2,2021/3/22,14163,0,0,0,0,0,,0
14163,札幌,サッポロ,SAPPORO,札幌,サッポロ,SAPPORO,43.06,141.328,17,59.7,,,43.06,141.328,17,1,1,1,1,1,,1,2021/3/23,9999-99-99,14163,0,0,0,0,0,,0
14171,西野幌,ニシノッポロ,NISHINOPPORO,,,,43.043,141.54,22,,,,,,,1,0,0,0,0,,0,1975/9/30,1977/10/12,14171,1,1,1,1,1,,1
14171,西野幌,ニシノッポロ,NISHINOPPORO,,,,43.043,141.54,22,6.5,,,,,,1,1,1,1,0,,0,1977/10/13,1986/4/24,14171,0,0,0,0,0,,0
14171,西野幌,ニシノッポロ,NISHINOPPORO,,,,43.043,141.54,22,6.5,,,,,,1,1,1,1,0,,0,1986/4/25,2000/10/31,14171,0,0,0,1,0,,0
14191,小金湯,コガネユ,KOGANEYU,,,,42.963,141.215,270,,,,,,,1,0,0,0,0,,0,1974/11/1,1981/10/6,14191,1,1,1,1,1,,1
14191,小金湯,コガネユ,KOGANEYU,小金湯,コガネユ,KOGANEYU,42.963,141.215,270,,,,42.963,141.215,270,1,0,0,0,1,,0,1981/10/7,1994/12/27,14191,0,0,0,0,0,,0
14191,小金湯,コガネユ,KOGANEYU,小金湯,コガネユ,KOGANEYU,42.965,141.218,240,,,,42.965,141.218,240,1,0,0,0,1,,0,1994/12/28,2011/10/30,14191,0,0,0,0,0,,0
14191,小金湯,コガネユ,KOGANEYU,小金湯,コガネユ,KOGANEYU,42.963,141.217,230,,,,42.963,141.217,230,1,0,0,0,1,,0,2011/10/31,9999-99-99,14191,0,0,0,0,0,,0
14206,恵庭島松,エニワシママツ,ENIWASHIMAMATSU,,,,42.927,141.565,30,,,,,,,1,0,0,0,0,,0,1974/11/1,1977/10/12,14206,1,1,1,1,1,,1
14206,恵庭島松,エニワシママツ,ENIWASHIMAMATSU,,,,42.927,141.565,30,6.5,,,,,,1,1,1,1,0,,0,1977/10/13,1981/10/5,14206,0,0,0,0,0,,0
14206,恵庭島松,エニワシママツ,ENIWASHIMAMATSU,恵庭島松,エニワシママツ,ENIWASHIMAMATSU,42.927,141.565,30,6.5,,,42.927,141.565,30,1,1,1,1,1,,0,1981/10/6,1987/4/30,14206,0,0,0,0,0,,0
14206,恵庭島松,エニワシママツ,ENIWASHIMAMATSU,恵庭島松,エニワシママツ,ENIWASHIMAMATSU,42.927,141.565,30,6.5,,,42.927,141.565,30,1,1,1,1,1,,0,1987/5/1,2006/10/16,14206,0,0,0,1,0,,0
14206,恵庭島松,エニワシママツ,ENIWASHIMAMATSU,恵庭島松,エニワシママツ,ENIWASHIMAMATSU,42.927,141.565,30,6.5,,,42.927,141.565,30,1,1,1,1,1,,0,2006/10/17,2008/10/6,14206,0,0,0,4,0,,0
14206,恵庭島松,エニワシママツ,ENIWASHIMAMATSU,恵庭島松,エニワシママツ,ENIWASHIMAMATSU,42.927,141.565,30,6.5,,,42.927,141.565,30,1,1,1,1,1,,0,2008/10/7,2009/10/21,14206,0,4,4,0,0,,0
14206,恵庭島松,エニワシママツ,ENIWASHIMAMATSU,恵庭島松,エニワシママツ,ENIWASHIMAMATSU,42.927,141.565,30,10,,,42.927,141.565,30,1,1,1,1,1,,0,2009/10/22,2021/3/1,14206,0,0,0,0,0,,0
14206,恵庭島松,エニワシママツ,ENIWASHIMAMATSU,恵庭島松,エニワシママツ,ENIWASHIMAMATSU,42.927,141.565,30,10,,,42.927,141.565,30,1,1,1,2,1,,0,2021/3/2,2023/10/1,14206,0,0,0,6,0,,0
14206,恵庭島松,エニワシママツ,ENIWA-SHIMAMATSU,恵庭島松,エニワシママツ,ENIWA-SHIMAMATSU,42.927,141.565,30,9.9,,,42.927,141.565,30,1,1,1,2,1,,1,2023/10/2,9999-99-99,14206,0,0,0,0,0,,0
14246,島松山,シママツヤマ,SHIMAMATSUYAMA,,,,42.895,141.413,400,,,,,,,1,0,0,0,0,,0,1974/11/1,2004/5/1,14246,1,1,1,1,1,,1
14286,支笏湖畔,シコツコハン,SHIKOTSUKOHAN,,,,42.773,141.407,280,,,,,,,1,0,0,0,0,,0,1974/11/1,1977/10/13,14286,1,1,1,1,1,,1
14286,支笏湖畔,シコツコハン,SHIKOTSUKOHAN,,,,42.773,141.407,280,8,,,,,,1,1,1,1,0,,0,1977/10/14,1987/5/13,14286,0,0,0,0,0,,0
14286,支笏湖畔,シコツコハン,SHIKOTSUKOHAN,,,,42.773,141.407,280,8,,,,,,1,1,1,1,0,,0,1987/5/14,1992/11/10,14286,0,0,0,1,0,,0
14286,支笏湖畔,シコツコハン,SHIKOTSUKOHAN,,,,42.772,141.407,290,8.4,,,,,,1,1,1,1,0,,0,1992/11/11,2008/12/2,14286,0,0,0,0,0,,0
14286,支笏湖畔,シコツコハン,SHIKOTSUKOHAN,,,,42.772,141.407,290,8.4,,,,,,1,1,1,1,0,,0,2008/12/3,2009/10/20,14286,0,4,4,4,0,,0
14286,支笏湖畔,シコツコハン,SHIKOTSUKOHAN,,,,42.772,141.407,290,10,,,,,,1,1,1,1,0,,0,2009/10/21,2021/3/1,14286,0,0,0,0,0,,0
14286,支笏湖畔,シコツコハン,SHIKOTSUKOHAN,,,,42.772,141.407,290,10,,,,,,1,1,1,2,0,,0,2021/3/2,9999-99-99,14286,0,0,0,6,0,,0
14296,千歳,チトセ,CHITOSE,,,,42.775,141.692,22,9.8,,,,,,1,1,1,0,0,,0,2003/1/1,2006/11/28,14296,1,1,1,1,1,,1
14296,千歳,チトセ,CHITOSE,千歳,チトセ,CHITOSE,42.775,141.692,22,9.8,,,42.775,141.692,22,1,1,1,0,1,,0,2006/11/29,2009/1/28,14296,0,0,0,0,0,,0
14296,千歳,チトセ,CHITOSE,千歳,チトセ,CHITOSE,42.775,141.692,22,9.8,,,42.775,141.692,22,1,1,1,0,1,,0,2009/1/29,2022/11/9,14296,0,4,4,0,0,,0
14296,千歳,チトセ,CHITOSE,千歳,チトセ,CHITOSE,42.775,141.692,22,10,,,42.775,141.692,22,1,1,1,0,1,,0,2022/11/10,9999-99-99,14296,0,0,0,0,0,,0
15041,朱鞠内,シュマリナイ,SHUMARINAI,,,,44.282,142.162,255,8,,,,,,1,1,1,1,0,,0,1978/10/24,1981/10/14,15041,1,1,1,1,1,,1
15041,朱鞠内,シュマリナイ,SHUMARINAI,朱鞠内,シュマリナイ,SHUMARINAI,44.282,142.162,255,8,,,44.282,142.162,255,1,1,1,1,1,,0,1981/10/15,1987/7/20,15041,0,0,0,0,0,,0
15041,朱鞠内,シュマリナイ,SHUMARINAI,朱鞠内,シュマリナイ,SHUMARINAI,44.282,142.162,255,8,,,44.282,142.162,255,1,1,1,1,1,,0,1987/7/21,2006/10/2,15041,0,0,0,1,0,,0
15041,朱鞠内,シュマリナイ,SHUMARINAI,朱鞠内,シュマリナイ,SHUMARINAI,44.282,142.162,255,8,,,44.282,142.162,255,1,1,1,1,1,,0,2006/10/3,2008/10/16,15041,0,0,0,4,0,,0
15041,朱鞠内,シュマリナイ,SHUMARINAI,朱鞠内,シュマリナイ,SHUMARINAI,44.282,142.162,255,8,,,44.282,142.162,255,1,1,1,1,1,,0,2008/10/17,2009/10/12,15041,0,4,4,0,0,,0
15041,朱鞠内,シュマリナイ,SHUMARINAI,朱鞠内,シュマリナイ,SHUMARINAI,44.282,142.162,255,10,,,44.282,142.162,255,1,1,1,1,1,,0,2009/10/13,2021/3/1,15041,0,0,0,0,0,,0
15041,朱鞠内,シュマリナイ,SHUMARINAI,朱鞠内,シュマリナイ,SHUMARINAI,44.282,142.162,255,10,,,44.282,142.162,255,1,1,1,2,1,,0,2021/3/2,2023/9/26,15041,0,0,0,6,0,,0
15041,朱鞠内,シュマリナイ,SHUMARINAI,朱鞠内,シュマリナイ,SHUMARINAI,44.282,142.162,255,9.8,,,44.282,142.162,255,1,1,1,2,1,,1,2023/9/27,9999-99-99,15041,0,0,0,0,0,,0
15076,幌加内,ホロカナイ,HOROKANAI,,,,44.008,142.15,159,,,,,,,1,0,0,0,0,,0,1975/5/28,1977/10/27,15076,1,1,1,1,1,,1
15076,幌加内,ホロカナイ,HOROKANAI,,,,44.008,142.15,159,8,,,,,,1,1,1,1,0,,0,1977/10/28,1981/10/13,15076,0,0,0,0,0,,0
15076,幌加内,ホロカナイ,HOROKANAI,幌加内,ホロカナイ,HOROKANAI,44.008,142.15,159,8,,,44.008,142.15,159,1,1,1,1,1,,0,1981/10/14,1990/2/28,15076,0,0,0,0,0,,0
15076,幌加内,ホロカナイ,HOROKANAI,幌加内,ホロカナイ,HOROKANAI,44.008,142.15,159,8,,,44.008,142.15,159,1,1,1,1,1,,0,1990/3/1,2005/11/17,15076,0,0,0,1,0,,0
15076,幌加内,ホロカナイ,HOROKANAI,幌加内,ホロカナイ,HOROKANAI,44.01,142.16,159,9.4,,,44.01,142.16,159,1,1,1,1,1,,0,2005/11/18,2009/9/14,15076,0,0,0,0,0,,0
15076,幌加内,ホロカナイ,HOROKANAI,幌加内,ホロカナイ,HOROKANAI,44.01,142.16,159,9.4,,,44.01,142.16,159,1,1,1,1,1,,0,2009/9/15,2021/3/1,15076,0,4,4,4,0,,0
15076,幌加内,ホロカナイ,HOROKANAI,幌加内,ホロカナイ,HOROKANAI,44.01,142.16,159,9.4,,,44.01,142.16,159,1,1,1,2,1,,0,2021/3/2,9999-99-99,15076,0,0,0,6,0,,0
15116,石狩沼田,イシカリヌマタ,ISHIKARINUMATA,,,,43.808,141.947,63,,,,,,,1,0,0,0,0,,0,1974/11/1,1976/3/31,15116,1,1,1,1,1,,1
15116,石狩沼田,イシカリヌマタ,ISHIKARINUMATA,,,,43.808,141.947,63,6.5,,,,,,1,1,1,1,0,,0,1976/4/1,1986/11/17,15116,0,0,0,0,0,,0
15116,石狩沼田,イシカリヌマタ,ISHIKARINUMATA,,,,43.808,141.947,63,6.5,,,,,,1,1,1,1,0,,0,1986/11/18,2006/11/1,15116,0,0,0,1,0,,0
15116,石狩沼田,イシカリヌマタ,ISHIKARINUMATA,,,,43.815,141.927,63,10,,,,,,1,1,1,1,0,,0,2006/11/2,2008/10/14,15116,0,0,0,4,0,,0
15116,石狩沼田,イシカリヌマタ,ISHIKARINUMATA,,,,43.815,141.927,63,10,,,,,,1,1,1,1,0,,0,2008/10/15,2021/3/1,15116,0,4,4,0,0,,0
15116,石狩沼田,イシカリヌマタ,ISHIKARINUMATA,,,,43.815,141.927,63,10,,,,,,1,1,1,2,0,,0,2021/3/2,2022/10/30,15116,0,0,0,6,0,,0
15116,石狩沼田,イシカリヌマタ,ISHIKARINUMATA,石狩沼田,イシカリヌマタ,ISHIKARINUMATA,43.815,141.927,63,10,,,43.815,141.927,63,1,1,1,2,1,,0,2022/10/31,2023/10/10,15116,0,0,0,0,0,,0
15116,石狩沼田,イシカリヌマタ,ISHIKARINUMATA,石狩沼田,イシカリヌマタ,ISHIKARINUMATA,43.815,141.927,63,9.9,,,43.815,141.927,63,1,1,1,2,1,,1,2023/10/11,9999-99-99,15116,0,0,0,0,0,,0
15156,秩父別,チップベツ,CHIPPUBETSU,秩父別,チップベツ,CHIPPUBETSU,43.78,141.962,51,7.9,,,43.78,141.962,51,1,1,1,2,1,,1,2022/10/31,9999-99-99,15156,1,5,5,7,1,,1
15161,深川,フカガワ,FUKAGAWA,,,,43.712,142.037,48,,,,,,,1,0,0,0,0,,0,1974/11/1,1977/10/6,15161,1,1,1,1,1,,1
15161,深川,フカガワ,FUKAGAWA,,,,43.712,142.037,48,6.5,,,,,,1,1,1,1,0,,0,1977/10/7,1981/9/28,15161,0,0,0,0,0,,0
15161,深川,フカガワ,FUKAGAWA,,,,43.718,142.073,55,6.5,,,,,,1,1,1,1,0,,0,1981/9/29,1981/10/13,15161,0,0,0,0,0,,0
15161,深川,フカガワ,FUKAGAWA,深川,フカガワ,FUKAGAWA,43.718,142.073,55,6.5,,,43.718,142.073,55,1,1,1,1,1,,0,1981/10/14,1986/6/9,15161,0,0,0,0,0,,0
15161,深川,フカガワ,FUKAGAWA,深川,フカガワ,FUKAGAWA,43.718,142.073,55,6.5,,,43.718,142.073,55,1,1,1,1,1,,0,1986/6/10,2007/12/17,15161,0,0,0,1,0,,0
15161,深川,フカガワ,FUKAGAWA,深川,フカガワ,FUKAGAWA,43.718,142.073,55,6.5,,,43.718,142.073,55,1,1,1,1,1,,0,2007/12/18,2008/3/25,15161,0,0,0,4,0,,0
15161,深川,フカガワ,FUKAGAWA,深川,フカガワ,FUKAGAWA,43.718,142.073,55,6.5,,,43.718,142.073,55,1,1,1,1,1,,0,2008/3/26,2009/10/18,15161,0,4,4,0,0,,0
15161,深川,フカガワ,FUKAGAWA,深川,フカガワ,FUKAGAWA,43.718,142.073,55,10,,,43.718,142.073,55,1,1,1,1,1,,0,2009/10/19,2021/3/1,15161,0,0,0,0,0,,0
15161,深川,フカガワ,FUKAGAWA,深川,フカガワ,FUKAGAWA,43.718,142.073,55,10,,,43.718,142.073,55,1,1,1,2,1,,0,2021/3/2,9999-99-99,15161,0,0,0,6,0,,0
15171,常盤山,トキワヤマ,TOKIWAYAMA,,,,43.76,142.202,560,,,,,,,1,0,0,0,0,,0,1974/11/1,1984/10/3,15171,1,1,1,1,1,,1
15196,桜山,サクラヤマ,SAKURAYAMA,,,,43.682,141.85,230,,,,,,,1,0,0,0,0,,0,1978/8/11,2005/11/1,15196,1,1,1,1,1,,1
15197,雨竜,ウリュウ,URYU,,,,43.66,141.892,42,,,,,,,1,0,0,0,0,,0,2005/11/1,9999-99-99,15197,1,1,1,1,1,,1
15216,新城,シンジョウ,SHINJO,,,,43.612,142.203,147,,,,,,,1,0,0,0,0,,0,1984/10/5,9999-99-99,15216,1,1,1,1,1,,1
15231,空知吉野,ソラチヨシノ,SORACHIYOSHINO,,,,43.595,141.732,100,8,,,,,,1,1,1,1,0,,0,1978/10/31,1988/5/19,15231,1,1,1,1,1,,1
15231,空知吉野,ソラチヨシノ,SORACHIYOSHINO,,,,43.595,141.732,100,8,,,,,,1,1,1,1,0,,0,1988/5/20,2008/12/10,15231,0,0,0,1,0,,0
15231,空知吉野,ソラチヨシノ,SORACHIYOSHINO,,,,43.595,141.732,100,8,,,,,,1,1,1,1,0,,0,2008/12/11,2009/10/21,15231,0,4,4,4,0,,0
15231,空知吉野,ソラチヨシノ,SORACHIYOSHINO,,,,43.595,141.732,100,10,,,,,,1,1,1,1,0,,0,2009/10/22,2021/3/1,15231,0,0,0,0,0,,0
15231,空知吉野,ソラチヨシノ,SORACHIYOSHINO,,,,43.595,141.732,100,10,,,,,,1,1,1,2,0,,0,2021/3/2,9999-99-99,15231,0,0,0,6,0,,0
15241,滝川,タキカワ,TAKIKAWA,,,,43.57,141.94,48,,,,,,,1,0,0,0,0,,0,1974/11/1,1976/3/31,15241,1,1,1,1,1,,1
15241,滝川,タキカワ,TAKIKAWA,,,,43.57,141.94,48,6.5,,,,,,1,1,1,1,0,,0,1976/4/1,1982/10/30,15241,0,0,0,0,0,,0
15241,滝川,タキカワ,TAKIKAWA,滝川,タキカワ,TAKIKAWA,43.57,141.94,48,6.5,,,43.57,141.94,48,1,1,1,1,1,,0,1982/10/31,1987/6/14,15241,0,0,0,0,0,,0
15241,滝川,タキカワ,TAKIKAWA,滝川,タキカワ,TAKIKAWA,43.57,141.94,48,6.5,,,43.57,141.94,48,1,1,1,1,1,,0,1987/6/15,2002/11/21,15241,0,0,0,1,0,,0
15241,滝川,タキカワ,TAKIKAWA,滝川,タキカワ,TAKIKAWA,43.57,141.938,50,9.6,,,43.57,141.938,50,1,1,1,1,1,,0,2002/11/22,2005/11/1,15241,0,0,0,0,0,,0
15241,滝川,タキカワ,TAKIKAWA,滝川,タキカワ,TAKIKAWA,43.57,141.938,50,9.6,,,43.57,141.938,50,1,1,1,1,1,,0,2005/11/2,2008/9/24,15241,0,0,0,4,0,,0
15241,滝川,タキカワ,TAKIKAWA,滝川,タキカワ,TAKIKAWA,43.57,141.938,50,9.6,,,43.57,141.938,50,1,1,1,1,1,,0,2008/9/25,2021/3/1,15241,0,4,4,0,0,,0
15241,滝川,タキカワ,TAKIKAWA,滝川,タキカワ,TAKIKAWA,43.57,141.938,50,9.6,,,43.57,141.938,50,1,1,1,2,1,,0,2021/3/2,2021/6/28,15241,0,0,0,6,0,,0
15241,滝川,タキカワ,TAKIKAWA,滝川,タキカワ,TAKIKAWA,43.57,141.938,50,10,,,43.57,141.938,50,1,1,1,2,1,,0,2021/6/29,2021/9/12,15241,0,0,0,0,0,,0
15241,滝川,タキカワ,TAKIKAWA,滝川,タキカワ,TAKIKAWA,43.57,141.938,50,9.9,,,43.57,141.938,50,1,1,1,2,1,,1,2021/9/13,9999-99-99,15241,0,0,0,0,0,,0
15246,神威岳,カモイダケ,KAMOIDAKE,,,,43.518,142.005,455,,,,,,,1,0,0,0,0,,0,1974/11/1,2005/10/31,15246,1,1,1,1,1,,1
15247,赤平,アカビラ,AKABIRA,,,,43.553,142.067,120,,,,,,,1,0,0,0,0,,0,2005/10/31,9999-99-99,15247,1,1,1,1,1,,1
15251,芦別,アシベツ,ASHIBETSU,,,,43.517,142.19,90,,,,,,,1,0,0,0,0,,0,1974/11/1,1978/10/24,15251,1,1,1,1,1,,1
15251,芦別,アシベツ,ASHIBETSU,,,,43.517,142.19,90,17.3,,,,,,1,1,1,1,0,,0,1978/10/25,1981/10/12,15251,0,0,0,0,0,,0
15251,芦別,アシベツ,ASHIBETSU,芦別,アシベツ,ASHIBETSU,43.517,142.19,90,17.3,,,43.517,142.19,90,1,1,1,1,1,,0,1981/10/13,1987/5/7,15251,0,0,0,0,0,,0
15251,芦別,アシベツ,ASHIBETSU,芦別,アシベツ,ASHIBETSU,43.517,142.19,90,17.3,,,43.517,142.19,90,1,1,1,1,1,,0,1987/5/8,2009/9/17,15251,0,0,0,1,0,,0
15251,芦別,アシベツ,ASHIBETSU,芦別,アシベツ,ASHIBETSU,43.517,142.19,90,17.3,,,43.517,142.19,90,1,1,1,1,1,,0,2009/9/18,2016/11/20,15251,0,4,4,4,0,,0
15251,芦別,アシベツ,ASHIBETSU,芦別,アシベツ,ASHIBETSU,43.52,142.19,91,10,,,43.52,142.19,91,1,1,1,1,1,,0,2016/11/21,2021/3/1,15251,0,0,0,0,0,,0
15251,芦別,アシベツ,ASHIBETSU,芦別,アシベツ,ASHIBETSU,43.52,142.19,91,10,,,43.52,142.19,91,1,1,1,2,1,,0,2021/3/2,9999-99-99,15251,0,0,0,6,0,,0
15271,晩生内,オソキナイ,OSOKINAI,,,,43.405,141.75,140,,,,,,,1,0,0,0,0,,0,1978/8/10,1983/8/1,15271,1,1,1,1,1,,1
15276,浦臼,ウラウス,URAUSU,,,,43.428,141.808,25,,,,,,,1,0,0,0,0,,0,1983/8/2,9999-99-99,15276,1,1,1,1,1,,1
15311,月形,ツキガタ,TSUKIGATA,,,,43.33,141.617,50,,,,,,,1,0,0,0,0,,0,1975/5/16,1977/10/5,15311,1,1,1,1,1,,1
15311,月形,ツキガタ,TSUKIGATA,,,,43.33,141.617,50,8,,,,,,1,1,1,1,0,,0,1977/10/6,1986/5/18,15311,0,0,0,0,0,,0
15311,月形,ツキガタ,TSUKIGATA,,,,43.33,141.617,50,8,,,,,,1,1,1,1,0,,0,1986/5/19,2008/12/15,15311,0,0,0,1,0,,0
15311,月形,ツキガタ,TSUKIGATA,,,,43.33,141.617,50,8,,,,,,1,1,1,1,0,,0,2008/12/16,2009/10/25,15311,0,4,4,4,0,,0
15311,月形,ツキガタ,TSUKIGATA,,,,43.33,141.617,50,10,,,,,,1,1,1,1,0,,0,2009/10/26,2021/3/1,15311,0,0,0,0,0,,0
15311,月形,ツキガタ,TSUKIGATA,,,,43.33,141.617,50,10,,,,,,1,1,1,2,0,,0,2021/3/2,9999-99-99,15311,0,0,0,6,0,,0
15321,美唄,ビバイ,BIBAI,,,,43.333,141.85,25,,,,,,,1,0,0,0,0,,0,1974/11/1,1977/10/4,15321,1,1,1,1,1,,1
15321,美唄,ビバイ,BIBAI,,,,43.333,141.85,25,6.5,,,,,,1,1,1,1,0,,0,1977/10/5,1981/10/12,15321,0,0,0,0,0,,0
15321,美唄,ビバイ,BIBAI,美唄,ビバイ,BIBAI,43.333,141.85,25,6.5,,,43.362,141.827,16,1,1,1,1,1,,0,1981/10/13,1987/7/8,15321,0,0,0,0,0,,0
15321,美唄,ビバイ,BIBAI,美唄,ビバイ,BIBAI,43.333,141.85,25,6.5,,,43.362,141.827,16,1,1,1,1,1,,0,1987/7/9,1993/11/16,15321,0,0,0,1,0,,0
15321,美唄,ビバイ,BIBAI,美唄,ビバイ,BIBAI,43.363,141.827,16,6.5,,,43.363,141.827,16,1,1,1,1,1,,0,1993/11/17,2009/9/24,15321,0,0,0,0,0,,0
15321,美唄,ビバイ,BIBAI,美唄,ビバイ,BIBAI,43.363,141.827,16,10,,,43.363,141.827,16,1,1,1,1,1,,0,2009/9/25,2021/3/1,15321,0,4,4,4,0,,0
15321,美唄,ビバイ,BIBAI,美唄,ビバイ,BIBAI,43.363,141.827,16,10,,,43.363,141.827,16,1,1,1,2,1,,0,2021/3/2,9999-99-99,15321,0,0,0,6,0,,0
15356,岩見沢,イワミザワ,IWAMIZAWA,,,,43.212,141.78,33,,,,,,,1,0,0,0,0,,0,1974/11/1,1975/4/2,15356,1,1,1,1,1,,1
15356,岩見沢,イワミザワ,IWAMIZAWA,,,,43.212,141.785,42,21.9,,,,,,1,1,1,1,0,,0,1975/4/3,1986/12/31,15356,0,0,0,0,0,,0
15356,岩見沢,イワミザワ,IWAMIZAWA,,,,43.212,141.785,42,21.9,,,,,,1,1,1,1,0,,0,1987/1/1,1999/2/28,15356,0,0,0,1,0,,0
15356,岩見沢,イワミザワ,IWAMIZAWA,岩見沢,イワミザワ,IWAMIZAWA,43.212,141.785,42,21.9,,,43.212,141.785,42,1,1,1,1,1,,0,1999/3/1,2008/3/25,15356,0,0,0,0,0,,0
15356,岩見沢,イワミザワ,IWAMIZAWA,岩見沢,イワミザワ,IWAMIZAWA,43.212,141.785,42,21.9,,,43.212,141.785,42,1,1,1,1,1,,0,2008/3/26,2011/10/12,15356,0,4,4,0,0,,0
15356,岩見沢,イワミザワ,IWAMIZAWA,岩見沢,イワミザワ,IWAMIZAWA,43.212,141.785,42,22.1,,,43.212,141.785,42,1,1,1,1,1,,0,2011/10/13,2021/3/1,15356,0,0,0,0,0,,0
15356,岩見沢,イワミザワ,IWAMIZAWA,岩見沢,イワミザワ,IWAMIZAWA,43.212,141.785,42,22.1,,,43.212,141.785,42,1,1,1,1,1,,1,2021/3/2,9999-99-99,15356,0,0,0,0,0,,0
15366,下桂沢,シモカツラザワ,SHIMOKATSURAZAWA,,,,43.257,141.968,265,,,,,,,1,0,0,0,0,,0,1974/11/1,2008/9/1,15366,1,1,1,1,1,,1
15391,栗沢,クリサワ,KURISAWA,,,,43.122,141.745,20,,,,,,,1,0,0,0,0,,0,1975/6/7,9999-99-99,15391,1,1,1,1,1,,1
15431,長沼,ナガヌマ,NAGANUMA,,,,43.02,141.697,16,,,,,,,1,0,0,0,0,,0,1974/11/1,1977/10/4,15431,1,1,1,1,1,,1
15431,長沼,ナガヌマ,NAGANUMA,,,,43.02,141.697,16,6.5,,,,,,1,1,1,1,0,,0,1977/10/5,1990/3/8,15431,0,0,0,0,0,,0
15431,長沼,ナガヌマ,NAGANUMA,,,,43.012,141.693,13,6.5,,,,,,1,1,1,1,0,,0,1990/3/9,2005/11/7,15431,0,0,0,1,0,,0
15431,長沼,ナガヌマ,NAGANUMA,,,,43.012,141.693,13,6.5,,,,,,1,1,1,1,0,,0,2005/11/8,2008/9/16,15431,0,0,0,4,0,,0
15431,長沼,ナガヌマ,NAGANUMA,,,,43.012,141.693,13,6.5,,,,,,1,1,1,1,0,,0,2008/9/17,2009/10/27,15431,0,4,4,0,0,,0
15431,長沼,ナガヌマ,NAGANUMA,,,,43.012,141.693,13,10,,,,,,1,1,1,1,0,,0,2009/10/28,2021/3/1,15431,0,0,0,0,0,,0
15431,長沼,ナガヌマ,NAGANUMA,,,,43.012,141.693,13,10,,,,,,1,1,1,2,0,,0,2021/3/2,2021/3/10,15431,0,0,0,6,0,,0
15431,長沼,ナガヌマ,NAGANUMA,,,,43.012,141.693,13,10.1,,,,,,1,1,1,2,0,,1,2021/3/11,9999-99-99,15431,0,0,0,0,0,,0
15441,丁未山,テイミヤマ,TEIMIYAMA,,,,43.082,141.957,663,,,,,,,1,0,0,0,0,,0,1974/11/1,1983/7/29,15441,1,1,1,1,1,,1
15442,夕張,ユウバリ,YUBARI,,,,43.038,141.957,293,,,,,,,1,0,0,0,0,,0,1974/11/1,1976/3/31,15442,1,1,1,1,1,,1
15442,夕張,ユウバリ,YUBARI,,,,43.038,141.957,293,11.5,,,,,,1,1,1,1,0,,0,1976/4/1,1979/10/30,15442,0,0,0,0,0,,0
15442,夕張,ユウバリ,YUBARI,夕張,ユウバリ,YUBARI,43.038,141.957,293,11.5,,,43.038,141.957,293,1,1,1,1,1,,0,1979/10/31,1987/1/29,15442,0,0,0,0,0,,0
15442,夕張,ユウバリ,YUBARI,夕張,ユウバリ,YUBARI,43.038,141.957,293,11.5,,,43.038,141.957,293,1,1,1,1,1,,0,1987/1/30,2005/11/9,15442,0,0,0,1,0,,0
15442,夕張,ユウバリ,YUBARI,夕張,ユウバリ,YUBARI,43.038,141.957,293,9.4,,,43.038,141.957,293,1,1,1,1,1,,0,2005/11/10,2008/9/18,15442,0,0,0,4,0,,0
15442,夕張,ユウバリ,YUBARI,夕張,ユウバリ,YUBARI,43.038,141.957,293,9.4,,,43.038,141.957,293,1,1,1,1,1,,0,2008/9/19,2020/10/21,15442,0,4,4,0,0,,0
15442,夕張,ユウバリ,YUBARI,夕張,ユウバリ,YUBARI,43.038,141.957,293,10,,,43.038,141.957,293,1,1,1,1,1,,0,2020/10/22,2021/3/1,15442,0,0,0,0,0,,0
15442,夕張,ユウバリ,YUBARI,夕張,ユウバリ,YUBARI,43.038,141.957,293,10,,,43.038,141.957,293,1,1,1,2,1,,0,2021/3/2,2021/3/11,15442,0,0,0,6,0,,0
15442,夕張,ユウバリ,YUBARI,夕張,ユウバリ,YUBARI,43.038,141.957,293,10.1,,,43.038,141.957,293,1,1,1,2,1,,1,2021/3/12,9999-99-99,15442,0,0,0,0,0,,0
15451,鹿島,カシマ,KASHIMA,,,,43.078,142.098,313,,,,,,,1,0,0,0,0,,0,1983/8/2,1999/8/3,15451,1,1,1,1,1,,1
15451,鹿島,カシマ,KASHIMA,,,,43.08,142.1,310,,,,,,,1,0,0,0,0,,0,1999/8/4,9999-99-99,15451,0,0,0,0,0,,0
15491,沼の沢,ヌマノサワ,NUMANOSAWA,,,,42.96,142.02,161,,,,,,,1,0,0,0,0,,0,1983/8/2,9999-99-99,15491,1,1,1,1,1,,1
15496,登川山,ノボリカワヤマ,NOBORIKAWAYAMA,,,,42.923,142.095,365,,,,,,,1,0,0,0,0,,0,1974/11/1,1983/7/29,15496,1,1,1,1,1,,1
16026,美国,ビクニ,BIKUNI,,,,43.272,140.563,75,,,,,,,1,0,0,0,0,,0,1974/11/1,1977/10/24,16026,1,1,1,1,1,,1
16026,美国,ビクニ,BIKUNI,,,,43.272,140.563,75,8,,,,,,1,1,1,1,0,,0,1977/10/25,1986/6/5,16026,0,0,0,0,0,,0
16026,美国,ビクニ,BIKUNI,,,,43.272,140.563,75,8,,,,,,1,1,1,1,0,,0,1986/6/6,2008/12/4,16026,0,0,0,1,0,,0
16026,美国,ビクニ,BIKUNI,,,,43.272,140.563,75,10,,,,,,1,1,1,1,0,,0,2008/12/5,2021/3/1,16026,0,4,4,4,0,,0
16026,美国,ビクニ,BIKUNI,,,,43.272,140.563,75,10,,,,,,1,1,1,2,0,,0,2021/3/2,9999-99-99,16026,0,0,0,6,0,,0
16061,神恵内,カモエナイ,KAMOENAI,,,,43.145,140.423,50,6.5,,,,,,1,1,1,1,0,,0,1977/10/24,1989/5/17,16061,1,1,1,1,1,,1
16061,神恵内,カモエナイ,KAMOENAI,,,,43.145,140.423,50,6.5,,,,,,1,1,1,1,0,,0,1989/5/18,2006/10/4,16061,0,0,0,1,0,,0
16061,神恵内,カモエナイ,KAMOENAI,,,,43.145,140.423,50,6.5,,,,,,1,1,1,1,0,,0,2006/10/5,2008/10/2,16061,0,0,0,4,0,,0
16061,神恵内,カモエナイ,KAMOENAI,,,,43.145,140.423,50,6.5,,,,,,1,1,1,1,0,,0,2008/10/3,2009/10/16,16061,0,4,4,0,0,,0
16061,神恵内,カモエナイ,KAMOENAI,,,,43.145,140.423,50,10,,,,,,1,1,1,1,0,,0,2009/10/17,2021/3/1,16061,0,0,0,0,0,,0
16061,神恵内,カモエナイ,KAMOENAI,,,,43.145,140.423,50,10,,,,,,1,1,1,2,0,,0,2021/3/2,2021/10/17,16061,0,0,0,6,0,,0
16061,神恵内,カモエナイ,KAMOENAI,,,,43.145,140.423,50,9.9,,,,,,1,1,1,2,0,,1,2021/10/18,9999-99-99,16061,0,0,0,0,0,,0
16076,余市,ヨイチ,YOICHI,,,,43.182,140.758,20,,,,,,,1,0,0,0,0,,0,1974/11/1,1977/10/28,16076,1,1,1,1,1,,1
16076,余市,ヨイチ,YOICHI,,,,43.182,140.758,20,8,,,,,,1,1,1,1,0,,0,1977/10/29,1981/10/7,16076,0,0,0,0,0,,0
16076,余市,ヨイチ,YOICHI,余市,ヨイチ,YOICHI,43.182,140.758,20,8,,,43.182,140.758,20,1,1,1,1,1,,0,1981/10/8,1990/7/2,16076,0,0,0,0,0,,0
16076,余市,ヨイチ,YOICHI,余市,ヨイチ,YOICHI,43.182,140.758,20,8,,,43.182,140.758,20,1,1,1,1,1,,0,1990/7/3,2007/12/10,16076,0,0,0,1,0,,0
16076,余市,ヨイチ,YOICHI,余市,ヨイチ,YOICHI,43.182,140.758,20,8,,,43.182,140.758,20,1,1,1,1,1,,0,2007/12/11,2008/3/25,16076,0,0,0,4,0,,0
16076,余市,ヨイチ,YOICHI,余市,ヨイチ,YOICHI,43.182,140.758,20,8,,,43.182,140.758,20,1,1,1,1,1,,0,2008/3/26,2009/10/20,16076,0,4,4,0,0,,0
16076,余市,ヨイチ,YOICHI,余市,ヨイチ,YOICHI,43.182,140.758,20,10,,,43.182,140.758,20,1,1,1,1,1,,0,2009/10/21,2021/3/1,16076,0,0,0,0,0,,0
16076,余市,ヨイチ,YOICHI,余市,ヨイチ,YOICHI,43.182,140.758,20,10,,,43.182,140.758,20,1,1,1,2,1,,0,2021/3/2,9999-99-99,16076,0,0,0,6,0,,0
16091,小樽,オタル,OTARU,,,,43.182,141.015,25,,,,,,,1,0,0,0,0,,0,1974/11/1,1975/12/22,16091,1,1,1,1,1,,1
16091,小樽,オタル,OTARU,,,,43.182,141.015,25,12.2,,,,,,1,1,1,1,0,,0,1975/12/23,1985/12/31,16091,0,0,0,0,0,,0
16091,小樽,オタル,OTARU,,,,43.182,141.015,25,12.2,,,,,,1,1,1,1,0,,0,1986/1/1,1999/2/28,16091,0,0,0,1,0,,0
16091,小樽,オタル,OTARU,小樽,オタル,OTARU,43.182,141.015,25,12.2,,,43.182,141.015,25,1,1,1,1,1,,0,1999/3/1,2000/11/30,16091,0,0,0,0,0,,0
16091,小樽,オタル,OTARU,小樽,オタル,OTARU,43.182,141.015,25,13.4,,,43.182,141.015,25,1,1,1,1,1,,0,2000/12/1,2008/3/25,16091,0,0,0,0,0,,0
16091,小樽,オタル,OTARU,小樽,オタル,OTARU,43.182,141.015,25,13.4,,,43.182,141.015,25,1,1,1,1,1,,0,2008/3/26,2012/10/17,16091,0,4,4,0,0,,0
16091,小樽,オタル,OTARU,小樽,オタル,OTARU,43.182,141.015,25,13.6,,,43.182,141.015,25,1,1,1,1,1,,0,2012/10/18,2021/3/1,16091,0,0,0,0,0,,0
16091,小樽,オタル,OTARU,小樽,オタル,OTARU,43.182,141.015,25,13.6,,,43.182,141.015,25,1,1,1,1,1,,1,2021/3/2,9999-99-99,16091,0,0,0,0,0,,0
16126,赤井川,アカイガワ,AKAIGAWA,,,,43.088,140.817,135,,,,43.083,140.817,135,1,0,0,0,0,,0,1976/5/12,1988/10/13,16126,1,1,1,1,1,,1
16126,赤井川,アカイガワ,AKAIGAWA,赤井川,アカイガワ,AKAIGAWA,43.088,140.817,135,,,,43.083,140.817,135,1,0,0,0,1,,0,1988/10/14,1996/10/13,16126,0,0,0,0,0,,0
16126,赤井川,アカイガワ,AKAIGAWA,赤井川,アカイガワ,AKAIGAWA,43.083,140.82,148,,,,43.083,140.82,148,1,0,0,0,1,,0,1996/10/14,9999-99-99,16126,0,0,0,0,0,,0
16156,岩内,イワナイ,IWANAI,,,,42.985,140.525,20,,,,,,,1,0,0,0,0,,0,1974/11/1,1977/10/23,16156,1,1,1,1,1,,1
16156,岩内,イワナイ,IWANAI,,,,42.985,140.525,20,6.5,,,,,,1,1,1,1,0,,0,1977/10/24,1984/9/29,16156,0,0,0,0,0,,0
16156,岩内,イワナイ,IWANAI,岩内,イワナイ,IWANAI,42.985,140.525,20,6.5,,,42.985,140.543,33,1,1,1,1,1,,0,1984/9/30,1984/11/13,16156,0,0,0,0,0,,0
16156,岩内,イワナイ,IWANAI,岩内,イワナイ,IWANAI,42.985,140.543,33,6.5,,,42.985,140.543,33,1,1,1,1,1,,0,1984/11/14,1990/5/6,16156,0,0,0,0,0,,0
16156,岩内,イワナイ,IWANAI,岩内,イワナイ,IWANAI,42.985,140.543,33,6.5,,,42.985,140.543,33,1,1,1,1,1,,0,1990/5/7,2008/11/12,16156,0,0,0,1,0,,0
16156,共和,キョウワ,KYOWA,共和,キョウワ,KYOWA,42.98,140.603,15,10,,,42.98,140.603,15,1,1,1,1,1,,0,2008/11/13,2021/3/1,16156,0,4,4,4,0,,0
16156,共和,キョウワ,KYOWA,共和,キョウワ,KYOWA,42.98,140.603,15,10,,,42.98,140.603,15,1,1,1,2,1,,0,2021/3/2,9999-99-99,16156,0,0,0,6,0,,0
16206,蘭越,ランコシ,RANKOSHI,,,,42.807,140.527,24,,,,,,,1,0,0,0,0,,0,1974/11/1,1977/10/19,16206,1,1,1,1,1,,1
16206,蘭越,ランコシ,RANKOSHI,,,,42.807,140.527,24,8,,,,,,1,1,1,1,0,,0,1977/10/20,1981/10/8,16206,0,0,0,0,0,,0
16206,蘭越,ランコシ,RANKOSHI,蘭越,ランコシ,RANKOSHI,42.807,140.527,24,8,,,42.807,140.527,24,1,1,1,1,1,,0,1981/10/9,1986/5/12,16206,0,0,0,0,0,,0
16206,蘭越,ランコシ,RANKOSHI,蘭越,ランコシ,RANKOSHI,42.807,140.527,24,8,,,42.807,140.527,24,1,1,1,1,1,,0,1986/5/13,1997/10/20,16206,0,0,0,1,0,,0
16206,蘭越,ランコシ,RANKOSHI,蘭越,ランコシ,RANKOSHI,42.81,140.542,39,8,,,42.81,140.542,39,1,1,1,1,1,,0,1997/10/21,2009/9/28,16206,0,0,0,0,0,,0
16206,蘭越,ランコシ,RANKOSHI,蘭越,ランコシ,RANKOSHI,42.81,140.542,39,8,,,42.81,140.542,39,1,1,1,1,1,,0,2009/9/29,2021/3/1,16206,0,4,4,4,0,,0
16206,蘭越,ランコシ,RANKOSHI,蘭越,ランコシ,RANKOSHI,42.81,140.542,39,8,,,42.81,140.542,39,1,1,1,2,1,,0,2021/3/2,9999-99-99,16206,0,0,0,6,0,,0
16216,倶知安,クッチャン,KUTCHAN,,,,42.897,140.75,174,,,,,,,1,0,0,0,0,,0,1974/11/1,1975/3/31,16216,1,1,1,1,1,,1
16216,倶知安,クッチャン,KUTCHAN,,,,42.897,140.75,174,11.6,,,,,,1,1,1,1,0,,0,1975/4/1,1986/12/31,16216,0,0,0,0,0,,0
16216,倶知安,クッチャン,KUTCHAN,,,,42.897,140.75,174,11.6,,,,,,1,1,1,1,0,,0,1987/1/1,1991/8/28,16216,0,0,0,1,0,,0
16217,倶知安,クッチャン,KUTCHAN,,,,42.9,140.757,176,30.4,,,,,,1,1,1,1,0,,0,1991/8/28,1997/12/18,16216,0,1,0,0,0,,0
16217,倶知安,クッチャン,KUTCHAN,,,,42.9,140.757,176,30.3,,,,,,1,1,1,1,0,,0,1997/12/19,1999/2/28,16217,0,0,0,0,0,,0
16217,倶知安,クッチャン,KUTCHAN,倶知安,クッチャン,KUTCHAN,42.9,140.757,176,30.3,,,42.9,140.757,176,1,1,1,1,1,,0,1999/3/1,2006/9/30,16217,0,0,0,0,0,,0
16217,倶知安,クッチャン,KUTCHAN,倶知安,クッチャン,KUTCHAN,42.9,140.757,176,31.5,,,42.9,140.757,176,1,1,1,1,1,,0,2006/10/1,2008/3/25,16217,0,0,0,0,0,,0
16217,倶知安,クッチャン,KUTCHAN,倶知安,クッチャン,KUTCHAN,42.9,140.757,176,31.5,,,42.9,140.757,176,1,1,1,1,1,,0,2008/3/26,2011/10/26,16217,0,4,4,0,0,,0
16217,倶知安,クッチャン,KUTCHAN,倶知安,クッチャン,KUTCHAN,42.9,140.757,176,30.8,,,42.9,140.757,176,1,1,1,1,1,,0,2011/10/27,2021/3/1,16217,0,0,0,0,0,,0
16217,倶知安,クッチャン,KUTCHAN,倶知安,クッチャン,KUTCHAN,42.9,140.757,176,30.8,,,42.9,140.757,176,1,1,1,1,1,,1,2021/3/2,9999-99-99,16217,0,0,0,0,0,,0
16226,脇方台地,ワキカタダイチ,WAKIKATADAICHI,,,,42.877,140.945,525,,,,,,,1,0,0,0,0,,0,1974/11/1,2004/5/1,16226,1,1,1,1,1,,1
16251,寿都,スッツ,SUTTSU,,,,42.792,140.235,16,,,,,,,1,0,0,0,0,,0,1974/11/1,1975/12/13,16251,1,1,1,1,1,,1
16251,寿都,スッツ,SUTTSU,,,,42.792,140.235,16,9.9,,,,,,1,1,1,1,0,,0,1975/12/14,1985/12/31,16251,0,0,0,0,0,,0
16251,寿都,スッツ,SUTTSU,,,,42.792,140.235,16,9.9,,,,,,1,1,1,1,0,,0,1986/1/1,1989/9/22,16251,0,0,0,1,0,,0
16252,寿都,スッツ,SUTTSU,,,,42.795,140.223,33,13.4,,,,,,1,1,1,1,0,,0,1989/9/22,1999/2/28,16251,0,0,0,0,0,,0
16252,寿都,スッツ,SUTTSU,寿都,スッツ,SUTTSU,42.795,140.223,33,13.4,,,42.795,140.223,33,1,1,1,1,1,,0,1999/3/1,2008/3/25,16252,0,0,0,0,0,,0
16252,寿都,スッツ,SUTTSU,寿都,スッツ,SUTTSU,42.795,140.223,33,13.4,,,42.795,140.223,33,1,1,1,1,1,,0,2008/3/26,2008/9/10,16252,0,4,4,0,0,,0
16252,寿都,スッツ,SUTTSU,寿都,スッツ,SUTTSU,42.795,140.223,33,17.4,,,42.795,140.223,33,1,1,1,1,1,,0,2008/9/11,2011/9/20,16252,0,0,0,0,0,,0
16252,寿都,スッツ,SUTTSU,寿都,スッツ,SUTTSU,42.795,140.223,33,17.6,,,42.795,140.223,33,1,1,1,1,1,,0,2011/9/21,2021/3/1,16252,0,0,0,0,0,,0
16252,寿都,スッツ,SUTTSU,寿都,スッツ,SUTTSU,42.795,140.223,33,17.6,,,42.795,140.223,33,1,1,1,1,1,,1,2021/3/2,9999-99-99,16252,0,0,0,0,0,,0
16271,桂台,カツラダイ,KATSURADAI,,,,42.743,140.613,425,,,,,,,1,0,0,0,0,,0,1974/11/1,1986/9/28,16271,1,1,1,1,1,,1
16271,桂台,カツラダイ,KATSURADAI,,,,42.752,140.618,333,,,,,,,1,0,0,0,0,,0,1986/9/29,2010/3/11,16271,0,0,0,0,0,,0
16272,ニセコ,ニセコ,NISEKO,,,,42.778,140.667,113,,,,,,,1,0,0,0,0,,0,2010/3/11,9999-99-99,16272,1,1,1,1,1,,1
16281,真狩,マッカリ,MAKKARI,,,,42.775,140.882,440,,,,,,,1,0,0,0,0,,0,1975/7/1,1978/10/26,16281,1,1,1,1,1,,1
16281,真狩,マッカリ,MAKKARI,,,,42.775,140.88,440,8,,,,,,1,1,1,1,0,,0,1978/10/27,1987/5/20,16281,0,0,0,0,0,,0
16281,真狩,マッカリ,MAKKARI,,,,42.775,140.88,440,8,,,,,,1,1,1,1,0,,0,1987/5/21,2009/1/13,16281,0,0,0,1,0,,0
16281,真狩,マッカリ,MAKKARI,,,,42.775,140.88,440,8,,,,,,1,1,1,1,0,,0,2009/1/14,2009/10/15,16281,0,4,4,4,0,,0
16281,真狩,マッカリ,MAKKARI,,,,42.775,140.88,440,10,,,,,,1,1,1,1,0,,0,2009/10/16,2021/3/1,16281,0,0,0,0,0,,0
16281,真狩,マッカリ,MAKKARI,,,,42.775,140.88,440,10,,,,,,1,1,1,2,0,,0,2021/3/2,9999-99-99,16281,0,0,0,6,0,,0
16286,喜茂別,キモベツ,KIMOBETSU,,,,42.793,140.948,264,,,,,,,1,0,0,0,0,,0,1974/11/1,1977/10/20,16286,1,1,1,1,1,,1
16286,喜茂別,キモベツ,KIMOBETSU,,,,42.793,140.948,264,8,,,,,,1,1,1,1,0,,0,1977/10/21,1981/10/6,16286,0,0,0,0,0,,0
16286,喜茂別,キモベツ,KIMOBETSU,喜茂別,キモベツ,KIMOBETSU,42.793,140.948,264,8,,,42.793,140.948,264,1,1,1,1,1,,0,1981/10/7,1988/5/8,16286,0,0,0,0,0,,0
16286,喜茂別,キモベツ,KIMOBETSU,喜茂別,キモベツ,KIMOBETSU,42.793,140.948,264,8,,,42.793,140.948,264,1,1,1,1,1,,0,1988/5/9,2008/11/10,16286,0,0,0,1,0,,0
16286,喜茂別,キモベツ,KIMOBETSU,喜茂別,キモベツ,KIMOBETSU,42.793,140.948,264,10,,,42.793,140.948,264,1,1,1,1,1,,0,2008/11/11,2021/3/1,16286,0,4,4,4,0,,0
16286,喜茂別,キモベツ,KIMOBETSU,喜茂別,キモベツ,KIMOBETSU,42.793,140.948,264,10,,,42.793,140.948,264,1,1,1,2,1,,0,2021/3/2,9999-99-99,16286,0,0,0,6,0,,0
16321,黒松内,クロマツナイ,KUROMATSUNAI,,,,42.667,140.307,25,,,,,,,1,0,0,0,0,,0,1974/11/1,1977/10/19,16321,1,1,1,1,1,,1
16321,黒松内,クロマツナイ,KUROMATSUNAI,,,,42.663,140.31,27,8,,,,,,1,1,1,1,0,,0,1977/10/20,1981/10/8,16321,0,0,0,0,0,,0
16321,黒松内,クロマツナイ,KUROMATSUNAI,黒松内,クロマツナイ,KUROMATSUNAI,42.663,140.31,27,8,,,42.663,140.31,27,1,1,1,1,1,,0,1981/10/9,1989/5/23,16321,0,0,0,0,0,,0
16321,黒松内,クロマツナイ,KUROMATSUNAI,黒松内,クロマツナイ,KUROMATSUNAI,42.663,140.31,27,8,,,42.663,140.31,27,1,1,1,1,1,,0,1989/5/24,2009/9/28,16321,0,0,0,1,0,,0
16321,黒松内,クロマツナイ,KUROMATSUNAI,黒松内,クロマツナイ,KUROMATSUNAI,42.663,140.31,27,10,,,42.663,140.31,27,1,1,1,1,1,,0,2009/9/29,2021/3/1,16321,0,4,4,4,0,,0
16321,黒松内,クロマツナイ,KUROMATSUNAI,黒松内,クロマツナイ,KUROMATSUNAI,42.663,140.31,27,10,,,42.663,140.31,27,1,1,1,2,1,,0,2021/3/2,9999-99-99,16321,0,0,0,6,0,,0
17036,雄武,オウム,OMU,,,,44.58,142.963,14,,,,,,,1,0,0,0,0,,0,1974/11/1,1975/11/30,17036,1,1,1,1,1,,1
17036,雄武,オウム,OMU,,,,44.58,142.963,14,11.3,,,,,,1,1,1,1,0,,0,1975/12/1,1988/12/31,17036,0,0,0,0,0,,0
17036,雄武,オウム,OMU,,,,44.58,142.963,14,11.3,,,,,,1,1,1,1,0,,0,1989/1/1,1999/2/28,17036,0,0,0,1,0,,0
17036,雄武,オウム,OMU,雄武,オウム,OMU,44.58,142.963,14,11.3,,,44.58,142.963,14,1,1,1,1,1,,0,1999/3/1,2004/9/30,17036,0,0,0,0,0,,0
17036,雄武,オウム,OMU,雄武,オウム,OMU,44.58,142.963,14,11.2,,,44.58,142.963,14,1,1,1,1,1,,0,2004/10/1,2007/9/25,17036,0,0,0,0,0,,0
17036,雄武,オウム,OMU,雄武,オウム,OMU,44.58,142.963,14,16.4,,,44.58,142.963,14,1,1,1,1,1,,0,2007/9/26,2008/3/25,17036,0,0,0,0,0,,0
17036,雄武,オウム,OMU,雄武,オウム,OMU,44.58,142.963,14,16.4,,,44.58,142.963,14,1,1,1,1,1,,0,2008/3/26,2014/10/15,17036,0,4,4,0,0,,0
17036,雄武,オウム,OMU,雄武,オウム,OMU,44.58,142.963,14,16.6,,,44.58,142.963,14,1,1,1,1,1,,0,2014/10/16,2021/3/1,17036,0,0,0,0,0,,0
17036,雄武,オウム,OMU,雄武,オウム,OMU,44.58,142.963,14,16.6,,,44.58,142.963,14,1,1,1,1,1,,1,2021/3/2,9999-99-99,17036,0,0,0,0,0,,0
17076,興部,オコッペ,OKOPPE,,,,44.47,143.108,8,,,,,,,1,0,0,0,0,,0,1974/11/1,1977/10/27,17076,1,1,1,1,1,,1
17076,興部,オコッペ,OKOPPE,,,,44.47,143.108,8,6.5,,,,,,1,1,1,1,0,,0,1977/10/28,1987/6/1,17076,0,0,0,0,0,,0
17076,興部,オコッペ,OKOPPE,,,,44.47,143.108,8,6.5,,,,,,1,1,1,1,0,,0,1987/6/2,2006/10/23,17076,0,0,0,1,0,,0
17076,興部,オコッペ,OKOPPE,,,,44.47,143.108,8,10,,,,,,1,1,1,1,0,,0,2006/10/24,2008/10/3,17076,0,0,0,4,0,,0
17076,興部,オコッペ,OKOPPE,,,,44.47,143.108,8,10,,,,,,1,1,1,1,0,,0,2008/10/4,2021/3/1,17076,0,4,4,0,0,,0
17076,興部,オコッペ,OKOPPE,,,,44.47,143.108,8,10,,,,,,1,1,1,2,0,,0,2021/3/2,2021/10/21,17076,0,0,0,6,0,,0
17076,興部,オコッペ,OKOPPE,,,,44.47,143.108,8,9.9,,,,,,1,1,1,2,0,,1,2021/10/22,9999-99-99,17076,0,0,0,0,0,,0
17091,西興部,ニシオコッペ,NISHI-OKOPPE,,,,44.327,142.943,118,,,,,,,1,0,0,0,0,,0,1975/7/1,1977/10/27,17091,1,1,1,1,1,,1
17091,西興部,ニシオコッペ,NISHI-OKOPPE,,,,44.327,142.943,118,6.4,,,,,,1,1,1,1,0,,0,1977/10/28,1985/9/29,17091,0,0,0,0,0,,0
17091,西興部,ニシオコッペ,NISHI-OKOPPE,西興部,ニシオコッペ,NISHI-OKOPPE,44.327,142.943,118,6.4,,,44.337,142.955,110,1,1,1,1,1,,0,1985/9/30,1987/5/10,17091,0,0,0,0,0,,0
17091,西興部,ニシオコッペ,NISHI-OKOPPE,西興部,ニシオコッペ,NISHI-OKOPPE,44.327,142.943,118,6.4,,,44.337,142.955,110,1,1,1,1,1,,0,1987/5/11,1999/9/27,17091,0,0,0,1,0,,0
17091,西興部,ニシオコッペ,NISHI-OKOPPE,西興部,ニシオコッペ,NISHI-OKOPPE,44.332,142.935,120,8,,,44.332,142.935,120,1,1,1,1,1,,0,1999/9/28,2009/9/14,17091,0,0,0,0,0,,0
17091,西興部,ニシオコッペ,NISHI-OKOPPE,西興部,ニシオコッペ,NISHI-OKOPPE,44.332,142.935,120,8,,,44.332,142.935,120,1,1,1,1,1,,0,2009/9/15,2021/3/1,17091,0,4,4,4,0,,0
17091,西興部,ニシオコッペ,NISHI-OKOPPE,西興部,ニシオコッペ,NISHI-OKOPPE,44.332,142.935,120,8,,,44.332,142.935,120,1,1,1,2,1,,0,2021/3/2,9999-99-99,17091,0,0,0,6,0,,0
17111,紋別,モンベツ,MOMBETSU,,,,44.345,143.355,16,,,,,,,1,0,0,0,0,,0,1974/11/1,1975/3/23,17111,1,1,1,1,1,,1
17111,紋別,モンベツ,MOMBETSU,,,,44.345,143.355,16,13.4,,,,,,1,1,1,1,0,,0,1975/3/24,1982/12/31,17111,0,0,0,0,0,,0
17112,紋別,モンベツ,MOMBETSU,,,,44.345,143.355,16,18,,,,,,1,1,1,1,0,,0,1983/1/1,1986/12/31,17111,0,0,0,0,0,,0
17112,紋別,モンベツ,MOMBETSU,,,,44.345,143.355,16,18,,,,,,1,1,1,1,0,,0,1987/1/1,1999/2/28,17112,0,0,0,1,0,,0
17112,紋別,モンベツ,MOMBETSU,紋別,モンベツ,MOMBETSU,44.345,143.355,16,18,,,44.345,143.355,16,1,1,1,1,1,,0,1999/3/1,2007/10/2,17112,0,0,0,0,0,,0
17112,紋別,モンベツ,MOMBETSU,紋別,モンベツ,MOMBETSU,44.345,143.355,16,19.4,,,44.345,143.355,16,1,1,1,1,1,,0,2007/10/3,2008/3/25,17112,0,0,0,0,0,,0
17112,紋別,モンベツ,MOMBETSU,紋別,モンベツ,MOMBETSU,44.345,143.355,16,19.4,,,44.345,143.355,16,1,1,1,1,1,,0,2008/3/26,2009/9/9,17112,0,4,4,0,0,,0
17112,紋別,モンベツ,MOMBETSU,紋別,モンベツ,MOMBETSU,44.345,143.355,16,13.5,,,44.345,143.355,16,1,1,1,1,1,,0,2009/9/10,2012/10/3,17112,0,0,0,0,0,,0
17112,紋別,モンベツ,MOMBETSU,紋別,モンベツ,MOMBETSU,44.345,143.355,16,13.6,,,44.345,143.355,16,1,1,1,1,1,,0,2012/10/4,2021/3/1,17112,0,0,0,0,0,,0
17112,紋別,モンベツ,MOMBETSU,紋別,モンベツ,MOMBETSU,44.345,143.355,16,13.6,,,44.345,143.355,16,1,1,1,1,1,,1,2021/3/2,9999-99-99,17112,0,0,0,0,0,,0
17116,紋別小向,モンベツコムカイ,MOMBETSUKOMUKAI,,,,44.303,143.403,18,10.4,,,,,,1,1,1,0,0,,0,2003/1/1,2008/11/30,17116,1,1,1,1,1,,1
17116,紋別小向,モンベツコムカイ,MOMBETSUKOMUKAI,紋別小向,モンベツコムカイ,MOMBETSUKOMUKAI,44.303,143.403,18,10.4,,,44.303,143.403,18,1,1,1,0,1,,0,2008/12/1,2009/1/29,17116,0,0,0,0,0,,0
17116,紋別小向,モンベツコムカイ,MOMBETSUKOMUKAI,紋別小向,モンベツコムカイ,MOMBETSUKOMUKAI,44.303,143.403,18,10.4,,,44.303,143.403,18,1,1,1,0,1,,0,2009/1/30,9999-99-99,17116,0,4,4,0,0,,0
17166,湧別,ユウベツ,YUBETSU,,,,44.21,143.603,6,,,,,,,1,0,0,0,0,,0,1974/11/1,1977/10/25,17166,1,1,1,1,1,,1
17166,湧別,ユウベツ,YUBETSU,,,,44.21,143.603,6,6.5,,,,,,1,1,1,1,0,,0,1977/10/26,1987/4/30,17166,0,0,0,0,0,,0
17166,湧別,ユウベツ,YUBETSU,,,,44.21,143.603,6,6.5,,,,,,1,1,1,1,0,,0,1987/5/1,1997/12/9,17166,0,0,0,1,0,,0
17166,湧別,ユウベツ,YUBETSU,,,,44.213,143.618,5,9.4,,,,,,1,1,1,1,0,,0,1997/12/10,2009/1/21,17166,0,0,0,0,0,,0
17166,湧別,ユウベツ,YUBETSU,,,,44.213,143.618,5,9.4,,,,,,1,1,1,1,0,,0,2009/1/22,2021/3/1,17166,0,4,4,4,0,,0
17166,湧別,ユウベツ,YUBETSU,,,,44.213,143.618,5,9.4,,,,,,1,1,1,2,0,,0,2021/3/2,9999-99-99,17166,0,0,0,6,0,,0
17196,滝上,タキノウエ,TAKINOUE,,,,44.177,143.06,165,,,,,,,1,0,0,0,0,,0,1974/11/1,1977/10/26,17196,1,1,1,1,1,,1
17196,滝上,タキノウエ,TAKINOUE,,,,44.177,143.062,165,6.5,,,,,,1,1,1,1,0,,0,1977/10/27,1984/9/29,17196,0,0,0,0,0,,0
17196,滝上,タキノウエ,TAKINOUE,滝上,タキノウエ,TAKINOUE,44.177,143.062,165,6.5,,,44.177,143.062,165,1,1,1,1,1,,0,1984/9/30,1987/5/7,17196,0,0,0,0,0,,0
17196,滝上,タキノウエ,TAKINOUE,滝上,タキノウエ,TAKINOUE,44.177,143.062,165,6.5,,,44.177,143.062,165,1,1,1,1,1,,0,1987/5/8,2009/9/17,17196,0,0,0,1,0,,0
17196,滝上,タキノウエ,TAKINOUE,滝上,タキノウエ,TAKINOUE,44.177,143.062,165,10,,,44.177,143.062,165,1,1,1,1,1,,0,2009/9/18,2021/3/1,17196,0,4,4,4,0,,0
17196,滝上,タキノウエ,TAKINOUE,滝上,タキノウエ,TAKINOUE,44.177,143.062,165,10,,,44.177,143.062,165,1,1,1,2,1,,0,2021/3/2,9999-99-99,17196,0,0,0,6,0,,0
17211,上藻別,カミモベツ,KAMIMOBETSU,,,,44.2,143.342,80,,,,,,,1,0,0,0,0,,0,1974/11/1,1981/8/21,17211,1,1,1,1,1,,1
17211,上藻別,カミモベツ,KAMIMOBETSU,,,,44.188,143.337,85,,,,,,,1,0,0,0,0,,0,1981/8/22,2019/10/9,17211,0,0,0,0,0,,0
17211,上藻別,カミモベツ,KAMIMOBETSU,,,,44.187,143.335,94,,,,,,,1,0,0,0,0,,0,2019/10/10,9999-99-99,17211,0,0,0,0,0,,0
17246,常呂,トコロ,TOKORO,,,,44.115,144.045,8,,,,,,,1,0,0,0,0,,0,1974/11/1,1977/10/20,17246,1,1,1,1,1,,1
17246,常呂,トコロ,TOKORO,,,,44.117,144.048,4,6.5,,,,,,1,1,1,1,0,,0,1977/10/21,1986/5/12,17246,0,0,0,0,0,,0
17246,常呂,トコロ,TOKORO,,,,44.117,144.048,4,6.5,,,,,,1,1,1,1,0,,0,1986/5/13,2008/11/17,17246,0,0,0,1,0,,0
17246,常呂,トコロ,TOKORO,,,,44.115,144.037,3,10,,,,,,1,1,1,1,0,,0,2008/11/18,2021/3/1,17246,0,4,4,4,0,,0
17246,常呂,トコロ,TOKORO,,,,44.115,144.037,3,10,,,,,,1,1,1,2,0,,0,2021/3/2,9999-99-99,17246,0,0,0,6,0,,0
17306,遠軽,エンガル,ENGARU,,,,44.042,143.517,90,,,,,,,1,0,0,0,0,,0,1974/11/1,1977/10/23,17306,1,1,1,1,1,,1
17306,遠軽,エンガル,ENGARU,,,,44.042,143.517,90,6.5,,,,,,1,1,1,1,0,,0,1977/10/24,1984/9/29,17306,0,0,0,0,0,,0
17306,遠軽,エンガル,ENGARU,遠軽,エンガル,ENGARU,44.042,143.517,90,6.5,,,44.042,143.517,90,1,1,1,1,1,,0,1984/9/30,1990/7/16,17306,0,0,0,0,0,,0
17306,遠軽,エンガル,ENGARU,遠軽,エンガル,ENGARU,44.042,143.517,90,6.5,,,44.042,143.517,90,1,1,1,1,1,,0,1990/7/17,1996/12/25,17306,0,0,0,1,0,,0
17306,遠軽,エンガル,ENGARU,遠軽,エンガル,ENGARU,44.053,143.54,80,6.4,,,44.053,143.54,80,1,1,1,1,1,,0,1996/12/26,2007/12/10,17306,0,0,0,0,0,,0
17306,遠軽,エンガル,ENGARU,遠軽,エンガル,ENGARU,44.053,143.54,80,6.4,,,44.053,143.54,80,1,1,1,1,1,,0,2007/12/11,2008/3/25,17306,0,0,0,4,0,,0
17306,遠軽,エンガル,ENGARU,遠軽,エンガル,ENGARU,44.053,143.54,80,6.4,,,44.053,143.54,80,1,1,1,1,1,,0,2008/3/26,2020/11/4,17306,0,4,4,0,0,,0
17306,遠軽,エンガル,ENGARU,遠軽,エンガル,ENGARU,44.053,143.54,80,10,,,44.053,143.54,80,1,1,1,1,1,,0,2020/11/5,2021/3/1,17306,0,0,0,0,0,,0
17306,遠軽,エンガル,ENGARU,遠軽,エンガル,ENGARU,44.053,143.54,80,10,,,44.053,143.54,80,1,1,1,2,1,,0,2021/3/2,9999-99-99,17306,0,0,0,6,0,,0
17316,佐呂間,サロマ,SAROMA,,,,44.02,143.775,36,,,,,,,1,0,0,0,0,,0,1974/11/1,1977/10/20,17316,1,1,1,1,1,,1
17316,佐呂間,サロマ,SAROMA,,,,44.02,143.775,36,6.5,,,,,,1,1,1,1,0,,0,1977/10/21,1981/9/29,17316,0,0,0,0,0,,0
17316,佐呂間,サロマ,SAROMA,,,,44.02,143.775,36,6.5,,,,,,1,1,1,1,0,,0,1981/9/30,1986/6/30,17316,0,0,0,0,0,,0
17316,佐呂間,サロマ,SAROMA,,,,44.02,143.775,36,6.5,,,,,,1,1,1,1,0,,0,1986/7/1,1988/10/19,17316,0,0,0,1,0,,0
17316,佐呂間,サロマ,SAROMA,佐呂間,サロマ,SAROMA,44.02,143.775,36,6.5,,,43.983,143.723,59,1,1,1,1,1,,0,1988/10/20,1993/10/26,17316,0,0,0,0,0,,0
17316,佐呂間,サロマ,SAROMA,佐呂間,サロマ,SAROMA,43.983,143.723,59,8.5,,,43.983,143.723,59,1,1,1,1,1,,0,1993/10/27,2007/12/13,17316,0,0,0,0,0,,0
17316,佐呂間,サロマ,SAROMA,佐呂間,サロマ,SAROMA,43.983,143.723,59,8.5,,,43.983,143.723,59,1,1,1,1,1,,0,2007/12/14,2008/3/25,17316,0,0,0,4,0,,0
17316,佐呂間,サロマ,SAROMA,佐呂間,サロマ,SAROMA,43.983,143.723,59,8.5,,,43.983,143.723,59,1,1,1,1,1,,0,2008/3/26,2009/10/19,17316,0,4,4,0,0,,0
17316,佐呂間,サロマ,SAROMA,佐呂間,サロマ,SAROMA,43.983,143.723,59,10,,,43.983,143.723,59,1,1,1,1,1,,0,2009/10/20,2013/6/26,17316,0,0,0,0,0,,0
17316,佐呂間,サロマ,SAROMA,佐呂間,サロマ,SAROMA,44.018,143.76,54,10,,,44.018,143.76,54,1,1,1,1,1,,0,2013/6/27,2021/3/1,17316,0,0,0,0,0,,0
17316,佐呂間,サロマ,SAROMA,佐呂間,サロマ,SAROMA,44.018,143.76,54,10,,,44.018,143.76,54,1,1,1,2,1,,0,2021/3/2,9999-99-99,17316,0,0,0,6,0,,0
17341,網走,アバシリ,ABASHIRI,,,,44.017,144.278,38,,,,,,,1,0,0,0,0,,0,1974/11/1,1975/3/31,17341,1,1,1,1,1,,1
17341,網走,アバシリ,ABASHIRI,,,,44.017,144.278,38,15.6,,,,,,1,1,1,1,0,,0,1975/4/1,1985/12/31,17341,0,0,0,0,0,,0
17341,網走,アバシリ,ABASHIRI,,,,44.017,144.278,38,15.6,,,,,,1,1,1,1,0,,0,1986/1/1,1999/2/28,17341,0,0,0,1,0,,0
17341,網走,アバシリ,ABASHIRI,網走,アバシリ,ABASHIRI,44.017,144.278,38,15.6,,,44.017,144.278,38,1,1,1,1,1,,0,1999/3/1,2008/3/25,17341,0,0,0,0,0,,0
17341,網走,アバシリ,ABASHIRI,網走,アバシリ,ABASHIRI,44.017,144.278,38,15.6,,,44.017,144.278,38,1,1,1,1,1,,0,2008/3/26,2020/12/22,17341,0,4,4,0,0,,0
17341,網走,アバシリ,ABASHIRI,網走,アバシリ,ABASHIRI,44.017,144.278,38,20,,,44.017,144.278,38,1,1,1,1,1,,0,2020/12/23,2021/3/1,17341,0,0,0,0,0,,0
17341,網走,アバシリ,ABASHIRI,網走,アバシリ,ABASHIRI,44.017,144.278,38,20,,,44.017,144.278,38,1,1,1,1,1,,1,2021/3/2,9999-99-99,17341,0,0,0,0,0,,0
17351,宇登呂,ウトロ,UTORO,,,,44.07,145.002,85,,,,,,,1,0,0,0,0,,0,1975/5/12,1978/10/25,17351,1,1,1,1,1,,1
17351,宇登呂,ウトロ,UTORO,,,,44.07,145.002,85,6.5,,,,,,1,1,1,1,0,,0,1978/10/26,1988/5/16,17351,0,0,0,0,0,,0
17351,宇登呂,ウトロ,UTORO,,,,44.07,145.002,85,6.5,,,,,,1,1,1,1,0,,0,1988/5/17,1988/10/12,17351,0,0,0,1,0,,0
17351,宇登呂,ウトロ,UTORO,宇登呂,ウトロ,UTORO,44.07,145.002,85,6.5,,,44.052,144.982,144,1,1,1,1,1,,0,1988/10/13,1993/1/26,17351,0,0,0,0,0,,0
17351,宇登呂,ウトロ,UTORO,宇登呂,ウトロ,UTORO,44.052,144.982,144,8.5,,,44.052,144.982,144,1,1,1,1,1,,0,1993/1/27,2008/11/18,17351,0,0,0,0,0,,0
17351,宇登呂,ウトロ,UTORO,宇登呂,ウトロ,UTORO,44.052,144.982,144,8.5,,,44.052,144.982,144,1,1,1,1,1,,0,2008/11/19,2009/10/26,17351,0,4,4,4,0,,0
17351,宇登呂,ウトロ,UTORO,宇登呂,ウトロ,UTORO,44.052,144.982,144,10,,,44.052,144.982,144,1,1,1,1,1,,0,2009/10/27,2021/3/1,17351,0,0,0,0,0,,0
17351,宇登呂,ウトロ,UTORO,宇登呂,ウトロ,UTORO,44.052,144.982,144,10,,,44.052,144.982,144,1,1,1,2,1,,0,2021/3/2,9999-99-99,17351,0,0,0,6,0,,0
17386,丸瀬布,マルセップ,MARUSEPPU,,,,43.952,143.328,242,,,,,,,1,0,0,0,0,,0,1984/10/5,9999-99-99,17386,1,1,1,1,1,,1
17481,白滝,シラタキ,SHIRATAKI,,,,43.88,143.175,370,,,,,,,1,0,0,0,0,,0,1976/5/13,1977/10/26,17481,1,1,1,1,1,,1
17481,白滝,シラタキ,SHIRATAKI,,,,43.88,143.175,370,6.5,,,,,,1,1,1,1,0,,0,1977/10/27,1984/9/29,17481,0,0,0,0,0,,0
17481,白滝,シラタキ,SHIRATAKI,白滝,シラタキ,SHIRATAKI,43.88,143.175,370,6.5,,,43.88,143.175,370,1,1,1,1,1,,0,1984/9/30,1989/5/9,17481,0,0,0,0,0,,0
17481,白滝,シラタキ,SHIRATAKI,白滝,シラタキ,SHIRATAKI,43.88,143.175,370,6.5,,,43.88,143.175,370,1,1,1,1,1,,0,1989/5/10,1993/1/27,17481,0,0,0,1,0,,0
17482,白滝,シラタキ,SHIRATAKI,白滝,シラタキ,SHIRATAKI,43.865,143.153,475,8.5,,,43.865,143.153,475,1,1,1,1,1,,0,1993/1/27,2009/9/24,17482,1,1,1,1,1,,1
17482,白滝,シラタキ,SHIRATAKI,白滝,シラタキ,SHIRATAKI,43.865,143.153,475,10,,,43.865,143.153,475,1,1,1,1,1,,0,2009/9/25,2021/3/1,17482,0,4,4,4,0,,0
17482,白滝,シラタキ,SHIRATAKI,白滝,シラタキ,SHIRATAKI,43.865,143.153,475,10,,,43.865,143.153,475,1,1,1,2,1,,0,2021/3/2,9999-99-99,17482,0,0,0,6,0,,0
17501,生田原,イクタハラ,IKUTAHARA,,,,43.887,143.522,198,,,,,,,1,0,0,0,0,,0,1974/11/1,1977/10/24,17501,1,1,1,1,1,,1
17501,生田原,イクタハラ,IKUTAHARA,,,,43.887,143.522,198,6.5,,,,,,1,1,1,1,0,,0,1977/10/25,1986/5/18,17501,0,0,0,0,0,,0
17501,生田原,イクタハラ,IKUTAHARA,,,,43.887,143.522,198,6.5,,,,,,1,1,1,1,0,,0,1986/5/19,2009/1/19,17501,0,0,0,1,0,,0
17501,生田原,イクタハラ,IKUTAHARA,,,,43.887,143.522,198,6.5,,,,,,1,1,1,1,0,,0,2009/1/20,2009/10/26,17501,0,4,4,4,0,,0
17501,生田原,イクタハラ,IKUTAHARA,,,,43.917,143.532,199,10,,,,,,1,1,1,1,0,,0,2009/10/27,2021/3/1,17501,0,0,0,0,0,,0
17501,生田原,イクタハラ,IKUTAHARA,,,,43.917,143.532,199,10,,,,,,1,1,1,2,0,,0,2021/3/2,9999-99-99,17501,0,0,0,6,0,,0
17511,仁頃山,ニコロヤマ,NIKOROYAMA,,,,43.877,143.722,760,,,,,,,1,0,0,0,0,,0,1974/11/1,2005/11/2,17511,1,1,1,1,1,,1
17512,仁頃山,ニコロヤマ,NIKOROYAMA,,,,43.86,143.747,261,,,,,,,1,0,0,0,0,,0,2005/11/2,9999-99-99,17512,1,1,1,1,1,,1
17521,北見,キタミ,KITAMI,,,,43.82,143.907,84,,,,,,,1,0,0,0,0,,0,1974/11/1,1976/3/31,17521,1,1,1,1,1,,1
17521,北見,キタミ,KITAMI,,,,43.82,143.907,84,14.7,,,,,,1,1,1,1,0,,0,1976/4/1,1979/10/30,17521,0,0,0,0,0,,0
17521,北見,キタミ,KITAMI,北見,キタミ,KITAMI,43.82,143.907,84,14.7,,,43.82,143.907,84,1,1,1,1,1,,0,1979/10/31,1989/6/27,17521,0,0,0,0,0,,0
17521,北見,キタミ,KITAMI,北見,キタミ,KITAMI,43.82,143.907,84,14.7,,,43.82,143.907,84,1,1,1,1,1,,0,1989/6/28,2005/10/31,17521,0,0,0,1,0,,0
17521,北見,キタミ,KITAMI,北見,キタミ,KITAMI,43.81,143.875,114,9.4,,,43.81,143.875,114,1,1,1,1,1,,0,2005/11/1,2008/9/29,17521,0,0,0,4,0,,0
17521,北見,キタミ,KITAMI,北見,キタミ,KITAMI,43.81,143.875,114,9.4,,,43.81,143.875,114,1,1,1,1,1,,0,2008/9/30,2015/10/29,17521,0,4,4,0,0,,0
17521,北見,キタミ,KITAMI,北見,キタミ,KITAMI,43.777,143.842,104,10,,,43.777,143.842,104,1,1,1,1,1,,0,2015/10/30,2021/3/1,17521,0,0,0,0,0,,0
17521,北見,キタミ,KITAMI,北見,キタミ,KITAMI,43.777,143.842,104,10,,,43.777,143.842,104,1,1,1,2,1,,0,2021/3/2,2021/3/15,17521,0,0,0,6,0,,0
17521,北見,キタミ,KITAMI,北見,キタミ,KITAMI,43.777,143.842,104,10.1,,,43.777,143.842,104,1,1,1,2,1,,1,2021/3/16,9999-99-99,17521,0,0,0,0,0,,0
17531,女満別,メマンベツ,MEMAMBETSU,,,,43.88,144.163,33,8.6,,,,,,1,1,1,0,0,,0,2003/1/1,2006/11/28,17531,1,1,1,1,1,,1
17531,女満別,メマンベツ,MEMAMBETSU,女満別,メマンベツ,MEMAMBETSU,43.88,144.163,33,8.6,,,43.88,144.163,33,1,1,1,0,1,,0,2006/11/29,2009/1/28,17531,0,0,0,0,0,,0
17531,女満別,メマンベツ,MEMAMBETSU,女満別,メマンベツ,MEMAMBETSU,43.88,144.163,33,8.6,,,43.88,144.163,33,1,1,1,0,1,,0,2009/1/29,2020/11/4,17531,0,4,4,0,0,,0
17531,女満別,メマンベツ,MEMAMBETSU,女満別,メマンベツ,MEMAMBETSU,43.88,144.163,33,10,,,43.88,144.163,33,1,1,1,0,1,,0,2020/11/5,9999-99-99,17531,0,0,0,0,0,,0
17541,東藻琴,ヒガシモコト,HIGASHIMOKOTO,,,,43.845,144.297,21,,,,,,,1,0,0,0,0,,0,1978/7/11,1997/10/19,17541,1,1,1,1,1,,1
17541,東藻琴,ヒガシモコト,HIGASHIMOKOTO,,,,43.84,144.285,58,,,,,,,1,0,0,0,0,,0,1997/10/20,9999-99-99,17541,0,0,0,0,0,,0
17546,小清水,コシミズ,KOSHIMIZU,,,,43.853,144.46,22,,,,,,,1,0,0,0,0,,0,1974/11/1,1977/10/18,17546,1,1,1,1,1,,1
17546,小清水,コシミズ,KOSHIMIZU,,,,43.853,144.46,22,6.5,,,,,,1,1,1,1,0,,0,1977/10/19,1989/5/14,17546,0,0,0,0,0,,0
17546,小清水,コシミズ,KOSHIMIZU,,,,43.853,144.46,22,6.5,,,,,,1,1,1,1,0,,0,1989/5/15,2007/12/12,17546,0,0,0,1,0,,0
17546,小清水,コシミズ,KOSHIMIZU,,,,43.842,144.485,52,10,,,,,,1,1,1,1,0,,0,2007/12/13,2008/3/25,17546,0,0,0,4,0,,0
17546,小清水,コシミズ,KOSHIMIZU,,,,43.842,144.485,52,10,,,,,,1,1,1,1,0,,0,2008/3/26,2021/3/1,17546,0,4,4,0,0,,0
17546,小清水,コシミズ,KOSHIMIZU,,,,43.842,144.485,52,10,,,,,,1,1,1,2,0,,0,2021/3/2,9999-99-99,17546,0,0,0,6,0,,0
17561,斜里,シャリ,SHARI,,,,43.885,144.7,15,,,,,,,1,0,0,0,0,,0,1974/11/1,1977/10/18,17561,1,1,1,1,1,,1
17561,斜里,シャリ,SHARI,,,,43.885,144.7,15,6.5,,,,,,1,1,1,1,0,,0,1977/10/19,1985/9/29,17561,0,0,0,0,0,,0
17561,斜里,シャリ,SHARI,斜里,シャリ,SHARI,43.885,144.7,15,6.5,,,43.885,144.7,15,1,1,1,1,1,,0,1985/9/30,1989/6/18,17561,0,0,0,0,0,,0
17561,斜里,シャリ,SHARI,斜里,シャリ,SHARI,43.885,144.7,15,6.5,,,43.885,144.7,15,1,1,1,1,1,,0,1989/6/19,2009/9/28,17561,0,0,0,1,0,,0
17561,斜里,シャリ,SHARI,斜里,シャリ,SHARI,43.885,144.7,15,10,,,43.885,144.7,15,1,1,1,1,1,,0,2009/9/29,2021/3/1,17561,0,4,4,4,0,,0
17561,斜里,シャリ,SHARI,斜里,シャリ,SHARI,43.885,144.7,15,10,,,43.885,144.7,15,1,1,1,2,1,,0,2021/3/2,9999-99-99,17561,0,0,0,6,0,,0
17596,留辺蘂,ルベシベ,RUBESHIBE,,,,43.738,143.45,330,,,,,,,1,0,0,0,0,,0,1974/11/1,1978/10/30,17596,1,1,1,1,1,,1
17596,留辺蘂,ルベシベ,RUBESHIBE,,,,43.742,143.45,325,6.5,,,,,,1,1,1,1,0,,0,1978/10/31,1984/9/29,17596,0,0,0,0,0,,0
17596,留辺蘂,ルベシベ,RUBESHIBE,留辺蘂,ルベシベ,RUBESHIBE,43.742,143.45,325,6.5,,,43.742,143.45,325,1,1,1,1,1,,0,1984/9/30,1988/5/22,17596,0,0,0,0,0,,0
17596,留辺蘂,ルベシベ,RUBESHIBE,留辺蘂,ルベシベ,RUBESHIBE,43.742,143.45,325,6.5,,,43.742,143.45,325,1,1,1,1,1,,0,1988/5/23,2007/12/17,17596,0,0,0,1,0,,0
17596,留辺蘂,ルベシベ,RUBESHIBE,留辺蘂,ルベシベ,RUBESHIBE,43.742,143.45,325,6.5,,,43.742,143.45,325,1,1,1,1,1,,0,2007/12/18,2008/3/25,17596,0,0,0,4,0,,0
17596,留辺蘂,ルベシベ,RUBESHIBE,留辺蘂,ルベシベ,RUBESHIBE,43.742,143.45,325,6.5,,,43.742,143.45,325,1,1,1,1,1,,0,2008/3/26,2009/10/22,17596,0,4,4,0,0,,0
17596,留辺蘂,ルベシベ,RUBESHIBE,留辺蘂,ルベシベ,RUBESHIBE,43.742,143.45,325,10,,,43.742,143.45,325,1,1,1,1,1,,0,2009/10/23,2021/3/1,17596,0,0,0,0,0,,0
17596,留辺蘂,ルベシベ,RUBESHIBE,留辺蘂,ルベシベ,RUBESHIBE,43.742,143.45,325,10,,,43.742,143.45,325,1,1,1,2,1,,0,2021/3/2,9999-99-99,17596,0,0,0,6,0,,0
17606,留辺蘂山,ルベシベヤマ,RUBESHIBEYAMA,,,,43.758,143.603,470,,,,,,,1,0,0,0,0,,0,1974/11/1,1984/10/4,17606,1,1,1,1,1,,1
17607,境野,サカイノ,SAKAINO,,,,43.705,143.65,190,6.5,,,,,,1,1,1,1,0,,0,1977/10/25,1987/6/3,17607,1,1,1,1,1,,1
17607,境野,サカイノ,SAKAINO,,,,43.705,143.65,190,6.5,,,,,,1,1,1,1,0,,0,1987/6/4,1993/10/7,17607,0,0,0,1,0,,0
17607,境野,サカイノ,SAKAINO,,,,43.707,143.643,184,8.5,,,,,,1,1,1,1,0,,0,1993/10/8,2009/1/13,17607,0,0,0,0,0,,0
17607,境野,サカイノ,SAKAINO,,,,43.707,143.643,184,8.5,,,,,,1,1,1,1,0,,0,2009/1/14,2009/10/20,17607,0,4,4,4,0,,0
17607,境野,サカイノ,SAKAINO,,,,43.707,143.643,184,10,,,,,,1,1,1,1,0,,0,2009/10/21,2021/3/1,17607,0,0,0,0,0,,0
17607,境野,サカイノ,SAKAINO,,,,43.707,143.643,184,10,,,,,,1,1,1,2,0,,0,2021/3/2,9999-99-99,17607,0,0,0,6,0,,0
17631,美幌,ビホロ,BIHORO,,,,43.77,144.173,60,,,,,,,1,0,0,0,0,,0,1974/11/1,1977/10/19,17631,1,1,1,1,1,,1
17631,美幌,ビホロ,BIHORO,,,,43.77,144.173,60,6.5,,,,,,1,1,1,1,0,,0,1977/10/20,1990/7/11,17631,0,0,0,0,0,,0
17631,美幌,ビホロ,BIHORO,,,,43.77,144.173,60,6.5,,,,,,1,1,1,1,0,,0,1990/7/12,2007/12/12,17631,0,0,0,1,0,,0
17631,美幌,ビホロ,BIHORO,,,,43.77,144.172,60,10.1,,,,,,1,1,1,1,0,,0,2007/12/13,2008/3/25,17631,0,0,0,4,0,,0
17631,美幌,ビホロ,BIHORO,,,,43.77,144.172,60,10.1,,,,,,1,1,1,1,0,,0,2008/3/26,2021/3/1,17631,0,4,4,0,0,,0
17631,美幌,ビホロ,BIHORO,,,,43.77,144.172,60,10.1,,,,,,1,1,1,2,0,,0,2021/3/2,9999-99-99,17631,0,0,0,6,0,,0
17641,藻琴山,モコトヤマ,MOKOTOYAMA,,,,43.727,144.297,518,,,,,,,1,0,0,0,0,,0,1974/11/1,2010/3/18,17641,1,1,1,1,1,,1
17642,山園,ヤマゾノ,YAMAZONO,,,,43.743,144.337,361,,,,,,,1,0,0,0,0,,0,2010/3/18,9999-99-99,17642,1,1,1,1,1,,1
17686,置戸常元,オケトツネモト,OKETOTSUNEMOTO,,,,43.62,143.44,368,,,,,,,1,0,0,0,0,,0,2005/11/8,9999-99-99,17686,1,1,1,1,1,,1
17706,チミケップ山,チミケップヤマ,CHIMIKEPPUYAMA,,,,43.645,143.89,600,,,,,,,1,0,0,0,0,,0,1974/11/1,2005/11/4,17706,1,1,1,1,1,,1
17716,津別,ツベツ,TSUBETSU,,,,43.658,144.007,125,,,,,,,1,0,0,0,0,,0,1974/11/1,1977/10/19,17716,1,1,1,1,1,,1
17716,津別,ツベツ,TSUBETSU,,,,43.658,144.007,125,6.5,,,,,,1,1,1,1,0,,0,1977/10/20,1987/10/8,17716,0,0,0,0,0,,0
17716,津別,ツベツ,TSUBETSU,津別,ツベツ,TSUBETSU,43.658,144.007,125,6.5,,,43.702,144.033,100,1,1,1,1,1,,0,1987/10/9,1988/9/24,17716,0,0,0,0,0,,0
17717,津別,ツベツ,TSUBETSU,津別,ツベツ,TSUBETSU,43.702,144.033,100,6.5,,,43.702,144.033,100,1,1,1,1,1,,0,1988/9/30,1990/7/11,17716,1,1,1,1,0,,0
17717,津別,ツベツ,TSUBETSU,津別,ツベツ,TSUBETSU,43.702,144.033,100,6.5,,,43.702,144.033,100,1,1,1,1,1,,0,1990/7/12,2009/9/17,17717,0,0,0,1,0,,0
17717,津別,ツベツ,TSUBETSU,津別,ツベツ,TSUBETSU,43.702,144.033,100,10,,,43.702,144.033,100,1,1,1,1,1,,0,2009/9/18,2021/3/1,17717,0,4,4,4,0,,0
17717,津別,ツベツ,TSUBETSU,津別,ツベツ,TSUBETSU,43.702,144.033,100,10,,,43.702,144.033,100,1,1,1,2,1,,0,2021/3/2,9999-99-99,17717,0,0,0,6,0,,0
17766,北見中山,キタミナカヤマ,KITAMINAKAYAMA,,,,43.598,143.46,905,,,,,,,1,0,0,0,0,,0,1974/11/1,2005/11/8,17766,1,1,1,1,1,,1
17776,津別二又,ツベツフタマタ,TSUBETSUFUTAMATA,,,,43.583,143.865,221,,,,,,,1,0,0,0,0,,0,2005/11/4,2012/11/14,17776,1,1,1,1,1,,1
17776,津別二又,ツベツフタマタ,TSUBETSUFUTAMATA,,,,43.583,143.865,210,,,,,,,1,0,0,0,0,,0,2012/11/15,9999-99-99,17776,0,0,0,0,0,,0
18036,羅臼,ラウス,RAUSU,,,,44.022,145.188,20,,,,,,,1,0,0,0,0,,0,1974/11/1,1977/10/17,18036,1,1,1,1,1,,1
18036,羅臼,ラウス,RAUSU,,,,44.022,145.188,20,8,,,,,,1,1,1,1,0,,0,1977/10/18,1985/9/29,18036,0,0,0,0,0,,0
18036,羅臼,ラウス,RAUSU,羅臼,ラウス,RAUSU,44.022,145.188,20,8,,,44.022,145.188,17,1,1,1,1,1,,0,1985/9/30,1989/10/4,18036,0,0,0,0,0,,0
18036,羅臼,ラウス,RAUSU,羅臼,ラウス,RAUSU,44.022,145.188,20,8,,,44.022,145.188,17,1,1,1,1,1,,0,1989/10/5,1991/6/26,18036,0,0,0,1,0,,0
18037,羅臼,ラウス,RAUSU,羅臼,ラウス,RAUSU,44.018,145.185,82,8,,,44.022,145.188,17,1,1,1,1,1,,0,1991/6/27,1991/6/27,18036,1,1,1,1,0,,0
18037,羅臼,ラウス,RAUSU,羅臼,ラウス,RAUSU,44.018,145.185,82,8,,,44.022,145.188,17,1,1,1,1,1,,0,1991/6/28,1991/10/16,18037,0,0,0,1,0,,0
18037,羅臼,ラウス,RAUSU,羅臼,ラウス,RAUSU,44.018,145.185,82,8,,,44.018,145.185,82,1,1,1,1,1,,0,1991/10/17,2005/10/31,18037,0,0,0,0,1,,0
18038,羅臼,ラウス,RAUSU,羅臼,ラウス,RAUSU,44.023,145.187,15,9.5,,,44.023,145.187,15,1,1,1,1,1,,0,2005/11/1,2008/9/26,18038,1,1,1,5,1,,1
18038,羅臼,ラウス,RAUSU,羅臼,ラウス,RAUSU,44.023,145.187,15,9.5,,,44.023,145.187,15,1,1,1,1,1,,0,2008/9/27,2021/3/1,18038,0,4,4,0,0,,0
18038,羅臼,ラウス,RAUSU,羅臼,ラウス,RAUSU,44.023,145.187,15,9.5,,,44.023,145.187,15,1,1,1,2,1,,0,2021/3/2,2021/7/18,18038,0,0,0,6,0,,0
18038,羅臼,ラウス,RAUSU,羅臼,ラウス,RAUSU,44.023,145.187,15,10,,,44.023,145.187,15,1,1,1,2,1,,0,2021/7/19,2021/9/15,18038,0,0,0,0,0,,0
18038,羅臼,ラウス,RAUSU,羅臼,ラウス,RAUSU,44.023,145.187,15,9.9,,,44.023,145.187,15,1,1,1,2,1,,1,2021/9/16,9999-99-99,18038,0,0,0,0,0,,0
18091,糸櫛別,イトクシベツ,ITOKUSHIBETSU,,,,43.722,144.988,115,,,,,,,1,0,0,0,0,,0,1978/7/28,9999-99-99,18091,1,1,1,1,1,,1
18136,標津,シベツ,SHIBETSU,,,,43.657,145.127,5,,,,,,,1,0,0,0,0,,0,1974/11/1,1977/10/17,18136,1,1,1,1,1,,1
18136,標津,シベツ,SHIBETSU,,,,43.657,145.127,5,6.5,,,,,,1,1,1,1,0,,0,1977/10/18,1987/5/6,18136,0,0,0,0,0,,0
18136,標津,シベツ,SHIBETSU,,,,43.657,145.127,5,6.5,,,,,,1,1,1,1,0,,0,1987/5/7,1996/11/27,18136,0,0,0,1,0,,0
18136,標津,シベツ,SHIBETSU,,,,43.662,145.132,3,8,,,,,,1,1,1,1,0,,0,1996/11/28,2006/10/10,18136,0,0,0,0,0,,0
18136,標津,シベツ,SHIBETSU,,,,43.662,145.132,3,8,,,,,,1,1,1,1,0,,0,2006/10/11,2008/10/6,18136,0,0,0,4,0,,0
18136,標津,シベツ,SHIBETSU,,,,43.662,145.132,3,8,,,,,,1,1,1,1,0,,0,2008/10/7,2021/3/1,18136,0,4,4,0,0,,0
18136,標津,シベツ,SHIBETSU,,,,43.662,145.132,3,8,,,,,,1,1,1,2,0,,0,2021/3/2,2023/5/29,18136,0,0,0,6,0,,0
18136,標津,シベツ,SHIBETSU,,,,43.662,145.132,3,10,,,,,,1,1,1,2,0,,0,2023/5/30,2023/10/17,18136,0,0,0,0,0,,0
18136,標津,シベツ,SHIBETSU,,,,43.662,145.132,3,9.9,,,,,,1,1,1,2,0,,1,2023/10/18,9999-99-99,18136,0,0,0,0,0,,0
18161,上標津,カミシベツ,KAMISHIBETSU,,,,43.52,144.747,160,6.5,,,,,,1,1,1,1,0,,0,2003/10/16,2009/1/14,18161,1,1,1,1,1,,1
18161,上標津,カミシベツ,KAMISHIBETSU,,,,43.52,144.747,160,6.5,,,,,,1,1,1,1,0,,0,2009/1/15,2021/3/1,18161,0,4,4,4,0,,0
18161,上標津,カミシベツ,KAMISHIBETSU,,,,43.52,144.747,160,6.5,,,,,,1,1,1,2,0,,0,2021/3/2,9999-99-99,18161,0,0,0,6,0,,0
18171,中標津,ナカシベツ,NAKASHIBETSU,,,,43.543,144.978,50,,,,,,,1,0,0,0,0,,0,1974/11/1,1977/10/17,18171,1,1,1,1,1,,1
18171,中標津,ナカシベツ,NAKASHIBETSU,,,,43.543,144.978,50,6.5,,,,,,1,1,1,1,0,,0,1977/10/18,1985/9/29,18171,0,0,0,0,0,,0
18171,中標津,ナカシベツ,NAKASHIBETSU,中標津,ナカシベツ,NAKASHIBETSU,43.543,144.978,50,6.5,,,43.543,144.978,50,1,1,1,1,1,,0,1985/9/30,1986/8/6,18171,0,0,0,0,0,,0
18171,中標津,ナカシベツ,NAKASHIBETSU,中標津,ナカシベツ,NAKASHIBETSU,43.543,144.978,50,6.5,,,43.543,144.978,50,1,1,1,1,1,,0,1986/8/7,2005/11/1,18171,0,0,0,1,0,,0
18171,中標津,ナカシベツ,NAKASHIBETSU,中標津,ナカシベツ,NAKASHIBETSU,43.543,144.978,50,6.5,,,43.543,144.978,50,1,1,1,1,1,,0,2005/11/2,2008/9/24,18171,0,0,0,4,0,,0
18171,中標津,ナカシベツ,NAKASHIBETSU,中標津,ナカシベツ,NAKASHIBETSU,43.543,144.978,50,6.5,,,43.543,144.978,50,1,1,1,1,1,,0,2008/9/25,2020/11/8,18171,0,4,4,0,0,,0
18171,中標津,ナカシベツ,NAKASHIBETSU,中標津,ナカシベツ,NAKASHIBETSU,43.543,144.978,50,10,,,43.543,144.978,50,1,1,1,1,1,,0,2020/11/9,2021/3/1,18171,0,0,0,0,0,,0
18171,中標津,ナカシベツ,NAKASHIBETSU,中標津,ナカシベツ,NAKASHIBETSU,43.543,144.978,50,10,,,43.543,144.978,50,1,1,1,2,1,,0,2021/3/2,2021/3/9,18171,0,0,0,6,0,,0
18171,中標津,ナカシベツ,NAKASHIBETSU,中標津,ナカシベツ,NAKASHIBETSU,43.543,144.978,50,10.1,,,43.543,144.978,50,1,1,1,2,1,,1,2021/3/10,9999-99-99,18171,0,0,0,0,0,,0
18174,根室中標津,ネムロナカシベツ,NEMURO-NAKASHIBETSU,,,,43.577,144.96,65,9.6,,,,,,1,1,1,0,0,,0,2003/1/1,2006/11/28,18174,1,1,1,1,1,,1
18174,根室中標津,ネムロナカシベツ,NEMURO-NAKASHIBETSU,根室中標津,ネムロナカシベツ,NEMURO-NAKASHIBETSU,43.577,144.96,65,9.6,,,43.577,144.96,65,1,1,1,0,1,,0,2006/11/29,2009/1/28,18174,0,0,0,0,0,,0
18174,根室中標津,ネムロナカシベツ,NEMURO-NAKASHIBETSU,根室中標津,ネムロナカシベツ,NEMURO-NAKASHIBETSU,43.577,144.96,65,9.6,,,43.577,144.96,65,1,1,1,0,1,,0,2009/1/29,2017/11/8,18174,0,4,4,0,0,,0
18174,根室中標津,ネムロナカシベツ,NEMURO-NAKASHIBETSU,根室中標津,ネムロナカシベツ,NEMURO-NAKASHIBETSU,43.577,144.96,65,10,,,43.577,144.96,65,1,1,1,0,1,,0,2017/11/9,9999-99-99,18174,0,0,0,0,0,,0
18206,計根別,ケネベツ,KENEBETSU,,,,43.485,144.808,110,,,,,,,1,0,0,0,0,,0,1974/11/1,1977/10/17,18206,1,1,1,1,1,,1
18206,計根別,ケネベツ,KENEBETSU,,,,43.485,144.808,110,6.5,,,,,,1,1,1,1,0,,0,1977/10/18,1987/5/13,18206,0,0,0,0,0,,0
18206,計根別,ケネベツ,KENEBETSU,,,,43.485,144.808,110,6.5,,,,,,1,1,1,1,0,,0,1987/5/14,2003/10/16,18206,0,0,0,1,0,,0
18256,別海,ベツカイ,BETSUKAI,,,,43.393,145.117,22,,,,,,,1,0,0,0,0,,0,1974/11/1,1977/10/13,18256,1,1,1,1,1,,1
18256,別海,ベツカイ,BETSUKAI,,,,43.393,145.117,22,6.5,,,,,,1,1,1,1,0,,0,1977/10/14,1986/5/11,18256,0,0,0,0,0,,0
18256,別海,ベツカイ,BETSUKAI,,,,43.393,145.117,22,6.5,,,,,,1,1,1,1,0,,0,1986/5/12,1988/10/25,18256,0,0,0,1,0,,0
18256,別海,ベツカイ,BETSUKAI,別海,ベツカイ,BETSUKAI,43.393,145.117,22,6.5,,,43.393,145.117,22,1,1,1,1,1,,0,1988/10/26,2001/10/16,18256,0,0,0,0,0,,0
18256,別海,ベツカイ,BETSUKAI,別海,ベツカイ,BETSUKAI,43.382,145.118,23,6.5,,,43.382,145.118,23,1,1,1,1,1,,0,2001/10/17,2006/10/12,18256,0,0,0,0,0,,0
18256,別海,ベツカイ,BETSUKAI,別海,ベツカイ,BETSUKAI,43.382,145.118,23,6.5,,,43.382,145.118,23,1,1,1,1,1,,0,2006/10/13,2008/10/8,18256,0,0,0,4,0,,0
18256,別海,ベツカイ,BETSUKAI,別海,ベツカイ,BETSUKAI,43.382,145.118,23,6.5,,,43.382,145.118,23,1,1,1,1,1,,0,2008/10/9,2009/11/4,18256,0,4,4,0,0,,0
18256,別海,ベツカイ,BETSUKAI,別海,ベツカイ,BETSUKAI,43.382,145.118,23,10,,,43.382,145.118,23,1,1,1,1,1,,0,2009/11/5,2021/3/1,18256,0,0,0,0,0,,0
18256,別海,ベツカイ,BETSUKAI,別海,ベツカイ,BETSUKAI,43.382,145.118,23,10,,,43.382,145.118,23,1,1,1,2,1,,0,2021/3/2,2023/10/2,18256,0,0,0,6,0,,0
18256,別海,ベツカイ,BETSUKAI,別海,ベツカイ,BETSUKAI,43.382,145.118,23,9.9,,,43.382,145.118,23,1,1,1,2,1,,1,2023/10/3,9999-99-99,18256,0,0,0,0,0,,0
18271,根室,ネムロ,NEMURO,,,,43.33,145.585,26,,,,,,,1,0,0,0,0,,0,1974/11/1,1975/3/31,18271,1,1,1,1,1,,1
18271,根室,ネムロ,NEMURO,,,,43.33,145.585,26,11.7,,,,,,1,1,1,1,0,,0,1975/4/1,1985/12/31,18271,0,0,0,0,0,,0
18271,根室,ネムロ,NEMURO,,,,43.33,145.585,26,11.7,,,,,,1,1,1,1,0,,0,1986/1/1,1991/12/20,18271,0,0,0,1,0,,0
18272,根室,ネムロ,NEMURO,,,,43.33,145.585,25,22.9,,,,,,1,1,1,1,0,,0,1991/12/20,1993/8/26,18271,0,1,0,0,0,,0
18273,根室,ネムロ,NEMURO,,,,43.33,145.585,25,29.1,,,,,,1,1,1,1,0,,0,1993/8/26,1998/1/21,18272,0,0,0,0,0,,0
18273,根室,ネムロ,NEMURO,,,,43.33,145.585,25,29,,,,,,1,1,1,1,0,,0,1998/1/22,1999/2/28,18273,0,0,0,0,0,,0
18273,根室,ネムロ,NEMURO,根室,ネムロ,NEMURO,43.33,145.585,25,29,,,43.33,145.585,25,1,1,1,1,1,,0,1999/3/1,2008/3/25,18273,0,0,0,0,0,,0
18273,根室,ネムロ,NEMURO,根室,ネムロ,NEMURO,43.33,145.585,25,29,,,43.33,145.585,25,1,1,1,1,1,,0,2008/3/26,2011/7/20,18273,0,4,4,0,0,,0
18273,根室,ネムロ,NEMURO,根室,ネムロ,NEMURO,43.33,145.585,25,29.2,,,43.33,145.585,25,1,1,1,1,1,,0,2011/7/21,2021/3/1,18273,0,0,0,0,0,,0
18273,根室,ネムロ,NEMURO,根室,ネムロ,NEMURO,43.33,145.585,25,29.2,,,43.33,145.585,25,1,1,1,1,1,,1,2021/3/2,9999-99-99,18273,0,0,0,0,0,,0
18281,納沙布,ノサップ,NOSAPPU,,,,43.393,145.758,12,,,,,,,1,0,0,0,0,,0,1975/5/29,1977/10/12,18281,1,1,1,1,1,,1
18281,納沙布,ノサップ,NOSAPPU,,,,43.393,145.758,12,6.5,,,,,,1,1,1,1,0,,0,1977/10/13,1989/7/4,18281,0,0,0,0,0,,0
18281,納沙布,ノサップ,NOSAPPU,,,,43.393,145.758,12,6.5,,,,,,1,1,1,1,0,,0,1989/7/5,2006/10/19,18281,0,0,0,1,0,,0
18281,納沙布,ノサップ,NOSAPPU,,,,43.393,145.758,12,6.5,,,,,,1,1,1,1,0,,0,2006/10/20,2008/10/2,18281,0,0,0,4,0,,0
18281,納沙布,ノサップ,NOSAPPU,,,,43.393,145.758,12,6.5,,,,,,1,1,1,1,0,,0,2008/10/3,2020/11/9,18281,0,4,4,0,0,,0
18281,納沙布,ノサップ,NOSAPPU,,,,43.393,145.758,12,10,,,,,,1,1,1,1,0,,0,2020/11/10,2021/3/1,18281,0,0,0,0,0,,0
18281,納沙布,ノサップ,NOSAPPU,,,,43.393,145.758,12,10,,,,,,1,1,1,2,0,,0,2021/3/2,2023/10/3,18281,0,0,0,6,0,,0
18281,納沙布,ノサップ,NOSAPPU,,,,43.393,145.758,12,9.9,,,,,,1,1,1,2,0,,1,2023/10/4,9999-99-99,18281,0,0,0,0,0,,0
18311,厚床,アットコ,ATTOKO,,,,43.23,145.255,30,6.5,,,,,,1,1,1,1,0,,0,1977/10/14,1986/10/14,18311,1,1,1,1,1,,1
18311,厚床,アットコ,ATTOKO,厚床,アットコ,ATTOKO,43.23,145.255,30,6.5,,,43.23,145.255,30,1,1,1,1,1,,0,1986/10/15,1987/8/5,18311,0,0,0,0,0,,0
18311,厚床,アットコ,ATTOKO,厚床,アットコ,ATTOKO,43.23,145.255,30,6.5,,,43.23,145.255,30,1,1,1,1,1,,0,1987/8/6,2006/10/23,18311,0,0,0,1,0,,0
18311,厚床,アットコ,ATTOKO,厚床,アットコ,ATTOKO,43.232,145.258,40,10,,,43.232,145.258,40,1,1,1,1,1,,0,2006/10/24,2008/10/14,18311,0,0,0,4,0,,0
18311,厚床,アットコ,ATTOKO,厚床,アットコ,ATTOKO,43.232,145.258,40,10,,,43.232,145.258,40,1,1,1,1,1,,0,2008/10/15,2015/10/28,18311,0,4,4,0,0,,0
18311,厚床,アットコ,ATTOKO,厚床,アットコ,ATTOKO,43.222,145.227,41,10,,,43.222,145.227,41,1,1,1,1,1,,0,2015/10/29,2021/3/1,18311,0,0,0,0,0,,0
18311,厚床,アットコ,ATTOKO,厚床,アットコ,ATTOKO,43.222,145.227,41,10,,,43.222,145.227,41,1,1,1,2,1,,0,2021/3/2,2023/10/18,18311,0,0,0,6,0,,0
18311,厚床,アットコ,ATTOKO,厚床,アットコ,ATTOKO,43.222,145.227,41,9.9,,,43.222,145.227,41,1,1,1,2,1,,1,2023/10/19,9999-99-99,18311,0,0,0,0,0,,0
19021,川湯,カワユ,KAWAYU,,,,43.64,144.452,133,,,,,,,1,0,0,0,0,,0,1974/11/1,1977/10/5,19021,1,1,1,1,1,,1
19021,川湯,カワユ,KAWAYU,,,,43.64,144.452,133,6.5,,,,,,1,1,1,1,0,,0,1977/10/6,1985/10/8,19021,0,0,0,0,0,,0
19021,川湯,カワユ,KAWAYU,川湯,カワユ,KAWAYU,43.64,144.452,133,6.5,,,43.64,144.452,133,1,1,1,1,1,,0,1985/10/9,1989/8/21,19021,0,0,0,0,0,,0
19021,川湯,カワユ,KAWAYU,川湯,カワユ,KAWAYU,43.64,144.452,133,6.5,,,43.64,144.452,133,1,1,1,1,1,,0,1989/8/22,2005/12/1,19021,0,0,0,1,0,,0
19021,川湯,カワユ,KAWAYU,,,,43.617,144.457,158,9.5,,,,,,1,1,1,1,0,,0,2005/12/2,2005/12/5,19021,0,0,0,0,0,,0
19021,川湯,カワユ,KAWAYU,川湯,カワユ,KAWAYU,43.617,144.457,158,9.5,,,43.617,144.457,158,1,1,1,1,1,,0,2005/12/6,2007/12/10,19021,0,0,0,0,0,,0
19021,川湯,カワユ,KAWAYU,川湯,カワユ,KAWAYU,43.617,144.457,158,9.5,,,43.617,144.457,158,1,1,1,1,1,,0,2007/12/11,2008/3/25,19021,0,0,0,4,0,,0
19021,川湯,カワユ,KAWAYU,川湯,カワユ,KAWAYU,43.617,144.457,158,9.5,,,43.617,144.457,158,1,1,1,1,1,,0,2008/3/26,2021/3/1,19021,0,4,4,0,0,,0
19021,川湯,カワユ,KAWAYU,川湯,カワユ,KAWAYU,43.617,144.457,158,9.5,,,43.617,144.457,158,1,1,1,2,1,,0,2021/3/2,9999-99-99,19021,0,0,0,6,0,,0
19051,弟子屈,テシカガ,TESHIKAGA,,,,43.517,144.475,198,6.5,,,,,,1,1,1,1,0,,0,1977/10/6,1986/7/30,19051,1,1,1,1,1,,1
19051,弟子屈,テシカガ,TESHIKAGA,,,,43.517,144.475,198,6.5,,,,,,1,1,1,1,0,,0,1986/7/31,2006/10/30,19051,0,0,0,1,0,,0
19051,弟子屈,テシカガ,TESHIKAGA,,,,43.51,144.467,170,10,,,,,,1,1,1,1,0,,0,2006/10/31,2008/10/21,19051,0,0,0,4,0,,0
19051,弟子屈,テシカガ,TESHIKAGA,,,,43.51,144.467,170,10,,,,,,1,1,1,1,0,,0,2008/10/22,2021/3/1,19051,0,4,4,0,0,,0
19051,弟子屈,テシカガ,TESHIKAGA,,,,43.51,144.467,170,10,,,,,,1,1,1,2,0,,0,2021/3/2,2023/10/16,19051,0,0,0,6,0,,0
19051,弟子屈,テシカガ,TESHIKAGA,,,,43.51,144.467,170,9.9,,,,,,1,1,1,2,0,,1,2023/10/17,9999-99-99,19051,0,0,0,0,0,,0
19076,阿寒湖畔,アカンコハン,AKANKOHAN,,,,43.433,144.087,430,,,,,,,1,0,0,0,0,,0,1974/11/1,1977/10/6,19076,1,1,1,1,1,,1
19076,阿寒湖畔,アカンコハン,AKANKOHAN,,,,43.433,144.087,430,8.5,,,,,,1,1,1,1,0,,0,1977/10/7,1986/10/12,19076,0,0,0,0,0,,0
19076,阿寒湖畔,アカンコハン,AKANKOHAN,阿寒湖畔,アカンコハン,AKANKOHAN,43.433,144.087,430,8.5,,,43.433,144.087,430,1,1,1,1,1,,0,1986/10/13,1986/11/30,19076,0,0,0,0,0,,0
19076,阿寒湖畔,アカンコハン,AKANKOHAN,阿寒湖畔,アカンコハン,AKANKOHAN,43.433,144.087,430,8.5,,,43.433,144.087,430,1,1,1,1,1,,0,1986/12/1,2008/11/20,19076,0,0,0,1,0,,0
19076,阿寒湖畔,アカンコハン,AKANKOHAN,阿寒湖畔,アカンコハン,AKANKOHAN,43.437,144.083,426,9.9,,,43.437,144.083,426,1,1,1,1,1,,0,2008/11/21,2021/3/1,19076,0,4,4,4,0,,0
19076,阿寒湖畔,アカンコハン,AKANKOHAN,阿寒湖畔,アカンコハン,AKANKOHAN,43.437,144.083,426,9.9,,,43.437,144.083,426,1,1,1,2,1,,0,2021/3/2,9999-99-99,19076,0,0,0,6,0,,0
19091,弟子屈,テシカガ,TESHIKAGA,,,,43.478,144.447,107,,,,,,,1,0,0,0,0,,0,1974/11/1,1977/10/6,19091,1,1,1,1,1,,1
19151,標茶,シベチャ,SHIBECHA,,,,43.307,144.598,32,,,,,,,1,0,0,0,0,,0,1974/11/1,1977/10/10,19151,1,1,1,1,1,,1
19151,標茶,シベチャ,SHIBECHA,,,,43.307,144.598,32,6.5,,,,,,1,1,1,1,0,,0,1977/10/11,1986/5/12,19151,0,0,0,0,0,,0
19151,標茶,シベチャ,SHIBECHA,,,,43.307,144.598,32,6.5,,,,,,1,1,1,1,0,,0,1986/5/13,1987/10/6,19151,0,0,0,1,0,,0
19151,標茶,シベチャ,SHIBECHA,標茶,シベチャ,SHIBECHA,43.307,144.598,32,6.5,,,43.307,144.598,32,1,1,1,1,1,,0,1987/10/7,2006/10/26,19151,0,0,0,0,0,,0
19151,標茶,シベチャ,SHIBECHA,標茶,シベチャ,SHIBECHA,43.292,144.587,20,10,,,43.292,144.587,20,1,1,1,1,1,,0,2006/10/27,2008/10/23,19151,0,0,0,4,0,,0
19151,標茶,シベチャ,SHIBECHA,標茶,シベチャ,SHIBECHA,43.292,144.587,20,10,,,43.292,144.587,20,1,1,1,1,1,,0,2008/10/24,2021/3/1,19151,0,4,4,0,0,,0
19151,標茶,シベチャ,SHIBECHA,標茶,シベチャ,SHIBECHA,43.292,144.587,20,10,,,43.292,144.587,20,1,1,1,2,1,,0,2021/3/2,2023/9/26,19151,0,0,0,6,0,,0
19151,標茶,シベチャ,SHIBECHA,標茶,シベチャ,SHIBECHA,43.292,144.587,20,9.9,,,43.292,144.587,20,1,1,1,2,1,,1,2023/9/27,9999-99-99,19151,0,0,0,0,0,,0
19186,幌呂台地,ホロロダイチ,HORORODAICHI,,,,43.278,144.227,225,,,,,,,1,0,0,0,0,,0,1974/11/1,1983/8/1,19186,1,1,1,1,1,,1
19191,鶴居,ツルイ,TSURUI,,,,43.235,144.323,37,6.5,,,,,,1,1,1,1,0,,0,1977/10/5,1985/9/29,19191,1,1,1,1,1,,1
19191,鶴居,ツルイ,TSURUI,鶴居,ツルイ,TSURUI,43.235,144.323,37,6.5,,,43.232,144.325,38,1,1,1,1,1,,0,1985/9/30,1989/4/26,19191,0,0,0,0,0,,0
19191,鶴居,ツルイ,TSURUI,鶴居,ツルイ,TSURUI,43.235,144.323,37,6.5,,,43.232,144.325,38,1,1,1,1,1,,0,1989/4/27,1999/9/27,19191,0,0,0,1,0,,0
19191,鶴居,ツルイ,TSURUI,鶴居,ツルイ,TSURUI,43.232,144.325,38,6.5,,,43.232,144.325,38,1,1,1,1,1,,0,1999/9/28,2007/12/20,19191,0,0,0,0,0,,0
19191,鶴居,ツルイ,TSURUI,鶴居,ツルイ,TSURUI,43.232,144.325,38,6.5,,,43.232,144.325,38,1,1,1,1,1,,0,2007/12/21,2008/3/25,19191,0,0,0,4,0,,0
19191,鶴居,ツルイ,TSURUI,鶴居,ツルイ,TSURUI,43.232,144.325,38,6.5,,,43.232,144.325,38,1,1,1,1,1,,0,2008/3/26,2021/3/1,19191,0,4,4,0,0,,0
19191,鶴居,ツルイ,TSURUI,鶴居,ツルイ,TSURUI,43.232,144.325,38,6.5,,,43.232,144.325,38,1,1,1,2,1,,0,2021/3/2,9999-99-99,19191,0,0,0,6,0,,0
19261,中徹別,ナカテシベツ,NAKATESHIBETSU,,,,43.198,144.143,71,,,,,,,1,0,0,0,0,,0,1974/11/1,1977/10/6,19261,1,1,1,1,1,,1
19261,中徹別,ナカテシベツ,NAKATESHIBETSU,,,,43.198,144.143,71,6.5,,,,,,1,1,1,1,0,,0,1977/10/7,1987/5/19,19261,0,0,0,0,0,,0
19261,中徹別,ナカテシベツ,NAKATESHIBETSU,,,,43.198,144.143,71,6.5,,,,,,1,1,1,1,0,,0,1987/5/20,1988/10/25,19261,0,0,0,1,0,,0
19261,中徹別,ナカテシベツ,NAKATESHIBETSU,中徹別,ナカテシベツ,NAKATESHIBETSU,43.198,144.143,71,6.5,,,43.198,144.143,71,1,1,1,1,1,,0,1988/10/26,1998/10/29,19261,0,0,0,0,0,,0
19261,中徹別,ナカテシベツ,NAKATESHIBETSU,中徹別,ナカテシベツ,NAKATESHIBETSU,43.198,144.142,80,6.5,,,43.198,144.142,80,1,1,1,1,1,,0,1998/10/30,2008/11/27,19261,0,0,0,0,0,,0
19261,中徹別,ナカテシベツ,NAKATESHIBETSU,中徹別,ナカテシベツ,NAKATESHIBETSU,43.198,144.142,80,6.5,,,43.198,144.142,80,1,1,1,1,1,,0,2008/11/28,2009/10/29,19261,0,4,4,4,0,,0
19261,中徹別,ナカテシベツ,NAKATESHIBETSU,中徹別,ナカテシベツ,NAKATESHIBETSU,43.198,144.142,80,10,,,43.198,144.142,80,1,1,1,1,1,,0,2009/10/30,2021/3/1,19261,0,0,0,0,0,,0
19261,中徹別,ナカテシベツ,NAKATESHIBETSU,中徹別,ナカテシベツ,NAKATESHIBETSU,43.198,144.142,80,10,,,43.198,144.142,80,1,1,1,2,1,,0,2021/3/2,9999-99-99,19261,0,0,0,6,0,,0
19281,塘路,トウロ,TORO,,,,43.152,144.503,10,,,,,,,1,0,0,0,0,,0,1983/8/2,1998/12/9,19281,1,1,1,1,1,,1
19281,塘路,トウロ,TORO,,,,43.148,144.497,25,,,,,,,1,0,0,0,0,,0,1998/12/10,9999-99-99,19281,0,0,0,0,0,,0
19301,茶内原野,チャナイゲンヤ,CHANAIGENYA,,,,43.173,144.967,70,,,,,,,1,0,0,0,0,,0,1984/10/1,9999-99-99,19301,1,1,1,1,1,,1
19311,榊町,サカキマチ,SAKAKIMACHI,,,,43.12,145.11,2,8,,,,,,1,1,1,1,0,,0,1977/10/12,1988/5/16,19311,1,1,1,1,1,,1
19311,榊町,サカキマチ,SAKAKIMACHI,,,,43.12,145.11,2,8,,,,,,1,1,1,1,0,,0,1988/5/17,2005/11/8,19311,0,0,0,1,0,,0
19311,榊町,サカキマチ,SAKAKIMACHI,,,,43.12,145.11,2,9.5,,,,,,1,1,1,1,0,,0,2005/11/9,2008/9/16,19311,0,0,0,4,0,,0
19311,榊町,サカキマチ,SAKAKIMACHI,,,,43.12,145.11,2,9.5,,,,,,1,1,1,1,0,,0,2008/9/17,2021/3/1,19311,0,4,4,0,0,,0
19311,榊町,サカキマチ,SAKAKIMACHI,,,,43.12,145.11,2,9.5,,,,,,1,1,1,2,0,,0,2021/3/2,2021/3/8,19311,0,0,0,6,0,,0
19311,榊町,サカキマチ,SAKAKIMACHI,,,,43.12,145.11,2,9.6,,,,,,1,1,1,2,0,,1,2021/3/9,9999-99-99,19311,0,0,0,0,0,,0
19346,阿寒台,アカンダイ,AKANDAI,,,,43.097,144.11,83,,,,,,,1,0,0,0,0,,0,1974/11/1,1983/8/4,19346,1,1,1,1,1,,1
19346,阿寒,アカン,AKAN,,,,43.112,144.122,40,,,,,,,1,0,0,0,0,,0,1983/8/5,2003/10/27,19346,0,0,0,0,0,,0
19346,阿寒,アカン,AKAN,,,,43.113,144.123,40,,,,,,,1,0,0,0,0,,0,2003/10/28,9999-99-99,19346,0,0,0,0,0,,0
19347,鶴丘,ツルオカ,TSURUOKA,,,,43.04,144.192,95,9.4,,,,,,1,1,1,0,0,,0,2003/1/1,2006/11/28,19347,1,1,1,1,1,,1
19347,鶴丘,ツルオカ,TSURUOKA,鶴丘,ツルオカ,TSURUOKA,43.04,144.192,95,9.4,,,43.04,144.192,95,1,1,1,0,1,,0,2006/11/29,2009/1/29,19347,0,0,0,0,0,,0
19347,鶴丘,ツルオカ,TSURUOKA,鶴丘,ツルオカ,TSURUOKA,43.04,144.192,95,9.4,,,43.04,144.192,95,1,1,1,0,1,,0,2009/1/30,2017/3/7,19347,0,4,4,0,0,,0
19347,鶴丘,ツルオカ,TSURUOKA,鶴丘,ツルオカ,TSURUOKA,43.04,144.192,95,10,,,43.04,144.192,95,1,1,1,0,1,,0,2017/3/8,9999-99-99,19347,0,0,0,0,0,,0
19376,太田,オオタ,OTA,,,,43.09,144.778,85,6.5,,,,,,1,1,1,1,0,,0,1977/10/11,1986/10/14,19376,1,1,1,1,1,,1
19376,太田,オオタ,OTA,太田,オオタ,OTA,43.09,144.778,85,6.5,,,43.09,144.778,85,1,1,1,1,1,,0,1986/10/15,1988/4/26,19376,0,0,0,0,0,,0
19376,太田,オオタ,OTA,太田,オオタ,OTA,43.09,144.778,85,6.5,,,43.09,144.778,85,1,1,1,1,1,,0,1988/4/27,2006/10/16,19376,0,0,0,1,0,,0
19376,太田,オオタ,OTA,太田,オオタ,OTA,43.09,144.778,85,6.5,,,43.09,144.778,85,1,1,1,1,1,,0,2006/10/17,2008/10/16,19376,0,0,0,4,0,,0
19376,太田,オオタ,OTA,太田,オオタ,OTA,43.09,144.778,85,6.5,,,43.09,144.778,85,1,1,1,1,1,,0,2008/10/17,2009/10/19,19376,0,4,4,0,0,,0
19376,太田,オオタ,OTA,太田,オオタ,OTA,43.09,144.778,85,10,,,43.09,144.778,85,1,1,1,1,1,,0,2009/10/20,2021/3/1,19376,0,0,0,0,0,,0
19376,太田,オオタ,OTA,太田,オオタ,OTA,43.09,144.778,85,10,,,43.09,144.778,85,1,1,1,2,1,,0,2021/3/2,2023/9/25,19376,0,0,0,6,0,,0
19376,太田,オオタ,OTA,太田,オオタ,OTA,43.09,144.778,85,9.9,,,43.09,144.778,85,1,1,1,2,1,,1,2023/9/26,9999-99-99,19376,0,0,0,0,0,,0
19396,霧多布,キリタップ,KIRITAPPU,,,,43.077,145.128,2,,,,,,,1,0,0,0,0,,0,1974/11/1,1976/11/1,19396,1,1,1,1,1,,1
19406,二俣,フタマタ,FUTAMATA,,,,42.972,143.875,45,,,,,,,1,0,0,0,0,,0,1976/6/29,9999-99-99,19406,1,1,1,1,1,,1
19416,白糠,シラヌカ,SHIRANUKA,,,,42.955,144.073,4,,,,,,,1,0,0,0,0,,0,1974/11/1,1977/10/4,19416,1,1,1,1,1,,1
19416,白糠,シラヌカ,SHIRANUKA,,,,42.97,144.062,9,6.5,,,,,,1,1,1,1,0,,0,1977/10/5,1986/10/12,19416,0,0,0,0,0,,0
19416,白糠,シラヌカ,SHIRANUKA,白糠,シラヌカ,SHIRANUKA,42.97,144.062,9,6.5,,,42.97,144.062,9,1,1,1,1,1,,0,1986/10/13,1989/8/22,19416,0,0,0,0,0,,0
19416,白糠,シラヌカ,SHIRANUKA,白糠,シラヌカ,SHIRANUKA,42.97,144.062,9,6.5,,,42.97,144.062,9,1,1,1,1,1,,0,1989/8/23,2007/12/13,19416,0,0,0,1,0,,0
19416,白糠,シラヌカ,SHIRANUKA,白糠,シラヌカ,SHIRANUKA,42.97,144.062,9,6.5,,,42.97,144.062,9,1,1,1,1,1,,0,2007/12/14,2008/3/25,19416,0,0,0,4,0,,0
19416,白糠,シラヌカ,SHIRANUKA,白糠,シラヌカ,SHIRANUKA,42.97,144.062,9,6.5,,,42.97,144.062,9,1,1,1,1,1,,0,2008/3/26,2009/10/20,19416,0,4,4,0,0,,0
19416,白糠,シラヌカ,SHIRANUKA,白糠,シラヌカ,SHIRANUKA,42.97,144.062,9,10,,,42.97,144.062,9,1,1,1,1,1,,0,2009/10/21,2021/3/1,19416,0,0,0,0,0,,0
19416,白糠,シラヌカ,SHIRANUKA,白糠,シラヌカ,SHIRANUKA,42.97,144.062,9,10,,,42.97,144.062,9,1,1,1,2,1,,0,2021/3/2,9999-99-99,19416,0,0,0,6,0,,0
19431,釧路,クシロ,KUSHIRO,,,,42.977,144.387,32,,,,,,,1,0,0,0,0,,0,1974/11/1,1975/3/31,19431,1,1,1,1,1,,1
19431,釧路,クシロ,KUSHIRO,,,,42.977,144.387,32,22,,,,,,1,1,1,1,0,,0,1975/4/1,1986/12/31,19431,0,0,0,0,0,,0
19431,釧路,クシロ,KUSHIRO,,,,42.977,144.387,32,22,,,,,,1,1,1,1,0,,0,1987/1/1,1999/2/28,19431,0,0,0,1,0,,0
19431,釧路,クシロ,KUSHIRO,釧路,クシロ,KUSHIRO,42.977,144.387,32,22,,,42.977,144.387,32,1,1,1,1,1,,0,1999/3/1,2000/10/5,19431,0,0,0,0,0,,0
19432,釧路,クシロ,KUSHIRO,釧路,クシロ,KUSHIRO,42.985,144.377,5,65.9,,,42.985,144.377,5,1,1,1,1,1,,0,2000/10/5,2008/3/25,19431,0,1,0,0,0,,0
19432,釧路,クシロ,KUSHIRO,釧路,クシロ,KUSHIRO,42.985,144.377,5,65.9,,,42.985,144.377,5,1,1,1,1,1,,0,2008/3/26,2011/6/29,19432,0,4,4,0,0,,0
19432,釧路,クシロ,KUSHIRO,釧路,クシロ,KUSHIRO,42.985,144.377,5,66.1,,,42.985,144.377,5,1,1,1,1,1,,0,2011/6/30,2021/3/1,19432,0,0,0,0,0,,0
19432,釧路,クシロ,KUSHIRO,釧路,クシロ,KUSHIRO,42.985,144.377,5,66.1,,,42.985,144.377,5,1,1,1,1,1,,1,2021/3/2,9999-99-99,19432,0,0,0,0,0,,0
19451,知方学,チッポマナイ,CHIPPOMANAI,,,,42.937,144.735,145,6.5,,,,,,1,1,1,1,0,,0,1978/10/27,1988/5/17,19451,1,1,1,1,1,,1
19451,知方学,チッポマナイ,CHIPPOMANAI,,,,42.937,144.735,145,6.5,,,,,,1,1,1,1,0,,0,1988/5/18,1995/10/29,19451,0,0,0,1,0,,0
19451,知方学,チッポマナイ,CHIPPOMANAI,,,,42.938,144.735,149,6.5,,,,,,1,1,1,1,0,,0,1995/10/30,2005/11/5,19451,0,0,0,0,0,,0
19451,知方学,チッポマナイ,CHIPPOMANAI,,,,42.938,144.735,149,6.6,,,,,,1,1,1,1,0,,0,2005/11/6,2008/9/18,19451,0,0,0,4,0,,0
19451,知方学,チッポマナイ,CHIPPOMANAI,,,,42.938,144.735,149,6.6,,,,,,1,1,1,1,0,,0,2008/9/19,2020/11/5,19451,0,4,4,0,0,,0
19451,知方学,チッポマナイ,CHIPPOMANAI,,,,42.938,144.735,149,10,,,,,,1,1,1,1,0,,0,2020/11/6,2021/3/1,19451,0,0,0,0,0,,0
19451,知方学,チッポマナイ,CHIPPOMANAI,,,,42.938,144.735,149,10,,,,,,1,1,1,2,0,,0,2021/3/2,2021/3/7,19451,0,0,0,6,0,,0
19451,知方学,チッポマナイ,CHIPPOMANAI,,,,42.938,144.735,149,10.1,,,,,,1,1,1,2,0,,1,2021/3/8,9999-99-99,19451,0,0,0,0,0,,0
20046,三国山,ミクニヤマ,MIKUNIYAMA,,,,43.568,143.14,940,,,,,,,1,0,0,0,0,,0,1976/6/2,2005/11/9,20046,1,1,1,1,1,,1
20047,三股,ミツマタ,MITSUMATA,,,,43.51,143.148,660,,,,,,,1,0,0,0,0,,0,2005/11/9,9999-99-99,20047,1,1,1,1,1,,1
20071,小利別,ショウトシベツ,SHOTOSHIBETSU,,,,43.588,143.68,313,,,,,,,1,0,0,0,0,,0,1983/8/2,9999-99-99,20071,1,1,1,1,1,,1
20116,軍艦山,グンカンヤマ,GUNKANYAMA,,,,43.478,143.127,900,,,,,,,1,0,0,0,0,,0,1974/11/1,1984/10/1,20116,1,1,1,1,1,,1
20146,陸別,リクベツ,RIKUBETSU,,,,43.47,143.748,210,,,,,,,1,0,0,0,0,,0,1974/11/1,1977/10/20,20146,1,1,1,1,1,,1
20146,陸別,リクベツ,RIKUBETSU,,,,43.47,143.748,210,8,,,,,,1,1,1,1,0,,0,1977/10/21,1986/10/21,20146,0,0,0,0,0,,0
20146,陸別,リクベツ,RIKUBETSU,陸別,リクベツ,RIKUBETSU,43.47,143.748,210,8,,,43.468,143.738,207,1,1,1,1,1,,0,1986/10/22,1990/3/22,20146,0,0,0,0,0,,0
20146,陸別,リクベツ,RIKUBETSU,陸別,リクベツ,RIKUBETSU,43.468,143.738,207,8,,,43.468,143.738,207,1,1,1,1,1,,0,1990/3/23,2005/11/16,20146,0,0,0,1,0,,0
20146,陸別,リクベツ,RIKUBETSU,陸別,リクベツ,RIKUBETSU,43.468,143.738,207,8.2,,,43.468,143.738,207,1,1,1,1,1,,0,2005/11/17,2008/9/8,20146,0,0,0,4,0,,0
20146,陸別,リクベツ,RIKUBETSU,陸別,リクベツ,RIKUBETSU,43.468,143.738,207,8.2,,,43.468,143.738,207,1,1,1,1,1,,0,2008/9/9,2021/3/1,20146,0,4,4,0,0,,0
20146,陸別,リクベツ,RIKUBETSU,陸別,リクベツ,RIKUBETSU,43.468,143.738,207,8.2,,,43.468,143.738,207,1,1,1,2,1,,0,2021/3/2,2021/9/28,20146,0,0,0,6,0,,0
20146,陸別,リクベツ,RIKUBETSU,陸別,リクベツ,RIKUBETSU,43.468,143.738,207,8.1,,,43.468,143.738,207,1,1,1,2,1,,1,2021/9/29,2022/9/26,20146,0,0,0,0,0,,0
20146,陸別,リクベツ,RIKUBETSU,陸別,リクベツ,RIKUBETSU,43.472,143.753,210,10,,,43.472,143.753,210,1,1,1,2,1,,1,2022/9/27,9999-99-99,20146,0,0,0,0,0,,0
20147,殖産高地,ショクサンコウチ,SHOKUSANKOCHI,,,,43.435,143.695,419,,,,,,,1,0,0,0,0,,0,1974/11/1,1983/7/29,20147,1,1,1,1,1,,1
20186,糠平,ヌカビラ,NUKABIRA,,,,43.367,143.192,540,,,,,,,1,0,0,0,0,,0,1974/11/1,1976/3/31,20186,1,1,1,1,1,,1
20186,糠平,ヌカビラ,NUKABIRA,,,,43.367,143.192,540,6.5,,,,,,1,1,1,1,0,,0,1976/4/1,1984/9/29,20186,0,0,0,0,0,,0
20186,糠平,ヌカビラ,NUKABIRA,糠平,ヌカビラ,NUKABIRA,43.367,143.192,540,6.5,,,43.367,143.192,540,1,1,1,1,1,,0,1984/9/30,1988/7/6,20186,0,0,0,0,0,,0
20186,糠平,ヌカビラ,NUKABIRA,糠平,ヌカビラ,NUKABIRA,43.367,143.192,540,6.5,,,43.367,143.192,540,1,1,1,1,1,,0,1988/7/7,2005/11/14,20186,0,0,0,1,0,,0
20186,糠平,ヌカビラ,NUKABIRA,糠平,ヌカビラ,NUKABIRA,43.367,143.192,540,8.1,,,43.367,143.192,540,1,1,1,1,1,,0,2005/11/15,2008/9/10,20186,0,0,0,4,0,,0
20186,糠平,ヌカビラ,NUKABIRA,糠平,ヌカビラ,NUKABIRA,43.367,143.192,540,8.1,,,43.367,143.192,540,1,1,1,1,1,,0,2008/9/11,2011/5/31,20186,0,4,4,0,0,,0
20186,ぬかびら源泉郷,ヌカビラゲンセンキョウ,NUKABIRA-GENSENKYO,ぬかびら源泉郷,ヌカビラゲンセンキョウ,NUKABIRA-GENSENKYO,43.367,143.192,540,8.1,,,43.367,143.192,540,1,1,1,1,1,,0,2011/6/1,2021/3/1,20186,0,0,0,0,0,,0
20186,ぬかびら源泉郷,ヌカビラゲンセンキョウ,NUKABIRA-GENSENKYO,ぬかびら源泉郷,ヌカビラゲンセンキョウ,NUKABIRA-GENSENKYO,43.367,143.192,540,8.1,,,43.367,143.192,540,1,1,1,2,1,,0,2021/3/2,2021/6/17,20186,0,0,0,6,0,,0
20186,ぬかびら源泉郷,ヌカビラゲンセンキョウ,NUKABIRA-GENSENKYO,ぬかびら源泉郷,ヌカビラゲンセンキョウ,NUKABIRA-GENSENKYO,43.367,143.192,540,10,,,43.367,143.192,540,1,1,1,2,1,,0,2021/6/18,2021/10/5,20186,0,0,0,0,0,,0
20186,ぬかびら源泉郷,ヌカビラゲンセンキョウ,NUKABIRA-GENSENKYO,ぬかびら源泉郷,ヌカビラゲンセンキョウ,NUKABIRA-GENSENKYO,43.367,143.192,540,9.9,,,43.367,143.192,540,1,1,1,2,1,,1,2021/10/6,9999-99-99,20186,0,0,0,0,0,,0
20201,小坂山,コサカヤマ,KOSAKAYAMA,,,,43.397,143.483,740,,,,,,,1,0,0,0,0,,0,1974/11/1,1983/10/4,20201,1,1,1,1,1,,1
20202,柏倉,カシワクラ,KASHIWAKURA,,,,43.362,143.458,378,,,,,,,1,0,0,0,0,,0,1983/10/5,9999-99-99,20202,1,1,1,1,1,,1
20221,上足寄,カミアショロ,KAMIASHORO,,,,43.357,143.802,384,,,,,,,1,0,0,0,0,,0,1974/11/1,1983/10/4,20221,1,1,1,1,1,,1
20222,上螺湾,カミラワン,KAMIRAWAN,,,,43.318,143.802,232,,,,,,,1,0,0,0,0,,0,1983/10/5,9999-99-99,20222,1,1,1,1,1,,1
20251,西ヌプカウシ山,ニシヌプカウシヤマ,NISHINUPUKAUSHIYAMA,,,,43.242,143.07,760,,,,,,,1,0,0,0,0,,0,1974/11/1,2009/11/2,20251,1,1,1,1,1,,1
20266,上士幌,カミシホロ,KAMISHIHORO,,,,43.235,143.303,295,,,,,,,1,0,0,0,0,,0,1974/11/1,1977/10/19,20266,1,1,1,1,1,,1
20266,上士幌,カミシホロ,KAMISHIHORO,,,,43.235,143.303,295,6.5,,,,,,1,1,1,1,0,,0,1977/10/20,1987/5/19,20266,0,0,0,0,0,,0
20266,上士幌,カミシホロ,KAMISHIHORO,,,,43.235,143.303,295,6.5,,,,,,1,1,1,1,0,,0,1987/5/20,1987/10/26,20266,0,0,0,1,0,,0
20266,上士幌,カミシホロ,KAMISHIHORO,上士幌,カミシホロ,KAMISHIHORO,43.235,143.303,295,6.5,,,43.235,143.303,295,1,1,1,1,1,,0,1987/10/27,2006/11/1,20266,0,0,0,0,0,,0
20266,上士幌,カミシホロ,KAMISHIHORO,上士幌,カミシホロ,KAMISHIHORO,43.235,143.303,295,10,,,43.235,143.303,295,1,1,1,1,1,,0,2006/11/2,2008/10/29,20266,0,0,0,4,0,,0
20266,上士幌,カミシホロ,KAMISHIHORO,上士幌,カミシホロ,KAMISHIHORO,43.235,143.303,295,10,,,43.235,143.303,295,1,1,1,1,1,,0,2008/10/30,2020/9/29,20266,0,4,4,0,0,,0
20266,上士幌,カミシホロ,KAMISHIHORO,上士幌,カミシホロ,KAMISHIHORO,43.242,143.295,287,10,,,43.242,143.295,287,1,1,1,1,1,,0,2020/9/30,2021/3/1,20266,0,0,0,0,0,,0
20266,上士幌,カミシホロ,KAMISHIHORO,上士幌,カミシホロ,KAMISHIHORO,43.242,143.295,287,10,,,43.242,143.295,287,1,1,1,2,1,,0,2021/3/2,2021/3/10,20266,0,0,0,6,0,,0
20266,上士幌,カミシホロ,KAMISHIHORO,上士幌,カミシホロ,KAMISHIHORO,43.242,143.295,287,10.1,,,43.242,143.295,287,1,1,1,2,1,,1,2021/3/11,9999-99-99,20266,0,0,0,0,0,,0
20271,幌安山,ホロヤスヤマ,HOROYASUYAMA,,,,43.248,143.445,440,,,,,,,1,0,0,0,0,,0,1974/11/1,1983/7/29,20271,1,1,1,1,1,,1
20276,足寄,アショロ,ASHORO,,,,43.245,143.552,100,,,,,,,1,0,0,0,0,,0,1974/11/1,1977/10/20,20276,1,1,1,1,1,,1
20276,足寄,アショロ,ASHORO,,,,43.245,143.552,100,8,,,,,,1,1,1,1,0,,0,1977/10/21,1990/5/22,20276,0,0,0,0,0,,0
20276,足寄,アショロ,ASHORO,,,,43.245,143.552,100,8,,,,,,1,1,1,1,0,,0,1990/5/23,1993/10/31,20276,0,0,0,1,0,,0
20276,足寄,アショロ,ASHORO,,,,43.243,143.553,90,8,,,,,,1,1,1,1,0,,0,1993/11/1,2008/12/15,20276,0,0,0,0,0,,0
20276,足寄,アショロ,ASHORO,,,,43.243,143.553,90,8,,,,,,1,1,1,1,0,,0,2008/12/16,2009/10/28,20276,0,4,4,4,0,,0
20276,足寄,アショロ,ASHORO,,,,43.243,143.553,90,10,,,,,,1,1,1,1,0,,0,2009/10/29,2021/3/1,20276,0,0,0,0,0,,0
20276,足寄,アショロ,ASHORO,,,,43.243,143.553,90,10,,,,,,1,1,1,2,0,,0,2021/3/2,9999-99-99,20276,0,0,0,6,0,,0
20296,佐幌岳,サホロダケ,SAHORODAKE,,,,43.175,142.785,900,,,,,,,1,0,0,0,0,,0,1974/11/1,2009/11/2,20296,1,1,1,1,1,,1
20306,三角山,サンカクヤマ,SANKAKUYAMA,,,,43.197,142.968,560,,,,,,,1,0,0,0,0,,0,1974/11/1,1984/10/1,20306,1,1,1,1,1,,1
20331,押帯,オショップ,OSHOPPU,,,,43.115,143.443,104,,,,,,,1,0,0,0,0,,0,1983/8/2,9999-99-99,20331,1,1,1,1,1,,1
20341,本別,ホンベツ,HOMBETSU,,,,43.132,143.612,64,,,,,,,1,0,0,0,0,,0,1974/11/1,1976/3/9,20341,1,1,1,1,1,,1
20341,本別,ホンベツ,HOMBETSU,,,,43.123,143.61,60,6.5,,,,,,1,1,1,1,0,,0,1976/3/10,1985/9/29,20341,0,0,0,0,0,,0
20341,本別,ホンベツ,HOMBETSU,本別,ホンベツ,HOMBETSU,43.123,143.61,60,6.5,,,43.123,143.61,60,1,1,1,1,1,,0,1985/9/30,1988/7/6,20341,0,0,0,0,0,,0
20341,本別,ホンベツ,HOMBETSU,本別,ホンベツ,HOMBETSU,43.123,143.61,60,6.5,,,43.123,143.61,60,1,1,1,1,1,,0,1988/7/7,2005/11/10,20341,0,0,0,1,0,,0
20341,本別,ホンベツ,HOMBETSU,本別,ホンベツ,HOMBETSU,43.132,143.6,67,8,,,43.132,143.6,67,1,1,1,1,1,,0,2005/11/11,2008/9/29,20341,0,0,0,4,0,,0
20341,本別,ホンベツ,HOMBETSU,本別,ホンベツ,HOMBETSU,43.132,143.6,67,8,,,43.132,143.6,67,1,1,1,1,1,,0,2008/9/30,2021/3/1,20341,0,4,4,0,0,,0
20341,本別,ホンベツ,HOMBETSU,本別,ホンベツ,HOMBETSU,43.132,143.6,67,8,,,43.132,143.6,67,1,1,1,2,1,,0,2021/3/2,2021/6/28,20341,0,0,0,6,0,,0
20341,本別,ホンベツ,HOMBETSU,本別,ホンベツ,HOMBETSU,43.132,143.6,67,10,,,43.132,143.6,67,1,1,1,2,1,,0,2021/6/29,2021/9/27,20341,0,0,0,0,0,,0
20341,本別,ホンベツ,HOMBETSU,本別,ホンベツ,HOMBETSU,43.132,143.6,67,10,,,43.132,143.6,67,1,1,1,2,1,,1,2021/9/28,9999-99-99,20341,0,0,0,0,0,,0
20356,新得,シントク,SHINTOKU,,,,43.077,142.84,178,,,,,,,1,0,0,0,0,,0,1974/11/1,1977/10/23,20356,1,1,1,1,1,,1
20356,新得,シントク,SHINTOKU,,,,43.077,142.84,178,8.3,,,,,,1,1,1,1,0,,0,1977/10/24,1984/9/29,20356,0,0,0,0,0,,0
20356,新得,シントク,SHINTOKU,新得,シントク,SHINTOKU,43.077,142.84,178,8.3,,,43.077,142.84,178,1,1,1,1,1,,0,1984/9/30,1987/5/18,20356,0,0,0,0,0,,0
20356,新得,シントク,SHINTOKU,新得,シントク,SHINTOKU,43.077,142.84,178,8.3,,,43.077,142.84,178,1,1,1,1,1,,0,1987/5/19,2006/10/5,20356,0,0,0,1,0,,0
20356,新得,シントク,SHINTOKU,新得,シントク,SHINTOKU,43.077,142.84,178,8.3,,,43.077,142.84,178,1,1,1,1,1,,0,2006/10/6,2008/10/27,20356,0,0,0,4,0,,0
20356,新得,シントク,SHINTOKU,新得,シントク,SHINTOKU,43.077,142.84,178,8.3,,,43.077,142.84,178,1,1,1,1,1,,0,2008/10/28,2021/3/1,20356,0,4,4,0,0,,0
20356,新得,シントク,SHINTOKU,新得,シントク,SHINTOKU,43.077,142.84,178,8.3,,,43.077,142.84,178,1,1,1,2,1,,0,2021/3/2,2023/7/26,20356,0,0,0,6,0,,0
20356,新得,シントク,SHINTOKU,新得,シントク,SHINTOKU,43.077,142.84,178,10,,,43.077,142.84,178,1,1,1,2,1,,0,2023/7/27,2023/10/11,20356,0,0,0,0,0,,0
20356,新得,シントク,SHINTOKU,新得,シントク,SHINTOKU,43.077,142.84,178,9.9,,,43.077,142.84,178,1,1,1,2,1,,1,2023/10/12,9999-99-99,20356,0,0,0,0,0,,0
20361,鹿追,シカオイ,SHIKAOI,,,,43.097,142.987,213,,,,,,,1,0,0,0,0,,0,1974/11/1,1978/10/29,20361,1,1,1,1,1,,1
20361,鹿追,シカオイ,SHIKAOI,,,,43.107,142.988,213,8,,,,,,1,1,1,1,0,,0,1978/10/30,1987/5/11,20361,0,0,0,0,0,,0
20361,鹿追,シカオイ,SHIKAOI,,,,43.107,142.988,213,8,,,,,,1,1,1,1,0,,0,1987/5/12,2002/11/12,20361,0,0,0,1,0,,0
20361,鹿追,シカオイ,SHIKAOI,,,,43.103,142.995,206,8,,,,,,1,1,1,1,0,,0,2002/11/13,2008/12/8,20361,0,0,0,0,0,,0
20361,鹿追,シカオイ,SHIKAOI,,,,43.103,142.995,206,8,,,,,,1,1,1,1,0,,0,2008/12/9,2021/3/1,20361,0,4,4,4,0,,0
20361,鹿追,シカオイ,SHIKAOI,,,,43.103,142.995,206,8,,,,,,1,1,1,2,0,,0,2021/3/2,9999-99-99,20361,0,0,0,6,0,,0
20371,駒場,コマバ,KOMABA,,,,43.048,143.185,111,6.5,,,,,,1,1,1,1,0,,0,1977/10/20,1980/10/25,20371,1,1,1,1,1,,1
20371,駒場,コマバ,KOMABA,,,,43.052,143.185,112,6.5,,,,,,1,1,1,1,0,,0,1980/10/26,1986/5/20,20371,0,0,0,0,0,,0
20371,駒場,コマバ,KOMABA,,,,43.052,143.185,112,6.5,,,,,,1,1,1,1,0,,0,1986/5/21,1993/10/21,20371,0,0,0,1,0,,0
20371,駒場,コマバ,KOMABA,,,,43.05,143.183,112,6.5,,,,,,1,1,1,1,0,,0,1993/10/22,2008/12/10,20371,0,0,0,0,0,,0
20371,駒場,コマバ,KOMABA,,,,43.05,143.183,112,6.5,,,,,,1,1,1,1,0,,0,2008/12/11,2009/10/18,20371,0,4,4,4,0,,0
20371,駒場,コマバ,KOMABA,,,,43.05,143.183,112,10,,,,,,1,1,1,1,0,,0,2009/10/19,2021/3/1,20371,0,0,0,0,0,,0
20371,駒場,コマバ,KOMABA,,,,43.05,143.183,112,10,,,,,,1,1,1,2,0,,0,2021/3/2,9999-99-99,20371,0,0,0,6,0,,0
20421,芽室,メムロ,MEMURO,,,,42.903,143.053,80,,,,,,,1,0,0,0,0,,0,1974/11/1,1977/10/23,20421,1,1,1,1,1,,1
20421,芽室,メムロ,MEMURO,,,,42.903,143.053,80,6.5,,,,,,1,1,1,1,0,,0,1977/10/24,1987/10/7,20421,0,0,0,0,0,,0
20421,芽室,メムロ,MEMURO,芽室,メムロ,MEMURO,42.903,143.053,80,6.5,,,42.903,143.053,80,1,1,1,1,1,,0,1987/10/8,1988/4/17,20421,0,0,0,0,0,,0
20421,芽室,メムロ,MEMURO,芽室,メムロ,MEMURO,42.903,143.053,80,6.5,,,42.903,143.053,80,1,1,1,1,1,,0,1988/4/18,2007/12/12,20421,0,0,0,1,0,,0
20421,芽室,メムロ,MEMURO,芽室,メムロ,MEMURO,42.9,143.043,90,10,,,42.9,143.043,90,1,1,1,1,1,,0,2007/12/13,2008/3/25,20421,0,0,0,4,0,,0
20421,芽室,メムロ,MEMURO,芽室,メムロ,MEMURO,42.9,143.043,90,10,,,42.9,143.043,90,1,1,1,1,1,,0,2008/3/26,2021/3/1,20421,0,4,4,0,0,,0
20421,芽室,メムロ,MEMURO,芽室,メムロ,MEMURO,42.9,143.043,90,10,,,42.9,143.043,90,1,1,1,2,1,,0,2021/3/2,9999-99-99,20421,0,0,0,6,0,,0
20431,帯広,オビヒロ,OBIHIRO,,,,42.92,143.212,41,,,,,,,1,0,0,0,0,,0,1974/11/1,1975/3/31,20431,1,1,1,1,1,,1
20431,帯広,オビヒロ,OBIHIRO,,,,42.92,143.212,41,11.3,,,,,,1,1,1,1,0,,0,1975/4/1,1985/12/31,20431,0,0,0,0,0,,0
20431,帯広,オビヒロ,OBIHIRO,,,,42.92,143.212,41,11.3,,,,,,1,1,1,1,0,,0,1986/1/1,1998/1/28,20431,0,0,0,1,0,,0
20432,帯広,オビヒロ,OBIHIRO,,,,42.922,143.212,38,11,,,,,,1,1,1,1,0,,0,1998/1/28,1999/2/28,20431,0,1,0,0,0,,0
20432,帯広,オビヒロ,OBIHIRO,帯広,オビヒロ,OBIHIRO,42.922,143.212,38,11,,,42.922,143.212,38,1,1,1,1,1,,0,1999/3/1,2008/3/25,20432,0,0,0,0,0,,0
20432,帯広,オビヒロ,OBIHIRO,帯広,オビヒロ,OBIHIRO,42.922,143.212,38,11,,,42.922,143.212,38,1,1,1,1,1,,0,2008/3/26,2011/10/5,20432,0,4,4,0,0,,0
20432,帯広,オビヒロ,OBIHIRO,帯広,オビヒロ,OBIHIRO,42.922,143.212,38,11.3,,,42.922,143.212,38,1,1,1,1,1,,0,2011/10/6,2014/10/1,20432,0,0,0,0,0,,0
20432,帯広,オビヒロ,OBIHIRO,帯広,オビヒロ,OBIHIRO,42.922,143.212,38,11.2,,,42.922,143.212,38,1,1,1,1,1,,0,2014/10/2,2021/3/1,20432,0,0,0,0,0,,0
20432,帯広,オビヒロ,OBIHIRO,帯広,オビヒロ,OBIHIRO,42.922,143.212,38,11.2,,,42.922,143.212,38,1,1,1,1,1,,1,2021/3/2,9999-99-99,20432,0,0,0,0,0,,0
20441,池田,イケダ,IKEDA,,,,42.92,143.458,42,,,,,,,1,0,0,0,0,,0,1974/11/1,1977/10/25,20441,1,1,1,1,1,,1
20441,池田,イケダ,IKEDA,,,,42.92,143.458,42,8,,,,,,1,1,1,1,0,,0,1977/10/26,1988/5/23,20441,0,0,0,0,0,,0
20441,池田,イケダ,IKEDA,,,,42.92,143.458,42,8,,,,,,1,1,1,1,0,,0,1988/5/24,2008/12/4,20441,0,0,0,1,0,,0
20441,池田,イケダ,IKEDA,,,,42.92,143.458,42,8,,,,,,1,1,1,1,0,,0,2008/12/5,2009/10/18,20441,0,4,4,4,0,,0
20441,池田,イケダ,IKEDA,,,,42.92,143.458,42,10,,,,,,1,1,1,1,0,,0,2009/10/19,2021/3/1,20441,0,0,0,0,0,,0
20441,池田,イケダ,IKEDA,,,,42.92,143.458,42,10,,,,,,1,1,1,2,0,,0,2021/3/2,9999-99-99,20441,0,0,0,6,0,,0
20451,留真,ルシン,RUSHIN,,,,42.917,143.662,40,,,,,,,1,0,0,0,0,,0,1984/10/1,9999-99-99,20451,1,1,1,1,1,,1
20506,浦幌,ウラホロ,URAHORO,,,,42.808,143.657,20,,,,,,,1,0,0,0,0,,0,1974/11/1,1977/10/26,20506,1,1,1,1,1,,1
20506,浦幌,ウラホロ,URAHORO,,,,42.808,143.657,20,8.3,,,,,,1,1,1,1,0,,0,1977/10/27,1985/9/29,20506,0,0,0,0,0,,0
20506,浦幌,ウラホロ,URAHORO,浦幌,ウラホロ,URAHORO,42.808,143.657,20,8.3,,,42.802,143.655,16,1,1,1,1,1,,0,1985/9/30,1986/10/22,20506,0,0,0,0,0,,0
20506,浦幌,ウラホロ,URAHORO,浦幌,ウラホロ,URAHORO,42.808,143.657,20,8.3,,,42.802,143.655,16,1,1,1,1,1,,0,1986/10/23,1995/6/21,20506,0,0,0,1,0,,0
20506,浦幌,ウラホロ,URAHORO,浦幌,ウラホロ,URAHORO,42.808,143.657,20,8.3,,,42.808,143.657,20,1,1,1,1,1,,0,1995/6/22,2007/12/17,20506,0,0,0,0,0,,0
20506,浦幌,ウラホロ,URAHORO,浦幌,ウラホロ,URAHORO,42.808,143.657,20,8.3,,,42.808,143.657,20,1,1,1,1,1,,0,2007/12/18,2008/3/25,20506,0,0,0,4,0,,0
20506,浦幌,ウラホロ,URAHORO,浦幌,ウラホロ,URAHORO,42.808,143.657,20,8.3,,,42.808,143.657,20,1,1,1,1,1,,0,2008/3/26,2021/3/1,20506,0,4,4,0,0,,0
20506,浦幌,ウラホロ,URAHORO,浦幌,ウラホロ,URAHORO,42.808,143.657,20,8.3,,,42.808,143.657,20,1,1,1,2,1,,0,2021/3/2,9999-99-99,20506,0,0,0,6,0,,0
20536,帯広岳,オビヒロダケ,OBIHIRODAKE,,,,42.747,142.933,440,,,,,,,1,0,0,0,0,,0,1974/11/1,1996/10/2,20536,1,1,1,1,1,,1
20551,帯広泉,オビヒロイズミ,OBIHIRO-IZUMI,,,,42.733,143.217,149,9.9,,,,,,1,1,1,0,0,,0,2003/1/1,2006/11/28,20551,1,1,1,1,1,,1
20551,帯広泉,オビヒロイズミ,OBIHIRO-IZUMI,帯広泉,オビヒロイズミ,OBIHIRO-IZUMI,42.733,143.217,149,9.9,,,42.733,143.217,149,1,1,1,0,1,,0,2006/11/29,2009/1/29,20551,0,0,0,0,0,,0
20551,帯広泉,オビヒロイズミ,OBIHIRO-IZUMI,帯広泉,オビヒロイズミ,OBIHIRO-IZUMI,42.733,143.217,149,9.9,,,42.733,143.217,149,1,1,1,0,1,,0,2009/1/30,2018/10/10,20551,0,4,4,0,0,,0
20551,帯広泉,オビヒロイズミ,OBIHIRO-IZUMI,帯広泉,オビヒロイズミ,OBIHIRO-IZUMI,42.733,143.217,149,10,,,42.733,143.217,149,1,1,1,0,1,,0,2018/10/11,9999-99-99,20551,0,0,0,0,0,,0
20556,糠内,ヌカナイ,NUKANAI,,,,42.787,143.328,70,8,,,,,,1,1,1,1,0,,0,1978/10/30,1987/6/9,20556,1,1,1,1,1,,1
20556,糠内,ヌカナイ,NUKANAI,,,,42.787,143.328,70,8,,,,,,1,1,1,1,0,,0,1987/6/10,2008/12/2,20556,0,0,0,1,0,,0
20556,糠内,ヌカナイ,NUKANAI,,,,42.787,143.328,70,8,,,,,,1,1,1,1,0,,0,2008/12/3,2009/10/18,20556,0,4,4,4,0,,0
20556,糠内,ヌカナイ,NUKANAI,,,,42.787,143.328,70,10,,,,,,1,1,1,1,0,,0,2009/10/19,2021/3/1,20556,0,0,0,0,0,,0
20556,糠内,ヌカナイ,NUKANAI,,,,42.787,143.328,70,10,,,,,,1,1,1,2,0,,0,2021/3/2,9999-99-99,20556,0,0,0,6,0,,0
20601,上札内,カミサツナイ,KAMISATSUNAI,,,,42.642,143.097,251,6.5,,,,,,1,1,1,1,0,,0,1977/10/25,1984/9/29,20601,1,1,1,1,1,,1
20601,上札内,カミサツナイ,KAMISATSUNAI,上札内,カミサツナイ,KAMISATSUNAI,42.642,143.097,251,6.5,,,42.642,143.097,251,1,1,1,1,1,,0,1984/9/30,1986/5/18,20601,0,0,0,0,0,,0
20601,上札内,カミサツナイ,KAMISATSUNAI,上札内,カミサツナイ,KAMISATSUNAI,42.642,143.097,251,6.5,,,42.642,143.097,251,1,1,1,1,1,,0,1986/5/19,2007/12/20,20601,0,0,0,1,0,,0
20601,上札内,カミサツナイ,KAMISATSUNAI,上札内,カミサツナイ,KAMISATSUNAI,42.642,143.097,251,6.5,,,42.642,143.097,251,1,1,1,1,1,,0,2007/12/21,2008/3/25,20601,0,0,0,4,0,,0
20601,上札内,カミサツナイ,KAMISATSUNAI,上札内,カミサツナイ,KAMISATSUNAI,42.642,143.097,251,6.5,,,42.642,143.097,251,1,1,1,1,1,,0,2008/3/26,2009/10/21,20601,0,4,4,0,0,,0
20601,上札内,カミサツナイ,KAMISATSUNAI,上札内,カミサツナイ,KAMISATSUNAI,42.642,143.097,251,10,,,42.642,143.097,251,1,1,1,1,1,,0,2009/10/22,2021/3/1,20601,0,0,0,0,0,,0
20601,上札内,カミサツナイ,KAMISATSUNAI,上札内,カミサツナイ,KAMISATSUNAI,42.642,143.097,251,10,,,42.642,143.097,251,1,1,1,2,1,,0,2021/3/2,9999-99-99,20601,0,0,0,6,0,,0
20606,更別,サラベツ,SARABETSU,,,,42.65,143.19,190,6.5,,,,,,1,1,1,1,0,,0,1977/10/25,1988/4/17,20606,1,1,1,1,1,,1
20606,更別,サラベツ,SARABETSU,,,,42.65,143.19,190,6.5,,,,,,1,1,1,1,0,,0,1988/4/18,2009/1/15,20606,0,0,0,1,0,,0
20606,更別,サラベツ,SARABETSU,,,,42.65,143.19,190,6.5,,,,,,1,1,1,1,0,,0,2009/1/16,2009/10/22,20606,0,4,4,4,0,,0
20606,更別,サラベツ,SARABETSU,,,,42.65,143.19,190,10,,,,,,1,1,1,1,0,,0,2009/10/23,2012/6/25,20606,0,0,0,0,0,,0
20606,更別,サラベツ,SARABETSU,,,,42.652,143.195,185,10,,,,,,1,1,1,1,0,,0,2012/6/26,2021/3/1,20606,0,0,0,0,0,,0
20606,更別,サラベツ,SARABETSU,,,,42.652,143.195,185,10,,,,,,1,1,1,2,0,,0,2021/3/2,9999-99-99,20606,0,0,0,6,0,,0
20631,大津,オオツ,OTSU,,,,42.688,143.648,4,6.5,,,,,,1,1,1,1,0,,0,1977/10/27,1979/8/1,20631,1,1,1,1,1,,1
20631,大津,オオツ,OTSU,,,,42.687,143.647,4,6.5,,,,,,1,1,1,1,0,,0,1979/8/2,1987/10/20,20631,0,0,0,0,0,,0
20631,大津,オオツ,OTSU,,,,42.687,143.647,4,6.5,,,,,,1,1,1,1,0,,0,1987/10/21,2008/12/18,20631,0,0,0,1,0,,0
20631,大津,オオツ,OTSU,,,,42.687,143.647,4,10,,,,,,1,1,1,1,0,,0,2008/12/19,2021/3/1,20631,0,4,4,4,0,,0
20631,大津,オオツ,OTSU,,,,42.687,143.647,4,10,,,,,,1,1,1,2,0,,0,2021/3/2,9999-99-99,20631,0,0,0,6,0,,0
20646,ひょうたん沢,ヒョウタンザワ,HYOTANZAWA,,,,42.597,143.063,380,,,,,,,1,0,0,0,0,,0,1974/11/1,1996/9/25,20646,1,1,1,1,1,,1
20696,大樹,タイキ,TAIKI,,,,42.5,143.273,87,,,,,,,1,0,0,0,0,,0,1974/11/1,1977/10/25,20696,1,1,1,1,1,,1
20696,大樹,タイキ,TAIKI,,,,42.5,143.273,87,6.5,,,,,,1,1,1,1,0,,0,1977/10/26,1985/9/29,20696,0,0,0,0,0,,0
20696,大樹,タイキ,TAIKI,大樹,タイキ,TAIKI,42.5,143.273,87,6.5,,,42.5,143.273,87,1,1,1,1,1,,0,1985/9/30,1990/5/10,20696,0,0,0,0,0,,0
20696,大樹,タイキ,TAIKI,大樹,タイキ,TAIKI,42.5,143.273,87,6.5,,,42.5,143.273,87,1,1,1,1,1,,0,1990/5/11,2007/12/25,20696,0,0,0,1,0,,0
20696,大樹,タイキ,TAIKI,大樹,タイキ,TAIKI,42.5,143.273,87,6.5,,,42.5,143.273,87,1,1,1,1,1,,0,2007/12/26,2008/3/25,20696,0,0,0,4,0,,0
20696,大樹,タイキ,TAIKI,大樹,タイキ,TAIKI,42.5,143.273,87,6.5,,,42.5,143.273,87,1,1,1,1,1,,0,2008/3/26,2009/10/22,20696,0,4,4,0,0,,0
20696,大樹,タイキ,TAIKI,大樹,タイキ,TAIKI,42.5,143.273,87,10,,,42.5,143.273,87,1,1,1,1,1,,0,2009/10/23,2021/3/1,20696,0,0,0,0,0,,0
20696,大樹,タイキ,TAIKI,大樹,タイキ,TAIKI,42.5,143.273,87,10,,,42.5,143.273,87,1,1,1,2,1,,0,2021/3/2,9999-99-99,20696,0,0,0,6,0,,0
20751,広尾,ヒロオ,HIRO-O,,,,42.293,143.317,32,,,,,,,1,0,0,0,0,,0,1974/11/1,1975/12/18,20751,1,1,1,1,1,,1
20751,広尾,ヒロオ,HIRO-O,,,,42.293,143.317,32,12.8,,,,,,1,1,1,1,0,,0,1975/12/19,1988/12/31,20751,0,0,0,0,0,,0
20751,広尾,ヒロオ,HIRO-O,,,,42.293,143.317,32,12.8,,,,,,1,1,1,1,0,,0,1989/1/1,1999/2/28,20751,0,0,0,1,0,,0
20751,広尾,ヒロオ,HIRO-O,広尾,ヒロオ,HIRO-O,42.293,143.317,32,12.8,,,42.293,143.317,32,1,1,1,1,1,,0,1999/3/1,2001/12/19,20751,0,0,0,0,0,,0
20751,広尾,ヒロオ,HIRO-O,広尾,ヒロオ,HIRO-O,42.293,143.317,32,19.9,,,42.293,143.317,32,1,1,1,1,1,,0,2001/12/20,2008/3/25,20751,0,0,0,0,0,,0
20751,広尾,ヒロオ,HIRO-O,広尾,ヒロオ,HIRO-O,42.293,143.317,32,19.9,,,42.293,143.317,32,1,1,1,1,1,,0,2008/3/26,2012/10/31,20751,0,4,4,0,0,,0
20751,広尾,ヒロオ,HIRO-O,広尾,ヒロオ,HIRO-O,42.293,143.317,32,20.1,,,42.293,143.317,32,1,1,1,1,1,,0,2012/11/1,2021/3/1,20751,0,0,0,0,0,,0
20751,広尾,ヒロオ,HIRO-O,広尾,ヒロオ,HIRO-O,42.293,143.317,32,20.1,,,42.293,143.317,32,1,1,1,1,1,,1,2021/3/2,9999-99-99,20751,0,0,0,0,0,,0
21031,安平,アビラ,ABIRA,,,,42.813,141.828,32,,,,,,,1,0,0,0,0,,0,1974/11/1,1983/9/29,21031,1,1,1,1,1,,1
21031,安平,アビラ,ABIRA,安平,アビラ,ABIRA,42.813,141.828,32,,,,42.813,141.828,32,1,0,0,0,1,,0,1983/9/30,9999-99-99,21031,0,0,0,0,0,,0
21111,厚真,アツマ,ATSUMA,,,,42.73,141.888,20,,,,,,,1,0,0,0,0,,0,1974/11/1,1977/10/4,21111,1,1,1,1,1,,1
21111,厚真,アツマ,ATSUMA,,,,42.73,141.888,20,6.5,,,,,,1,1,1,1,0,,0,1977/10/5,1990/5/30,21111,0,0,0,0,0,,0
21111,厚真,アツマ,ATSUMA,,,,42.73,141.888,20,6.5,,,,,,1,1,1,1,0,,0,1990/5/31,2008/12/1,21111,0,0,0,1,0,,0
21111,厚真,アツマ,ATSUMA,,,,42.73,141.888,20,6.5,,,,,,1,1,1,1,0,,0,2008/12/2,2009/10/13,21111,0,4,4,4,0,,0
21111,厚真,アツマ,ATSUMA,,,,42.73,141.888,20,10,,,,,,1,1,1,1,0,,0,2009/10/14,2021/3/1,21111,0,0,0,0,0,,0
21111,厚真,アツマ,ATSUMA,,,,42.73,141.888,20,10,,,,,,1,1,1,2,0,,0,2021/3/2,9999-99-99,21111,0,0,0,6,0,,0
21121,厚真幌内,アツマホロナイ,ATSUMA-HORONAI,,,,42.735,141.997,73,,,,,,,1,0,0,0,0,,0,2018/9/27,2018/11/20,21121,1,1,1,1,1,,1
21126,穂別,ホベツ,HOBETSU,,,,42.762,142.143,56,,,,,,,1,0,0,0,0,,0,1974/11/1,1977/10/4,21126,1,1,1,1,1,,1
21126,穂別,ホベツ,HOBETSU,,,,42.762,142.143,56,8,,,,,,1,1,1,1,0,,0,1977/10/5,1983/9/29,21126,0,0,0,0,0,,0
21126,穂別,ホベツ,HOBETSU,穂別,ホベツ,HOBETSU,42.762,142.143,56,8,,,42.762,142.143,56,1,1,1,1,1,,0,1983/9/30,1986/5/7,21126,0,0,0,0,0,,0
21126,穂別,ホベツ,HOBETSU,穂別,ホベツ,HOBETSU,42.762,142.143,56,8,,,42.762,142.143,56,1,1,1,1,1,,0,1986/5/8,2006/10/5,21126,0,0,0,1,0,,0
21126,穂別,ホベツ,HOBETSU,穂別,ホベツ,HOBETSU,42.762,142.143,56,8,,,42.762,142.143,56,1,1,1,1,1,,0,2006/10/6,2008/10/16,21126,0,0,0,4,0,,0
21126,穂別,ホベツ,HOBETSU,穂別,ホベツ,HOBETSU,42.762,142.143,56,8,,,42.762,142.143,56,1,1,1,1,1,,0,2008/10/17,2009/10/14,21126,0,4,4,0,0,,0
21126,穂別,ホベツ,HOBETSU,穂別,ホベツ,HOBETSU,42.762,142.143,56,10,,,42.762,142.143,56,1,1,1,1,1,,0,2009/10/15,2021/3/1,21126,0,0,0,0,0,,0
21126,穂別,ホベツ,HOBETSU,穂別,ホベツ,HOBETSU,42.762,142.143,56,10,,,42.762,142.143,56,1,1,1,2,1,,0,2021/3/2,2023/10/10,21126,0,0,0,6,0,,0
21126,穂別,ホベツ,HOBETSU,穂別,ホベツ,HOBETSU,42.762,142.143,56,9.8,,,42.762,142.143,56,1,1,1,2,1,,1,2023/10/11,9999-99-99,21126,0,0,0,0,0,,0
21146,花和,ハナワ,HANAWA,,,,42.617,140.757,282,,,,,,,1,0,0,0,0,,0,2000/5/2,2000/6/29,21146,1,1,1,1,1,,1
21161,大滝,オオタキ,OTAKI,,,,42.627,141.062,460,,,,,,,1,0,0,0,0,,0,1975/6/3,1977/10/6,21161,1,1,1,1,1,,1
21161,大滝,オオタキ,OTAKI,,,,42.67,141.078,390,8,,,,,,1,1,1,1,0,,0,1977/10/7,1983/9/29,21161,0,0,0,0,0,,0
21161,大滝,オオタキ,OTAKI,大滝,オオタキ,OTAKI,42.67,141.078,390,8,,,42.67,141.078,390,1,1,1,1,1,,0,1983/9/30,1987/7/19,21161,0,0,0,0,0,,0
21161,大滝,オオタキ,OTAKI,大滝,オオタキ,OTAKI,42.67,141.078,390,8,,,42.67,141.078,390,1,1,1,1,1,,0,1987/7/20,2006/10/10,21161,0,0,0,1,0,,0
21161,大滝,オオタキ,OTAKI,大滝,オオタキ,OTAKI,42.67,141.078,390,8,,,42.67,141.078,390,1,1,1,1,1,,0,2006/10/11,2008/10/8,21161,0,0,0,4,0,,0
21161,大滝,オオタキ,OTAKI,大滝,オオタキ,OTAKI,42.67,141.078,390,8,,,42.67,141.078,390,1,1,1,1,1,,0,2008/10/9,2009/10/6,21161,0,4,4,0,0,,0
21161,大滝,オオタキ,OTAKI,大滝,オオタキ,OTAKI,42.67,141.078,390,10,,,42.67,141.078,390,1,1,1,1,1,,0,2009/10/7,2021/3/1,21161,0,0,0,0,0,,0
21161,大滝,オオタキ,OTAKI,大滝,オオタキ,OTAKI,42.67,141.078,390,10,,,42.67,141.078,390,1,1,1,2,1,,0,2021/3/2,2023/10/2,21161,0,0,0,6,0,,0
21161,大滝,オオタキ,OTAKI,大滝,オオタキ,OTAKI,42.67,141.078,390,9.8,,,42.67,141.078,390,1,1,1,2,1,,1,2023/10/3,9999-99-99,21161,0,0,0,0,0,,0
21171,森野,モリノ,MORINO,,,,42.627,141.255,150,,,,,,,1,0,0,0,0,,0,1974/11/1,1977/10/26,21171,1,1,1,1,1,,1
21171,森野,モリノ,MORINO,,,,42.627,141.255,150,6.5,,,,,,1,1,1,1,0,,0,1977/10/27,1988/5/26,21171,0,0,0,0,0,,0
21171,森野,モリノ,MORINO,,,,42.627,141.255,150,6.5,,,,,,1,1,1,1,0,,0,1988/5/27,2006/11/1,21171,0,0,0,1,0,,0
21171,森野,モリノ,MORINO,,,,42.63,141.247,170,10,,,,,,1,1,1,1,0,,0,2006/11/2,2008/10/6,21171,0,0,0,4,0,,0
21171,森野,モリノ,MORINO,,,,42.63,141.247,170,10,,,,,,1,1,1,1,0,,0,2008/10/7,2021/3/1,21171,0,4,4,0,0,,0
21171,森野,モリノ,MORINO,,,,42.63,141.247,170,10,,,,,,1,1,1,2,0,,0,2021/3/2,2023/10/11,21171,0,0,0,6,0,,0
21171,森野,モリノ,MORINO,,,,42.63,141.247,170,9.8,,,,,,1,1,1,2,0,,1,2023/10/12,9999-99-99,21171,0,0,0,0,0,,0
21186,苫小牧,トマコマイ,TOMAKOMAI,,,,42.625,141.58,7,,,,,,,1,0,0,0,0,,0,1974/11/1,1975/12/15,21186,1,1,1,1,1,,1
21186,苫小牧,トマコマイ,TOMAKOMAI,,,,42.625,141.58,7,47.7,,,,,,1,1,1,1,0,,0,1975/12/16,1986/12/31,21186,0,0,0,0,0,,0
21186,苫小牧,トマコマイ,TOMAKOMAI,,,,42.625,141.58,7,47.7,,,,,,1,1,1,1,0,,0,1987/1/1,1988/6/25,21186,0,0,0,1,0,,0
21187,苫小牧,トマコマイ,TOMAKOMAI,,,,42.623,141.547,6,15.9,,,,,,1,1,1,1,0,,0,1988/6/25,1999/12/20,21186,0,1,0,0,0,,0
21187,苫小牧,トマコマイ,TOMAKOMAI,,,,42.623,141.547,6,15.8,,,,,,1,1,1,1,0,,0,1999/12/21,1999/12/22,21187,0,0,0,0,0,,0
21187,苫小牧,トマコマイ,TOMAKOMAI,苫小牧,トマコマイ,TOMAKOMAI,42.623,141.547,6,15.8,,,42.623,141.547,6,1,1,1,1,1,,0,1999/12/23,2004/9/21,21187,0,0,0,0,0,,0
21187,苫小牧,トマコマイ,TOMAKOMAI,苫小牧,トマコマイ,TOMAKOMAI,42.623,141.547,6,20.1,,,42.623,141.547,6,1,1,1,1,1,,0,2004/9/22,2008/3/25,21187,0,0,0,0,0,,0
21187,苫小牧,トマコマイ,TOMAKOMAI,苫小牧,トマコマイ,TOMAKOMAI,42.623,141.547,6,20.1,,,42.623,141.547,6,1,1,1,1,1,,0,2008/3/26,2013/10/17,21187,0,4,4,0,0,,0
21187,苫小牧,トマコマイ,TOMAKOMAI,苫小牧,トマコマイ,TOMAKOMAI,42.623,141.547,6,20.2,,,42.623,141.547,6,1,1,1,1,1,,0,2013/10/18,2021/3/1,21187,0,0,0,0,0,,0
21187,苫小牧,トマコマイ,TOMAKOMAI,苫小牧,トマコマイ,TOMAKOMAI,42.623,141.547,6,20.2,,,42.623,141.547,6,1,1,1,1,1,,1,2021/3/2,9999-99-99,21187,0,0,0,0,0,,0
21226,大岸,オオキシ,OKISHI,,,,42.59,140.643,4,,,,,,,1,0,0,0,0,,0,1974/11/1,1977/10/10,21226,1,1,1,1,1,,1
21226,大岸,オオキシ,OKISHI,,,,42.59,140.643,4,6.5,,,,,,1,1,1,1,0,,0,1977/10/11,1983/9/29,21226,0,0,0,0,0,,0
21226,大岸,オオキシ,OKISHI,大岸,オオキシ,OKISHI,42.59,140.643,4,6.5,,,42.59,140.643,4,1,1,1,1,1,,0,1983/9/30,1986/9/7,21226,0,0,0,0,0,,0
21226,大岸,オオキシ,OKISHI,大岸,オオキシ,OKISHI,42.59,140.643,4,6.5,,,42.59,140.643,4,1,1,1,1,1,,0,1986/9/8,2006/10/12,21226,0,0,0,1,0,,0
21226,大岸,オオキシ,OKISHI,大岸,オオキシ,OKISHI,42.59,140.643,4,6.5,,,42.59,140.643,4,1,1,1,1,1,,0,2006/10/13,2008/10/2,21226,0,0,0,4,0,,0
21226,大岸,オオキシ,OKISHI,大岸,オオキシ,OKISHI,42.59,140.643,4,6.5,,,42.59,140.643,4,1,1,1,1,1,,0,2008/10/3,2009/10/4,21226,0,4,4,0,0,,0
21226,大岸,オオキシ,OKISHI,大岸,オオキシ,OKISHI,42.59,140.643,4,10,,,42.59,140.643,4,1,1,1,1,1,,0,2009/10/5,2021/3/1,21226,0,0,0,0,0,,0
21226,大岸,オオキシ,OKISHI,大岸,オオキシ,OKISHI,42.59,140.643,4,10,,,42.59,140.643,4,1,1,1,2,1,,0,2021/3/2,2021/3/14,21226,0,0,0,6,0,,0
21226,大岸,オオキシ,OKISHI,大岸,オオキシ,OKISHI,42.59,140.643,4,10.1,,,42.59,140.643,4,1,1,1,2,1,,1,2021/3/15,9999-99-99,21226,0,0,0,0,0,,0
21231,豊浦,トヨウラ,TOYOURA,,,,42.583,140.708,5,,,,,,,1,0,0,0,0,,0,2000/4/1,2000/8/23,21231,1,1,1,1,1,,1
21232,虻田,アブタ,ABUTA,,,,42.55,140.767,15,,,,,,,1,0,0,0,0,,0,2000/5/2,2002/12/9,21232,1,1,1,1,1,,1
21233,入江,イリエ,IRIE,,,,42.543,140.785,38,,,,,,,1,0,0,0,0,,0,2000/6/21,2004/4/1,21233,1,1,1,1,1,,1
21234,月浦,ツキウラ,TSUKIURA,,,,42.592,140.788,97,,,,,,,1,0,0,0,0,,0,2000/6/21,2000/8/23,21234,1,1,1,1,1,,1
21236,有珠山,ウスサン,USUSAN,,,,42.532,140.853,281,,,,,,,1,0,0,0,0,,0,1974/11/1,1984/10/11,21236,1,1,1,1,1,,1
21237,洞爺湖温泉,トウヤコオンセン,TOYAKOONSEN,,,,42.562,140.82,130,,,,,,,1,0,0,0,0,,0,1978/12/8,1996/5/15,21237,1,1,1,1,1,,1
21237,洞爺湖温泉,トウヤコオンセン,TOYAKOONSEN,,,,42.56,140.802,143,,,,,,,1,0,0,0,0,,0,1996/5/16,2000/12/5,21237,0,0,0,0,0,,0
21237,洞爺湖温泉,トウヤコオンセン,TOYAKOONSEN,,,,42.565,140.807,85,,,,,,,1,0,0,0,0,,0,2000/12/6,2000/12/20,21237,0,0,0,0,0,,0
21237,洞爺湖温泉,トウヤコオンセン,TOYAKOONSEN,洞爺湖温泉,トウヤコオンセン,TOYAKOONSEN,42.565,140.807,85,,,,42.565,140.807,85,1,0,0,0,1,,0,2000/12/21,2004/4/1,21237,0,0,0,0,0,,0
21237,洞爺湖温泉,トウヤコオンセン,TOYAKOONSEN,,,,42.565,140.807,85,,,,,,,1,0,0,0,0,,0,2004/4/2,9999-99-99,21237,0,0,0,0,0,,0
21238,壮瞥,ソウベツ,SOBETSU,,,,42.555,140.853,110,,,,,,,1,0,0,0,0,,0,2000/5/2,2004/4/1,21238,1,1,1,1,1,,1
21239,北有珠,キタウス,KITAUSU,,,,42.522,140.833,165,,,,,,,1,0,0,0,0,,0,2000/6/21,2000/8/23,21239,1,1,1,1,1,,1
21251,カルルス,カルルス,KARURUSU,,,,42.522,141.108,320,,,,,,,1,0,0,0,0,,0,1985/7/31,2004/12/9,21251,1,1,1,1,1,,1
21251,カルルス,カルルス,KARURUSU,,,,42.517,141.107,300,,,,,,,1,0,0,0,0,,0,2004/12/10,9999-99-99,21251,0,0,0,0,0,,0
21261,白老,シラオイ,SHIRAOI,,,,42.547,141.352,5,,,,,,,1,0,0,0,0,,0,1974/11/1,1977/10/5,21261,1,1,1,1,1,,1
21261,白老,シラオイ,SHIRAOI,,,,42.56,141.34,7,6.5,,,,,,1,1,1,1,0,,0,1977/10/6,1983/9/29,21261,0,0,0,0,0,,0
21261,白老,シラオイ,SHIRAOI,白老,シラオイ,SHIRAOI,42.56,141.34,7,6.5,,,42.557,141.34,7,1,1,1,1,1,,0,1983/9/30,1989/5/29,21261,0,0,0,0,0,,0
21261,白老,シラオイ,SHIRAOI,白老,シラオイ,SHIRAOI,42.56,141.34,7,6.5,,,42.557,141.34,7,1,1,1,1,1,,0,1989/5/30,1998/9/29,21261,0,0,0,1,0,,0
21261,白老,シラオイ,SHIRAOI,白老,シラオイ,SHIRAOI,42.543,141.352,6,6.5,,,42.543,141.352,6,1,1,1,1,1,,0,1998/9/30,2007/12/13,21261,0,0,0,0,0,,0
21261,白老,シラオイ,SHIRAOI,白老,シラオイ,SHIRAOI,42.543,141.352,6,6.5,,,42.543,141.352,6,1,1,1,1,1,,0,2007/12/14,2008/3/25,21261,0,0,0,4,0,,0
21261,白老,シラオイ,SHIRAOI,白老,シラオイ,SHIRAOI,42.543,141.352,6,6.5,,,42.543,141.352,6,1,1,1,1,1,,0,2008/3/26,2021/3/1,21261,0,4,4,0,0,,0
21261,白老,シラオイ,SHIRAOI,白老,シラオイ,SHIRAOI,42.543,141.352,6,6.5,,,42.543,141.352,6,1,1,1,2,1,,0,2021/3/2,9999-99-99,21261,0,0,0,6,0,,0
21276,鵡川,ムカワ,MUKAWA,,,,42.593,141.94,10,,,,,,,1,0,0,0,0,,0,1974/11/1,1978/10/25,21276,1,1,1,1,1,,1
21276,鵡川,ムカワ,MUKAWA,,,,42.59,141.933,10,6.5,,,,,,1,1,1,1,0,,0,1978/10/26,1986/10/26,21276,0,0,0,0,0,,0
21276,鵡川,ムカワ,MUKAWA,,,,42.59,141.933,10,6.5,,,,,,1,1,1,1,0,,0,1986/10/27,2008/12/3,21276,0,0,0,1,0,,0
21276,鵡川,ムカワ,MUKAWA,,,,42.59,141.933,10,6.5,,,,,,1,1,1,1,0,,0,2008/12/4,2020/11/17,21276,0,4,4,4,0,,0
21276,鵡川,ムカワ,MUKAWA,,,,42.59,141.933,10,10,,,,,,1,1,1,1,0,,0,2020/11/18,2021/3/1,21276,0,0,0,0,0,,0
21276,鵡川,ムカワ,MUKAWA,,,,42.59,141.933,10,10,,,,,,1,1,1,2,0,,0,2021/3/2,9999-99-99,21276,0,0,0,6,0,,0
21296,伊達,ダテ,DATE,,,,42.497,140.89,84,,,,,,,1,0,0,0,0,,0,1974/11/1,1977/10/10,21296,1,1,1,1,1,,1
21296,伊達,ダテ,DATE,,,,42.497,140.89,84,6.5,,,,,,1,1,1,1,0,,0,1977/10/11,1987/4/27,21296,0,0,0,0,0,,0
21296,伊達,ダテ,DATE,,,,42.497,140.89,84,6.5,,,,,,1,1,1,1,0,,0,1987/4/28,2007/12/19,21296,0,0,0,1,0,,0
21297,伊達,ダテ,DATE,,,,42.473,140.877,16,10,,,,,,1,1,1,1,0,,0,2007/12/19,2008/3/25,21297,1,1,1,5,1,,1
21297,伊達,ダテ,DATE,,,,42.473,140.877,16,10,,,,,,1,1,1,1,0,,0,2008/3/26,2015/11/9,21297,0,4,4,0,0,,0
21297,伊達,ダテ,DATE,,,,42.475,140.848,3,10,,,,,,1,1,1,1,0,,0,2015/11/10,2021/3/1,21297,0,0,0,0,0,,0
21297,伊達,ダテ,DATE,,,,42.475,140.848,3,10,,,,,,1,1,1,2,0,,0,2021/3/2,9999-99-99,21297,0,0,0,6,0,,0
21311,登別山,ノボリベツヤマ,NOBORIBETSUYAMA,,,,42.5,141.122,579,,,,,,,1,0,0,0,0,,0,1974/11/1,1985/6/27,21311,1,1,1,1,1,,1
21312,登別,ノボリベツ,NOBORIBETSU,,,,42.448,141.117,158,,,,,,,1,0,0,0,0,,0,1974/11/1,1977/10/6,21312,1,1,1,1,1,,1
21312,登別,ノボリベツ,NOBORIBETSU,,,,42.458,141.118,197,6.5,,,,,,1,1,1,1,0,,0,1977/10/7,1986/5/25,21312,0,0,0,0,0,,0
21312,登別,ノボリベツ,NOBORIBETSU,,,,42.458,141.118,197,6.5,,,,,,1,1,1,1,0,,0,1986/5/26,1988/10/13,21312,0,0,0,1,0,,0
21312,登別,ノボリベツ,NOBORIBETSU,登別,ノボリベツ,NOBORIBETSU,42.458,141.118,197,6.5,,,42.458,141.118,197,1,1,1,1,1,,0,1988/10/14,2007/12/17,21312,0,0,0,0,0,,0
21312,登別,ノボリベツ,NOBORIBETSU,登別,ノボリベツ,NOBORIBETSU,42.458,141.118,197,6.5,,,42.458,141.118,197,1,1,1,1,1,,0,2007/12/18,2008/3/25,21312,0,0,0,4,0,,0
21312,登別,ノボリベツ,NOBORIBETSU,登別,ノボリベツ,NOBORIBETSU,42.458,141.118,197,6.5,,,42.458,141.118,197,1,1,1,1,1,,0,2008/3/26,2009/10/5,21312,0,4,4,0,0,,0
21312,登別,ノボリベツ,NOBORIBETSU,登別,ノボリベツ,NOBORIBETSU,42.458,141.118,197,10,,,42.458,141.118,197,1,1,1,1,1,,0,2009/10/6,2021/3/1,21312,0,0,0,0,0,,0
21312,登別,ノボリベツ,NOBORIBETSU,登別,ノボリベツ,NOBORIBETSU,42.458,141.118,197,10,,,42.458,141.118,197,1,1,1,2,1,,0,2021/3/2,9999-99-99,21312,0,0,0,6,0,,0
21321,室蘭,ムロラン,MURORAN,,,,42.312,140.977,43,,,,,,,1,0,0,0,0,,0,1974/11/1,1975/3/17,21321,1,1,1,1,1,,1
21321,室蘭,ムロラン,MURORAN,,,,42.312,140.977,43,10.9,,,,,,1,1,1,1,0,,0,1975/3/18,1983/12/31,21321,0,0,0,0,0,,0
21322,室蘭,ムロラン,MURORAN,,,,42.312,140.977,40,8.5,,,,,,1,1,1,1,0,,0,1984/1/1,1985/6/30,21321,0,0,0,0,0,,0
21323,室蘭,ムロラン,MURORAN,,,,42.312,140.975,40,18.2,,,,,,1,1,1,1,0,,0,1985/7/1,1985/12/31,21322,0,0,0,0,0,,0
21323,室蘭,ムロラン,MURORAN,,,,42.312,140.975,40,18.2,,,,,,1,1,1,1,0,,0,1986/1/1,1999/2/28,21323,0,0,0,1,0,,0
21323,室蘭,ムロラン,MURORAN,室蘭,ムロラン,MURORAN,42.312,140.975,40,18.2,,,42.312,140.975,40,1,1,1,1,1,,0,1999/3/1,2008/3/25,21323,0,0,0,0,0,,0
21323,室蘭,ムロラン,MURORAN,室蘭,ムロラン,MURORAN,42.312,140.975,40,18.2,,,42.312,140.975,40,1,1,1,1,1,,0,2008/3/26,2021/3/1,21323,0,4,4,0,0,,0
21323,室蘭,ムロラン,MURORAN,室蘭,ムロラン,MURORAN,42.312,140.975,40,18.2,,,42.312,140.975,40,1,1,1,1,1,,1,2021/3/2,2021/3/25,21323,0,0,0,0,0,,0
21323,室蘭,ムロラン,MURORAN,室蘭,ムロラン,MURORAN,42.312,140.975,40,18.4,,,42.312,140.975,40,1,1,1,1,1,,1,2021/3/26,9999-99-99,21323,0,0,0,0,0,,0
21501,洞爺湖畔,トウヤコハン,TOYAKOHAN,,,,42.568,140.802,105,,,,,,,1,0,0,0,0,,0,2000/6/29,2000/12/6,21501,1,1,1,1,1,,1
22036,日高,ヒダカ,HIDAKA,,,,42.877,142.442,280,6.5,,,,,,1,1,1,1,0,,0,1977/10/19,1984/9/29,22036,1,1,1,1,1,,1
22036,日高,ヒダカ,HIDAKA,日高,ヒダカ,HIDAKA,42.877,142.442,280,6.5,,,42.877,142.442,280,1,1,1,1,1,,0,1984/9/30,1990/5/28,22036,0,0,0,0,0,,0
22036,日高,ヒダカ,HIDAKA,日高,ヒダカ,HIDAKA,42.877,142.442,280,6.5,,,42.877,142.442,280,1,1,1,1,1,,0,1990/5/29,2008/11/11,22036,0,0,0,1,0,,0
22036,日高,ヒダカ,HIDAKA,日高,ヒダカ,HIDAKA,42.877,142.442,280,10,,,42.877,142.442,280,1,1,1,1,1,,0,2008/11/12,2021/3/1,22036,0,4,4,4,0,,0
22036,日高,ヒダカ,HIDAKA,日高,ヒダカ,HIDAKA,42.877,142.442,280,10,,,42.877,142.442,280,1,1,1,2,1,,0,2021/3/2,9999-99-99,22036,0,0,0,6,0,,0
22071,仁世宇,ニセウ,NISEU,,,,42.763,142.338,440,,,,,,,1,0,0,0,0,,0,1976/5/27,1985/10/1,22071,1,1,1,1,1,,1
22072,仁世宇,ニセウ,NISEU,,,,42.772,142.358,150,,,,,,,1,0,0,0,0,,0,1985/9/25,9999-99-99,22072,1,1,1,1,1,,1
22106,旭,アサヒ,ASAHI,,,,42.628,142.393,245,,,,,,,1,0,0,0,0,,0,1985/9/26,2004/10/28,22106,1,1,1,1,1,,1
22106,旭,アサヒ,ASAHI,旭,アサヒ,ASAHI,42.628,142.393,245,,,,42.628,142.393,245,1,0,0,0,1,,0,2004/10/29,9999-99-99,22106,0,0,0,0,0,,0
22141,日高門別,ヒダカモンベツ,HIDAKA-MOMBETSU,,,,42.52,142.02,40,,,,,,,1,0,0,0,0,,0,1974/11/1,1976/3/10,22141,1,1,1,1,1,,1
22141,日高門別,ヒダカモンベツ,HIDAKA-MOMBETSU,,,,42.522,142.037,10,6.5,,,,,,1,1,1,1,0,,0,1976/3/11,1989/8/10,22141,0,0,0,0,0,,0
22141,日高門別,ヒダカモンベツ,HIDAKA-MOMBETSU,,,,42.522,142.037,10,6.5,,,,,,1,1,1,1,0,,0,1989/8/11,2006/10/2,22141,0,0,0,1,0,,0
22141,日高門別,ヒダカモンベツ,HIDAKA-MOMBETSU,,,,42.522,142.037,10,6.5,,,,,,1,1,1,1,0,,0,2006/10/3,2008/10/14,22141,0,0,0,4,0,,0
22141,日高門別,ヒダカモンベツ,HIDAKA-MOMBETSU,,,,42.522,142.037,10,6.5,,,,,,1,1,1,1,0,,0,2008/10/15,2009/10/18,22141,0,4,4,0,0,,0
22141,日高門別,ヒダカモンベツ,HIDAKA-MOMBETSU,,,,42.522,142.037,10,10,,,,,,1,1,1,1,0,,0,2009/10/19,2014/7/17,22141,0,0,0,0,0,,0
22141,日高門別,ヒダカモンベツ,HIDAKA-MOMBETSU,,,,42.497,142.053,47,10,,,,,,1,1,1,1,0,,0,2014/7/18,2021/3/1,22141,0,0,0,0,0,,0
22141,日高門別,ヒダカモンベツ,HIDAKA-MOMBETSU,,,,42.497,142.053,47,10,,,,,,1,1,1,2,0,,0,2021/3/2,2021/10/24,22141,0,0,0,6,0,,0
22141,日高門別,ヒダカモンベツ,HIDAKA-MOMBETSU,,,,42.497,142.053,47,9.9,,,,,,1,1,1,2,0,,1,2021/10/25,9999-99-99,22141,0,0,0,0,0,,0
22156,新和,シンワ,SHINWA,,,,42.543,142.333,60,,,,,,,1,0,0,0,0,,0,1974/11/1,1977/10/17,22156,1,1,1,1,1,,1
22156,新和,シンワ,SHINWA,,,,42.543,142.333,60,6.5,,,,,,1,1,1,1,0,,0,1977/10/18,1990/4/23,22156,0,0,0,0,0,,0
22156,新和,シンワ,SHINWA,,,,42.543,142.333,60,6.5,,,,,,1,1,1,1,0,,0,1990/4/24,2008/12/10,22156,0,0,0,1,0,,0
22156,新和,シンワ,SHINWA,,,,42.543,142.333,60,6.5,,,,,,1,1,1,1,0,,0,2008/12/11,2009/10/12,22156,0,4,4,4,0,,0
22156,新和,シンワ,SHINWA,,,,42.543,142.333,60,10,,,,,,1,1,1,1,0,,0,2009/10/13,2021/3/1,22156,0,0,0,0,0,,0
22156,新和,シンワ,SHINWA,,,,42.543,142.333,60,10,,,,,,1,1,1,2,0,,0,2021/3/2,9999-99-99,22156,0,0,0,6,0,,0
22161,ヌモトル山,ヌモトルヤマ,NUMOTORUYAMA,,,,42.6,142.395,613,,,,,,,1,0,0,0,0,,0,1974/11/1,1985/10/1,22161,1,1,1,1,1,,1
22206,笹山,ササヤマ,SASAYAMA,,,,42.433,142.482,110,,,,,,,1,0,0,0,0,,0,1987/10/6,9999-99-99,22206,1,1,1,1,1,,1
22211,笹山,ササヤマ,SASAYAMA,,,,42.47,142.497,680,,,,,,,1,0,0,0,0,,0,1974/11/1,1986/10/1,22211,1,1,1,1,1,,1
22241,静内,シズナイ,SHIZUNAI,,,,42.343,142.37,10,,,,,,,1,0,0,0,0,,0,1974/11/1,1977/10/16,22241,1,1,1,1,1,,1
22241,静内,シズナイ,SHIZUNAI,,,,42.343,142.37,10,6.5,,,,,,1,1,1,1,0,,0,1977/10/17,1986/4/29,22241,0,0,0,0,0,,0
22241,静内,シズナイ,SHIZUNAI,,,,42.343,142.373,10,6.5,,,,,,1,1,1,1,0,,0,1986/4/30,1988/10/12,22241,0,0,0,1,0,,0
22241,静内,シズナイ,SHIZUNAI,静内,シズナイ,SHIZUNAI,42.343,142.373,10,6.5,,,42.343,142.373,10,1,1,1,1,1,,0,1988/10/13,2005/11/11,22241,0,0,0,0,0,,0
22241,静内,シズナイ,SHIZUNAI,静内,シズナイ,SHIZUNAI,42.343,142.362,10,9.6,,,42.343,142.362,10,1,1,1,1,1,,0,2005/11/14,2008/9/26,22241,0,0,0,4,0,,0
22241,静内,シズナイ,SHIZUNAI,静内,シズナイ,SHIZUNAI,42.343,142.362,10,9.6,,,42.343,142.362,10,1,1,1,1,1,,0,2008/9/27,2021/3/1,22241,0,4,4,0,0,,0
22241,静内,シズナイ,SHIZUNAI,静内,シズナイ,SHIZUNAI,42.343,142.362,10,9.6,,,42.343,142.362,10,1,1,1,2,1,,0,2021/3/2,2021/7/20,22241,0,0,0,6,0,,0
22241,静内,シズナイ,SHIZUNAI,静内,シズナイ,SHIZUNAI,42.343,142.362,10,10,,,42.343,142.362,10,1,1,1,2,1,,0,2021/7/21,2021/9/13,22241,0,0,0,0,0,,0
22241,静内,シズナイ,SHIZUNAI,静内,シズナイ,SHIZUNAI,42.343,142.362,10,9.9,,,42.343,142.362,10,1,1,1,2,1,,1,2021/9/14,9999-99-99,22241,0,0,0,0,0,,0
22256,ピセナイ山,ピセナイヤマ,PISENAIYAMA,,,,42.355,142.658,500,,,,,,,1,0,0,0,0,,0,1974/11/1,1998/1/29,22256,1,1,1,1,1,,1
22291,三石,ミツイシ,MITSUISHI,,,,42.245,142.662,10,6.5,,,,,,1,1,1,1,0,,0,1977/10/17,1986/6/30,22291,1,1,1,1,1,,1
22291,三石,ミツイシ,MITSUISHI,,,,42.245,142.662,10,6.5,,,,,,1,1,1,1,0,,0,1986/7/1,2008/12/8,22291,0,0,0,1,0,,0
22291,三石,ミツイシ,MITSUISHI,,,,42.245,142.662,10,6.5,,,,,,1,1,1,1,0,,0,2008/12/9,2009/10/25,22291,0,4,4,4,0,,0
22291,三石,ミツイシ,MITSUISHI,,,,42.245,142.662,10,10,,,,,,1,1,1,1,0,,0,2009/10/26,2021/3/1,22291,0,0,0,0,0,,0
22291,三石,ミツイシ,MITSUISHI,,,,42.245,142.662,10,10,,,,,,1,1,1,2,0,,0,2021/3/2,9999-99-99,22291,0,0,0,6,0,,0
22306,中杵臼,ナカキネウス,NAKAKINEUSU,,,,42.223,142.948,98,6.5,,,,,,1,1,1,1,0,,0,1978/10/31,1984/9/29,22306,1,1,1,1,1,,1
22306,中杵臼,ナカキネウス,NAKAKINEUSU,中杵臼,ナカキネウス,NAKAKINEUSU,42.223,142.948,98,6.5,,,42.223,142.948,98,1,1,1,1,1,,0,1984/9/30,1988/5/24,22306,0,0,0,0,0,,0
22306,中杵臼,ナカキネウス,NAKAKINEUSU,中杵臼,ナカキネウス,NAKAKINEUSU,42.223,142.948,98,6.5,,,42.223,142.948,98,1,1,1,1,1,,0,1988/5/25,2007/12/10,22306,0,0,0,1,0,,0
22306,中杵臼,ナカキネウス,NAKAKINEUSU,中杵臼,ナカキネウス,NAKAKINEUSU,42.223,142.948,98,6.5,,,42.223,142.948,98,1,1,1,1,1,,0,2007/12/11,2008/3/25,22306,0,0,0,4,0,,0
22306,中杵臼,ナカキネウス,NAKAKINEUSU,中杵臼,ナカキネウス,NAKAKINEUSU,42.223,142.948,98,6.5,,,42.223,142.948,98,1,1,1,1,1,,0,2008/3/26,2009/10/26,22306,0,4,4,0,0,,0
22306,中杵臼,ナカキネウス,NAKAKINEUSU,中杵臼,ナカキネウス,NAKAKINEUSU,42.223,142.948,98,10,,,42.223,142.948,98,1,1,1,1,1,,0,2009/10/27,2021/3/1,22306,0,0,0,0,0,,0
22306,中杵臼,ナカキネウス,NAKAKINEUSU,中杵臼,ナカキネウス,NAKAKINEUSU,42.223,142.948,98,10,,,42.223,142.948,98,1,1,1,2,1,,0,2021/3/2,9999-99-99,22306,0,0,0,6,0,,0
22326,浦河,ウラカワ,URAKAWA,,,,42.16,142.777,34,,,,,,,1,0,0,0,0,,0,1974/11/1,1975/3/31,22326,1,1,1,1,1,,1
22326,浦河,ウラカワ,URAKAWA,,,,42.16,142.777,34,14.1,,,,,,1,1,1,1,0,,0,1975/4/1,1983/2/28,22326,0,0,0,0,0,,0
22327,浦河,ウラカワ,URAKAWA,,,,42.16,142.777,34,13,,,,,,1,1,1,1,0,,0,1983/3/1,1985/12/31,22326,0,0,0,0,0,,0
22327,浦河,ウラカワ,URAKAWA,,,,42.16,142.777,34,13,,,,,,1,1,1,1,0,,0,1986/1/1,1998/3/30,22327,0,0,0,1,0,,0
22327,浦河,ウラカワ,URAKAWA,,,,42.162,142.777,33,14.5,,,,,,1,1,1,1,0,,0,1998/3/31,1999/2/28,22327,0,0,0,0,0,,0
22327,浦河,ウラカワ,URAKAWA,浦河,ウラカワ,URAKAWA,42.162,142.777,33,14.5,,,42.162,142.777,33,1,1,1,1,1,,0,1999/3/1,2008/3/25,22327,0,0,0,0,0,,0
22327,浦河,ウラカワ,URAKAWA,浦河,ウラカワ,URAKAWA,42.162,142.777,33,14.5,,,42.162,142.777,33,1,1,1,1,1,,0,2008/3/26,2009/9/15,22327,0,4,4,0,0,,0
22327,浦河,ウラカワ,URAKAWA,浦河,ウラカワ,URAKAWA,42.162,142.777,37,17.9,,,42.162,142.777,37,1,1,1,1,1,,0,2009/9/16,2011/6/15,22327,0,0,0,0,0,,0
22327,浦河,ウラカワ,URAKAWA,浦河,ウラカワ,URAKAWA,42.162,142.777,37,18.1,,,42.162,142.777,37,1,1,1,1,1,,0,2011/6/16,2021/3/1,22327,0,0,0,0,0,,0
22327,浦河,ウラカワ,URAKAWA,浦河,ウラカワ,URAKAWA,42.162,142.777,37,18.1,,,42.162,142.777,37,1,1,1,1,1,,1,2021/3/2,9999-99-99,22327,0,0,0,0,0,,0
22356,目黒,メグロ,MEGURO,,,,42.127,143.313,17,,,,,,,1,0,0,0,0,,0,1978/8/30,1984/9/29,22356,1,1,1,1,1,,1
22356,目黒,メグロ,MEGURO,目黒,メグロ,MEGURO,42.127,143.313,17,,,,42.127,143.313,17,1,0,0,0,1,,0,1984/9/30,2020/11/9,22356,0,0,0,0,0,,0
22356,目黒,メグロ,MEGURO,目黒,メグロ,MEGURO,42.128,143.312,7,,,,42.128,143.312,7,1,0,0,0,1,,0,2020/11/10,9999-99-99,22356,0,0,0,0,0,,0
22366,幌満,ホロマン,HOROMAN,,,,42.082,143.038,20,,,,,,,1,0,0,0,0,,0,1978/7/14,2008/11/19,22366,1,1,1,1,1,,1
22366,幌満,ホロマン,HOROMAN,,,,42.077,143.035,0,,,,,,,1,0,0,0,0,,0,2008/11/20,9999-99-99,22366,0,0,0,0,0,,0
22391,えりも岬,エリモミサキ,ERIMOMISAKI,,,,41.925,143.243,63,8,,,,,,1,1,1,1,0,,0,1978/12/27,1988/4/27,22391,1,1,1,1,1,,1
22391,えりも岬,エリモミサキ,ERIMOMISAKI,,,,41.925,143.243,63,8,,,,,,1,1,1,1,0,,0,1988/4/28,2005/11/9,22391,0,0,0,1,0,,0
22391,えりも岬,エリモミサキ,ERIMOMISAKI,,,,41.925,143.243,63,8,,,,,,1,1,1,1,0,,0,2005/11/10,2008/9/24,22391,0,0,0,4,0,,0
22391,えりも岬,エリモミサキ,ERIMOMISAKI,,,,41.925,143.243,63,8,,,,,,1,1,1,1,0,,0,2008/9/25,2021/3/1,22391,0,4,4,0,0,,0
22391,えりも岬,エリモミサキ,ERIMOMISAKI,,,,41.925,143.243,63,8,,,,,,1,1,1,2,0,,0,2021/3/2,2021/3/22,22391,0,0,0,6,0,,0
22391,えりも岬,エリモミサキ,ERIMOMISAKI,,,,41.925,143.243,63,8.1,,,,,,1,1,1,2,0,,1,2021/3/23,9999-99-99,22391,0,0,0,0,0,,0
22905,,,,平取,ビラトリ,BIRATORI,,,,,,,42.607,142.147,44,0,0,0,0,1,,0,1988/10/12,2004/10/11,22905,1,1,1,1,1,,1
23031,長万部,オシャマンベ,OSHAMAMBE,,,,42.523,140.382,10,,,,,,,1,0,0,0,0,,0,1974/11/1,1977/10/11,23031,1,1,1,1,1,,1
23031,長万部,オシャマンベ,OSHAMAMBE,,,,42.523,140.382,10,6.5,,,,,,1,1,1,1,0,,0,1977/10/12,1982/10/23,23031,0,0,0,0,0,,0
23031,長万部,オシャマンベ,OSHAMAMBE,長万部,オシャマンベ,OSHAMAMBE,42.523,140.382,10,6.5,,,42.523,140.382,10,1,1,1,1,1,,0,1982/10/24,1986/6/5,23031,0,0,0,0,0,,0
23031,長万部,オシャマンベ,OSHAMAMBE,長万部,オシャマンベ,OSHAMAMBE,42.523,140.382,10,6.5,,,42.523,140.382,10,1,1,1,1,1,,0,1986/6/6,2006/10/30,23031,0,0,0,1,0,,0
23031,長万部,オシャマンベ,OSHAMAMBE,長万部,オシャマンベ,OSHAMAMBE,42.523,140.382,10,6.5,,,42.523,140.382,10,1,1,1,1,1,,0,2006/10/31,2008/9/16,23031,0,0,0,4,0,,0
23031,長万部,オシャマンベ,OSHAMAMBE,長万部,オシャマンベ,OSHAMAMBE,42.523,140.382,10,6.5,,,42.523,140.382,10,1,1,1,1,1,,0,2008/9/17,2009/10/20,23031,0,4,4,0,0,,0
23031,長万部,オシャマンベ,OSHAMAMBE,長万部,オシャマンベ,OSHAMAMBE,42.523,140.382,10,10,,,42.523,140.382,10,1,1,1,1,1,,0,2009/10/21,2021/3/1,23031,0,0,0,0,0,,0
23031,長万部,オシャマンベ,OSHAMAMBE,長万部,オシャマンベ,OSHAMAMBE,42.523,140.382,10,10,,,42.523,140.382,10,1,1,1,2,1,,0,2021/3/2,2023/10/17,23031,0,0,0,6,0,,0
23031,長万部,オシャマンベ,OSHAMAMBE,長万部,オシャマンベ,OSHAMAMBE,42.517,140.373,6,10,,,42.517,140.373,6,1,1,1,2,1,,0,2023/10/18,9999-99-99,23031,0,0,0,0,0,,0
23086,八雲,ヤクモ,YAKUMO,,,,42.252,140.273,6,,,,,,,1,0,0,0,0,,0,1974/11/1,1977/10/11,23086,1,1,1,1,1,,1
23086,八雲,ヤクモ,YAKUMO,,,,42.252,140.273,6,9.4,,,,,,1,1,1,1,0,,0,1977/10/12,1982/10/23,23086,0,0,0,0,0,,0
23086,八雲,ヤクモ,YAKUMO,八雲,ヤクモ,YAKUMO,42.252,140.273,6,9.4,,,42.252,140.273,6,1,1,1,1,1,,0,1982/10/24,1988/9/8,23086,0,0,0,0,0,,0
23086,八雲,ヤクモ,YAKUMO,八雲,ヤクモ,YAKUMO,42.252,140.273,6,9.4,,,42.252,140.273,6,1,1,1,1,1,,0,1988/9/9,2004/3/24,23086,0,0,0,1,0,,0
23086,八雲,ヤクモ,YAKUMO,八雲,ヤクモ,YAKUMO,42.252,140.272,8,9.4,,,42.252,140.272,8,1,1,1,1,1,,0,2004/3/25,2006/10/2,23086,0,0,0,0,0,,0
23086,八雲,ヤクモ,YAKUMO,八雲,ヤクモ,YAKUMO,42.252,140.272,8,9.4,,,42.252,140.272,8,1,1,1,1,1,,0,2006/10/3,2008/9/18,23086,0,0,0,4,0,,0
23086,八雲,ヤクモ,YAKUMO,八雲,ヤクモ,YAKUMO,42.252,140.272,8,9.4,,,42.252,140.272,8,1,1,1,1,1,,0,2008/9/19,2021/3/1,23086,0,4,4,0,0,,0
23086,八雲,ヤクモ,YAKUMO,八雲,ヤクモ,YAKUMO,42.252,140.272,8,9.4,,,42.252,140.272,8,1,1,1,2,1,,0,2021/3/2,2023/7/20,23086,0,0,0,6,0,,0
23086,八雲,ヤクモ,YAKUMO,八雲,ヤクモ,YAKUMO,42.252,140.272,8,10,,,42.252,140.272,8,1,1,1,2,1,,0,2023/7/21,2023/10/3,23086,0,0,0,0,0,,0
23086,八雲,ヤクモ,YAKUMO,八雲,ヤクモ,YAKUMO,42.252,140.272,8,9.9,,,42.252,140.272,8,1,1,1,2,1,,1,2023/10/4,9999-99-99,23086,0,0,0,0,0,,0
23126,森,モリ,MORI,,,,42.107,140.57,11,,,,,,,1,0,0,0,0,,0,1974/11/1,1975/12/9,23126,1,1,1,1,1,,1
23126,森,モリ,MORI,,,,42.107,140.57,11,10.4,,,,,,1,1,1,1,0,,0,1975/12/10,1985/12/24,23126,0,0,0,0,0,,0
23126,森,モリ,MORI,,,,42.107,140.57,11,10.4,,,,,,1,1,1,1,0,,0,1985/12/25,1988/9/12,23126,0,0,0,1,0,,0
23126,森,モリ,MORI,,,,42.105,140.568,18,16.8,,,,,,1,1,1,1,0,,0,1988/9/13,2002/3/1,23126,0,0,0,0,0,,0
23166,森,モリ,MORI,森,モリ,MORI,42.067,140.588,125,8,,,42.067,140.588,125,1,1,1,1,1,,0,2002/3/1,2009/9/24,23166,1,1,1,1,1,,1
23166,森,モリ,MORI,森,モリ,MORI,42.067,140.588,125,8,,,42.067,140.588,125,1,1,1,1,1,,0,2009/9/25,2021/3/1,23166,0,4,4,4,0,,0
23166,森,モリ,MORI,森,モリ,MORI,42.067,140.588,125,8,,,42.067,140.588,125,1,1,1,2,1,,0,2021/3/2,9999-99-99,23166,0,0,0,6,0,,0
23191,大沼,オオヌマ,ONUMA,,,,41.975,140.672,135,,,,,,,1,0,0,0,0,,0,1974/11/1,1982/9/29,23191,1,1,1,1,1,,1
23191,大沼,オオヌマ,ONUMA,,,,41.968,140.668,135,,,,,,,1,0,0,0,0,,0,1982/9/30,1982/10/23,23191,0,0,0,0,0,,0
23191,大沼,オオヌマ,ONUMA,大沼,オオヌマ,ONUMA,41.968,140.668,135,,,,41.968,140.668,135,1,0,0,0,1,,0,1982/10/24,1992/12/10,23191,0,0,0,0,0,,0
23191,大沼,オオヌマ,ONUMA,大沼,オオヌマ,ONUMA,41.977,140.715,165,,,,41.977,140.715,165,1,0,0,0,1,,0,1992/12/11,9999-99-99,23191,0,0,0,0,0,,0
23206,南茅部,ミナミカヤベ,MINAMIKAYABE,,,,41.903,140.967,19,,,,,,,1,0,0,0,0,,0,1974/11/1,1977/10/12,23206,1,1,1,1,1,,1
23206,南茅部,ミナミカヤベ,MINAMIKAYABE,,,,41.905,140.97,25,6.5,,,,,,1,1,1,1,0,,0,1977/10/13,1987/9/30,23206,0,0,0,0,0,,0
23206,南茅部,ミナミカヤベ,MINAMIKAYABE,,,,41.905,140.97,25,6.5,,,,,,1,1,1,1,0,,0,1987/10/1,2004/12/5,23206,0,0,0,1,0,,0
23206,川汲,カックミ,KAKKUMI,,,,41.905,140.97,25,6.5,,,,,,1,1,1,1,0,,0,2004/12/6,2006/10/26,23206,0,0,0,0,0,,0
23206,川汲,カックミ,KAKKUMI,,,,41.905,140.97,25,6.5,,,,,,1,1,1,1,0,,0,2006/10/27,2008/9/11,23206,0,0,0,4,0,,0
23206,川汲,カックミ,KAKKUMI,,,,41.905,140.97,25,6.5,,,,,,1,1,1,1,0,,0,2008/9/12,2009/11/10,23206,0,4,4,0,0,,0
23206,川汲,カックミ,KAKKUMI,,,,41.905,140.97,25,10,,,,,,1,1,1,1,0,,0,2009/11/11,2021/3/1,23206,0,0,0,0,0,,0
23206,川汲,カックミ,KAKKUMI,,,,41.905,140.97,25,10,,,,,,1,1,1,2,0,,0,2021/3/2,2021/3/16,23206,0,0,0,6,0,,0
23206,川汲,カックミ,KAKKUMI,,,,41.905,140.97,25,10.1,,,,,,1,1,1,2,0,,1,2021/3/17,9999-99-99,23206,0,0,0,0,0,,0
23226,大野,オオノ,ONO,,,,41.887,140.653,25,,,,,,,1,0,0,0,0,,0,1974/11/1,1977/10/12,23226,1,1,1,1,1,,1
23226,大野,オオノ,ONO,,,,41.887,140.653,25,6.4,,,,,,1,1,1,1,0,,0,1977/10/13,1990/6/19,23226,0,0,0,0,0,,0
23226,大野,オオノ,ONO,,,,41.887,140.653,25,6.4,,,,,,1,1,1,1,0,,0,1990/6/20,2006/1/31,23226,0,0,0,1,0,,0
23226,北斗,ホクト,HOKUTO,,,,41.887,140.653,25,6.4,,,,,,1,1,1,1,0,,0,2006/2/1,2008/12/16,23226,0,0,0,0,0,,0
23226,北斗,ホクト,HOKUTO,,,,41.887,140.653,25,6.4,,,,,,1,1,1,1,0,,0,2008/12/17,2009/10/22,23226,0,4,4,4,0,,0
23226,北斗,ホクト,HOKUTO,,,,41.887,140.653,25,10,,,,,,1,1,1,1,0,,0,2009/10/23,2021/3/1,23226,0,0,0,0,0,,0
23226,北斗,ホクト,HOKUTO,,,,41.887,140.653,25,10,,,,,,1,1,1,2,0,,0,2021/3/2,9999-99-99,23226,0,0,0,6,0,,0
23231,函館,ハコダテ,HAKODATE,,,,41.817,140.75,33,,,,,,,1,0,0,0,0,,0,1974/11/1,1975/3/19,23231,1,1,1,1,1,,1
23231,函館,ハコダテ,HAKODATE,,,,41.817,140.75,33,16,,,,,,1,1,1,1,0,,0,1975/3/20,1985/12/31,23231,0,0,0,0,0,,0
23231,函館,ハコダテ,HAKODATE,,,,41.817,140.75,33,16,,,,,,1,1,1,1,0,,0,1986/1/1,1992/7/23,23231,0,0,0,1,0,,0
23232,函館,ハコダテ,HAKODATE,,,,41.817,140.753,35,25.6,,,,,,1,1,1,1,0,,0,1992/7/23,1999/2/28,23231,0,0,0,0,0,,0
23232,函館,ハコダテ,HAKODATE,函館,ハコダテ,HAKODATE,41.817,140.753,35,25.6,,,41.817,140.753,35,1,1,1,1,1,,0,1999/3/1,2008/3/25,23232,0,0,0,0,0,,0
23232,函館,ハコダテ,HAKODATE,函館,ハコダテ,HAKODATE,41.817,140.753,35,25.6,,,41.817,140.753,35,1,1,1,1,1,,0,2008/3/26,2011/7/6,23232,0,4,4,0,0,,0
23232,函館,ハコダテ,HAKODATE,函館,ハコダテ,HAKODATE,41.817,140.753,35,25.7,,,41.817,140.753,35,1,1,1,1,1,,0,2011/7/7,2021/3/1,23232,0,0,0,0,0,,0
23232,函館,ハコダテ,HAKODATE,函館,ハコダテ,HAKODATE,41.817,140.753,35,25.7,,,41.817,140.753,35,1,1,1,1,1,,1,2021/3/2,2021/3/16,23232,0,0,0,0,0,,0
23232,函館,ハコダテ,HAKODATE,函館,ハコダテ,HAKODATE,41.817,140.753,35,25.9,,,41.817,140.753,35,1,1,1,1,1,,1,2021/3/17,9999-99-99,23232,0,0,0,0,0,,0
23281,高松,タカマツ,TAKAMATSU,,,,41.77,140.822,34,9.9,,,,,,1,1,1,0,0,,0,2003/1/1,2006/11/28,23281,1,1,1,1,1,,1
23281,高松,タカマツ,TAKAMATSU,高松,タカマツ,TAKAMATSU,41.77,140.822,34,9.9,,,41.77,140.822,34,1,1,1,0,1,,0,2006/11/29,2009/1/29,23281,0,0,0,0,0,,0
23281,高松,タカマツ,TAKAMATSU,高松,タカマツ,TAKAMATSU,41.77,140.822,34,9.9,,,41.77,140.822,34,1,1,1,0,1,,0,2009/1/30,2017/3/7,23281,0,4,4,0,0,,0
23281,高松,タカマツ,TAKAMATSU,高松,タカマツ,TAKAMATSU,41.77,140.822,34,10,,,41.77,140.822,34,1,1,1,0,1,,0,2017/3/8,9999-99-99,23281,0,0,0,0,0,,0
23286,汐首,シオクビ,SHIOKUBI,,,,41.718,140.945,26,,,,,,,1,0,0,0,0,,0,1974/11/1,1984/10/18,23286,1,1,1,1,1,,1
23287,蛾眉野,ガビノ,GABINO,,,,41.798,140.95,68,,,,,,,1,0,0,0,0,,0,1984/9/28,2003/3/19,23287,1,1,1,1,1,,1
23291,戸井,トイ,TOI,,,,41.717,141.003,20,,,,,,,1,0,0,0,0,,0,2003/3/20,2004/12/5,23291,1,1,1,1,1,,1
23291,戸井泊,トイトマリ,TOITOMARI,,,,41.717,141.003,20,,,,,,,1,0,0,0,0,,0,2004/12/6,9999-99-99,23291,0,0,0,0,0,,0
23321,知内,シリウチ,SHIRIUCHI,,,,41.598,140.375,24,,,,,,,1,0,0,0,0,,0,2004/10/1,9999-99-99,23321,1,1,1,1,1,,1
23326,木古内,キコナイ,KIKONAI,,,,41.687,140.445,6,,,,,,,1,0,0,0,0,,0,1975/4/18,1977/10/13,23326,1,1,1,1,1,,1
23326,木古内,キコナイ,KIKONAI,,,,41.687,140.445,6,9.4,,,,,,1,1,1,1,0,,0,1977/10/14,1987/1/11,23326,0,0,0,0,0,,0
23326,木古内,キコナイ,KIKONAI,,,,41.687,140.445,6,9.4,,,,,,1,1,1,1,0,,0,1987/1/12,2006/10/16,23326,0,0,0,1,0,,0
23326,木古内,キコナイ,KIKONAI,,,,41.687,140.445,6,9.4,,,,,,1,1,1,1,0,,0,2006/10/17,2008/9/26,23326,0,0,0,4,0,,0
23326,木古内,キコナイ,KIKONAI,,,,41.687,140.445,6,9.4,,,,,,1,1,1,1,0,,0,2008/9/27,2009/11/4,23326,0,4,4,0,0,,0
23326,木古内,キコナイ,KIKONAI,,,,41.687,140.445,6,10,,,,,,1,1,1,1,0,,0,2009/11/5,2019/10/22,23326,0,0,0,0,0,,0
23326,木古内,キコナイ,KIKONAI,,,,41.68,140.437,10,10,,,,,,1,1,1,1,0,,0,2019/10/23,2021/3/1,23326,0,0,0,0,0,,0
23326,木古内,キコナイ,KIKONAI,,,,41.68,140.437,10,10,,,,,,1,1,1,2,0,,0,2021/3/2,2021/10/18,23326,0,0,0,6,0,,0
23326,木古内,キコナイ,KIKONAI,,,,41.68,140.437,10,9.9,,,,,,1,1,1,2,0,,1,2021/10/19,9999-99-99,23326,0,0,0,0,0,,0
23356,千軒,センゲン,SENGEN,,,,41.558,140.272,100,,,,,,,1,0,0,0,0,,0,1978/7/19,1982/10/23,23356,1,1,1,1,1,,1
23356,千軒,センゲン,SENGEN,千軒,センゲン,SENGEN,41.558,140.272,100,,,,41.558,140.272,100,1,0,0,0,1,,0,1982/10/24,9999-99-99,23356,0,0,0,0,0,,0
23366,小谷石,コタニイシ,KOTANIISHI,,,,41.543,140.43,125,,,,,,,1,0,0,0,0,,0,1974/11/1,2004/9/21,23366,1,1,1,1,1,,1
23376,松前,マツマエ,MATSUMAE,,,,41.423,140.087,30,9.4,,,,,,1,1,1,1,0,,0,1977/10/14,1986/5/15,23376,1,1,1,1,1,,1
23376,松前,マツマエ,MATSUMAE,,,,41.423,140.087,30,9.4,,,,,,1,1,1,1,0,,0,1986/5/16,2006/10/23,23376,0,0,0,1,0,,0
23376,松前,マツマエ,MATSUMAE,,,,41.423,140.087,30,9.4,,,,,,1,1,1,1,0,,0,2006/10/24,2008/9/24,23376,0,0,0,4,0,,0
23376,松前,マツマエ,MATSUMAE,,,,41.423,140.087,30,9.4,,,,,,1,1,1,1,0,,0,2008/9/25,2009/10/28,23376,0,4,4,0,0,,0
23376,松前,マツマエ,MATSUMAE,,,,41.423,140.087,30,10,,,,,,1,1,1,1,0,,0,2009/10/29,2021/3/1,23376,0,0,0,0,0,,0
23376,松前,マツマエ,MATSUMAE,,,,41.423,140.087,30,10,,,,,,1,1,1,2,0,,0,2021/3/2,2021/3/17,23376,0,0,0,6,0,,0
23376,松前,マツマエ,MATSUMAE,,,,41.423,140.087,30,10.1,,,,,,1,1,1,2,0,,1,2021/3/18,9999-99-99,23376,0,0,0,0,0,,0
23381,松前,マツマエ,MATSUMAE,,,,41.428,140.11,22,,,,,,,1,0,0,0,0,,0,1974/11/1,1977/10/14,23381,1,1,1,1,1,,1
24041,瀬棚,セタナ,SETANA,,,,42.45,139.852,10,,,,,,,1,0,0,0,0,,0,1974/11/1,1977/10/18,24041,1,1,1,1,1,,1
24041,瀬棚,セタナ,SETANA,,,,42.45,139.852,10,6.5,,,,,,1,1,1,1,0,,0,1977/10/19,1990/6/12,24041,0,0,0,0,0,,0
24041,瀬棚,セタナ,SETANA,,,,42.45,139.852,10,6.5,,,,,,1,1,1,1,0,,0,1990/6/13,2005/10/2,24041,0,0,0,1,0,,0
24041,せたな,セタナ,SETANA,,,,42.45,139.852,10,6.5,,,,,,1,1,1,1,0,,0,2005/10/3,2008/12/18,24041,0,0,0,0,0,,0
24041,せたな,セタナ,SETANA,,,,42.45,139.852,10,6.5,,,,,,1,1,1,1,0,,0,2008/12/19,2009/11/12,24041,0,4,4,4,0,,0
24041,せたな,セタナ,SETANA,,,,42.45,139.852,10,10,,,,,,1,1,1,1,0,,0,2009/11/13,2021/3/1,24041,0,0,0,0,0,,0
24041,せたな,セタナ,SETANA,,,,42.45,139.852,10,10,,,,,,1,1,1,2,0,,0,2021/3/2,9999-99-99,24041,0,0,0,6,0,,0
24051,今金,イマカネ,IMAKANE,,,,42.428,140.008,19,,,,,,,1,0,0,0,0,,0,1974/11/1,1977/10/18,24051,1,1,1,1,1,,1
24051,今金,イマカネ,IMAKANE,,,,42.428,140.008,19,7.9,,,,,,1,1,1,1,0,,0,1977/10/19,1982/10/23,24051,0,0,0,0,0,,0
24051,今金,イマカネ,IMAKANE,今金,イマカネ,IMAKANE,42.428,140.008,19,7.9,,,42.428,140.008,19,1,1,1,1,1,,0,1982/10/24,1989/8/7,24051,0,0,0,0,0,,0
24051,今金,イマカネ,IMAKANE,今金,イマカネ,IMAKANE,42.428,140.008,19,7.9,,,42.428,140.008,19,1,1,1,1,1,,0,1989/8/8,2007/12/20,24051,0,0,0,1,0,,0
24051,今金,イマカネ,IMAKANE,今金,イマカネ,IMAKANE,42.428,140.008,19,7.9,,,42.428,140.008,19,1,1,1,1,1,,0,2007/12/21,2008/3/25,24051,0,0,0,4,0,,0
24051,今金,イマカネ,IMAKANE,今金,イマカネ,IMAKANE,42.428,140.008,19,7.9,,,42.428,140.008,19,1,1,1,1,1,,0,2008/3/26,2009/11/11,24051,0,4,4,0,0,,0
24051,今金,イマカネ,IMAKANE,今金,イマカネ,IMAKANE,42.428,140.008,19,10,,,42.428,140.008,19,1,1,1,1,1,,0,2009/11/12,2021/3/1,24051,0,0,0,0,0,,0
24051,今金,イマカネ,IMAKANE,今金,イマカネ,IMAKANE,42.428,140.008,19,10,,,42.428,140.008,19,1,1,1,2,1,,0,2021/3/2,9999-99-99,24051,0,0,0,6,0,,0
24101,奥尻,オクシリ,OKUSHIRI,,,,42.248,139.557,5,6.5,,,,,,1,1,1,1,0,,0,2000/1/28,2006/10/19,24101,1,1,1,1,1,,1
24101,奥尻,オクシリ,OKUSHIRI,,,,42.248,139.557,5,6.5,,,,,,1,1,1,1,0,,0,2006/10/20,2008/9/29,24101,0,0,0,4,0,,0
24101,奥尻,オクシリ,OKUSHIRI,,,,42.248,139.557,5,6.5,,,,,,1,1,1,1,0,,0,2008/9/30,2021/3/1,24101,0,4,4,0,0,,0
24101,奥尻,オクシリ,OKUSHIRI,,,,42.248,139.557,5,6.5,,,,,,1,1,1,2,0,,0,2021/3/2,2021/7/12,24101,0,0,0,6,0,,0
24101,奥尻,オクシリ,OKUSHIRI,,,,42.248,139.557,5,10,,,,,,1,1,1,2,0,,0,2021/7/13,2021/11/16,24101,0,0,0,0,0,,0
24101,奥尻,オクシリ,OKUSHIRI,,,,42.248,139.557,5,9.9,,,,,,1,1,1,2,0,,1,2021/11/17,9999-99-99,24101,0,0,0,0,0,,0
24131,奥尻,オクシリ,OKUSHIRI,,,,42.17,139.51,9,8,,,,,,1,1,1,1,0,,0,1977/10/17,1986/5/20,24131,1,1,1,1,1,,1
24131,奥尻,オクシリ,OKUSHIRI,,,,42.17,139.51,9,8,,,,,,1,1,1,1,0,,0,1986/5/21,2000/1/24,24131,0,0,0,1,0,,0
24141,熊石,クマイシ,KUMAISHI,,,,42.13,139.98,38,,,,,,,1,0,0,0,0,,0,1974/11/1,1977/10/17,24141,1,1,1,1,1,,1
24141,熊石,クマイシ,KUMAISHI,,,,42.13,139.98,38,8,,,,,,1,1,1,1,0,,0,1977/10/18,1982/9/15,24141,0,0,0,0,0,,0
24141,熊石,クマイシ,KUMAISHI,,,,42.13,139.978,34,8,,,,,,1,1,1,1,0,,0,1982/9/16,1982/10/23,24141,0,0,0,0,0,,0
24141,熊石,クマイシ,KUMAISHI,熊石,クマイシ,KUMAISHI,42.13,139.978,34,8,,,42.13,139.978,34,1,1,1,1,1,,0,1982/10/24,1986/11/26,24141,0,0,0,0,0,,0
24141,熊石,クマイシ,KUMAISHI,熊石,クマイシ,KUMAISHI,42.13,139.978,34,8,,,42.13,139.978,34,1,1,1,1,1,,0,1986/11/27,2009/9/28,24141,0,0,0,1,0,,0
24141,熊石,クマイシ,KUMAISHI,熊石,クマイシ,KUMAISHI,42.128,139.985,12,10,,,42.128,139.985,12,1,1,1,1,1,,0,2009/9/29,2021/3/1,24141,0,4,4,4,0,,0
24141,熊石,クマイシ,KUMAISHI,熊石,クマイシ,KUMAISHI,42.128,139.985,12,10,,,42.128,139.985,12,1,1,1,2,1,,0,2021/3/2,9999-99-99,24141,0,0,0,6,0,,0
24156,米岡,ヨネオカ,YONEOKA,,,,42.067,139.438,36,6.8,,,,,,1,1,1,0,0,,0,2003/1/1,2004/3/17,24156,1,1,1,1,1,,1
24156,米岡,ヨネオカ,YONEOKA,,,,42.072,139.428,52,10.4,,,,,,1,1,1,0,0,,0,2004/3/18,2006/3/24,24156,0,0,0,0,0,,0
24156,米岡,ヨネオカ,YONEOKA,,,,42.072,139.432,49,10.4,,,,,,1,1,1,0,0,,0,2006/3/25,2009/1/29,24156,0,0,0,0,0,,0
24156,米岡,ヨネオカ,YONEOKA,,,,42.072,139.432,49,10.4,,,,,,1,1,1,0,0,,0,2009/1/30,2020/11/4,24156,0,4,4,0,0,,0
24156,米岡,ヨネオカ,YONEOKA,,,,42.072,139.432,49,10,,,,,,1,1,1,0,0,,0,2020/11/5,9999-99-99,24156,0,0,0,0,0,,0
24166,潮見,シオミ,SHIOMI,,,,42.037,140.09,40,,,,,,,1,0,0,0,0,,0,1974/11/1,1982/6/21,24166,1,1,1,1,1,,1
24166,潮見,シオミ,SHIOMI,,,,42.038,140.088,50,,,,,,,1,0,0,0,0,,0,1982/6/22,9999-99-99,24166,0,0,0,0,0,,0
24201,鶉,ウズラ,UZURA,,,,41.935,140.318,61,6.5,,,,,,1,1,1,1,0,,0,1977/10/18,1982/10/23,24201,1,1,1,1,1,,1
24201,鶉,ウズラ,UZURA,鶉,ウズラ,UZURA,41.935,140.318,61,6.5,,,41.93,140.312,53,1,1,1,1,1,,0,1982/10/24,1990/5/14,24201,0,0,0,0,0,,0
24201,鶉,ウズラ,UZURA,鶉,ウズラ,UZURA,41.935,140.318,61,6.5,,,41.93,140.312,53,1,1,1,1,1,,0,1990/5/15,1992/10/20,24201,0,0,0,1,0,,0
24201,鶉,ウズラ,UZURA,鶉,ウズラ,UZURA,41.93,140.312,53,9.4,,,41.93,140.312,53,1,1,1,1,1,,0,1992/10/21,2007/12/25,24201,0,0,0,0,0,,0
24201,鶉,ウズラ,UZURA,鶉,ウズラ,UZURA,41.93,140.312,53,9.4,,,41.93,140.312,53,1,1,1,1,1,,0,2007/12/26,2008/3/25,24201,0,0,0,4,0,,0
24201,鶉,ウズラ,UZURA,鶉,ウズラ,UZURA,41.93,140.312,53,9.4,,,41.93,140.312,53,1,1,1,1,1,,0,2008/3/26,2009/9/17,24201,0,4,4,0,0,,0
24201,鶉,ウズラ,UZURA,鶉,ウズラ,UZURA,41.93,140.312,53,10,,,41.93,140.312,53,1,1,1,1,1,,0,2009/9/18,2021/3/1,24201,0,0,0,0,0,,0
24201,鶉,ウズラ,UZURA,鶉,ウズラ,UZURA,41.93,140.312,53,10,,,41.93,140.312,53,1,1,1,2,1,,0,2021/3/2,9999-99-99,24201,0,0,0,6,0,,0
24216,江差,エサシ,ESASHI,,,,41.862,140.122,30,,,,,,,1,0,0,0,0,,0,1974/11/1,1975/3/6,24216,1,1,1,1,1,,1
24216,江差,エサシ,ESASHI,,,,41.862,140.122,30,13.3,,,,,,1,1,1,1,0,,0,1975/3/7,1979/9/1,24216,0,0,0,0,0,,0
24217,江差,エサシ,ESASHI,,,,41.867,140.123,4,19.4,,,,,,1,1,1,1,0,,0,1979/9/1,1986/12/31,24216,0,0,0,0,0,,0
24217,江差,エサシ,ESASHI,,,,41.867,140.123,4,19.4,,,,,,1,1,1,1,0,,0,1987/1/1,1999/2/28,24217,0,0,0,1,0,,0
24217,江差,エサシ,ESASHI,江差,エサシ,ESASHI,41.867,140.123,4,19.4,,,41.867,140.123,4,1,1,1,1,1,,0,1999/3/1,2008/3/25,24217,0,0,0,0,0,,0
24217,江差,エサシ,ESASHI,江差,エサシ,ESASHI,41.867,140.123,4,19.4,,,41.867,140.123,4,1,1,1,1,1,,0,2008/3/26,2011/10/19,24217,0,4,4,0,0,,0
24217,江差,エサシ,ESASHI,江差,エサシ,ESASHI,41.867,140.123,4,19.5,,,41.867,140.123,4,1,1,1,1,1,,0,2011/10/20,2021/3/1,24217,0,0,0,0,0,,0
24217,江差,エサシ,ESASHI,江差,エサシ,ESASHI,41.867,140.123,4,19.5,,,41.867,140.123,4,1,1,1,1,1,,1,2021/3/2,9999-99-99,24217,0,0,0,0,0,,0
24236,石崎,イシザキ,ISHIZAKI,,,,41.702,140.027,8,,,,,,,1,0,0,0,0,,0,1977/10/20,2001/3/15,24236,1,1,1,1,1,,1
24236,石崎,イシザキ,ISHIZAKI,,,,41.7,140.028,5,,,,,,,1,0,0,0,0,,0,2001/3/16,9999-99-99,24236,0,0,0,0,0,,0
31001,大間,オオマ,OMA,,,,41.527,140.912,14,,,,,,,1,0,0,0,0,,0,1975/5/24,1976/11/23,31001,1,1,1,1,1,,1
31001,大間,オオマ,OMA,,,,41.527,140.912,14,6.5,,,,,,1,1,1,1,0,,0,1976/11/24,1983/9/29,31001,0,0,0,0,0,,0
31001,大間,オオマ,OMA,大間,オオマ,OMA,41.527,140.912,14,6.5,,,41.527,140.933,20,1,1,1,1,1,,0,1983/9/30,1986/4/23,31001,0,0,0,0,0,,0
31001,大間,オオマ,OMA,大間,オオマ,OMA,41.527,140.912,14,6.5,,,41.527,140.933,20,1,1,1,1,1,,0,1986/4/24,1997/10/28,31001,0,0,0,1,0,,0
31001,大間,オオマ,OMA,大間,オオマ,OMA,41.527,140.912,14,6.5,,,41.527,140.912,14,1,1,1,1,1,,0,1997/10/29,2006/10/12,31001,0,0,0,0,0,,0
31001,大間,オオマ,OMA,大間,オオマ,OMA,41.527,140.912,14,10,,,41.527,140.912,14,1,1,1,1,1,,0,2006/10/13,2008/10/2,31001,0,0,0,4,0,,0
31001,大間,オオマ,OMA,大間,オオマ,OMA,41.527,140.912,14,10,,,41.527,140.912,14,1,1,1,1,1,,0,2008/10/3,2021/3/1,31001,0,4,4,0,0,,0
31001,大間,オオマ,OMA,大間,オオマ,OMA,41.527,140.912,14,10,,,41.527,140.912,14,1,1,1,2,1,,0,2021/3/2,2023/9/21,31001,0,0,0,6,0,,0
31001,大間,オオマ,OMA,大間,オオマ,OMA,41.527,140.912,14,9.9,,,41.527,140.912,14,1,1,1,2,1,,1,2023/9/22,9999-99-99,31001,0,0,0,0,0,,0
31036,湯野川,ユノカワ,YUNOKAWA,,,,41.313,140.957,162,,,,,,,1,0,0,0,0,,0,2005/10/21,9999-99-99,31036,1,1,1,1,1,,1
31106,障子山,ショウジヤマ,SHOJIYAMA,,,,41.277,141.097,740,,,,,,,1,0,0,0,0,,0,1974/11/1,2005/10/21,31106,1,1,1,1,1,,1
31111,むつ,ムツ,MUTSU,,,,41.283,141.21,3,,,,,,,1,0,0,0,0,,0,1974/11/1,1975/12/9,31111,1,1,1,1,1,,1
31111,むつ,ムツ,MUTSU,,,,41.283,141.21,3,10.6,,,,,,1,1,1,1,0,,0,1975/12/10,1987/12/31,31111,0,0,0,0,0,,0
31111,むつ,ムツ,MUTSU,,,,41.283,141.21,3,10.6,,,,,,1,1,1,1,0,,0,1988/1/1,1998/3/1,31111,0,0,0,1,0,,0
31111,むつ,ムツ,MUTSU,むつ,ムツ,MUTSU,41.283,141.21,3,10.6,,,41.283,141.21,3,1,1,1,1,1,,0,1998/3/2,2008/3/25,31111,0,0,0,0,0,,0
31111,むつ,ムツ,MUTSU,むつ,ムツ,MUTSU,41.283,141.21,3,10.6,,,41.283,141.21,3,1,1,1,1,1,,0,2008/3/26,2011/10/12,31111,0,4,4,0,0,,0
31111,むつ,ムツ,MUTSU,むつ,ムツ,MUTSU,41.283,141.21,3,11.1,,,41.283,141.21,3,1,1,1,1,1,,0,2011/10/13,2021/3/1,31111,0,0,0,0,0,,0
31111,むつ,ムツ,MUTSU,むつ,ムツ,MUTSU,41.283,141.21,3,11.1,,,41.283,141.21,3,1,1,1,1,1,,1,2021/3/2,9999-99-99,31111,0,0,0,0,0,,0
31121,小田野沢,オダノサワ,ODANOSAWA,,,,41.225,141.397,6,6.5,,,,,,1,1,1,1,0,,0,1976/11/22,1986/7/31,31121,1,1,1,1,1,,1
31121,小田野沢,オダノサワ,ODANOSAWA,,,,41.235,141.397,6,6.5,,,,,,1,1,1,1,0,,0,1986/8/1,1986/8/27,31121,0,0,0,0,0,,0
31121,小田野沢,オダノサワ,ODANOSAWA,,,,41.235,141.397,6,6.5,,,,,,1,1,1,1,0,,0,1986/8/28,2008/12/1,31121,0,0,0,1,0,,0
31121,小田野沢,オダノサワ,ODANOSAWA,,,,41.235,141.397,6,6.5,,,,,,1,1,1,1,0,,0,2008/12/2,2009/11/30,31121,0,4,4,4,0,,0
31121,小田野沢,オダノサワ,ODANOSAWA,,,,41.235,141.397,6,10,,,,,,1,1,1,1,0,,0,2009/12/1,2021/3/1,31121,0,0,0,0,0,,0
31121,小田野沢,オダノサワ,ODANOSAWA,,,,41.235,141.397,6,10,,,,,,1,1,1,2,0,,0,2021/3/2,9999-99-99,31121,0,0,0,6,0,,0
31136,今別,イマベツ,IMABETSU,,,,41.182,140.48,7,,,,,,,1,0,0,0,0,,0,1975/5/21,1976/11/15,31136,1,1,1,1,1,,1
31136,今別,イマベツ,IMABETSU,,,,41.182,140.48,7,6.5,,,,,,1,1,1,1,0,,0,1976/11/16,1979/10/30,31136,0,0,0,0,0,,0
31136,今別,イマベツ,IMABETSU,今別,イマベツ,IMABETSU,41.182,140.48,7,6.5,,,41.18,140.482,30,1,1,1,1,1,,0,1979/10/31,1981/11/24,31136,0,0,0,0,0,,0
31136,今別,イマベツ,IMABETSU,今別,イマベツ,IMABETSU,41.18,140.482,30,6.5,,,41.18,140.482,30,1,1,1,1,1,,0,1981/11/25,1987/9/8,31136,0,0,0,0,0,,0
31136,今別,イマベツ,IMABETSU,今別,イマベツ,IMABETSU,41.18,140.482,30,6.5,,,41.18,140.482,30,1,1,1,1,1,,0,1987/9/9,2007/12/10,31136,0,0,0,1,0,,0
31136,今別,イマベツ,IMABETSU,今別,イマベツ,IMABETSU,41.18,140.482,30,6.5,,,41.18,140.482,30,1,1,1,1,1,,0,2007/12/11,2008/3/25,31136,0,0,0,4,0,,0
31136,今別,イマベツ,IMABETSU,今別,イマベツ,IMABETSU,41.18,140.482,30,6.5,,,41.18,140.482,30,1,1,1,1,1,,0,2008/3/26,2009/11/24,31136,0,4,4,0,0,,0
31136,今別,イマベツ,IMABETSU,今別,イマベツ,IMABETSU,41.18,140.482,30,10,,,41.18,140.482,30,1,1,1,1,1,,0,2009/11/25,2021/3/1,31136,0,0,0,0,0,,0
31136,今別,イマベツ,IMABETSU,今別,イマベツ,IMABETSU,41.18,140.482,30,10,,,41.18,140.482,30,1,1,1,2,1,,0,2021/3/2,9999-99-99,31136,0,0,0,6,0,,0
31156,脇野沢,ワキノサワ,WAKINOSAWA,,,,41.145,140.818,30,6.5,,,,,,1,1,1,1,0,,0,1976/11/25,1983/9/29,31156,1,1,1,1,1,,1
31156,脇野沢,ワキノサワ,WAKINOSAWA,脇野沢,ワキノサワ,WAKINOSAWA,41.145,140.818,30,6.5,,,41.145,140.822,15,1,1,1,1,1,,0,1983/9/30,1986/8/27,31156,0,0,0,0,0,,0
31156,脇野沢,ワキノサワ,WAKINOSAWA,脇野沢,ワキノサワ,WAKINOSAWA,41.145,140.818,30,6.5,,,41.145,140.822,15,1,1,1,1,1,,0,1986/8/28,1998/10/13,31156,0,0,0,1,0,,0
31156,脇野沢,ワキノサワ,WAKINOSAWA,脇野沢,ワキノサワ,WAKINOSAWA,41.145,140.822,15,8.3,,,41.145,140.822,15,1,1,1,1,1,,0,1998/10/14,2007/12/13,31156,0,0,0,0,0,,0
31156,脇野沢,ワキノサワ,WAKINOSAWA,脇野沢,ワキノサワ,WAKINOSAWA,41.145,140.822,15,8.3,,,41.145,140.822,15,1,1,1,1,1,,0,2007/12/14,2008/3/25,31156,0,0,0,4,0,,0
31156,脇野沢,ワキノサワ,WAKINOSAWA,脇野沢,ワキノサワ,WAKINOSAWA,41.145,140.822,15,8.3,,,41.145,140.822,15,1,1,1,1,1,,0,2008/3/26,2010/11/11,31156,0,4,4,0,0,,0
31156,脇野沢,ワキノサワ,WAKINOSAWA,脇野沢,ワキノサワ,WAKINOSAWA,41.145,140.822,15,10,,,41.145,140.822,15,1,1,1,1,1,,0,2010/11/12,2021/3/1,31156,0,0,0,0,0,,0
31156,脇野沢,ワキノサワ,WAKINOSAWA,脇野沢,ワキノサワ,WAKINOSAWA,41.145,140.822,15,10,,,41.145,140.822,15,1,1,1,2,1,,0,2021/3/2,9999-99-99,31156,0,0,0,6,0,,0
31186,市浦,シウラ,SHIURA,,,,41.057,140.347,20,6.5,,,,,,1,1,1,1,0,,0,1976/11/18,1987/9/2,31186,1,1,1,1,1,,1
31186,市浦,シウラ,SHIURA,,,,41.057,140.347,20,6.5,,,,,,1,1,1,1,0,,0,1987/9/3,2006/10/10,31186,0,0,0,1,0,,0
31186,市浦,シウラ,SHIURA,,,,41.057,140.347,20,10,,,,,,1,1,1,1,0,,0,2006/10/11,2008/10/15,31186,0,0,0,4,0,,0
31186,市浦,シウラ,SHIURA,,,,41.057,140.347,20,10,,,,,,1,1,1,1,0,,0,2008/10/16,2021/3/1,31186,0,4,4,0,0,,0
31186,市浦,シウラ,SHIURA,,,,41.057,140.347,20,10,,,,,,1,1,1,2,0,,0,2021/3/2,2021/10/17,31186,0,0,0,6,0,,0
31186,市浦,シウラ,SHIURA,,,,41.057,140.347,20,9.9,,,,,,1,1,1,2,0,,1,2021/10/18,9999-99-99,31186,0,0,0,0,0,,0
31201,蟹田,カニタ,KANITA,,,,41.045,140.638,3,,,,,,,1,0,0,0,0,,0,1974/11/1,1976/11/16,31201,1,1,1,1,1,,1
31201,蟹田,カニタ,KANITA,,,,41.045,140.638,3,6.5,,,,,,1,1,1,1,0,,0,1976/11/17,1987/9/6,31201,0,0,0,0,0,,0
31201,蟹田,カニタ,KANITA,,,,41.045,140.638,3,6.5,,,,,,1,1,1,1,0,,0,1987/9/7,2001/12/16,31201,0,0,0,1,0,,0
31201,蟹田,カニタ,KANITA,,,,41.045,140.633,5,8.2,,,,,,1,1,1,1,0,,0,2001/12/17,2008/12/3,31201,0,0,0,0,0,,0
31201,蟹田,カニタ,KANITA,,,,41.045,140.633,5,8.2,,,,,,1,1,1,1,0,,0,2008/12/4,2021/3/1,31201,0,4,4,4,0,,0
31201,蟹田,カニタ,KANITA,,,,41.045,140.633,5,8.2,,,,,,1,1,1,2,0,,0,2021/3/2,9999-99-99,31201,0,0,0,6,0,,0
31281,六ケ所,ロッカショ,ROKKASHO,,,,40.953,141.317,57,,,,,,,1,0,0,0,0,,0,1975/5/21,1976/11/19,31281,1,1,1,1,1,,1
31281,六ケ所,ロッカショ,ROKKASHO,,,,40.953,141.317,57,6.5,,,,,,1,1,1,1,0,,0,1976/11/20,1982/9/21,31281,0,0,0,0,0,,0
31296,五所川原,ゴショガワラ,GOSHOGAWARA,,,,40.808,140.438,9,,,,,,,1,0,0,0,0,,0,1975/6/28,1976/11/18,31296,1,1,1,1,1,,1
31296,五所川原,ゴショガワラ,GOSHOGAWARA,,,,40.808,140.438,9,6.5,,,,,,1,1,1,1,0,,0,1976/11/19,1979/10/30,31296,0,0,0,0,0,,0
31296,五所川原,ゴショガワラ,GOSHOGAWARA,五所川原,ゴショガワラ,GOSHOGAWARA,40.808,140.438,9,6.5,,,40.808,140.458,9,1,1,1,1,1,,0,1979/10/31,1981/11/30,31296,0,0,0,0,0,,0
31296,五所川原,ゴショガワラ,GOSHOGAWARA,五所川原,ゴショガワラ,GOSHOGAWARA,40.808,140.458,9,6.5,,,40.808,140.458,9,1,1,1,1,1,,0,1981/12/1,1986/10/13,31296,0,0,0,0,0,,0
31296,五所川原,ゴショガワラ,GOSHOGAWARA,五所川原,ゴショガワラ,GOSHOGAWARA,40.808,140.458,9,6.5,,,40.808,140.458,9,1,1,1,1,1,,0,1986/10/14,2006/10/5,31296,0,0,0,1,0,,0
31296,五所川原,ゴショガワラ,GOSHOGAWARA,五所川原,ゴショガワラ,GOSHOGAWARA,40.808,140.458,9,10,,,40.808,140.458,9,1,1,1,1,1,,0,2006/10/6,2008/10/9,31296,0,0,0,4,0,,0
31296,五所川原,ゴショガワラ,GOSHOGAWARA,五所川原,ゴショガワラ,GOSHOGAWARA,40.808,140.458,9,10,,,40.808,140.458,9,1,1,1,1,1,,0,2008/10/10,2021/3/1,31296,0,4,4,0,0,,0
31296,五所川原,ゴショガワラ,GOSHOGAWARA,五所川原,ゴショガワラ,GOSHOGAWARA,40.808,140.458,9,10,,,40.808,140.458,9,1,1,1,2,1,,0,2021/3/2,2021/10/3,31296,0,0,0,6,0,,0
31296,五所川原,ゴショガワラ,GOSHOGAWARA,五所川原,ゴショガワラ,GOSHOGAWARA,40.808,140.458,9,9.9,,,40.808,140.458,9,1,1,1,2,1,,1,2021/10/4,9999-99-99,31296,0,0,0,0,0,,0
31311,青森,アオモリ,AOMORI,,,,40.822,140.777,3,,,,,,,1,0,0,0,0,,0,1974/11/1,1975/4/2,31311,1,1,1,1,1,,1
31311,青森,アオモリ,AOMORI,,,,40.822,140.777,3,18.5,,,,,,1,1,1,1,0,,0,1975/4/3,1985/12/31,31311,0,0,0,0,0,,0
31311,青森,アオモリ,AOMORI,,,,40.822,140.777,3,18.5,,,,,,1,1,1,1,0,,0,1986/1/1,1989/12/1,31311,0,0,0,1,0,,0
31312,青森,アオモリ,AOMORI,,,,40.822,140.768,3,30.4,,,,,,1,1,1,1,0,,0,1989/12/1,1998/3/1,31311,0,1,0,0,0,,0
31312,青森,アオモリ,AOMORI,青森,アオモリ,AOMORI,40.822,140.768,3,30.4,,,40.822,140.768,3,1,1,1,1,1,,0,1998/3/2,2008/3/25,31312,0,0,0,0,0,,0
31312,青森,アオモリ,AOMORI,青森,アオモリ,AOMORI,40.822,140.768,3,30.4,,,40.822,140.768,3,1,1,1,1,1,,0,2008/3/26,2011/7/20,31312,0,4,4,0,0,,0
31312,青森,アオモリ,AOMORI,青森,アオモリ,AOMORI,40.822,140.768,3,31.6,,,40.822,140.768,3,1,1,1,1,1,,0,2011/7/21,2011/10/24,31312,0,0,0,0,0,,0
31312,青森,アオモリ,AOMORI,青森,アオモリ,AOMORI,40.822,140.768,3,31.8,,,40.822,140.768,3,1,1,1,1,1,,0,2011/10/25,2021/3/1,31312,0,0,0,0,0,,0
31312,青森,アオモリ,AOMORI,青森,アオモリ,AOMORI,40.822,140.768,3,31.8,,,40.822,140.768,3,1,1,1,1,1,,1,2021/3/2,9999-99-99,31312,0,0,0,0,0,,0
31321,大和山,ヤマトヤマ,YAMATOYAMA,,,,40.848,140.985,137,,,,,,,1,0,0,0,0,,0,1975/5/24,9999-99-99,31321,1,1,1,1,1,,1
31331,野辺地,ノヘジ,NOHEJI,,,,40.85,141.105,43,,,,,,,1,0,0,0,0,,0,1974/11/1,1976/11/18,31331,1,1,1,1,1,,1
31331,野辺地,ノヘジ,NOHEJI,,,,40.85,141.105,43,6.5,,,,,,1,1,1,1,0,,0,1976/11/19,1979/10/30,31331,0,0,0,0,0,,0
31331,野辺地,ノヘジ,NOHEJI,野辺地,ノヘジ,NOHEJI,40.85,141.105,43,6.5,,,40.85,141.105,43,1,1,1,1,1,,0,1979/10/31,1987/8/23,31331,0,0,0,0,0,,0
31331,野辺地,ノヘジ,NOHEJI,野辺地,ノヘジ,NOHEJI,40.85,141.105,43,6.5,,,40.85,141.105,43,1,1,1,1,1,,0,1987/8/24,2008/11/21,31331,0,0,0,1,0,,0
31332,野辺地,ノヘジ,NOHEJI,野辺地,ノヘジ,NOHEJI,40.885,141.16,14,10,,,40.885,141.16,14,1,1,1,1,1,,0,2008/11/21,2021/3/1,31332,1,5,5,5,1,,1
31332,野辺地,ノヘジ,NOHEJI,野辺地,ノヘジ,NOHEJI,40.885,141.16,14,10,,,40.885,141.16,14,1,1,1,2,1,,0,2021/3/2,9999-99-99,31332,0,0,0,6,0,,0
31336,六ケ所,ロッカショ,ROKKASHO,,,,40.888,141.28,85,6.5,,,,,,1,1,1,1,0,,0,1982/9/22,1987/5/24,31336,1,1,1,1,1,,1
31336,六ケ所,ロッカショ,ROKKASHO,,,,40.888,141.28,85,6.5,,,,,,1,1,1,1,0,,0,1987/5/25,1994/10/31,31336,0,0,0,1,0,,0
31336,六ケ所,ロッカショ,ROKKASHO,,,,40.885,141.272,80,8.3,,,,,,1,1,1,1,0,,0,1994/11/1,2006/10/16,31336,0,0,0,0,0,,0
31336,六ケ所,ロッカショ,ROKKASHO,,,,40.885,141.272,80,8.3,,,,,,1,1,1,1,0,,0,2006/10/17,2008/10/7,31336,0,0,0,4,0,,0
31336,六ケ所,ロッカショ,ROKKASHO,,,,40.885,141.272,80,8.3,,,,,,1,1,1,1,0,,0,2008/10/8,2021/3/1,31336,0,4,4,0,0,,0
31336,六ケ所,ロッカショ,ROKKASHO,,,,40.885,141.272,80,8.3,,,,,,1,1,1,2,0,,0,2021/3/2,2023/9/19,31336,0,0,0,6,0,,0
31336,六ケ所,ロッカショ,ROKKASHO,,,,40.885,141.272,80,8.2,,,,,,1,1,1,2,0,,1,2023/9/20,9999-99-99,31336,0,0,0,0,0,,0
31366,鰺ケ沢,アジガサワ,AJIGASAWA,,,,40.755,140.227,40,,,,,,,1,0,0,0,0,,0,1974/11/1,1976/11/21,31366,1,1,1,1,1,,1
31366,鰺ケ沢,アジガサワ,AJIGASAWA,,,,40.777,140.205,40,6.5,,,,,,1,1,1,1,0,,0,1976/11/22,1983/9/29,31366,0,0,0,0,0,,0
31366,鰺ケ沢,アジガサワ,AJIGASAWA,鰺ケ沢,アジガサワ,AJIGASAWA,40.777,140.205,40,6.5,,,40.777,140.205,40,1,1,1,1,1,,0,1983/9/30,1986/10/13,31366,0,0,0,0,0,,0
31366,鰺ケ沢,アジガサワ,AJIGASAWA,鰺ケ沢,アジガサワ,AJIGASAWA,40.777,140.205,40,6.5,,,40.777,140.205,40,1,1,1,1,1,,0,1986/10/14,2006/10/2,31366,0,0,0,1,0,,0
31366,鰺ケ沢,アジガサワ,AJIGASAWA,鰺ケ沢,アジガサワ,AJIGASAWA,40.777,140.205,40,10,,,40.777,140.205,40,1,1,1,1,1,,0,2006/10/3,2008/10/17,31366,0,0,0,4,0,,0
31366,鰺ケ沢,アジガサワ,AJIGASAWA,鰺ケ沢,アジガサワ,AJIGASAWA,40.777,140.205,40,10,,,40.777,140.205,40,1,1,1,1,1,,0,2008/10/18,2021/3/1,31366,0,4,4,0,0,,0
31366,鰺ケ沢,アジガサワ,AJIGASAWA,鰺ケ沢,アジガサワ,AJIGASAWA,40.777,140.205,40,10,,,40.777,140.205,40,1,1,1,2,1,,0,2021/3/2,2021/3/22,31366,0,0,0,6,0,,0
31366,鰺ケ沢,アジガサワ,AJIGASAWA,鰺ケ沢,アジガサワ,AJIGASAWA,40.777,140.205,40,10.1,,,40.777,140.205,40,1,1,1,2,1,,1,2021/3/23,9999-99-99,31366,0,0,0,0,0,,0
31376,五所川原,ゴショガワラ,GOSHOGAWARA,,,,40.798,140.442,9,,,,,,,1,0,0,0,0,,0,1974/11/1,1975/6/27,31376,1,1,1,1,1,,1
31386,青森大谷,アオモリオオタニ,AOMORI-OTANI,,,,40.733,140.688,198,10,,,,,,1,1,1,0,0,,0,2003/1/1,2009/1/28,31386,1,1,1,1,1,,1
31386,青森大谷,アオモリオオタニ,AOMORI-OTANI,,,,40.733,140.688,198,10,,,,,,1,1,1,0,0,,0,2009/1/29,2020/11/25,31386,0,4,4,0,0,,0
31386,青森大谷,アオモリオオタニ,AOMORI-OTANI,青森大谷,アオモリオオタニ,AOMORI-OTANI,40.733,140.688,198,10,,,40.733,140.688,198,1,1,1,0,1,,0,2020/11/26,9999-99-99,31386,0,0,0,0,0,,0
31411,七戸,シチノヘ,SHICHINOHE,,,,40.71,141.113,70,,,,,,,1,0,0,0,0,,0,1977/9/22,2000/10/29,31411,1,1,1,1,1,,1
31411,七戸,シチノヘ,SHICHINOHE,,,,40.708,141.128,57,,,,,,,1,0,0,0,0,,0,2000/10/30,9999-99-99,31411,0,0,0,0,0,,0
31436,深浦,フカウラ,FUKAURA,,,,40.645,139.932,66,,,,,,,1,0,0,0,0,,0,1974/11/1,1975/3/21,31436,1,1,1,1,1,,1
31436,深浦,フカウラ,FUKAURA,,,,40.645,139.932,66,13.4,,,,,,1,1,1,1,0,,0,1975/3/22,1986/12/31,31436,0,0,0,0,0,,0
31436,深浦,フカウラ,FUKAURA,,,,40.645,139.932,66,13.4,,,,,,1,1,1,1,0,,0,1987/1/1,1999/12/14,31436,0,0,0,1,0,,0
31436,深浦,フカウラ,FUKAURA,,,,40.645,139.932,66,13.3,,,,,,1,1,1,1,0,,0,1999/12/15,1999/12/16,31436,0,0,0,0,0,,0
31436,深浦,フカウラ,FUKAURA,深浦,フカウラ,FUKAURA,40.645,139.932,66,13.3,,,40.645,139.932,66,1,1,1,1,1,,0,1999/12/17,2007/12/4,31436,0,0,0,0,0,,0
31436,深浦,フカウラ,FUKAURA,深浦,フカウラ,FUKAURA,40.645,139.932,66,21.9,,,40.645,139.932,66,1,1,1,1,1,,0,2007/12/5,2008/3/25,31436,0,0,0,0,0,,0
31436,深浦,フカウラ,FUKAURA,深浦,フカウラ,FUKAURA,40.645,139.932,66,21.9,,,40.645,139.932,66,1,1,1,1,1,,0,2008/3/26,2013/10/23,31436,0,4,4,0,0,,0
31436,深浦,フカウラ,FUKAURA,深浦,フカウラ,FUKAURA,40.645,139.932,66,22.2,,,40.645,139.932,66,1,1,1,1,1,,0,2013/10/24,2021/3/1,31436,0,0,0,0,0,,0
31436,深浦,フカウラ,FUKAURA,深浦,フカウラ,FUKAURA,40.645,139.932,66,22.2,,,40.645,139.932,66,1,1,1,1,1,,1,2021/3/2,9999-99-99,31436,0,0,0,0,0,,0
31441,長慶平,チョウケイダイラ,CHOKEIDAIRA,,,,40.618,139.997,242,,,,,,,1,0,0,0,0,,0,1976/7/29,1977/9/1,31441,1,1,1,1,1,,1
31451,岳,ダケ,DAKE,,,,40.628,140.263,440,,,,,,,1,0,0,0,0,,0,1976/7/26,1998/12/3,31451,1,1,1,1,1,,1
31451,岳,ダケ,DAKE,,,,40.628,140.263,438,,,,,,,1,0,0,0,0,,0,1998/12/4,9999-99-99,31451,0,0,0,0,0,,0
31461,弘前,ヒロサキ,HIROSAKI,,,,40.612,140.455,30,,,,,,,1,0,0,0,0,,0,1974/11/1,1976/3/4,31461,1,1,1,1,1,,1
31461,弘前,ヒロサキ,HIROSAKI,,,,40.612,140.455,30,6.5,,,,,,1,1,1,1,0,,0,1976/3/5,1982/10/30,31461,0,0,0,0,0,,0
31461,弘前,ヒロサキ,HIROSAKI,弘前,ヒロサキ,HIROSAKI,40.612,140.455,30,6.5,,,40.612,140.455,30,1,1,1,1,1,,0,1982/10/31,1987/9/1,31461,0,0,0,0,0,,0
31461,弘前,ヒロサキ,HIROSAKI,弘前,ヒロサキ,HIROSAKI,40.612,140.455,30,6.5,,,40.612,140.455,30,1,1,1,1,1,,0,1987/9/2,2005/10/24,31461,0,0,0,1,0,,0
31461,弘前,ヒロサキ,HIROSAKI,弘前,ヒロサキ,HIROSAKI,40.612,140.455,30,6.5,,,40.612,140.455,30,1,1,1,1,1,,0,2005/10/25,2008/9/24,31461,0,0,0,4,0,,0
31461,弘前,ヒロサキ,HIROSAKI,弘前,ヒロサキ,HIROSAKI,40.612,140.455,30,6.5,,,40.612,140.455,30,1,1,1,1,1,,0,2008/9/25,2009/11/19,31461,0,4,4,0,0,,0
31461,弘前,ヒロサキ,HIROSAKI,弘前,ヒロサキ,HIROSAKI,40.612,140.455,30,10,,,40.612,140.455,30,1,1,1,1,1,,0,2009/11/20,2021/3/1,31461,0,0,0,0,0,,0
31461,弘前,ヒロサキ,HIROSAKI,弘前,ヒロサキ,HIROSAKI,40.612,140.455,30,10,,,40.612,140.455,30,1,1,1,2,1,,0,2021/3/2,2021/3/7,31461,0,0,0,6,0,,0
31461,弘前,ヒロサキ,HIROSAKI,弘前,ヒロサキ,HIROSAKI,40.612,140.455,30,10,,,40.612,140.455,30,1,1,1,2,1,,1,2021/3/8,9999-99-99,31461,0,0,0,0,0,,0
31466,黒石,クロイシ,KUROISHI,,,,40.647,140.582,40,,,,,,,1,0,0,0,0,,0,1974/11/1,1976/11/21,31466,1,1,1,1,1,,1
31466,黒石,クロイシ,KUROISHI,,,,40.647,140.582,40,6.5,,,,,,1,1,1,1,0,,0,1976/11/22,1986/11/12,31466,0,0,0,0,0,,0
31466,黒石,クロイシ,KUROISHI,,,,40.647,140.582,40,6.5,,,,,,1,1,1,1,0,,0,1986/11/13,2007/12/18,31466,0,0,0,1,0,,0
31466,黒石,クロイシ,KUROISHI,,,,40.667,140.585,30,10,,,,,,1,1,1,1,0,,0,2007/12/19,2008/3/25,31466,0,0,0,4,0,,0
31466,黒石,クロイシ,KUROISHI,,,,40.667,140.585,30,10,,,,,,1,1,1,1,0,,0,2008/3/26,2021/3/1,31466,0,4,4,0,0,,0
31466,黒石,クロイシ,KUROISHI,,,,40.667,140.585,30,10,,,,,,1,1,1,2,0,,0,2021/3/2,9999-99-99,31466,0,0,0,6,0,,0
31481,八甲田山,ハッコウダサン,HAKKODASAN,,,,40.675,140.858,1310,,,,,,,1,0,0,0,0,,0,1974/11/1,2009/11/2,31481,1,1,1,1,1,,1
31482,酸ケ湯,スカユ,SUKAYU,,,,40.648,140.848,920,,,,,,,1,0,0,0,0,,0,1975/11/27,1976/11/14,31482,1,1,1,1,1,,1
31482,酸ケ湯,スカユ,SUKAYU,,,,40.648,140.848,890,10.5,,,,,,1,1,1,1,0,,0,1976/11/15,1979/10/30,31482,0,0,0,0,0,,0
31482,酸ケ湯,スカユ,SUKAYU,酸ケ湯,スカユ,SUKAYU,40.648,140.848,890,10.5,,,40.648,140.848,890,1,1,1,1,1,,0,1979/10/31,1987/5/14,31482,0,0,0,0,0,,0
31482,酸ケ湯,スカユ,SUKAYU,酸ケ湯,スカユ,SUKAYU,40.648,140.848,890,10.5,,,40.648,140.848,890,1,1,1,1,1,,0,1987/5/15,2008/10/23,31482,0,0,0,1,0,,0
31482,酸ケ湯,スカユ,SUKAYU,酸ケ湯,スカユ,SUKAYU,40.648,140.848,890,10,,,40.648,140.848,890,1,1,1,1,1,,0,2008/10/24,2021/3/1,31482,0,4,4,4,0,,0
31482,酸ケ湯,スカユ,SUKAYU,酸ケ湯,スカユ,SUKAYU,40.648,140.848,890,10,,,40.648,140.848,890,1,1,1,2,1,,0,2021/3/2,9999-99-99,31482,0,0,0,6,0,,0
31506,三沢,ミサワ,MISAWA,,,,40.675,141.375,39,,,,,,,1,0,0,0,0,,0,1974/11/1,1976/11/14,31506,1,1,1,1,1,,1
31506,三沢,ミサワ,MISAWA,,,,40.675,141.375,39,7.9,,,,,,1,1,1,1,0,,0,1976/11/15,1986/10/22,31506,0,0,0,0,0,,0
31506,三沢,ミサワ,MISAWA,,,,40.675,141.375,39,7.9,,,,,,1,1,1,1,0,,0,1986/10/23,1999/10/20,31506,0,0,0,1,0,,0
31506,三沢,ミサワ,MISAWA,,,,40.675,141.375,39,8.1,,,,,,1,1,1,1,0,,0,1999/10/21,2006/10/19,31506,0,0,0,0,0,,0
31506,三沢,ミサワ,MISAWA,,,,40.675,141.375,39,8.1,,,,,,1,1,1,1,0,,0,2006/10/20,2008/10/20,31506,0,0,0,4,0,,0
31506,三沢,ミサワ,MISAWA,,,,40.675,141.375,39,8.1,,,,,,1,1,1,1,0,,0,2008/10/21,2021/3/1,31506,0,4,4,0,0,,0
31506,三沢,ミサワ,MISAWA,,,,40.675,141.375,39,8.1,,,,,,1,1,1,2,0,,0,2021/3/2,2023/10/9,31506,0,0,0,6,0,,0
31506,三沢,ミサワ,MISAWA,,,,40.675,141.375,39,8,,,,,,1,1,1,2,0,,1,2023/10/10,9999-99-99,31506,0,0,0,0,0,,0
31536,四兵衛森,シヘイモリ,SHIHEIMORI,,,,40.552,140.207,645,,,,,,,1,0,0,0,0,,0,1974/11/1,1996/10/14,31536,1,1,1,1,1,,1
31551,大鰐,オオワニ,OWANI,,,,40.53,140.555,63,,,,,,,1,0,0,0,0,,0,2010/12/6,9999-99-99,31551,1,1,1,1,1,,1
31561,毛無山,ケナシヤマ,KENASHIYAMA,,,,40.552,140.753,940,,,,,,,1,0,0,0,0,,0,1974/11/1,1983/9/12,31561,1,1,1,1,1,,1
31562,温川,ヌルカワ,NURUKAWA,,,,40.513,140.788,410,,,,,,,1,0,0,0,0,,0,1983/9/13,1996/12/2,31562,1,1,1,1,1,,1
31562,温川,ヌルカワ,NURUKAWA,,,,40.515,140.783,402,,,,,,,1,0,0,0,0,,0,1996/12/3,2009/10/27,31562,0,0,0,0,0,,0
31562,温川,ヌルカワ,NURUKAWA,,,,40.515,140.783,404,,,,,,,1,0,0,0,0,,0,2009/10/28,9999-99-99,31562,0,0,0,0,0,,0
31586,十和田,トワダ,TOWADA,,,,40.595,141.247,42,,,,,,,1,0,0,0,0,,0,1974/11/1,1976/11/15,31586,1,1,1,1,1,,1
31586,十和田,トワダ,TOWADA,,,,40.595,141.247,42,6.5,,,,,,1,1,1,1,0,,0,1976/11/16,1983/9/29,31586,0,0,0,0,0,,0
31586,十和田,トワダ,TOWADA,十和田,トワダ,TOWADA,40.595,141.247,42,6.5,,,40.595,141.247,42,1,1,1,1,1,,0,1983/9/30,1986/2/24,31586,0,0,0,0,0,,0
31586,十和田,トワダ,TOWADA,十和田,トワダ,TOWADA,40.595,141.247,42,6.5,,,40.595,141.247,42,1,1,1,1,1,,0,1986/2/25,2007/12/17,31586,0,0,0,1,0,,0
31586,十和田,トワダ,TOWADA,十和田,トワダ,TOWADA,40.595,141.247,42,6.5,,,40.595,141.247,42,1,1,1,1,1,,0,2007/12/18,2008/3/25,31586,0,0,0,4,0,,0
31586,十和田,トワダ,TOWADA,十和田,トワダ,TOWADA,40.595,141.247,42,6.5,,,40.595,141.247,42,1,1,1,1,1,,0,2008/3/26,2009/11/26,31586,0,4,4,0,0,,0
31586,十和田,トワダ,TOWADA,十和田,トワダ,TOWADA,40.595,141.247,42,10,,,40.595,141.247,42,1,1,1,1,1,,0,2009/11/27,2021/2/24,31586,0,0,0,0,0,,0
31586,十和田,トワダ,TOWADA,十和田,トワダ,TOWADA,40.607,141.233,55,10,,,40.607,141.233,55,1,1,1,1,1,,0,2021/2/25,2021/3/1,31586,0,0,0,0,0,,0
31586,十和田,トワダ,TOWADA,十和田,トワダ,TOWADA,40.607,141.233,55,10,,,40.607,141.233,55,1,1,1,2,1,,0,2021/3/2,9999-99-99,31586,0,0,0,6,0,,0
31601,八戸,ハチノヘ,HACHINOHE,,,,40.527,141.522,27,,,,,,,1,0,0,0,0,,0,1974/11/1,1975/3/21,31601,1,1,1,1,1,,1
31601,八戸,ハチノヘ,HACHINOHE,,,,40.527,141.522,27,16,,,,,,1,1,1,1,0,,0,1975/3/22,1985/12/31,31601,0,0,0,0,0,,0
31601,八戸,ハチノヘ,HACHINOHE,,,,40.527,141.522,27,16,,,,,,1,1,1,1,0,,0,1986/1/1,1998/3/1,31601,0,0,0,1,0,,0
31601,八戸,ハチノヘ,HACHINOHE,八戸,ハチノヘ,HACHINOHE,40.527,141.522,27,16,,,40.527,141.522,27,1,1,1,1,1,,0,1998/3/2,2007/3/29,31601,0,0,0,0,0,,0
31602,八戸,ハチノヘ,HACHINOHE,八戸,ハチノヘ,HACHINOHE,40.527,141.522,27,27.3,,,40.527,141.522,27,1,1,1,1,1,,0,2007/3/29,2008/3/25,31601,0,1,0,0,0,,0
31602,八戸,ハチノヘ,HACHINOHE,八戸,ハチノヘ,HACHINOHE,40.527,141.522,27,27.3,,,40.527,141.522,27,1,1,1,1,1,,0,2008/3/26,2011/10/26,31602,0,4,4,0,0,,0
31602,八戸,ハチノヘ,HACHINOHE,八戸,ハチノヘ,HACHINOHE,40.527,141.522,27,27.5,,,40.527,141.522,27,1,1,1,1,1,,0,2011/10/27,2021/3/1,31602,0,0,0,0,0,,0
31602,八戸,ハチノヘ,HACHINOHE,八戸,ハチノヘ,HACHINOHE,40.527,141.522,27,27.5,,,40.527,141.522,27,1,1,1,1,1,,1,2021/3/2,9999-99-99,31602,0,0,0,0,0,,0
31641,大鰐,オオワニ,OWANI,,,,40.48,140.553,135,,,,,,,1,0,0,0,0,,0,1974/11/1,2010/12/6,31641,1,1,1,1,1,,1
31646,碇ケ関,イカリガセキ,IKARIGASEKI,,,,40.475,140.628,145,,,,,,,1,0,0,0,0,,0,1974/11/1,1976/11/23,31646,1,1,1,1,1,,1
31646,碇ケ関,イカリガセキ,IKARIGASEKI,,,,40.475,140.628,145,6.5,,,,,,1,1,1,1,0,,0,1976/11/24,1979/10/30,31646,0,0,0,0,0,,0
31646,碇ケ関,イカリガセキ,IKARIGASEKI,碇ケ関,イカリガセキ,IKARIGASEKI,40.475,140.628,145,6.5,,,40.475,140.628,145,1,1,1,1,1,,0,1979/10/31,1986/11/9,31646,0,0,0,0,0,,0
31646,碇ケ関,イカリガセキ,IKARIGASEKI,碇ケ関,イカリガセキ,IKARIGASEKI,40.475,140.628,145,6.5,,,40.475,140.628,145,1,1,1,1,1,,0,1986/11/10,1999/11/30,31646,0,0,0,1,0,,0
31646,碇ケ関,イカリガセキ,IKARIGASEKI,碇ケ関,イカリガセキ,IKARIGASEKI,40.478,140.625,137,7.9,,,40.478,140.625,137,1,1,1,1,1,,0,1999/11/30,2007/12/18,31646,0,0,0,0,0,,0
31646,碇ケ関,イカリガセキ,IKARIGASEKI,碇ケ関,イカリガセキ,IKARIGASEKI,40.482,140.62,135,10,,,40.482,140.62,135,1,1,1,1,1,,0,2007/12/19,2008/3/25,31646,0,0,0,4,0,,0
31646,碇ケ関,イカリガセキ,IKARIGASEKI,碇ケ関,イカリガセキ,IKARIGASEKI,40.482,140.62,135,10,,,40.482,140.62,135,1,1,1,1,1,,0,2008/3/26,2021/3/1,31646,0,4,4,0,0,,0
31646,碇ケ関,イカリガセキ,IKARIGASEKI,碇ケ関,イカリガセキ,IKARIGASEKI,40.482,140.62,135,10,,,40.482,140.62,135,1,1,1,2,1,,0,2021/3/2,2021/3/8,31646,0,0,0,6,0,,0
31646,碇ケ関,イカリガセキ,IKARIGASEKI,碇ケ関,イカリガセキ,IKARIGASEKI,40.482,140.62,135,10.1,,,40.482,140.62,135,1,1,1,2,1,,1,2021/3/9,9999-99-99,31646,0,0,0,0,0,,0
31651,空岱山,ソラダイヤマ,SORADAIYAMA,,,,40.438,140.708,585,,,,,,,1,0,0,0,0,,0,1974/11/1,1994/10/26,31651,1,1,1,1,1,,1
31661,休屋,ヤスミヤ,YASUMIYA,,,,40.427,140.893,405,,,,,,,1,0,0,0,0,,0,1974/11/1,1976/11/16,31661,1,1,1,1,1,,1
31661,休屋,ヤスミヤ,YASUMIYA,,,,40.427,140.893,405,6.5,,,,,,1,1,1,1,0,,0,1976/11/17,1982/10/14,31661,0,0,0,0,0,,0
31662,休屋,ヤスミヤ,YASUMIYA,,,,40.428,140.897,408,6.5,,,,,,1,1,1,1,0,,0,1982/10/15,1986/10/16,31662,1,1,1,1,1,,1
31662,休屋,ヤスミヤ,YASUMIYA,,,,40.428,140.897,408,6.5,,,,,,1,1,1,1,0,,0,1986/10/17,2008/11/12,31662,0,0,0,1,0,,0
31662,休屋,ヤスミヤ,YASUMIYA,,,,40.427,140.898,414,10,,,,,,1,1,1,1,0,,0,2008/11/13,2021/3/1,31662,0,4,4,4,0,,0
31662,休屋,ヤスミヤ,YASUMIYA,,,,40.427,140.898,414,10,,,,,,1,1,1,2,0,,0,2021/3/2,9999-99-99,31662,0,0,0,6,0,,0
31671,戸来,ヘライ,HERAI,,,,40.463,141.168,150,,,,,,,1,0,0,0,0,,0,1978/8/21,2009/10/28,31671,1,1,1,1,1,,1
31671,戸来,ヘライ,HERAI,,,,40.468,141.177,125,,,,,,,1,0,0,0,0,,0,2009/10/29,9999-99-99,31671,0,0,0,0,0,,0
31711,朝日奈岳,アサヒナダケ,ASAHINADAKE,,,,40.325,141.048,710,,,,,,,1,0,0,0,0,,0,1974/11/1,2009/11/2,31711,1,1,1,1,1,,1
31721,三戸,サンノヘ,SANNOHE,,,,40.378,141.255,38,,,,,,,1,0,0,0,0,,0,1974/11/1,1976/11/27,31721,1,1,1,1,1,,1
31721,三戸,サンノヘ,SANNOHE,,,,40.378,141.255,38,6.5,,,,,,1,1,1,1,0,,0,1976/11/28,1983/9/29,31721,0,0,0,0,0,,0
31721,三戸,サンノヘ,SANNOHE,三戸,サンノヘ,SANNOHE,40.378,141.255,38,6.5,,,40.378,141.255,38,1,1,1,1,1,,0,1983/9/30,1986/10/22,31721,0,0,0,0,0,,0
31721,三戸,サンノヘ,SANNOHE,三戸,サンノヘ,SANNOHE,40.378,141.255,38,6.5,,,40.378,141.255,38,1,1,1,1,1,,0,1986/10/23,2006/10/23,31721,0,0,0,1,0,,0
31721,三戸,サンノヘ,SANNOHE,三戸,サンノヘ,SANNOHE,40.383,141.257,60,10,,,40.383,141.257,60,1,1,1,1,1,,0,2006/10/24,2008/10/22,31721,0,0,0,4,0,,0
31721,三戸,サンノヘ,SANNOHE,三戸,サンノヘ,SANNOHE,40.383,141.257,60,10,,,40.383,141.257,60,1,1,1,1,1,,0,2008/10/23,2021/3/1,31721,0,4,4,0,0,,0
31721,三戸,サンノヘ,SANNOHE,三戸,サンノヘ,SANNOHE,40.383,141.257,60,10,,,40.383,141.257,60,1,1,1,2,1,,0,2021/3/2,2021/10/11,31721,0,0,0,6,0,,0
31721,三戸,サンノヘ,SANNOHE,三戸,サンノヘ,SANNOHE,40.383,141.257,60,9.9,,,40.383,141.257,60,1,1,1,2,1,,1,2021/10/12,9999-99-99,31721,0,0,0,0,0,,0
32026,田代岳,タシロダケ,TASHIRODAKE,,,,40.412,140.4,800,,,,,,,1,0,0,0,0,,0,1974/11/1,2005/4/20,32026,1,1,1,1,1,,1
32056,八森,ハチモリ,HACHIMORI,,,,40.388,139.982,31,,,,,,,1,0,0,0,0,,0,1975/5/24,1976/11/26,32056,1,1,1,1,1,,1
32056,八森,ハチモリ,HACHIMORI,,,,40.388,139.982,31,6.5,,,,,,1,1,1,1,0,,0,1976/11/27,1987/11/9,32056,0,0,0,0,0,,0
32056,八森,ハチモリ,HACHIMORI,,,,40.388,139.982,31,6.5,,,,,,1,1,1,1,0,,0,1987/11/10,2005/10/25,32056,0,0,0,1,0,,0
32056,八森,ハチモリ,HACHIMORI,,,,40.388,139.982,31,6.5,,,,,,1,1,1,1,0,,0,2005/10/26,2008/9/9,32056,0,0,0,4,0,,0
32056,八森,ハチモリ,HACHIMORI,,,,40.388,139.982,31,6.5,,,,,,1,1,1,1,0,,0,2008/9/10,2013/12/2,32056,0,4,4,0,0,,0
32056,八森,ハチモリ,HACHIMORI,,,,40.413,139.948,34,10,,,,,,1,1,1,1,0,,0,2013/12/3,2021/3/1,32056,0,0,0,0,0,,0
32056,八森,ハチモリ,HACHIMORI,,,,40.413,139.948,34,10,,,,,,1,1,1,2,0,,0,2021/3/2,2021/3/21,32056,0,0,0,6,0,,0
32056,八森,ハチモリ,HACHIMORI,,,,40.413,139.948,34,10.1,,,,,,1,1,1,2,0,,1,2021/3/22,9999-99-99,32056,0,0,0,0,0,,0
32071,藤里,フジサト,FUJISATO,,,,40.317,140.293,70,,,,,,,1,0,0,0,0,,0,1978/8/22,2006/12/12,32071,1,1,1,1,1,,1
32071,藤里,フジサト,FUJISATO,,,,40.32,140.293,68,,,,,,,1,0,0,0,0,,0,2006/12/13,9999-99-99,32071,0,0,0,0,0,,0
32091,陣場,ジンバ,JIMBA,,,,40.403,140.608,176,,,,,,,1,0,0,0,0,,0,1974/11/1,9999-99-99,32091,1,1,1,1,1,,1
32096,藤原,フジワラ,FUJIWARA,,,,40.355,140.78,280,,,,,,,1,0,0,0,0,,0,1983/9/21,2017/3/24,32096,1,1,1,1,1,,1
32096,藤原,フジワラ,FUJIWARA,,,,40.353,140.78,280,,,,,,,1,0,0,0,0,,0,2017/3/25,9999-99-99,32096,0,0,0,0,0,,0
32101,杉沢山,スギサワヤマ,SUGISAWAYAMA,,,,40.365,140.81,670,,,,,,,1,0,0,0,0,,0,1974/11/1,1983/9/20,32101,1,1,1,1,1,,1
32111,能代,ノシロ,NOSHIRO,,,,40.207,140.028,22,,,,,,,1,0,0,0,0,,0,1974/11/1,1976/11/29,32111,1,1,1,1,1,,1
32111,能代,ノシロ,NOSHIRO,,,,40.207,140.028,22,12.3,,,,,,1,1,1,1,0,,0,1976/11/30,1979/10/30,32111,0,0,0,0,0,,0
32111,能代,ノシロ,NOSHIRO,能代,ノシロ,NOSHIRO,40.207,140.028,22,12.3,,,40.198,140.032,6,1,1,1,1,1,,0,1979/10/31,1982/10/28,32111,0,0,0,0,0,,0
32111,能代,ノシロ,NOSHIRO,能代,ノシロ,NOSHIRO,40.198,140.032,6,19,,,40.198,140.032,6,1,1,1,1,1,,0,1982/10/29,1987/11/16,32111,0,0,0,0,0,,0
32111,能代,ノシロ,NOSHIRO,能代,ノシロ,NOSHIRO,40.198,140.032,6,19,,,40.198,140.032,6,1,1,1,1,1,,0,1987/11/17,2007/12/25,32111,0,0,0,1,0,,0
32111,能代,ノシロ,NOSHIRO,能代,ノシロ,NOSHIRO,40.198,140.032,6,19,,,40.198,140.032,6,1,1,1,1,1,,0,2007/12/26,2008/3/25,32111,0,0,0,4,0,,0
32111,能代,ノシロ,NOSHIRO,能代,ノシロ,NOSHIRO,40.198,140.032,6,19,,,40.198,140.032,6,1,1,1,1,1,,0,2008/3/26,2021/3/1,32111,0,4,4,0,0,,0
32111,能代,ノシロ,NOSHIRO,能代,ノシロ,NOSHIRO,40.198,140.032,6,19,,,40.198,140.032,6,1,1,1,2,1,,0,2021/3/2,9999-99-99,32111,0,0,0,6,0,,0
32126,鷹巣,タカノス,TAKANOSU,,,,40.227,140.372,29,,,,,,,1,0,0,0,0,,0,1974/11/1,1976/3/1,32126,1,1,1,1,1,,1
32126,鷹巣,タカノス,TAKANOSU,,,,40.227,140.372,29,10.4,,,,,,1,1,1,1,0,,0,1976/3/2,1979/10/30,32126,0,0,0,0,0,,0
32126,鷹巣,タカノス,TAKANOSU,鷹巣,タカノス,TAKANOSU,40.227,140.372,29,10.4,,,40.227,140.372,29,1,1,1,1,1,,0,1979/10/31,1987/5/28,32126,0,0,0,0,0,,0
32126,鷹巣,タカノス,TAKANOSU,鷹巣,タカノス,TAKANOSU,40.227,140.372,29,10.4,,,40.227,140.372,29,1,1,1,1,1,,0,1987/5/29,2005/10/27,32126,0,0,0,1,0,,0
32126,鷹巣,タカノス,TAKANOSU,鷹巣,タカノス,TAKANOSU,40.227,140.372,29,10.4,,,40.227,140.372,29,1,1,1,1,1,,0,2005/10/28,2008/9/11,32126,0,0,0,4,0,,0
32126,鷹巣,タカノス,TAKANOSU,鷹巣,タカノス,TAKANOSU,40.227,140.372,29,10.4,,,40.227,140.372,29,1,1,1,1,1,,0,2008/9/12,2021/3/1,32126,0,4,4,0,0,,0
32126,鷹巣,タカノス,TAKANOSU,鷹巣,タカノス,TAKANOSU,40.227,140.372,29,10.4,,,40.227,140.372,29,1,1,1,2,1,,0,2021/3/2,2021/10/6,32126,0,0,0,6,0,,0
32126,鷹巣,タカノス,TAKANOSU,鷹巣,タカノス,TAKANOSU,40.227,140.372,29,10.3,,,40.227,140.372,29,1,1,1,2,1,,1,2021/10/7,9999-99-99,32126,0,0,0,0,0,,0
32136,大館,オオダテ,ODATE,,,,40.277,140.537,59,,,,,,,1,0,0,0,0,,0,1975/4/1,1976/11/24,32136,1,1,1,1,1,,1
32136,大館,オオダテ,ODATE,,,,40.277,140.537,59,6.5,,,,,,1,1,1,1,0,,0,1976/11/25,1986/4/13,32136,0,0,0,0,0,,0
32136,大館,オオダテ,ODATE,,,,40.277,140.537,59,6.5,,,,,,1,1,1,1,0,,0,1986/4/14,2008/12/11,32136,0,0,0,1,0,,0
32136,大館,オオダテ,ODATE,,,,40.252,140.505,49,10,,,,,,1,1,1,1,0,,0,2008/12/12,2021/3/1,32136,0,4,4,4,0,,0
32136,大館,オオダテ,ODATE,,,,40.252,140.505,49,10,,,,,,1,1,1,2,0,,0,2021/3/2,9999-99-99,32136,0,0,0,6,0,,0
32146,毛馬内,ケマナイ,KEMANAI,,,,40.265,140.768,126,,,,,,,1,0,0,0,0,,0,1974/11/1,1976/11/25,32146,1,1,1,1,1,,1
32146,毛馬内,ケマナイ,KEMANAI,,,,40.265,140.768,126,10.5,,,,,,1,1,1,1,0,,0,1976/11/26,1979/10/30,32146,0,0,0,0,0,,0
32146,毛馬内,ケマナイ,KEMANAI,毛馬内,ケマナイ,KEMANAI,40.265,140.768,126,10.5,,,40.215,140.787,123,1,1,1,1,1,,0,1979/10/31,1987/8/19,32146,0,0,0,0,0,,0
32146,毛馬内,ケマナイ,KEMANAI,毛馬内,ケマナイ,KEMANAI,40.265,140.768,126,10.5,,,40.215,140.787,123,1,1,1,1,1,,0,1987/8/20,1991/7/18,32146,0,0,0,1,0,,0
32146,鹿角,カヅノ,KAZUNO,鹿角,カヅノ,KAZUNO,40.215,140.787,123,6.5,,,40.215,140.787,123,1,1,1,1,1,,0,1991/7/19,2007/10/15,32146,0,0,0,0,0,,0
32146,鹿角,カヅノ,KAZUNO,鹿角,カヅノ,KAZUNO,40.215,140.787,123,10,,,40.215,140.787,123,1,1,1,1,1,,0,2007/10/16,2007/12/20,32146,0,0,0,0,0,,0
32146,鹿角,カヅノ,KAZUNO,鹿角,カヅノ,KAZUNO,40.215,140.787,123,10,,,40.215,140.787,123,1,1,1,1,1,,0,2007/12/21,2008/3/25,32146,0,0,0,4,0,,0
32146,鹿角,カヅノ,KAZUNO,鹿角,カヅノ,KAZUNO,40.215,140.787,123,10,,,40.215,140.787,123,1,1,1,1,1,,0,2008/3/26,2021/3/1,32146,0,4,4,0,0,,0
32146,鹿角,カヅノ,KAZUNO,鹿角,カヅノ,KAZUNO,40.215,140.787,123,10,,,40.215,140.787,123,1,1,1,2,1,,0,2021/3/2,9999-99-99,32146,0,0,0,6,0,,0
32181,脇神,ワキガミ,WAKIGAMI,,,,40.192,140.372,84,9.5,,,,,,1,1,1,0,0,,0,2003/1/1,2009/1/28,32181,1,1,1,1,1,,1
32181,脇神,ワキガミ,WAKIGAMI,,,,40.192,140.372,84,9.5,,,,,,1,1,1,0,0,,0,2009/1/29,2022/11/9,32181,0,4,4,0,0,,0
32181,脇神,ワキガミ,WAKIGAMI,,,,40.192,140.372,84,10,,,,,,1,1,1,0,0,,0,2022/11/10,9999-99-99,32181,0,0,0,0,0,,0
32206,湯瀬,ユゼ,YUZE,,,,40.12,140.838,236,,,,,,,1,0,0,0,0,,0,1974/11/1,1976/11/26,32206,1,1,1,1,1,,1
32206,湯瀬,ユゼ,YUZE,,,,40.12,140.838,236,6.5,,,,,,1,1,1,1,0,,0,1976/11/27,1986/5/12,32206,0,0,0,0,0,,0
32206,湯瀬,ユゼ,YUZE,,,,40.12,140.838,236,6.5,,,,,,1,1,1,1,0,,0,1986/5/13,2006/11/30,32206,0,0,0,1,0,,0
32206,湯瀬,ユゼ,YUZE,,,,40.12,140.84,214,10,,,,,,1,1,1,1,0,,0,2006/12/1,2008/11/4,32206,0,0,0,4,0,,0
32206,湯瀬,ユゼ,YUZE,,,,40.12,140.84,214,10,,,,,,1,1,1,1,0,,0,2008/11/5,2021/3/1,32206,0,4,4,0,0,,0
32206,湯瀬,ユゼ,YUZE,,,,40.12,140.84,214,10,,,,,,1,1,1,2,0,,0,2021/3/2,2023/10/17,32206,0,0,0,6,0,,0
32206,湯瀬,ユゼ,YUZE,,,,40.12,140.84,214,9.9,,,,,,1,1,1,2,0,,1,2023/10/18,9999-99-99,32206,0,0,0,0,0,,0
32221,大潟,オオガタ,OGATA,,,,40.008,139.958,0,,,,,,,1,0,0,0,0,,0,1975/5/23,1976/11/24,32221,1,1,1,1,1,,1
32221,大潟,オオガタ,OGATA,,,,40.008,139.958,0,,,,,,,1,1,1,1,0,,0,1976/11/25,1977/3/28,32221,0,0,0,0,0,,0
32251,森吉山,モリヨシヤマ,MORIYOSHIYAMA,,,,40.005,140.518,800,,,,,,,1,0,0,0,0,,0,1974/11/1,2009/11/2,32251,1,1,1,1,1,,1
32266,八幡平,ハチマンタイ,HACHIMANTAI,,,,40.008,140.808,620,6.5,,,,,,1,1,1,1,0,,0,1978/10/31,1987/8/18,32266,1,1,1,1,1,,1
32266,八幡平,ハチマンタイ,HACHIMANTAI,,,,40.008,140.808,620,6.5,,,,,,1,1,1,1,0,,0,1987/8/19,1991/10/24,32266,0,0,0,1,0,,0
32266,八幡平,ハチマンタイ,HACHIMANTAI,,,,40.013,140.802,578,6.5,,,,,,1,1,1,1,0,,0,1991/10/25,2006/11/20,32266,0,0,0,0,0,,0
32266,八幡平,ハチマンタイ,HACHIMANTAI,,,,40.013,140.802,578,6.5,,,,,,1,1,1,1,0,,0,2006/11/21,2008/11/6,32266,0,0,0,4,0,,0
32266,八幡平,ハチマンタイ,HACHIMANTAI,,,,40.013,140.802,578,6.5,,,,,,1,1,1,1,0,,0,2008/11/7,2009/11/11,32266,0,4,4,0,0,,0
32266,八幡平,ハチマンタイ,HACHIMANTAI,,,,40.013,140.802,578,10,,,,,,1,1,1,1,0,,0,2009/11/12,2021/3/1,32266,0,0,0,0,0,,0
32266,八幡平,ハチマンタイ,HACHIMANTAI,,,,40.013,140.802,578,10,,,,,,1,1,1,2,0,,0,2021/3/2,2023/10/16,32266,0,0,0,6,0,,0
32266,八幡平,ハチマンタイ,HACHIMANTAI,,,,40.013,140.802,578,9.9,,,,,,1,1,1,2,0,,1,2023/10/17,9999-99-99,32266,0,0,0,0,0,,0
32276,男鹿真山,オガシンザン,OGASHINZAN,,,,39.943,139.777,60,,,,,,,1,0,0,0,0,,0,1985/6/11,2009/11/26,32276,1,1,1,1,1,,1
32276,男鹿真山,オガシンザン,OGASHINZAN,,,,39.938,139.782,84,,,,,,,1,0,0,0,0,,0,2009/11/27,9999-99-99,32276,0,0,0,0,0,,0
32286,男鹿,オガ,OGA,,,,39.912,139.9,20,,,,,,,1,0,0,0,0,,0,1975/5/23,1976/11/23,32286,1,1,1,1,1,,1
32286,男鹿,オガ,OGA,,,,39.912,139.9,20,6.5,,,,,,1,1,1,1,0,,0,1976/11/24,1986/2/12,32286,0,0,0,0,0,,0
32286,男鹿,オガ,OGA,,,,39.912,139.9,20,6.5,,,,,,1,1,1,1,0,,0,1986/2/13,2005/11/21,32286,0,0,0,1,0,,0
32286,男鹿,オガ,OGA,,,,39.912,139.9,20,6.5,,,,,,1,1,1,1,0,,0,2005/11/22,2008/9/16,32286,0,0,0,4,0,,0
32286,男鹿,オガ,OGA,,,,39.912,139.9,20,6.5,,,,,,1,1,1,1,0,,0,2008/9/17,2021/3/1,32286,0,4,4,0,0,,0
32286,男鹿,オガ,OGA,,,,39.912,139.9,20,6.5,,,,,,1,1,1,2,0,,0,2021/3/2,2023/10/15,32286,0,0,0,6,0,,0
32286,男鹿,オガ,OGA,,,,39.912,139.9,20,6.4,,,,,,1,1,1,2,0,,1,2023/10/16,9999-99-99,32286,0,0,0,0,0,,0
32287,大潟,オオガタ,OGATA,,,,40,139.95,-3,6.5,,,,,,1,1,1,1,0,,0,1977/3/29,1987/10/12,32287,1,1,1,1,1,,1
32287,大潟,オオガタ,OGATA,,,,40,139.95,-3,6.5,,,,,,1,1,1,1,0,,0,1987/10/13,2008/12/15,32287,0,0,0,1,0,,0
32287,大潟,オオガタ,OGATA,,,,40,139.95,-3,6.5,,,,,,1,1,1,1,0,,0,2008/12/16,2009/11/16,32287,0,4,4,4,0,,0
32287,大潟,オオガタ,OGATA,,,,40,139.95,-3,10,,,,,,1,1,1,1,0,,0,2009/11/17,2021/3/1,32287,0,0,0,0,0,,0
32287,大潟,オオガタ,OGATA,,,,40,139.95,-3,10,,,,,,1,1,1,2,0,,0,2021/3/2,9999-99-99,32287,0,0,0,6,0,,0
32296,五城目,ゴジョウメ,GOJOME,,,,39.938,140.115,6,,,,,,,1,0,0,0,0,,0,1974/11/1,1976/11/25,32296,1,1,1,1,1,,1
32296,五城目,ゴジョウメ,GOJOME,,,,39.938,140.115,6,6.5,,,,,,1,1,1,1,0,,0,1976/11/26,1979/10/30,32296,0,0,0,0,0,,0
32296,五城目,ゴジョウメ,GOJOME,五城目,ゴジョウメ,GOJOME,39.938,140.115,6,6.5,,,39.938,140.115,6,1,1,1,1,1,,0,1979/10/31,1987/9/27,32296,0,0,0,0,0,,0
32296,五城目,ゴジョウメ,GOJOME,五城目,ゴジョウメ,GOJOME,39.938,140.115,6,6.5,,,39.938,140.115,6,1,1,1,1,1,,0,1987/9/28,2005/11/24,32296,0,0,0,1,0,,0
32296,五城目,ゴジョウメ,GOJOME,五城目,ゴジョウメ,GOJOME,39.938,140.115,6,6.5,,,39.938,140.115,6,1,1,1,1,1,,0,2005/11/25,2008/9/18,32296,0,0,0,4,0,,0
32296,五城目,ゴジョウメ,GOJOME,五城目,ゴジョウメ,GOJOME,39.938,140.115,6,6.5,,,39.938,140.115,6,1,1,1,1,1,,0,2008/9/19,2021/3/1,32296,0,4,4,0,0,,0
32296,五城目,ゴジョウメ,GOJOME,五城目,ゴジョウメ,GOJOME,39.938,140.115,6,6.5,,,39.938,140.115,6,1,1,1,2,1,,0,2021/3/2,2023/10/22,32296,0,0,0,6,0,,0
32296,五城目,ゴジョウメ,GOJOME,五城目,ゴジョウメ,GOJOME,39.938,140.115,6,6.4,,,39.938,140.115,6,1,1,1,2,1,,1,2023/10/23,9999-99-99,32296,0,0,0,0,0,,0
32311,阿仁合,アニアイ,ANIAI,,,,39.993,140.403,120,6.5,,,,,,1,1,1,1,0,,0,1976/12/7,1979/10/30,32311,1,1,1,1,1,,1
32311,阿仁合,アニアイ,ANIAI,阿仁合,アニアイ,ANIAI,39.993,140.403,120,6.5,,,39.993,140.403,120,1,1,1,1,1,,0,1979/10/31,1986/8/19,32311,0,0,0,0,0,,0
32311,阿仁合,アニアイ,ANIAI,阿仁合,アニアイ,ANIAI,39.993,140.403,120,6.5,,,39.993,140.403,120,1,1,1,1,1,,0,1986/8/20,2009/9/14,32311,0,0,0,1,0,,0
32311,阿仁合,アニアイ,ANIAI,阿仁合,アニアイ,ANIAI,39.993,140.403,120,6.5,,,39.993,140.403,120,1,1,1,1,1,,0,2009/9/15,2021/3/1,32311,0,4,4,4,0,,0
32311,阿仁合,アニアイ,ANIAI,阿仁合,アニアイ,ANIAI,39.993,140.403,120,6.5,,,39.993,140.403,120,1,1,1,2,1,,0,2021/3/2,9999-99-99,32311,0,0,0,6,0,,0
32312,比立内,ヒタチナイ,HITACHINAI,,,,39.903,140.45,210,,,,,,,1,0,0,0,0,,0,1976/9/21,9999-99-99,32312,1,1,1,1,1,,1
32336,男鹿本山,オガホンザン,OGAHONZAN,,,,39.892,139.767,440,,,,,,,1,0,0,0,0,,0,1974/11/1,1984/11/1,32336,1,1,1,1,1,,1
32376,桧木内,ヒノキナイ,HINOKINAI,,,,39.812,140.585,255,,,,,,,1,0,0,0,0,,0,1978/10/12,9999-99-99,32376,1,1,1,1,1,,1
32401,秋田,アキタ,AKITA,,,,39.72,140.095,9,,,,,,,1,0,0,0,0,,0,1974/11/1,1975/3/31,32401,1,1,1,1,1,,1
32401,秋田,アキタ,AKITA,,,,39.72,140.095,9,20.5,,,,,,1,1,1,1,0,,0,1975/4/1,1979/10/30,32401,0,0,0,0,0,,0
32401,秋田,アキタ,AKITA,秋田,アキタ,AKITA,39.72,140.095,9,20.5,,,39.72,140.095,9,1,1,1,1,1,,0,1979/10/31,1985/5/1,32401,0,0,0,0,0,,0
32401,秋田,アキタ,AKITA,,,,39.72,140.095,9,20.5,,,,,,1,1,1,1,0,,0,1985/5/2,1985/12/31,32401,0,0,0,0,0,,0
32401,秋田,アキタ,AKITA,,,,39.72,140.095,9,20.5,,,,,,1,1,1,1,0,,0,1986/1/1,1989/10/30,32401,0,0,0,1,0,,0
32402,秋田,アキタ,AKITA,,,,39.717,140.098,6,39.9,,,,,,1,1,1,1,0,,0,1989/10/30,1998/3/1,32401,0,1,0,0,0,,0
32402,秋田,アキタ,AKITA,秋田,アキタ,AKITA,39.717,140.098,6,39.9,,,39.717,140.098,6,1,1,1,1,1,,0,1998/3/2,2008/3/25,32402,0,0,0,0,0,,0
32402,秋田,アキタ,AKITA,秋田,アキタ,AKITA,39.717,140.098,6,39.9,,,39.717,140.098,6,1,1,1,1,1,,0,2008/3/26,2011/5/11,32402,0,4,4,0,0,,0
32402,秋田,アキタ,AKITA,秋田,アキタ,AKITA,39.717,140.098,6,40.8,,,39.717,140.098,6,1,1,1,1,1,,0,2011/5/12,2021/3/1,32402,0,0,0,0,0,,0
32402,秋田,アキタ,AKITA,秋田,アキタ,AKITA,39.717,140.098,6,40.8,,,39.717,140.098,6,1,1,1,1,1,,1,2021/3/2,9999-99-99,32402,0,0,0,0,0,,0
32406,太平山,タイヘイザン,TAIHEIZAN,,,,39.783,140.25,600,,,,,,,1,0,0,0,0,,0,1974/11/1,1984/10/31,32406,1,1,1,1,1,,1
32407,岩見三内,イワミサンナイ,IWAMISANNAI,,,,39.707,140.292,55,,,,,,,1,0,0,0,0,,0,1974/11/1,1976/11/24,32407,1,1,1,1,1,,1
32407,岩見三内,イワミサンナイ,IWAMISANNAI,,,,39.707,140.292,55,6.5,,,,,,1,1,1,1,0,,0,1976/11/25,1987/10/8,32407,0,0,0,0,0,,0
32407,岩見三内,イワミサンナイ,IWAMISANNAI,,,,39.707,140.292,55,6.5,,,,,,1,1,1,1,0,,0,1987/10/9,2006/11/27,32407,0,0,0,1,0,,0
32407,岩見三内,イワミサンナイ,IWAMISANNAI,,,,39.707,140.287,41,10,,,,,,1,1,1,1,0,,0,2006/11/28,2008/11/13,32407,0,0,0,4,0,,0
32407,岩見三内,イワミサンナイ,IWAMISANNAI,,,,39.707,140.287,41,10,,,,,,1,1,1,1,0,,0,2008/11/14,2021/3/1,32407,0,4,4,0,0,,0
32407,岩見三内,イワミサンナイ,IWAMISANNAI,,,,39.707,140.287,41,10,,,,,,1,1,1,2,0,,0,2021/3/2,2021/3/10,32407,0,0,0,6,0,,0
32407,岩見三内,イワミサンナイ,IWAMISANNAI,,,,39.707,140.287,41,10.1,,,,,,1,1,1,2,0,,1,2021/3/11,9999-99-99,32407,0,0,0,0,0,,0
32408,仁別,ニベツ,NIBETSU,,,,39.8,140.217,179,,,,,,,1,0,0,0,0,,0,1985/6/14,9999-99-99,32408,1,1,1,1,1,,1
32426,鎧畑,ヨロイバタ,YOROIBATA,,,,39.79,140.652,330,,,,,,,1,0,0,0,0,,0,1977/7/5,2011/12/12,32426,1,1,1,1,1,,1
32426,鎧畑,ヨロイバタ,YOROIBATA,,,,39.775,140.665,281,,,,,,,1,0,0,0,0,,0,2011/12/13,9999-99-99,32426,0,0,0,0,0,,0
32431,田沢湖高原,タザワココウゲン,TAZAWAKO-KOGEN,,,,39.778,140.762,652,,,,,,,1,0,0,0,0,,0,2014/8/29,9999-99-99,32431,1,1,1,1,1,,1
32451,雄和,ユウワ,YUWA,,,,39.615,140.218,93,10,,,,,,1,1,1,0,0,,0,2003/1/1,2009/1/28,32451,1,1,1,1,1,,1
32451,雄和,ユウワ,YUWA,,,,39.615,140.218,93,10,,,,,,1,1,1,0,0,,0,2009/1/29,2018/11/29,32451,0,4,4,0,0,,0
32451,雄和,ユウワ,YUWA,雄和,ユウワ,YUWA,39.615,140.218,93,10,,,39.615,140.218,93,1,1,1,0,1,,0,2018/11/30,9999-99-99,32451,0,0,0,0,0,,0
32466,角館,カクノダテ,KAKUNODATE,,,,39.603,140.557,56,,,,,,,1,0,0,0,0,,0,1974/11/1,1976/11/17,32466,1,1,1,1,1,,1
32466,角館,カクノダテ,KAKUNODATE,,,,39.603,140.557,56,6.5,,,,,,1,1,1,1,0,,0,1976/11/18,1979/10/30,32466,0,0,0,0,0,,0
32466,角館,カクノダテ,KAKUNODATE,角館,カクノダテ,KAKUNODATE,39.603,140.557,56,6.5,,,39.603,140.557,56,1,1,1,1,1,,0,1979/10/31,1987/10/14,32466,0,0,0,0,0,,0
32466,角館,カクノダテ,KAKUNODATE,角館,カクノダテ,KAKUNODATE,39.603,140.557,56,6.5,,,39.603,140.557,56,1,1,1,1,1,,0,1987/10/15,2009/9/17,32466,0,0,0,1,0,,0
32466,角館,カクノダテ,KAKUNODATE,角館,カクノダテ,KAKUNODATE,39.603,140.557,56,10,,,39.603,140.557,56,1,1,1,1,1,,0,2009/9/18,2021/3/1,32466,0,4,4,4,0,,0
32466,角館,カクノダテ,KAKUNODATE,角館,カクノダテ,KAKUNODATE,39.603,140.557,56,10,,,39.603,140.557,56,1,1,1,2,1,,0,2021/3/2,9999-99-99,32466,0,0,0,6,0,,0
32476,田沢湖,タザワコ,TAZAWAKO,,,,39.698,140.722,230,,,,,,,1,0,0,0,0,,0,1974/11/1,1976/11/18,32476,1,1,1,1,1,,1
32476,田沢湖,タザワコ,TAZAWAKO,,,,39.698,140.722,230,6.5,,,,,,1,1,1,1,0,,0,1976/11/19,1986/11/11,32476,0,0,0,0,0,,0
32476,田沢湖,タザワコ,TAZAWAKO,,,,39.698,140.722,230,6.5,,,,,,1,1,1,1,0,,0,1986/11/12,1993/8/29,32476,0,0,0,1,0,,0
32476,田沢湖,タザワコ,TAZAWAKO,,,,39.698,140.732,230,6.5,,,,,,1,1,1,1,0,,0,1993/8/30,2006/11/16,32476,0,0,0,0,0,,0
32476,田沢湖,タザワコ,TAZAWAKO,,,,39.698,140.732,230,6.5,,,,,,1,1,1,1,0,,0,2006/11/17,2008/11/11,32476,0,0,0,4,0,,0
32476,田沢湖,タザワコ,TAZAWAKO,,,,39.698,140.732,230,6.5,,,,,,1,1,1,1,0,,0,2008/11/12,2021/3/1,32476,0,4,4,0,0,,0
32476,田沢湖,タザワコ,TAZAWAKO,,,,39.698,140.732,230,6.5,,,,,,1,1,1,2,0,,0,2021/3/2,2023/10/23,32476,0,0,0,6,0,,0
32476,田沢湖,タザワコ,TAZAWA-KO,,,,39.698,140.732,230,6.4,,,,,,1,1,1,2,0,,1,2023/10/24,9999-99-99,32476,0,0,0,0,0,,0
32496,大正寺,ダイショウジ,DAISHOJI,,,,39.525,140.232,20,,,,,,,1,0,0,0,0,,0,1975/5/27,1976/11/23,32496,1,1,1,1,1,,1
32496,大正寺,ダイショウジ,DAISHOJI,,,,39.525,140.232,20,6.5,,,,,,1,1,1,1,0,,0,1976/11/24,1979/9/26,32496,0,0,0,0,0,,0
32496,大正寺,ダイショウジ,DAISHOJI,,,,39.527,140.233,20,6.5,,,,,,1,1,1,1,0,,0,1979/9/27,1979/10/30,32496,0,0,0,0,0,,0
32496,大正寺,ダイショウジ,DAISHOJI,大正寺,ダイショウジ,DAISHOJI,39.527,140.233,20,6.5,,,39.527,140.233,20,1,1,1,1,1,,0,1979/10/31,1986/8/21,32496,0,0,0,0,0,,0
32496,大正寺,ダイショウジ,DAISHOJI,大正寺,ダイショウジ,DAISHOJI,39.527,140.233,20,6.5,,,39.527,140.233,20,1,1,1,1,1,,0,1986/8/22,2007/12/10,32496,0,0,0,1,0,,0
32496,大正寺,ダイショウジ,DAISHOJI,大正寺,ダイショウジ,DAISHOJI,39.527,140.233,20,6.5,,,39.527,140.233,20,1,1,1,1,1,,0,2007/12/11,2008/3/25,32496,0,0,0,4,0,,0
32496,大正寺,ダイショウジ,DAISHOJI,大正寺,ダイショウジ,DAISHOJI,39.527,140.233,20,6.5,,,39.527,140.233,20,1,1,1,1,1,,0,2008/3/26,2021/3/1,32496,0,4,4,0,0,,0
32496,大正寺,ダイショウジ,DAISHOJI,大正寺,ダイショウジ,DAISHOJI,39.527,140.233,20,6.5,,,39.527,140.233,20,1,1,1,2,1,,0,2021/3/2,9999-99-99,32496,0,0,0,6,0,,0
32551,大曲,オオマガリ,OMAGARI,,,,39.49,140.495,30,,,,,,,1,0,0,0,0,,0,1974/11/1,1976/11/16,32551,1,1,1,1,1,,1
32551,大曲,オオマガリ,OMAGARI,,,,39.49,140.495,30,6.5,,,,,,1,1,1,1,0,,0,1976/11/17,1987/8/26,32551,0,0,0,0,0,,0
32551,大曲,オオマガリ,OMAGARI,,,,39.49,140.495,30,6.5,,,,,,1,1,1,1,0,,0,1987/8/27,2006/11/13,32551,0,0,0,1,0,,0
32551,大曲,オオマガリ,OMAGARI,,,,39.49,140.495,30,6.5,,,,,,1,1,1,1,0,,0,2006/11/14,2008/11/17,32551,0,0,0,4,0,,0
32551,大曲,オオマガリ,OMAGARI,,,,39.49,140.495,30,6.5,,,,,,1,1,1,1,0,,0,2008/11/18,2009/11/18,32551,0,4,4,0,0,,0
32551,大曲,オオマガリ,OMAGARI,,,,39.49,140.495,30,10,,,,,,1,1,1,1,0,,0,2009/11/19,2021/3/1,32551,0,0,0,0,0,,0
32551,大曲,オオマガリ,OMAGARI,,,,39.49,140.495,30,10,,,,,,1,1,1,2,0,,0,2021/3/2,2023/9/26,32551,0,0,0,6,0,,0
32551,大曲,オオマガリ,OMAGARI,,,,39.49,140.495,30,9.9,,,,,,1,1,1,2,0,,1,2023/9/27,9999-99-99,32551,0,0,0,0,0,,0
32571,本荘,ホンジョウ,HONJO,,,,39.36,140.055,11,,,,,,,1,0,0,0,0,,0,1974/11/1,1976/11/19,32571,1,1,1,1,1,,1
32571,本荘,ホンジョウ,HONJO,,,,39.36,140.055,11,6.5,,,,,,1,1,1,1,0,,0,1976/11/20,1979/10/30,32571,0,0,0,0,0,,0
32571,本荘,ホンジョウ,HONJO,本荘,ホンジョウ,HONJO,39.36,140.055,11,6.5,,,39.36,140.055,11,1,1,1,1,1,,0,1979/10/31,1987/10/13,32571,0,0,0,0,0,,0
32571,本荘,ホンジョウ,HONJO,本荘,ホンジョウ,HONJO,39.36,140.055,11,6.5,,,39.36,140.055,11,1,1,1,1,1,,0,1987/10/14,2005/11/28,32571,0,0,0,1,0,,0
32571,本荘,ホンジョウ,HONJO,本荘,ホンジョウ,HONJO,39.36,140.055,11,6.5,,,39.36,140.055,11,1,1,1,1,1,,0,2005/11/29,2008/10/29,32571,0,0,0,4,0,,0
32571,本荘,ホンジョウ,HONJO,本荘,ホンジョウ,HONJO,39.36,140.055,11,6.5,,,39.36,140.055,11,1,1,1,1,1,,0,2008/10/30,2021/3/1,32571,0,4,4,0,0,,0
32571,本荘,ホンジョウ,HONJO,本荘,ホンジョウ,HONJO,39.36,140.055,11,6.5,,,39.36,140.055,11,1,1,1,2,1,,0,2021/3/2,2023/10/3,32571,0,0,0,6,0,,0
32571,本荘,ホンジョウ,HONJO,本荘,ホンジョウ,HONJO,39.36,140.055,11,6.4,,,39.36,140.055,11,1,1,1,2,1,,1,2023/10/4,9999-99-99,32571,0,0,0,0,0,,0
32581,東由利,ヒガシユリ,HIGASHIYURI,,,,39.305,140.288,117,6.5,,,,,,1,1,1,1,0,,0,1976/11/17,1986/4/14,32581,1,1,1,1,1,,1
32581,東由利,ヒガシユリ,HIGASHIYURI,,,,39.305,140.288,117,6.5,,,,,,1,1,1,1,0,,0,1986/4/15,2008/12/17,32581,0,0,0,1,0,,0
32581,東由利,ヒガシユリ,HIGASHIYURI,,,,39.305,140.288,117,10,,,,,,1,1,1,1,0,,0,2008/12/18,2021/3/1,32581,0,4,4,4,0,,0
32581,東由利,ヒガシユリ,HIGASHIYURI,,,,39.305,140.288,117,10,,,,,,1,1,1,2,0,,0,2021/3/2,9999-99-99,32581,0,0,0,6,0,,0
32586,保呂羽山,ホロハヤマ,HOROHAYAMA,,,,39.368,140.317,340,,,,,,,1,0,0,0,0,,0,1974/11/1,2005/4/20,32586,1,1,1,1,1,,1
32596,横手,ヨコテ,YOKOTE,,,,39.32,140.555,59,,,,,,,1,0,0,0,0,,0,1974/11/1,1976/2/27,32596,1,1,1,1,1,,1
32596,横手,ヨコテ,YOKOTE,,,,39.32,140.555,59,11,,,,,,1,1,1,1,0,,0,1976/2/28,1979/10/30,32596,0,0,0,0,0,,0
32596,横手,ヨコテ,YOKOTE,横手,ヨコテ,YOKOTE,39.32,140.555,59,11,,,39.32,140.555,59,1,1,1,1,1,,0,1979/10/31,1987/8/5,32596,0,0,0,0,0,,0
32596,横手,ヨコテ,YOKOTE,横手,ヨコテ,YOKOTE,39.32,140.555,59,11,,,39.32,140.555,59,1,1,1,1,1,,0,1987/8/6,2006/11/9,32596,0,0,0,1,0,,0
32596,横手,ヨコテ,YOKOTE,横手,ヨコテ,YOKOTE,39.32,140.555,59,10,,,39.32,140.555,59,1,1,1,1,1,,0,2006/11/10,2008/11/19,32596,0,0,0,4,0,,0
32596,横手,ヨコテ,YOKOTE,横手,ヨコテ,YOKOTE,39.32,140.555,59,10,,,39.32,140.555,59,1,1,1,1,1,,0,2008/11/20,2021/3/1,32596,0,4,4,0,0,,0
32596,横手,ヨコテ,YOKOTE,横手,ヨコテ,YOKOTE,39.32,140.555,59,10,,,39.32,140.555,59,1,1,1,2,1,,0,2021/3/2,2023/10/2,32596,0,0,0,6,0,,0
32596,横手,ヨコテ,YOKOTE,横手,ヨコテ,YOKOTE,39.32,140.555,59,9.9,,,39.32,140.555,59,1,1,1,2,1,,1,2023/10/3,9999-99-99,32596,0,0,0,0,0,,0
32616,象潟,キサカタ,KISAKATA,,,,39.212,139.897,6,,,,,,,1,0,0,0,0,,0,1974/11/1,1976/11/18,32616,1,1,1,1,1,,1
32616,象潟,キサカタ,KISAKATA,,,,39.212,139.897,6,6.5,,,,,,1,1,1,1,0,,0,1976/11/19,1987/10/8,32616,0,0,0,0,0,,0
32616,象潟,キサカタ,KISAKATA,,,,39.212,139.897,6,6.5,,,,,,1,1,1,1,0,,0,1987/10/9,1992/9/20,32616,0,0,0,1,0,,0
32616,象潟,キサカタ,KISAKATA,,,,39.222,139.902,5,6.5,,,,,,1,1,1,1,0,,0,1992/9/21,2005/11/30,32616,0,0,0,0,0,,0
32616,象潟,キサカタ,KISAKATA,,,,39.222,139.902,5,6.5,,,,,,1,1,1,1,0,,0,2005/12/1,2008/10/27,32616,0,0,0,4,0,,0
32616,象潟,キサカタ,KISAKATA,,,,39.222,139.902,5,6.5,,,,,,1,1,1,1,0,,0,2008/10/28,2013/10/15,32616,0,4,4,0,0,,0
32616,にかほ,ニカホ,NIKAHO,,,,39.255,139.913,7,10,,,,,,1,1,1,1,0,,0,2013/10/16,2021/3/1,32616,0,0,0,0,0,,0
32616,にかほ,ニカホ,NIKAHO,,,,39.255,139.913,7,10,,,,,,1,1,1,2,0,,0,2021/3/2,2021/3/11,32616,0,0,0,6,0,,0
32616,にかほ,ニカホ,NIKAHO,,,,39.255,139.913,7,10.1,,,,,,1,1,1,2,0,,1,2021/3/12,9999-99-99,32616,0,0,0,0,0,,0
32626,矢島,ヤシマ,YASHIMA,,,,39.23,140.147,72,,,,,,,1,0,0,0,0,,0,1974/11/1,1976/11/17,32626,1,1,1,1,1,,1
32626,矢島,ヤシマ,YASHIMA,,,,39.23,140.147,72,6.5,,,,,,1,1,1,1,0,,0,1976/11/18,1979/10/30,32626,0,0,0,0,0,,0
32626,矢島,ヤシマ,YASHIMA,矢島,ヤシマ,YASHIMA,39.23,140.147,72,6.5,,,39.23,140.147,72,1,1,1,1,1,,0,1979/10/31,1986/10/30,32626,0,0,0,0,0,,0
32626,矢島,ヤシマ,YASHIMA,矢島,ヤシマ,YASHIMA,39.23,140.147,72,6.5,,,39.23,140.147,72,1,1,1,1,1,,0,1986/10/31,2007/12/18,32626,0,0,0,1,0,,0
32626,矢島,ヤシマ,YASHIMA,矢島,ヤシマ,YASHIMA,39.235,140.137,46,10,,,39.235,140.137,46,1,1,1,1,1,,0,2007/12/19,2008/3/25,32626,0,0,0,4,0,,0
32626,矢島,ヤシマ,YASHIMA,矢島,ヤシマ,YASHIMA,39.235,140.137,46,10,,,39.235,140.137,46,1,1,1,1,1,,0,2008/3/26,2021/3/1,32626,0,4,4,0,0,,0
32626,矢島,ヤシマ,YASHIMA,矢島,ヤシマ,YASHIMA,39.235,140.137,46,10,,,39.235,140.137,46,1,1,1,2,1,,0,2021/3/2,9999-99-99,32626,0,0,0,6,0,,0
32656,三森山,ミツモリヤマ,MITSUMORIYAMA,,,,39.222,140.717,570,,,,,,,1,0,0,0,0,,0,1974/11/1,1994/10/5,32656,1,1,1,1,1,,1
32681,笹子,ジネゴ,JINEGO,,,,39.103,140.293,200,,,,,,,1,0,0,0,0,,0,1983/9/14,9999-99-99,32681,1,1,1,1,1,,1
32691,湯沢,ユザワ,YUZAWA,,,,39.138,140.475,79,,,,,,,1,0,0,0,0,,0,1974/11/1,1976/11/15,32691,1,1,1,1,1,,1
32691,湯沢,ユザワ,YUZAWA,,,,39.138,140.475,79,6.5,,,,,,1,1,1,1,0,,0,1976/11/16,1985/9/29,32691,0,0,0,0,0,,0
32691,湯沢,ユザワ,YUZAWA,湯沢,ユザワ,YUZAWA,39.138,140.475,79,6.5,,,39.187,140.463,74,1,1,1,1,1,,0,1985/9/30,1986/10/26,32691,0,0,0,0,0,,0
32691,湯沢,ユザワ,YUZAWA,湯沢,ユザワ,YUZAWA,39.138,140.475,79,6.5,,,39.187,140.463,74,1,1,1,1,1,,0,1986/10/27,1991/7/10,32691,0,0,0,1,0,,0
32691,湯沢,ユザワ,YUZAWA,湯沢,ユザワ,YUZAWA,39.187,140.463,74,6.5,,,39.187,140.463,74,1,1,1,1,1,,0,1991/7/11,2006/11/6,32691,0,0,0,0,0,,0
32691,湯沢,ユザワ,YUZAWA,湯沢,ユザワ,YUZAWA,39.187,140.463,74,6.5,,,39.187,140.463,74,1,1,1,1,1,,0,2006/11/7,2008/11/25,32691,0,0,0,4,0,,0
32691,湯沢,ユザワ,YUZAWA,湯沢,ユザワ,YUZAWA,39.187,140.463,74,6.5,,,39.187,140.463,74,1,1,1,1,1,,0,2008/11/26,2009/11/9,32691,0,4,4,0,0,,0
32691,湯沢,ユザワ,YUZAWA,湯沢,ユザワ,YUZAWA,39.187,140.463,74,10,,,39.187,140.463,74,1,1,1,1,1,,0,2009/11/10,2021/3/1,32691,0,0,0,0,0,,0
32691,湯沢,ユザワ,YUZAWA,湯沢,ユザワ,YUZAWA,39.187,140.463,74,10,,,39.187,140.463,74,1,1,1,2,1,,0,2021/3/2,2023/9/28,32691,0,0,0,6,0,,0
32691,湯沢,ユザワ,YUZAWA,湯沢,ユザワ,YUZAWA,39.187,140.463,74,9.9,,,39.187,140.463,74,1,1,1,2,1,,1,2023/9/29,9999-99-99,32691,0,0,0,0,0,,0
32701,東成瀬,ヒガシナルセ,HIGASHINARUSE,,,,39.178,140.643,185,,,,,,,1,0,0,0,0,,0,1976/7/27,1993/10/20,32701,1,1,1,1,1,,1
32701,東成瀬,ヒガシナルセ,HIGASHINARUSE,,,,39.178,140.648,190,,,,,,,1,0,0,0,0,,0,1993/10/21,2003/5/18,32701,0,0,0,0,0,,0
32701,東成瀬,ヒガシナルセ,HIGASHINARUSE,,,,39.178,140.648,191,,,,,,,1,0,0,0,0,,0,2003/5/19,9999-99-99,32701,0,0,0,0,0,,0
32731,姥井戸山,ウバイドヤマ,UBAIDOYAMA,,,,39.093,140.335,690,,,,,,,1,0,0,0,0,,0,1974/11/1,1983/9/12,32731,1,1,1,1,1,,1
32771,湯の岱,ユノタイ,YUNOTAI,,,,38.962,140.528,320,,,,,,,1,0,0,0,0,,0,1974/11/1,1976/11/14,32771,1,1,1,1,1,,1
32771,湯の岱,ユノタイ,YUNOTAI,,,,38.962,140.528,320,6.5,,,,,,1,1,1,1,0,,0,1976/11/15,1979/10/30,32771,0,0,0,0,0,,0
32771,湯の岱,ユノタイ,YUNOTAI,湯の岱,ユノタイ,YUNOTAI,38.962,140.528,320,6.5,,,38.96,140.528,335,1,1,1,1,1,,0,1979/10/31,1987/8/25,32771,0,0,0,0,0,,0
32771,湯の岱,ユノタイ,YUNOTAI,湯の岱,ユノタイ,YUNOTAI,38.962,140.528,320,6.5,,,38.96,140.528,335,1,1,1,1,1,,0,1987/8/26,1993/10/6,32771,0,0,0,1,0,,0
32771,湯の岱,ユノタイ,YUNOTAI,湯の岱,ユノタイ,YUNOTAI,38.96,140.528,335,6.5,,,38.96,140.528,335,1,1,1,1,1,,0,1993/10/7,2007/12/13,32771,0,0,0,0,0,,0
32771,湯の岱,ユノタイ,YUNOTAI,湯の岱,ユノタイ,YUNOTAI,38.96,140.528,335,6.5,,,38.96,140.528,335,1,1,1,1,1,,0,2007/12/14,2008/3/25,32771,0,0,0,4,0,,0
32771,湯の岱,ユノタイ,YUNOTAI,湯の岱,ユノタイ,YUNOTAI,38.96,140.528,335,6.5,,,38.96,140.528,335,1,1,1,1,1,,0,2008/3/26,2021/3/1,32771,0,4,4,0,0,,0
32771,湯の岱,ユノタイ,YUNOTAI,湯の岱,ユノタイ,YUNOTAI,38.96,140.528,335,6.5,,,38.96,140.528,335,1,1,1,2,1,,0,2021/3/2,9999-99-99,32771,0,0,0,6,0,,0
33006,種市,タネイチ,TANEICHI,,,,40.408,141.717,20,,,,,,,1,0,0,0,0,,0,1974/11/1,1976/11/19,33006,1,1,1,1,1,,1
33006,種市,タネイチ,TANEICHI,,,,40.408,141.717,20,6.5,,,,,,1,1,1,1,0,,0,1976/11/20,1983/10/25,33006,0,0,0,0,0,,0
33006,種市,タネイチ,TANEICHI,,,,40.403,141.7,70,6.5,,,,,,1,1,1,1,0,,0,1983/10/26,1986/5/8,33006,0,0,0,0,0,,0
33006,種市,タネイチ,TANEICHI,,,,40.403,141.7,70,6.5,,,,,,1,1,1,1,0,,0,1986/5/9,2006/10/5,33006,0,0,0,1,0,,0
33006,種市,タネイチ,TANEICHI,,,,40.403,141.7,70,6.5,,,,,,1,1,1,1,0,,0,2006/10/6,2008/10/14,33006,0,0,0,4,0,,0
33006,種市,タネイチ,TANEICHI,,,,40.403,141.7,70,6.5,,,,,,1,1,1,1,0,,0,2008/10/15,2021/3/1,33006,0,4,4,0,0,,0
33006,種市,タネイチ,TANEICHI,,,,40.403,141.7,70,6.5,,,,,,1,1,1,2,0,,0,2021/3/2,2023/10/10,33006,0,0,0,6,0,,0
33006,種市,タネイチ,TANEICHI,,,,40.403,141.7,70,6.4,,,,,,1,1,1,2,0,,1,2023/10/11,9999-99-99,33006,0,0,0,0,0,,0
33026,軽米,カルマイ,KARUMAI,,,,40.317,141.473,153,,,,,,,1,0,0,0,0,,0,1974/11/1,1976/11/15,33026,1,1,1,1,1,,1
33026,軽米,カルマイ,KARUMAI,,,,40.317,141.473,153,6.5,,,,,,1,1,1,1,0,,0,1976/11/16,1987/5/13,33026,0,0,0,0,0,,0
33026,軽米,カルマイ,KARUMAI,,,,40.317,141.473,153,6.5,,,,,,1,1,1,1,0,,0,1987/5/14,2006/10/2,33026,0,0,0,1,0,,0
33026,軽米,カルマイ,KARUMAI,,,,40.317,141.473,153,6.5,,,,,,1,1,1,1,0,,0,2006/10/3,2008/10/8,33026,0,0,0,4,0,,0
33026,軽米,カルマイ,KARUMAI,,,,40.317,141.473,153,6.5,,,,,,1,1,1,1,0,,0,2008/10/9,2009/11/17,33026,0,4,4,0,0,,0
33026,軽米,カルマイ,KARUMAI,,,,40.317,141.473,153,10,,,,,,1,1,1,1,0,,0,2009/11/18,2019/6/20,33026,0,0,0,0,0,,0
33026,軽米,カルマイ,KARUMAI,,,,40.325,141.467,148,10,,,,,,1,1,1,1,0,,0,2019/6/21,2021/3/1,33026,0,0,0,0,0,,0
33026,軽米,カルマイ,KARUMAI,,,,40.325,141.467,148,10,,,,,,1,1,1,2,0,,0,2021/3/2,2023/10/11,33026,0,0,0,6,0,,0
33026,軽米,カルマイ,KARUMAI,,,,40.325,141.467,148,9.9,,,,,,1,1,1,2,0,,1,2023/10/12,9999-99-99,33026,0,0,0,0,0,,0
33071,二戸,ニノヘ,NINOHE,,,,40.27,141.303,120,,,,,,,1,0,0,0,0,,0,1974/11/1,1976/11/21,33071,1,1,1,1,1,,1
33071,二戸,ニノヘ,NINOHE,,,,40.27,141.303,120,6.5,,,,,,1,1,1,1,0,,0,1976/11/22,1983/9/29,33071,0,0,0,0,0,,0
33071,二戸,ニノヘ,NINOHE,二戸,ニノヘ,NINOHE,40.27,141.303,120,6.5,,,40.297,141.298,87,1,1,1,1,1,,0,1983/9/30,1987/5/13,33071,0,0,0,0,0,,0
33071,二戸,ニノヘ,NINOHE,二戸,ニノヘ,NINOHE,40.27,141.303,120,6.5,,,40.297,141.298,87,1,1,1,1,1,,0,1987/5/14,1992/10/19,33071,0,0,0,1,0,,0
33071,二戸,ニノヘ,NINOHE,二戸,ニノヘ,NINOHE,40.298,141.298,87,6.5,,,40.298,141.298,87,1,1,1,1,1,,0,1992/10/20,2007/12/10,33071,0,0,0,0,0,,0
33071,二戸,ニノヘ,NINOHE,二戸,ニノヘ,NINOHE,40.298,141.298,87,6.5,,,40.298,141.298,87,1,1,1,1,1,,0,2007/12/11,2008/3/25,33071,0,0,0,4,0,,0
33071,二戸,ニノヘ,NINOHE,二戸,ニノヘ,NINOHE,40.298,141.298,87,6.5,,,40.298,141.298,87,1,1,1,1,1,,0,2008/3/26,2021/3/1,33071,0,4,4,0,0,,0
33071,二戸,ニノヘ,NINOHE,二戸,ニノヘ,NINOHE,40.298,141.298,87,6.5,,,40.298,141.298,87,1,1,1,2,1,,0,2021/3/2,9999-99-99,33071,0,0,0,6,0,,0
33072,折爪岳,オリヅメダケ,ORIZUMEDAKE,,,,40.263,141.375,844,,,,,,,1,0,0,0,0,,0,1974/11/1,2009/11/2,33072,1,1,1,1,1,,1
33086,大野,オオノ,ONO,,,,40.278,141.663,220,,,,,,,1,0,0,0,0,,0,1975/5/23,1990/12/20,33086,1,1,1,1,1,,1
33086,大野,オオノ,ONO,,,,40.282,141.667,200,,,,,,,1,0,0,0,0,,0,1990/12/21,9999-99-99,33086,0,0,0,0,0,,0
33136,山形,ヤマガタ,YAMAGATA,,,,40.148,141.57,290,6.5,,,,,,1,1,1,1,0,,0,1977/10/31,1986/10/27,33136,1,1,1,1,1,,1
33136,山形,ヤマガタ,YAMAGATA,,,,40.148,141.57,290,6.5,,,,,,1,1,1,1,0,,0,1986/10/28,2008/12/2,33136,0,0,0,1,0,,0
33136,山形,ヤマガタ,YAMAGATA,,,,40.148,141.572,290,10,,,,,,1,1,1,1,0,,0,2008/12/3,2021/3/1,33136,0,4,4,4,0,,0
33136,山形,ヤマガタ,YAMAGATA,,,,40.148,141.572,290,10,,,,,,1,1,1,2,0,,0,2021/3/2,9999-99-99,33136,0,0,0,6,0,,0
33146,久慈,クジ,KUJI,,,,40.188,141.775,5,,,,,,,1,0,0,0,0,,0,1974/11/1,1976/11/18,33146,1,1,1,1,1,,1
33146,久慈,クジ,KUJI,,,,40.188,141.775,5,6.5,,,,,,1,1,1,1,0,,0,1976/11/19,1986/4/14,33146,0,0,0,0,0,,0
33146,久慈,クジ,KUJI,,,,40.188,141.775,5,6.5,,,,,,1,1,1,1,0,,0,1986/4/15,1988/10/30,33146,0,0,0,1,0,,0
33146,久慈,クジ,KUJI,久慈,クジ,KUJI,40.188,141.775,5,6.5,,,40.188,141.775,5,1,1,1,1,1,,0,1988/10/31,2006/10/10,33146,0,0,0,0,0,,0
33146,久慈,クジ,KUJI,久慈,クジ,KUJI,40.188,141.775,5,6.5,,,40.188,141.775,5,1,1,1,1,1,,0,2006/10/11,2008/10/16,33146,0,0,0,4,0,,0
33146,久慈,クジ,KUJI,久慈,クジ,KUJI,40.188,141.775,5,6.5,,,40.188,141.775,5,1,1,1,1,1,,0,2008/10/17,2010/2/8,33146,0,4,4,0,0,,0
33146,久慈,クジ,KUJI,久慈,クジ,KUJI,40.188,141.775,5,10,,,40.188,141.775,5,1,1,1,1,1,,0,2010/2/9,2013/1/22,33146,0,0,0,0,0,,0
33146,久慈,クジ,KUJI,久慈,クジ,KUJI,40.168,141.748,13,10,,,40.168,141.748,13,1,1,1,1,1,,0,2013/1/23,2021/3/1,33146,0,0,0,0,0,,0
33146,久慈,クジ,KUJI,久慈,クジ,KUJI,40.168,141.748,13,10,,,40.168,141.748,13,1,1,1,2,1,,0,2021/3/2,2021/10/12,33146,0,0,0,6,0,,0
33146,久慈,クジ,KUJI,久慈,クジ,KUJI,40.168,141.748,13,9.9,,,40.168,141.748,13,1,1,1,2,1,,1,2021/10/13,9999-99-99,33146,0,0,0,0,0,,0
33166,荒屋,アラヤ,ARAYA,,,,40.098,141.047,310,6.5,,,,,,1,1,1,1,0,,0,1976/11/18,1987/4/26,33166,1,1,1,1,1,,1
33166,荒屋,アラヤ,ARAYA,,,,40.098,141.047,310,6.5,,,,,,1,1,1,1,0,,0,1987/4/27,1990/3/1,33166,0,0,0,1,0,,0
33166,荒屋,アラヤ,ARAYA,,,,40.103,141.05,290,6.5,,,,,,1,1,1,1,0,,0,1990/3/2,2005/10/26,33166,0,0,0,0,0,,0
33166,荒屋,アラヤ,ARAYA,,,,40.103,141.05,290,6.5,,,,,,1,1,1,1,0,,0,2005/10/27,2008/10/6,33166,0,0,0,4,0,,0
33166,荒屋,アラヤ,ARAYA,,,,40.103,141.05,290,6.5,,,,,,1,1,1,1,0,,0,2008/10/7,2009/11/18,33166,0,4,4,0,0,,0
33166,荒屋,アラヤ,ARAYA,,,,40.103,141.05,290,10,,,,,,1,1,1,1,0,,0,2009/11/19,2021/3/1,33166,0,0,0,0,0,,0
33166,荒屋,アラヤ,ARAYA,,,,40.103,141.05,290,10,,,,,,1,1,1,2,0,,0,2021/3/2,2021/3/17,33166,0,0,0,6,0,,0
33166,荒屋,アラヤ,ARAYA,,,,40.103,141.05,290,10.1,,,,,,1,1,1,2,0,,1,2021/3/18,9999-99-99,33166,0,0,0,0,0,,0
33171,西岳,ニシダケ,NISHIDAKE,,,,40.083,141.173,1008,,,,,,,1,0,0,0,0,,0,1974/11/1,2009/11/2,33171,1,1,1,1,1,,1
33176,奥中山,オクナカヤマ,OKUNAKAYAMA,,,,40.06,141.225,430,6.5,,,,,,1,1,1,1,0,,0,1977/10/27,1979/10/30,33176,1,1,1,1,1,,1
33176,奥中山,オクナカヤマ,OKUNAKAYAMA,奥中山,オクナカヤマ,OKUNAKAYAMA,40.06,141.225,430,6.5,,,40.06,141.225,430,1,1,1,1,1,,0,1979/10/31,1986/11/5,33176,0,0,0,0,0,,0
33176,奥中山,オクナカヤマ,OKUNAKAYAMA,奥中山,オクナカヤマ,OKUNAKAYAMA,40.06,141.225,430,6.5,,,40.06,141.225,430,1,1,1,1,1,,0,1986/11/6,2007/12/13,33176,0,0,0,1,0,,0
33176,奥中山,オクナカヤマ,OKUNAKAYAMA,奥中山,オクナカヤマ,OKUNAKAYAMA,40.06,141.225,430,6.5,,,40.06,141.225,430,1,1,1,1,1,,0,2007/12/14,2008/3/25,33176,0,0,0,4,0,,0
33176,奥中山,オクナカヤマ,OKUNAKAYAMA,奥中山,オクナカヤマ,OKUNAKAYAMA,40.06,141.225,430,6.5,,,40.06,141.225,430,1,1,1,1,1,,0,2008/3/26,2009/10/27,33176,0,4,4,0,0,,0
33176,奥中山,オクナカヤマ,OKUNAKAYAMA,奥中山,オクナカヤマ,OKUNAKAYAMA,40.06,141.225,430,10,,,40.06,141.225,430,1,1,1,1,1,,0,2009/10/28,2021/3/1,33176,0,0,0,0,0,,0
33176,奥中山,オクナカヤマ,OKUNAKAYAMA,奥中山,オクナカヤマ,OKUNAKAYAMA,40.06,141.225,430,10,,,40.06,141.225,430,1,1,1,2,1,,0,2021/3/2,9999-99-99,33176,0,0,0,6,0,,0
33186,葛巻,クズマキ,KUZUMAKI,,,,40.038,141.437,390,,,,,,,1,0,0,0,0,,0,1974/11/1,1976/12/12,33186,1,1,1,1,1,,1
33186,葛巻,クズマキ,KUZUMAKI,,,,40.038,141.437,390,6.5,,,,,,1,1,1,1,0,,0,1976/12/13,1984/9/29,33186,0,0,0,0,0,,0
33186,葛巻,クズマキ,KUZUMAKI,葛巻,クズマキ,KUZUMAKI,40.038,141.437,390,6.5,,,40.038,141.437,390,1,1,1,1,1,,0,1984/9/30,1986/4/13,33186,0,0,0,0,0,,0
33186,葛巻,クズマキ,KUZUMAKI,葛巻,クズマキ,KUZUMAKI,40.038,141.437,390,6.5,,,40.038,141.437,390,1,1,1,1,1,,0,1986/4/14,2007/12/17,33186,0,0,0,1,0,,0
33186,葛巻,クズマキ,KUZUMAKI,葛巻,クズマキ,KUZUMAKI,40.038,141.437,390,10,,,40.038,141.437,390,1,1,1,1,1,,0,2007/12/18,2008/3/25,33186,0,0,0,4,0,,0
33186,葛巻,クズマキ,KUZUMAKI,葛巻,クズマキ,KUZUMAKI,40.038,141.437,390,10,,,40.038,141.437,390,1,1,1,1,1,,0,2008/3/26,2016/8/24,33186,0,4,4,0,0,,0
33186,葛巻,クズマキ,KUZUMAKI,葛巻,クズマキ,KUZUMAKI,40.04,141.457,418,10,,,40.04,141.457,418,1,1,1,1,1,,0,2016/8/25,2021/3/1,33186,0,0,0,0,0,,0
33186,葛巻,クズマキ,KUZUMAKI,葛巻,クズマキ,KUZUMAKI,40.04,141.457,418,10,,,40.04,141.457,418,1,1,1,2,1,,0,2021/3/2,9999-99-99,33186,0,0,0,6,0,,0
33191,袖山,ソデヤマ,SODEYAMA,,,,40.025,141.525,1144,,,,,,,1,0,0,0,0,,0,1974/11/1,2009/11/2,33191,1,1,1,1,1,,1
33201,下戸鎖,シモトクサリ,SHIMOTOKUSARI,,,,40.083,141.712,230,,,,,,,1,0,0,0,0,,0,1978/12/21,1997/3/18,33201,1,1,1,1,1,,1
33201,下戸鎖,シモトクサリ,SHIMOTOKUSARI,,,,40.083,141.712,239,,,,,,,1,0,0,0,0,,0,1997/3/19,2023/8/1,33201,0,0,0,0,0,,0
33201,下戸鎖,シモトクサリ,SHIMOTOKUSARI,,,,40.085,141.712,232,,,,,,,1,0,0,0,0,,0,2023/8/2,9999-99-99,33201,0,0,0,0,0,,0
33206,普代,フダイ,FUDAI,,,,40.003,141.883,7,6.5,,,,,,1,1,1,1,0,,0,1976/11/22,1986/10/30,33206,1,1,1,1,1,,1
33206,普代,フダイ,FUDAI,,,,40.003,141.883,7,6.5,,,,,,1,1,1,1,0,,0,1986/10/31,2003/2/5,33206,0,0,0,1,0,,0
33206,普代,フダイ,FUDAI,,,,40.003,141.883,8,9.4,,,,,,1,1,1,1,0,,0,2003/2/6,2006/10/12,33206,0,0,0,0,0,,0
33206,普代,フダイ,FUDAI,,,,40.003,141.883,8,9.4,,,,,,1,1,1,1,0,,0,2006/10/13,2008/11/4,33206,0,0,0,4,0,,0
33206,普代,フダイ,FUDAI,,,,40.003,141.883,8,9.4,,,,,,1,1,1,1,0,,0,2008/11/5,2021/3/1,33206,0,4,4,0,0,,0
33206,普代,フダイ,FUDAI,,,,40.003,141.883,8,9.4,,,,,,1,1,1,2,0,,0,2021/3/2,2023/10/29,33206,0,0,0,6,0,,0
33206,普代,フダイ,FUDAI,,,,40.003,141.883,8,9.3,,,,,,1,1,1,2,0,,1,2023/10/30,9999-99-99,33206,0,0,0,0,0,,0
33221,茶臼岳,チャウスダケ,CHAUSUDAKE,,,,39.945,140.905,1443,,,,,,,1,0,0,0,0,,0,1974/11/1,2009/11/2,33221,1,1,1,1,1,,1
33226,岩手松尾,イワテマツオ,IWATEMATSUO,,,,39.952,141.065,275,,,,,,,1,0,0,0,0,,0,1974/11/1,1976/11/30,33226,1,1,1,1,1,,1
33226,岩手松尾,イワテマツオ,IWATEMATSUO,,,,39.952,141.065,275,6.5,,,,,,1,1,1,1,0,,0,1976/12/1,1987/4/26,33226,0,0,0,0,0,,0
33226,岩手松尾,イワテマツオ,IWATEMATSUO,,,,39.952,141.065,275,6.5,,,,,,1,1,1,1,0,,0,1987/4/27,1991/11/24,33226,0,0,0,1,0,,0
33226,岩手松尾,イワテマツオ,IWATEMATSUO,岩手松尾,イワテマツオ,IWATEMATSUO,39.952,141.065,275,6.5,,,39.952,141.065,275,1,1,1,1,1,,0,1991/11/25,2006/10/23,33226,0,0,0,0,0,,0
33226,岩手松尾,イワテマツオ,IWATEMATSUO,岩手松尾,イワテマツオ,IWATEMATSUO,39.952,141.065,275,6.5,,,39.952,141.065,275,1,1,1,1,1,,0,2006/10/24,2008/11/10,33226,0,0,0,4,0,,0
33226,岩手松尾,イワテマツオ,IWATEMATSUO,岩手松尾,イワテマツオ,IWATEMATSUO,39.952,141.065,275,6.5,,,39.952,141.065,275,1,1,1,1,1,,0,2008/11/11,2009/10/28,33226,0,4,4,0,0,,0
33226,岩手松尾,イワテマツオ,IWATEMATSUO,岩手松尾,イワテマツオ,IWATEMATSUO,39.952,141.065,275,10,,,39.952,141.065,275,1,1,1,1,1,,0,2009/10/29,2021/3/1,33226,0,0,0,0,0,,0
33226,岩手松尾,イワテマツオ,IWATEMATSUO,岩手松尾,イワテマツオ,IWATEMATSUO,39.952,141.065,275,10,,,39.952,141.065,275,1,1,1,2,1,,0,2021/3/2,2023/9/28,33226,0,0,0,6,0,,0
33226,岩手松尾,イワテマツオ,IWATE-MATSUO,岩手松尾,イワテマツオ,IWATE-MATSUO,39.952,141.065,275,9.9,,,39.952,141.065,275,1,1,1,2,1,,1,2023/9/29,9999-99-99,33226,0,0,0,0,0,,0
33231,一方井,イッカタイ,IKKATAI,,,,39.973,141.167,285,,,,,,,1,0,0,0,0,,0,2014/9/3,9999-99-99,33231,1,1,1,1,1,,1
33286,岩手山,イワテヤマ,IWATEYAMA,,,,39.84,140.95,1403,,,,,,,1,0,0,0,0,,0,1974/11/1,2005/10/21,33286,1,1,1,1,1,,1
33296,好摩,コウマ,KOMA,,,,39.873,141.167,205,,,,,,,1,0,0,0,0,,0,1975/5/22,1976/12/13,33296,1,1,1,1,1,,1
33296,好摩,コウマ,KOMA,,,,39.873,141.167,205,6.5,,,,,,1,1,1,1,0,,0,1976/12/14,1982/3/25,33296,0,0,0,0,0,,0
33296,好摩,コウマ,KOMA,,,,39.868,141.167,205,6.5,,,,,,1,1,1,1,0,,0,1982/3/26,1987/11/5,33296,0,0,0,0,0,,0
33296,好摩,コウマ,KOMA,,,,39.868,141.167,205,6.5,,,,,,1,1,1,1,0,,0,1987/11/6,2008/12/4,33296,0,0,0,1,0,,0
33296,好摩,コウマ,KOMA,,,,39.868,141.167,205,10,,,,,,1,1,1,1,0,,0,2008/12/5,2021/3/1,33296,0,4,4,4,0,,0
33296,好摩,コウマ,KOMA,,,,39.868,141.167,205,10,,,,,,1,1,1,2,0,,0,2021/3/2,9999-99-99,33296,0,0,0,6,0,,0
33306,岩洞,ガンドウ,GANDO,,,,39.825,141.375,678,,,,,,,1,0,0,0,0,,0,1974/11/1,2000/9/30,33306,1,1,1,1,1,,1
33316,大森山,オオモリヤマ,OMORIYAMA,,,,39.818,141.52,1073,,,,,,,1,0,0,0,0,,0,1974/11/1,2009/11/2,33316,1,1,1,1,1,,1
33326,岩泉,イワイズミ,IWAIZUMI,,,,39.842,141.797,112,,,,,,,1,0,0,0,0,,0,1974/11/1,1976/11/23,33326,1,1,1,1,1,,1
33326,岩泉,イワイズミ,IWAIZUMI,,,,39.842,141.797,112,6.5,,,,,,1,1,1,1,0,,0,1976/11/24,1986/11/10,33326,0,0,0,0,0,,0
33326,岩泉,イワイズミ,IWAIZUMI,,,,39.842,141.797,112,6.5,,,,,,1,1,1,1,0,,0,1986/11/11,1991/11/24,33326,0,0,0,1,0,,0
33326,岩泉,イワイズミ,IWAIZUMI,岩泉,イワイズミ,IWAIZUMI,39.842,141.797,112,6.5,,,39.842,141.797,112,1,1,1,1,1,,0,1991/11/25,2006/10/16,33326,0,0,0,0,0,,0
33326,岩泉,イワイズミ,IWAIZUMI,岩泉,イワイズミ,IWAIZUMI,39.847,141.795,105,10,,,39.847,141.795,105,1,1,1,1,1,,0,2006/10/17,2008/11/6,33326,0,0,0,4,0,,0
33326,岩泉,イワイズミ,IWAIZUMI,岩泉,イワイズミ,IWAIZUMI,39.847,141.795,105,10,,,39.847,141.795,105,1,1,1,1,1,,0,2008/11/7,2021/3/1,33326,0,4,4,0,0,,0
33326,岩泉,イワイズミ,IWAIZUMI,岩泉,イワイズミ,IWAIZUMI,39.847,141.795,105,10,,,39.847,141.795,105,1,1,1,2,1,,0,2021/3/2,2021/10/13,33326,0,0,0,6,0,,0
33326,岩泉,イワイズミ,IWAIZUMI,岩泉,イワイズミ,IWAIZUMI,39.847,141.795,105,9.9,,,39.847,141.795,105,1,1,1,2,1,,1,2021/10/14,9999-99-99,33326,0,0,0,0,0,,0
33336,小本,オモト,OMOTO,,,,39.838,141.953,10,6.5,,,,,,1,1,1,1,0,,0,1977/10/26,1987/9/22,33336,1,1,1,1,1,,1
33336,小本,オモト,OMOTO,,,,39.838,141.953,10,6.5,,,,,,1,1,1,1,0,,0,1987/9/23,2009/1/8,33336,0,0,0,1,0,,0
33336,小本,オモト,OMOTO,,,,39.838,141.953,10,6.5,,,,,,1,1,1,1,0,,0,2009/1/9,2009/11/26,33336,0,4,4,4,0,,0
33336,小本,オモト,OMOTO,,,,39.838,141.953,10,10,,,,,,1,1,1,1,0,,0,2009/11/27,2014/3/5,33336,0,0,0,0,0,,0
33336,小本,オモト,OMOTO,,,,39.847,141.963,3,10,,,,,,1,1,1,1,0,,0,2014/3/6,2021/3/1,33336,0,0,0,0,0,,0
33336,小本,オモト,OMOTO,,,,39.847,141.963,3,10,,,,,,1,1,1,2,0,,0,2021/3/2,9999-99-99,33336,0,0,0,6,0,,0
33341,駒ケ岳,コマガタケ,KOMAGATAKE,,,,39.733,140.792,1003,,,,,,,1,0,0,0,0,,0,1974/11/1,2005/4/20,33341,1,1,1,1,1,,1
33351,葛根田,カッコンダ,KAKKONDA,,,,39.777,140.945,350,,,,,,,1,0,0,0,0,,0,1977/7/5,9999-99-99,33351,1,1,1,1,1,,1
33361,滝沢,タキザワ,TAKIZAWA,,,,39.78,141.097,210,,,,,,,1,0,0,0,0,,0,2005/10/21,9999-99-99,33361,1,1,1,1,1,,1
33371,藪川,ヤブカワ,YABUKAWA,,,,39.783,141.328,680,,,,,,,1,0,0,0,0,,0,1975/11/13,1976/11/24,33371,1,1,1,1,1,,1
33371,藪川,ヤブカワ,YABUKAWA,,,,39.783,141.328,680,6.5,,,,,,1,1,1,1,0,,0,1976/11/25,1987/5/7,33371,0,0,0,0,0,,0
33371,藪川,ヤブカワ,YABUKAWA,,,,39.783,141.328,680,6.5,,,,,,1,1,1,1,0,,0,1987/5/8,2006/10/19,33371,0,0,0,1,0,,0
33371,藪川,ヤブカワ,YABUKAWA,,,,39.783,141.328,680,6.5,,,,,,1,1,1,1,0,,0,2006/10/20,2008/11/12,33371,0,0,0,4,0,,0
33371,藪川,ヤブカワ,YABUKAWA,,,,39.783,141.328,680,6.5,,,,,,1,1,1,1,0,,0,2008/11/13,2009/11/15,33371,0,4,4,0,0,,0
33371,藪川,ヤブカワ,YABUKAWA,,,,39.783,141.328,680,10,,,,,,1,1,1,1,0,,0,2009/11/16,2012/5/31,33371,0,0,0,0,0,,0
33371,薮川,ヤブカワ,YABUKAWA,,,,39.783,141.328,680,10,,,,,,1,1,1,1,0,,0,2012/6/1,2021/3/1,33371,0,0,0,0,0,,0
33371,薮川,ヤブカワ,YABUKAWA,,,,39.783,141.328,680,10,,,,,,1,1,1,2,0,,0,2021/3/2,2023/10/30,33371,0,0,0,6,0,,0
33371,薮川,ヤブカワ,YABUKAWA,,,,39.783,141.328,680,9.9,,,,,,1,1,1,2,0,,1,2023/10/31,9999-99-99,33371,0,0,0,0,0,,0
33386,害鷹森,ガイタカモリ,GAITAKAMORI,,,,39.708,141.603,1278,,,,,,,1,0,0,0,0,,0,1974/11/1,2003/10/21,33386,1,1,1,1,1,,1
33421,雫石,シズクイシ,SHIZUKUISHI,,,,39.693,140.967,208,,,,,,,1,0,0,0,0,,0,1974/11/1,1976/11/25,33421,1,1,1,1,1,,1
33421,雫石,シズクイシ,SHIZUKUISHI,,,,39.693,140.967,208,6.5,,,,,,1,1,1,1,0,,0,1976/11/26,1983/9/29,33421,0,0,0,0,0,,0
33421,雫石,シズクイシ,SHIZUKUISHI,雫石,シズクイシ,SHIZUKUISHI,39.693,140.967,208,6.5,,,39.697,140.975,195,1,1,1,1,1,,0,1983/9/30,1987/5/17,33421,0,0,0,0,0,,0
33421,雫石,シズクイシ,SHIZUKUISHI,雫石,シズクイシ,SHIZUKUISHI,39.693,140.967,208,6.5,,,39.697,140.975,195,1,1,1,1,1,,0,1987/5/18,1993/11/28,33421,0,0,0,1,0,,0
33421,雫石,シズクイシ,SHIZUKUISHI,雫石,シズクイシ,SHIZUKUISHI,39.697,140.975,195,8.5,,,39.697,140.975,195,1,1,1,1,1,,0,1993/11/29,2007/12/20,33421,0,0,0,0,0,,0
33421,雫石,シズクイシ,SHIZUKUISHI,雫石,シズクイシ,SHIZUKUISHI,39.697,140.975,195,8.5,,,39.697,140.975,195,1,1,1,1,1,,0,2007/12/21,2008/3/25,33421,0,0,0,4,0,,0
33421,雫石,シズクイシ,SHIZUKUISHI,雫石,シズクイシ,SHIZUKUISHI,39.697,140.975,195,8.5,,,39.697,140.975,195,1,1,1,1,1,,0,2008/3/26,2021/3/1,33421,0,4,4,0,0,,0
33421,雫石,シズクイシ,SHIZUKUISHI,雫石,シズクイシ,SHIZUKUISHI,39.697,140.975,195,8.5,,,39.697,140.975,195,1,1,1,2,1,,0,2021/3/2,9999-99-99,33421,0,0,0,6,0,,0
33431,盛岡,モリオカ,MORIOKA,,,,39.698,141.165,155,,,,,,,1,0,0,0,0,,0,1974/11/1,1975/3/31,33431,1,1,1,1,1,,1
33431,盛岡,モリオカ,MORIOKA,,,,39.698,141.165,155,15.2,,,,,,1,1,1,1,0,,0,1975/4/1,1985/12/31,33431,0,0,0,0,0,,0
33431,盛岡,モリオカ,MORIOKA,,,,39.698,141.165,155,15.2,,,,,,1,1,1,1,0,,0,1986/1/1,1998/12/25,33431,0,0,0,1,0,,0
33431,盛岡,モリオカ,MORIOKA,盛岡,モリオカ,MORIOKA,39.698,141.165,155,15.2,,,39.698,141.165,155,1,1,1,1,1,,0,1998/12/26,2008/3/25,33431,0,0,0,0,0,,0
33431,盛岡,モリオカ,MORIOKA,盛岡,モリオカ,MORIOKA,39.698,141.165,155,15.2,,,39.698,141.165,155,1,1,1,1,1,,0,2008/3/26,2011/8/3,33431,0,4,4,0,0,,0
33431,盛岡,モリオカ,MORIOKA,盛岡,モリオカ,MORIOKA,39.698,141.165,155,15.9,,,39.698,141.165,155,1,1,1,1,1,,0,2011/8/4,2011/12/19,33431,0,0,0,0,0,,0
33431,盛岡,モリオカ,MORIOKA,盛岡,モリオカ,MORIOKA,39.698,141.165,155,15.5,,,39.698,141.165,155,1,1,1,1,1,,0,2011/12/20,2021/3/1,33431,0,0,0,0,0,,0
33431,盛岡,モリオカ,MORIOKA,盛岡,モリオカ,MORIOKA,39.698,141.165,155,15.5,,,39.698,141.165,155,1,1,1,1,1,,1,2021/3/2,9999-99-99,33431,0,0,0,0,0,,0
33441,区界,クザカイ,KUZAKAI,区界,クザカイ,KUZAKAI,39.65,141.353,734,,,,39.65,141.353,734,0,0,0,0,1,,0,1985/10/25,1993/10/6,33441,1,1,1,1,1,,1
33441,区界,クザカイ,KUZAKAI,区界,クザカイ,KUZAKAI,39.65,141.353,734,6.5,,,39.65,141.353,734,1,1,1,1,1,,0,1993/10/7,2007/10/11,33441,0,0,0,0,0,,0
33441,区界,クザカイ,KUZAKAI,区界,クザカイ,KUZAKAI,39.65,141.353,734,10,,,39.65,141.353,734,1,1,1,1,1,,0,2007/10/12,2007/12/25,33441,0,0,0,0,0,,0
33441,区界,クザカイ,KUZAKAI,区界,クザカイ,KUZAKAI,39.65,141.353,734,10,,,39.65,141.353,734,1,1,1,1,1,,0,2007/12/26,2008/3/25,33441,0,0,0,4,0,,0
33441,区界,クザカイ,KUZAKAI,区界,クザカイ,KUZAKAI,39.65,141.353,734,10,,,39.65,141.353,734,1,1,1,1,1,,0,2008/3/26,2021/3/1,33441,0,4,4,0,0,,0
33441,区界,クザカイ,KUZAKAI,区界,クザカイ,KUZAKAI,39.65,141.353,734,10,,,39.65,141.353,734,1,1,1,2,1,,0,2021/3/2,9999-99-99,33441,0,0,0,6,0,,0
33446,門馬,カドマ,KADOMA,,,,39.633,141.437,620,6.5,,,,,,1,1,1,1,0,,0,1977/12/8,1986/11/6,33446,1,1,1,1,1,,1
33446,門馬,カドマ,KADOMA,,,,39.633,141.437,620,6.5,,,,,,1,1,1,1,0,,0,1986/11/7,1993/10/7,33446,0,0,0,1,0,,0
33461,刈屋,カリヤ,KARIYA,,,,39.642,141.773,140,,,,,,,1,0,0,0,0,,0,2011/6/14,2021/12/7,33461,1,1,1,1,1,,1
33471,宮古,ミヤコ,MIYAKO,,,,39.647,141.963,42,,,,,,,1,0,0,0,0,,0,1974/11/1,1975/5/16,33471,1,1,1,1,1,,1
33471,宮古,ミヤコ,MIYAKO,,,,39.647,141.963,42,14.8,,,,,,1,1,1,1,0,,0,1975/5/17,1985/12/31,33471,0,0,0,0,0,,0
33471,宮古,ミヤコ,MIYAKO,,,,39.647,141.963,42,14.8,,,,,,1,1,1,1,0,,0,1986/1/1,1990/10/16,33471,0,0,0,1,0,,0
33472,宮古,ミヤコ,MIYAKO,,,,39.647,141.965,43,20.1,,,,,,1,1,1,1,0,,0,1990/10/18,1998/3/1,33471,0,0,0,0,0,,0
33472,宮古,ミヤコ,MIYAKO,宮古,ミヤコ,MIYAKO,39.647,141.965,43,20.1,,,39.647,141.965,43,1,1,1,1,1,,0,1998/3/2,2008/3/25,33472,0,0,0,0,0,,0
33472,宮古,ミヤコ,MIYAKO,宮古,ミヤコ,MIYAKO,39.647,141.965,43,20.1,,,39.647,141.965,43,1,1,1,1,1,,0,2008/3/26,2011/11/16,33472,0,4,4,0,0,,0
33472,宮古,ミヤコ,MIYAKO,宮古,ミヤコ,MIYAKO,39.647,141.965,43,20.3,,,39.647,141.965,43,1,1,1,1,1,,0,2011/11/17,2021/3/1,33472,0,0,0,0,0,,0
33472,宮古,ミヤコ,MIYAKO,宮古,ミヤコ,MIYAKO,39.647,141.965,43,20.3,,,39.647,141.965,43,1,1,1,1,1,,1,2021/3/2,9999-99-99,33472,0,0,0,0,0,,0
33486,沢内,サワウチ,SAWAUCHI,,,,39.548,140.843,407,10,,,,,,1,1,1,1,0,,0,2017/7/11,2021/3/1,33486,1,5,5,5,1,,1
33486,沢内,サワウチ,SAWAUCHI,,,,39.548,140.843,407,10,,,,,,1,1,1,2,0,,0,2021/3/2,2023/10/24,33486,0,0,0,6,0,,0
33486,沢内,サワウチ,SAWAUCHI,,,,39.548,140.843,407,9.9,,,,,,1,1,1,2,0,,1,2023/10/25,9999-99-99,33486,0,0,0,0,0,,0
33501,紫波,シワ,SHIWA,,,,39.563,141.172,170,6.5,,,,,,1,1,1,1,0,,0,1976/11/30,1987/5/5,33501,1,1,1,1,1,,1
33501,紫波,シワ,SHIWA,,,,39.563,141.172,170,6.5,,,,,,1,1,1,1,0,,0,1987/5/6,2008/12/9,33501,0,0,0,1,0,,0
33501,紫波,シワ,SHIWA,,,,39.547,141.127,125,10,,,,,,1,1,1,1,0,,0,2008/12/10,2021/3/1,33501,0,4,4,4,0,,0
33501,紫波,シワ,SHIWA,,,,39.547,141.127,125,10,,,,,,1,1,1,2,0,,0,2021/3/2,9999-99-99,33501,0,0,0,6,0,,0
33516,薬師岳,ヤクシダケ,YAKUSHIDAKE,,,,39.528,141.497,1604,,,,,,,1,0,0,0,0,,0,1974/11/1,2005/10/20,33516,1,1,1,1,1,,1
33526,川井,カワイ,KAWAI,,,,39.595,141.677,200,8,,,,,,1,1,1,1,0,,0,1977/12/2,1987/8/24,33526,1,1,1,1,1,,1
33526,川井,カワイ,KAWAI,,,,39.595,141.677,200,8,,,,,,1,1,1,1,0,,0,1987/8/25,1993/9/20,33526,0,0,0,1,0,,0
33526,川井,カワイ,KAWAI,,,,39.598,141.682,192,6.5,,,,,,1,1,1,1,0,,0,1993/9/21,2008/12/15,33526,0,0,0,0,0,,0
33526,川井,カワイ,KAWAI,,,,39.598,141.682,192,6.5,,,,,,1,1,1,1,0,,0,2008/12/16,2021/3/1,33526,0,4,4,4,0,,0
33526,川井,カワイ,KAWAI,,,,39.598,141.682,192,6.5,,,,,,1,1,1,2,0,,0,2021/3/2,9999-99-99,33526,0,0,0,6,0,,0
33556,黒森山,クロモリヤマ,KUROMORIYAMA,,,,39.495,140.792,644,,,,,,,1,0,0,0,0,,0,1974/11/1,1993/8/1,33556,1,1,1,1,1,,1
33561,沢内,サワウチ,SAWAUCHI,,,,39.48,140.797,327,6.5,,,,,,1,1,1,1,0,,0,1976/11/17,1987/4/27,33561,1,1,1,1,1,,1
33561,沢内,サワウチ,SAWAUCHI,,,,39.48,140.797,327,6.5,,,,,,1,1,1,1,0,,0,1987/4/28,2006/11/9,33561,0,0,0,1,0,,0
33561,沢内,サワウチ,SAWAUCHI,,,,39.48,140.797,327,10,,,,,,1,1,1,1,0,,0,2006/11/10,2008/11/17,33561,0,0,0,4,0,,0
33561,沢内,サワウチ,SAWAUCHI,,,,39.48,140.797,327,10,,,,,,1,1,1,1,0,,0,2008/11/18,2017/7/10,33561,0,4,4,0,0,,0
33566,駒頭山,コマガシラヤマ,KOMAGASHIRAYAMA,,,,39.458,140.968,779,,,,,,,1,0,0,0,0,,0,1974/11/1,1983/11/15,33566,1,1,1,1,1,,1
33566,豊沢,トヨサワ,TOYOSAWA,,,,39.48,140.968,300,,,,,,,1,0,0,0,0,,0,1983/11/16,9999-99-99,33566,0,0,0,0,0,,0
33576,花巻,ハナマキ,HANAMAKI,,,,39.428,141.133,91,,,,,,,1,0,0,0,0,,0,1974/11/1,1976/12/1,33576,1,1,1,1,1,,1
33576,花巻,ハナマキ,HANAMAKI,,,,39.428,141.135,90,8,,,,,,1,1,1,0,0,,0,2003/1/1,2009/1/28,33576,0,0,0,0,0,,0
33576,花巻,ハナマキ,HANAMAKI,,,,39.428,141.135,90,8,,,,,,1,1,1,0,0,,0,2009/1/29,2017/3/7,33576,0,4,4,0,0,,0
33576,花巻,ハナマキ,HANAMAKI,,,,39.428,141.135,90,10,,,,,,1,1,1,0,0,,0,2017/3/8,9999-99-99,33576,0,0,0,0,0,,0
33581,大迫,オオハサマ,OHASAMA,,,,39.468,141.292,140,,,,,,,1,0,0,0,0,,0,1974/11/1,1976/11/17,33581,1,1,1,1,1,,1
33581,大迫,オオハサマ,OHASAMA,,,,39.468,141.292,140,6.5,,,,,,1,1,1,1,0,,0,1976/11/18,1987/8/6,33581,0,0,0,0,0,,0
33581,大迫,オオハサマ,OHASAMA,,,,39.468,141.292,140,6.5,,,,,,1,1,1,1,0,,0,1987/8/7,2008/12/11,33581,0,0,0,1,0,,0
33581,大迫,オオハサマ,OHASAMA,,,,39.47,141.278,150,10,,,,,,1,1,1,1,0,,0,2008/12/12,2021/3/1,33581,0,4,4,4,0,,0
33581,大迫,オオハサマ,OHASAMA,,,,39.47,141.278,150,10,,,,,,1,1,1,2,0,,0,2021/3/2,9999-99-99,33581,0,0,0,6,0,,0
33596,附馬牛,ツキモウシ,TSUKIMOSHI,,,,39.457,141.507,440,,,,,,,1,0,0,0,0,,0,2005/10/27,9999-99-99,33596,1,1,1,1,1,,1
33611,大槌,オオツチ,OTSUCHI,,,,39.438,141.807,120,,,,,,,1,0,0,0,0,,0,2000/11/17,9999-99-99,33611,1,1,1,1,1,,1
33616,山田,ヤマダ,YAMADA,,,,39.445,141.952,4,,,,,,,1,0,0,0,0,,0,1975/5/22,1976/11/18,33616,1,1,1,1,1,,1
33616,山田,ヤマダ,YAMADA,,,,39.45,141.957,24,6.5,,,,,,1,1,1,1,0,,0,1976/11/19,1986/4/23,33616,0,0,0,0,0,,0
33616,山田,ヤマダ,YAMADA,,,,39.45,141.957,24,6.5,,,,,,1,1,1,1,0,,0,1986/4/24,2009/1/15,33616,0,0,0,1,0,,0
33616,山田,ヤマダ,YAMADA,,,,39.45,141.957,24,6.5,,,,,,1,1,1,1,0,,0,2009/1/16,2021/3/1,33616,0,4,4,4,0,,0
33616,山田,ヤマダ,YAMADA,,,,39.45,141.957,24,6.5,,,,,,1,1,1,2,0,,0,2021/3/2,9999-99-99,33616,0,0,0,6,0,,0
33631,湯田,ユダ,YUDA,,,,39.31,140.777,250,,,,,,,1,0,0,0,0,,0,1974/11/1,1976/2/25,33631,1,1,1,1,1,,1
33631,湯田,ユダ,YUDA,,,,39.31,140.777,250,6.5,,,,,,1,1,1,1,0,,0,1976/2/26,1979/10/30,33631,0,0,0,0,0,,0
33631,湯田,ユダ,YUDA,湯田,ユダ,YUDA,39.31,140.777,250,6.5,,,39.31,140.777,250,1,1,1,1,1,,0,1979/10/31,1986/10/30,33631,0,0,0,0,0,,0
33631,湯田,ユダ,YUDA,湯田,ユダ,YUDA,39.31,140.777,250,6.5,,,39.31,140.777,250,1,1,1,1,1,,0,1986/10/31,2006/11/13,33631,0,0,0,1,0,,0
33631,湯田,ユダ,YUDA,湯田,ユダ,YUDA,39.31,140.777,250,10,,,39.31,140.777,250,1,1,1,1,1,,0,2006/11/14,2008/11/19,33631,0,0,0,4,0,,0
33631,湯田,ユダ,YUDA,湯田,ユダ,YUDA,39.31,140.777,250,10,,,39.31,140.777,250,1,1,1,1,1,,0,2008/11/20,2021/3/1,33631,0,4,4,0,0,,0
33631,湯田,ユダ,YUDA,湯田,ユダ,YUDA,39.31,140.777,250,10,,,39.31,140.777,250,1,1,1,2,1,,0,2021/3/2,2021/10/5,33631,0,0,0,6,0,,0
33631,湯田,ユダ,YUDA,湯田,ユダ,YUDA,39.31,140.777,250,9.9,,,39.31,140.777,250,1,1,1,2,1,,1,2021/10/6,9999-99-99,33631,0,0,0,0,0,,0
33651,北上,キタカミ,KITAKAMI,,,,39.302,141.112,87,,,,,,,1,0,0,0,0,,0,1974/11/1,1976/12/3,33651,1,1,1,1,1,,1
33671,遠野,トオノ,TOONO,,,,39.337,141.538,273,,,,,,,1,0,0,0,0,,0,1974/11/1,1976/11/21,33671,1,1,1,1,1,,1
33671,遠野,トオノ,TOONO,,,,39.337,141.538,273,6.5,,,,,,1,1,1,1,0,,0,1976/11/22,1984/9/29,33671,0,0,0,0,0,,0
33671,遠野,トオノ,TOONO,遠野,トオノ,TOONO,39.337,141.538,273,6.5,,,39.337,141.538,273,1,1,1,1,1,,0,1984/9/30,1986/11/4,33671,0,0,0,0,0,,0
33671,遠野,トオノ,TOONO,遠野,トオノ,TOONO,39.337,141.538,273,6.5,,,39.337,141.538,273,1,1,1,1,1,,0,1986/11/5,2005/10/24,33671,0,0,0,1,0,,0
33671,遠野,トオノ,TOONO,遠野,トオノ,TOONO,39.337,141.538,273,8.5,,,39.337,141.538,273,1,1,1,1,1,,0,2005/10/25,2008/10/2,33671,0,0,0,4,0,,0
33671,遠野,トオノ,TOONO,遠野,トオノ,TOONO,39.337,141.538,273,8.5,,,39.337,141.538,273,1,1,1,1,1,,0,2008/10/3,2012/8/20,33671,0,4,4,0,0,,0
33671,遠野,トオノ,TOONO,遠野,トオノ,TOONO,39.338,141.543,275,10,,,39.338,141.543,275,1,1,1,1,1,,0,2012/8/21,2021/3/1,33671,0,0,0,0,0,,0
33671,遠野,トオノ,TOONO,遠野,トオノ,TOONO,39.338,141.543,275,10,,,39.338,141.543,275,1,1,1,2,1,,0,2021/3/2,2021/3/16,33671,0,0,0,6,0,,0
33671,遠野,トオノ,TOONO,遠野,トオノ,TOONO,39.338,141.543,275,10.1,,,39.338,141.543,275,1,1,1,2,1,,1,2021/3/17,9999-99-99,33671,0,0,0,0,0,,0
33686,小鎚,コヅチ,KOZUCHI,,,,39.36,141.878,10,,,,,,,1,0,0,0,0,,0,2011/6/14,2011/9/27,33686,1,1,1,1,1,,1
33686,小鎚,コヅチ,KOZUCHI,,,,39.36,141.878,10,5.5,,,,,,1,1,1,0,0,,0,2011/9/28,2014/5/28,33686,0,0,0,0,0,,0
33686,新町,シンチョウ,SHINCHO,,,,39.36,141.907,2,5.5,,,,,,1,1,1,0,0,,0,2014/5/29,2020/7/14,33686,0,0,0,0,0,,0
33686,新町,シンチョウ,SHINCHO,,,,39.36,141.905,4,5.5,,,,,,1,1,1,0,0,,0,2020/7/15,2021/12/7,33686,0,0,0,0,0,,0
33711,金ヶ崎,カネガサキ,KANEGASAKI,,,,39.225,141.015,170,,,,,,,1,0,0,0,0,,0,2005/10/19,9999-99-99,33711,1,1,1,1,1,,1
33716,北上,キタカミ,KITAKAMI,,,,39.283,141.103,87,6.5,,,,,,1,1,1,1,0,,0,1976/12/4,1984/9/29,33716,1,1,1,1,1,,1
33716,北上,キタカミ,KITAKAMI,北上,キタカミ,KITAKAMI,39.283,141.103,87,6.5,,,39.288,141.11,61,1,1,1,1,1,,0,1984/9/30,1987/8/6,33716,0,0,0,0,0,,0
33716,北上,キタカミ,KITAKAMI,北上,キタカミ,KITAKAMI,39.283,141.103,87,6.5,,,39.288,141.11,61,1,1,1,1,1,,0,1987/8/7,1991/10/31,33716,0,0,0,1,0,,0
33716,北上,キタカミ,KITAKAMI,北上,キタカミ,KITAKAMI,39.288,141.11,61,6.5,,,39.288,141.11,61,1,1,1,1,1,,0,1991/11/1,2006/10/26,33716,0,0,0,0,0,,0
33716,北上,キタカミ,KITAKAMI,北上,キタカミ,KITAKAMI,39.288,141.11,61,6.5,,,39.288,141.11,61,1,1,1,1,1,,0,2006/10/27,2008/11/25,33716,0,0,0,4,0,,0
33716,北上,キタカミ,KITAKAMI,北上,キタカミ,KITAKAMI,39.288,141.11,61,6.5,,,39.288,141.11,61,1,1,1,1,1,,0,2008/11/26,2021/3/1,33716,0,4,4,0,0,,0
33716,北上,キタカミ,KITAKAMI,北上,キタカミ,KITAKAMI,39.288,141.11,61,6.5,,,39.288,141.11,61,1,1,1,2,1,,0,2021/3/2,2023/9/25,33716,0,0,0,6,0,,0
33716,北上,キタカミ,KITAKAMI,北上,キタカミ,KITAKAMI,39.288,141.11,61,6.4,,,39.288,141.11,61,1,1,1,2,1,,1,2023/9/26,9999-99-99,33716,0,0,0,0,0,,0
33726,米里,ヨネサト,YONESATO,,,,39.233,141.31,160,,,,,,,1,0,0,0,0,,0,1976/9/9,2011/11/24,33726,1,1,1,1,1,,1
33726,米里,ヨネサト,YONESATO,,,,39.233,141.31,170,,,,,,,1,0,0,0,0,,0,2011/11/25,9999-99-99,33726,0,0,0,0,0,,0
33746,五葉山,ゴヨウサン,GOYOSAN,,,,39.205,141.732,1330,,,,,,,1,0,0,0,0,,0,1974/11/1,1986/5/31,33746,1,1,1,1,1,,1
33746,五葉山,ゴヨウサン,GOYOSAN,,,,39.177,141.662,560,,,,,,,1,0,0,0,0,,0,1986/6/1,2009/11/2,33746,0,0,0,0,0,,0
33751,釜石,カマイシ,KAMAISHI,,,,39.265,141.845,6,,,,,,,1,0,0,0,0,,0,1974/11/1,1976/11/19,33751,1,1,1,1,1,,1
33751,釜石,カマイシ,KAMAISHI,,,,39.265,141.845,6,6.5,,,,,,1,1,1,1,0,,0,1976/11/20,1987/8/6,33751,0,0,0,0,0,,0
33751,釜石,カマイシ,KAMAISHI,,,,39.265,141.845,6,6.5,,,,,,1,1,1,1,0,,0,1987/8/7,1995/11/9,33751,0,0,0,1,0,,0
33751,釜石,カマイシ,KAMAISHI,,,,39.27,141.878,5,6.5,,,,,,1,1,1,1,0,,0,1995/11/10,2009/1/19,33751,0,0,0,0,0,,0
33751,釜石,カマイシ,KAMAISHI,,,,39.27,141.878,5,6.5,,,,,,1,1,1,1,0,,0,2009/1/20,2011/4/27,33751,0,4,4,4,0,,0
33751,釜石,カマイシ,KAMAISHI,,,,39.273,141.87,5,5.5,,,,,,1,1,1,1,0,,0,2011/4/28,2012/3/1,33751,0,0,0,0,0,,0
33751,釜石,カマイシ,KAMAISHI,,,,39.27,141.878,5,10,,,,,,1,1,1,1,0,,0,2012/3/2,2021/3/1,33751,0,0,0,0,0,,0
33751,釜石,カマイシ,KAMAISHI,,,,39.27,141.878,5,10,,,,,,1,1,1,2,0,,0,2021/3/2,9999-99-99,33751,0,0,0,6,0,,0
33766,岳山,ダケヤマ,DAKEYAMA,,,,39.133,140.877,973,,,,,,,1,0,0,0,0,,0,1974/11/1,2005/10/19,33766,1,1,1,1,1,,1
33776,若柳,ワカヤナギ,WAKAYANAGI,,,,39.137,141.015,170,,,,,,,1,0,0,0,0,,0,1974/11/1,1976/11/25,33776,1,1,1,1,1,,1
33776,若柳,ワカヤナギ,WAKAYANAGI,,,,39.132,141.063,100,6.5,,,,,,1,1,1,1,0,,0,1976/11/26,1986/9/3,33776,0,0,0,0,0,,0
33776,若柳,ワカヤナギ,WAKAYANAGI,,,,39.132,141.063,100,6.5,,,,,,1,1,1,1,0,,0,1986/9/4,2009/1/13,33776,0,0,0,1,0,,0
33776,若柳,ワカヤナギ,WAKAYANAGI,,,,39.132,141.063,100,6.5,,,,,,1,1,1,1,0,,0,2009/1/14,2009/11/24,33776,0,4,4,4,0,,0
33776,若柳,ワカヤナギ,WAKAYANAGI,,,,39.132,141.063,100,10,,,,,,1,1,1,1,0,,0,2009/11/25,2015/12/7,33776,0,0,0,0,0,,0
33776,若柳,ワカヤナギ,WAKAYANAGI,,,,39.14,141.063,97,10,,,,,,1,1,1,1,0,,0,2015/12/8,2021/3/1,33776,0,0,0,0,0,,0
33776,若柳,ワカヤナギ,WAKAYANAGI,,,,39.14,141.063,97,10,,,,,,1,1,1,2,0,,0,2021/3/2,9999-99-99,33776,0,0,0,6,0,,0
33781,江刺,エサシ,ESASHI,,,,39.183,141.162,42,,,,,,,1,0,0,0,0,,0,1974/11/1,1976/11/24,33781,1,1,1,1,1,,1
33781,江刺,エサシ,ESASHI,,,,39.183,141.162,42,6.5,,,,,,1,1,1,1,0,,0,1976/11/25,1986/1/20,33781,0,0,0,0,0,,0
33781,江刺,エサシ,ESASHI,,,,39.183,141.162,42,6.5,,,,,,1,1,1,1,0,,0,1986/1/21,2008/12/17,33781,0,0,0,1,0,,0
33781,江刺,エサシ,ESASHI,,,,39.183,141.162,42,6.5,,,,,,1,1,1,1,0,,0,2008/12/18,2009/11/25,33781,0,4,4,4,0,,0
33781,江刺,エサシ,ESASHI,,,,39.183,141.162,42,10,,,,,,1,1,1,1,0,,0,2009/11/26,2021/3/1,33781,0,0,0,0,0,,0
33781,江刺,エサシ,ESASHI,,,,39.183,141.162,42,10,,,,,,1,1,1,2,0,,0,2021/3/2,9999-99-99,33781,0,0,0,6,0,,0
33801,住田,スミタ,SUMITA,,,,39.142,141.58,80,6.5,,,,,,1,1,1,1,0,,0,1977/10/20,1979/9/12,33801,1,1,1,1,1,,1
33801,住田,スミタ,SUMITA,,,,39.142,141.575,80,6.5,,,,,,1,1,1,1,0,,0,1979/9/13,1987/8/20,33801,0,0,0,0,0,,0
33801,住田,スミタ,SUMITA,,,,39.142,141.575,80,6.5,,,,,,1,1,1,1,0,,0,1987/8/21,2007/12/10,33801,0,0,0,1,0,,0
33801,住田,スミタ,SUMITA,,,,39.142,141.575,80,6.5,,,,,,1,1,1,1,0,,0,2007/12/11,2008/3/25,33801,0,0,0,4,0,,0
33801,住田,スミタ,SUMITA,,,,39.142,141.575,80,6.5,,,,,,1,1,1,1,0,,0,2008/3/26,2009/8/24,33801,0,4,4,0,0,,0
33801,住田,スミタ,SUMITA,,,,39.142,141.573,80,10,,,,,,1,1,1,1,0,,0,2009/8/25,2021/3/1,33801,0,0,0,0,0,,0
33801,住田,スミタ,SUMITA,,,,39.142,141.573,80,10,,,,,,1,1,1,2,0,,0,2021/3/2,9999-99-99,33801,0,0,0,6,0,,0
33831,祭畤,マツルベ,MATSURUBE,,,,39.012,140.872,350,,,,,,,1,0,0,0,0,,0,1975/5/21,1979/12/13,33831,1,1,1,1,1,,1
33831,祭畤,マツルベ,MATSURUBE,,,,39.012,140.865,350,,,,,,,1,0,0,0,0,,0,1979/12/14,1983/9/29,33831,0,0,0,0,0,,0
33831,祭畤,マツルベ,MATSURUBE,祭畤,マツルベ,MATSURUBE,39.012,140.865,350,,,,39.012,140.865,350,1,0,0,0,1,,0,1983/9/30,9999-99-99,33831,0,0,0,0,0,,0
33841,衣川,コロモガワ,KOROMOGAWA,,,,39.043,141.065,90,,,,,,,1,0,0,0,0,,0,1975/5/25,1984/10/23,33841,1,1,1,1,1,,1
33841,衣川,コロモガワ,KOROMOGAWA,,,,39.038,141.067,100,,,,,,,1,0,0,0,0,,0,1984/10/24,2007/2/13,33841,0,0,0,0,0,,0
33841,衣川,コロモガワ,KOROMOGAWA,,,,39.05,141.045,75,,,,,,,1,0,0,0,0,,0,2007/2/14,9999-99-99,33841,0,0,0,0,0,,0
33856,大東,ダイトウ,DAITO,,,,39.038,141.297,140,,,,,,,1,0,0,0,0,,0,2005/10/18,9999-99-99,33856,1,1,1,1,1,,1
33871,陸前高田,リクゼンタカタ,RIKUZENTAKATA,,,,39.025,141.63,61,,,,,,,1,0,0,0,0,,0,2011/6/14,2011/9/28,33871,1,1,1,1,1,,1
33871,陸前高田,リクゼンタカタ,RIKUZENTAKATA,,,,39.025,141.63,61,5.5,,,,,,1,1,1,0,0,,0,2011/9/29,2021/12/7,33871,0,0,0,0,0,,0
33876,大船渡,オオフナト,OFUNATO,,,,39.063,141.713,37,,,,,,,1,0,0,0,0,,0,1974/11/1,1975/3/31,33876,1,1,1,1,1,,1
33876,大船渡,オオフナト,OFUNATO,,,,39.063,141.713,37,11.4,,,,,,1,1,1,1,0,,0,1975/4/1,1986/12/31,33876,0,0,0,0,0,,0
33876,大船渡,オオフナト,OFUNATO,,,,39.063,141.713,37,11.4,,,,,,1,1,1,1,0,,0,1987/1/1,1990/3/14,33876,0,0,0,1,0,,0
33877,大船渡,オオフナト,OFUNATO,,,,39.063,141.713,37,22,,,,,,1,1,1,1,0,,0,1990/3/15,1998/3/1,33876,0,1,0,0,0,,0
33877,大船渡,オオフナト,OFUNATO,大船渡,オオフナト,OFUNATO,39.063,141.713,37,22,,,39.063,141.713,37,1,1,1,1,1,,0,1998/3/2,2008/3/25,33877,0,0,0,0,0,,0
33877,大船渡,オオフナト,OFUNATO,大船渡,オオフナト,OFUNATO,39.063,141.713,37,22,,,39.063,141.713,37,1,1,1,1,1,,0,2008/3/26,2013/10/30,33877,0,4,4,0,0,,0
33877,大船渡,オオフナト,OFUNATO,大船渡,オオフナト,OFUNATO,39.063,141.713,37,22.2,,,39.063,141.713,37,1,1,1,1,1,,0,2013/10/31,2021/3/1,33877,0,0,0,0,0,,0
33877,大船渡,オオフナト,OFUNATO,大船渡,オオフナト,OFUNATO,39.063,141.713,37,22.2,,,39.063,141.713,37,1,1,1,1,1,,1,2021/3/2,9999-99-99,33877,0,0,0,0,0,,0
33901,厳美,ゲンビ,GENBI,,,,38.983,140.912,230,,,,,,,1,0,0,0,0,,0,2008/6/19,2008/9/2,33901,1,1,1,1,1,,1
33911,一関,イチノセキ,ICHINOSEKI,,,,38.925,141.128,68,,,,,,,1,0,0,0,0,,0,1974/11/1,1976/2/24,33911,1,1,1,1,1,,1
33911,一関,イチノセキ,ICHINOSEKI,,,,38.925,141.128,68,6.5,,,,,,1,1,1,1,0,,0,1976/2/25,1982/10/30,33911,0,0,0,0,0,,0
33911,一関,イチノセキ,ICHINOSEKI,一関,イチノセキ,ICHINOSEKI,38.925,141.128,68,6.5,,,38.933,141.125,32,1,1,1,1,1,,0,1982/10/31,1986/10/28,33911,0,0,0,0,0,,0
33911,一関,イチノセキ,ICHINOSEKI,一関,イチノセキ,ICHINOSEKI,38.933,141.125,32,6.5,,,38.933,141.125,32,1,1,1,1,1,,0,1986/10/29,1987/8/5,33911,0,0,0,0,0,,0
33911,一関,イチノセキ,ICHINOSEKI,一関,イチノセキ,ICHINOSEKI,38.933,141.125,32,6.5,,,38.933,141.125,32,1,1,1,1,1,,0,1987/8/6,2006/11/16,33911,0,0,0,1,0,,0
33911,一関,イチノセキ,ICHINOSEKI,一関,イチノセキ,ICHINOSEKI,38.933,141.125,32,10,,,38.933,141.125,32,1,1,1,1,1,,0,2006/11/17,2008/11/27,33911,0,0,0,4,0,,0
33911,一関,イチノセキ,ICHINOSEKI,一関,イチノセキ,ICHINOSEKI,38.933,141.125,32,10,,,38.933,141.125,32,1,1,1,1,1,,0,2008/11/28,2021/3/1,33911,0,4,4,0,0,,0
33911,一関,イチノセキ,ICHINOSEKI,一関,イチノセキ,ICHINOSEKI,38.933,141.125,32,10,,,38.933,141.125,32,1,1,1,2,1,,0,2021/3/2,2021/3/15,33911,0,0,0,6,0,,0
33911,一関,イチノセキ,ICHINOSEKI,一関,イチノセキ,ICHINOSEKI,38.933,141.125,32,10.1,,,38.933,141.125,32,1,1,1,2,1,,1,2021/3/16,9999-99-99,33911,0,0,0,0,0,,0
33921,千厩,センマヤ,SEMMAYA,,,,38.913,141.332,77,,,,,,,1,0,0,0,0,,0,1974/11/1,1976/11/26,33921,1,1,1,1,1,,1
33921,千厩,センマヤ,SEMMAYA,,,,38.913,141.332,77,6.5,,,,,,1,1,1,1,0,,0,1976/11/27,1986/9/4,33921,0,0,0,0,0,,0
33921,千厩,センマヤ,SEMMAYA,,,,38.913,141.332,77,6.5,,,,,,1,1,1,1,0,,0,1986/9/5,1993/1/26,33921,0,0,0,1,0,,0
33921,千厩,センマヤ,SEMMAYA,,,,38.922,141.33,120,6.5,,,,,,1,1,1,1,0,,0,1993/1/27,2007/12/13,33921,0,0,0,0,0,,0
33921,千厩,センマヤ,SEMMAYA,,,,38.922,141.33,120,10,,,,,,1,1,1,1,0,,0,2007/12/14,2008/3/25,33921,0,0,0,4,0,,0
33921,千厩,センマヤ,SEMMAYA,,,,38.922,141.33,120,10,,,,,,1,1,1,1,0,,0,2008/3/26,2021/3/1,33921,0,4,4,0,0,,0
33921,千厩,センマヤ,SEMMAYA,,,,38.922,141.33,120,10,,,,,,1,1,1,2,0,,0,2021/3/2,9999-99-99,33921,0,0,0,6,0,,0
33926,室根山,ムロネヤマ,MURONEYAMA,,,,38.97,141.45,883,,,,,,,1,0,0,0,0,,0,1974/11/1,2005/10/18,33926,1,1,1,1,1,,1
34011,栗駒山,クリコマヤマ,KURIKOMAYAMA,,,,38.945,140.803,1100,,,,,,,1,0,0,0,0,,0,1974/11/1,1979/10/30,34011,1,1,1,1,1,,1
34012,駒ノ湯,コマノユ,KOMANOYU,,,,38.913,140.828,525,6.5,,,,,,1,1,1,1,0,,0,1976/11/29,1987/5/6,34012,1,1,1,1,1,,1
34012,駒ノ湯,コマノユ,KOMANOYU,,,,38.913,140.828,525,6.5,,,,,,1,1,1,1,0,,0,1987/5/7,1997/10/26,34012,0,0,0,1,0,,0
34012,駒ノ湯,コマノユ,KOMANOYU,駒ノ湯,コマノユ,KOMANOYU,38.913,140.828,525,6.5,,,38.913,140.828,525,1,1,1,1,1,,0,1997/10/27,2006/11/6,34012,0,0,0,0,0,,0
34012,駒ノ湯,コマノユ,KOMANOYU,駒ノ湯,コマノユ,KOMANOYU,38.913,140.828,525,6.5,,,38.913,140.828,525,1,1,1,1,1,,0,2006/11/7,2008/11/10,34012,0,0,0,4,0,,0
34012,駒ノ湯,コマノユ,KOMANOYU,駒ノ湯,コマノユ,KOMANOYU,38.913,140.828,525,6.5,,,38.913,140.828,525,1,1,1,1,1,,0,2008/11/11,2021/3/1,34012,0,4,4,0,0,,0
34012,駒ノ湯,コマノユ,KOMANOYU,駒ノ湯,コマノユ,KOMANOYU,38.913,140.828,525,6.5,,,38.913,140.828,525,1,1,1,2,1,,0,2021/3/2,2023/10/3,34012,0,0,0,6,0,,0
34012,駒ノ湯,コマノユ,KOMANOYU,駒ノ湯,コマノユ,KOMANOYU,38.913,140.828,532,10.1,,,38.913,140.828,532,1,1,1,2,1,,0,2023/10/4,2023/10/17,34012,0,0,0,0,0,,0
34012,駒ノ湯,コマノユ,KOMANOYU,駒ノ湯,コマノユ,KOMANOYU,38.913,140.828,532,10,,,38.913,140.828,532,1,1,1,2,1,,1,2023/10/18,9999-99-99,34012,0,0,0,0,0,,0
34026,気仙沼,ケセンヌマ,KESENNUMA,,,,38.907,141.557,62,,,,,,,1,0,0,0,0,,0,1974/11/1,1976/12/1,34026,1,1,1,1,1,,1
34026,気仙沼,ケセンヌマ,KESENNUMA,,,,38.907,141.557,62,6.5,,,,,,1,1,1,1,0,,0,1976/12/2,1986/7/13,34026,0,0,0,0,0,,0
34026,気仙沼,ケセンヌマ,KESENNUMA,,,,38.907,141.557,62,6.5,,,,,,1,1,1,1,0,,0,1986/7/14,2007/12/17,34026,0,0,0,1,0,,0
34026,気仙沼,ケセンヌマ,KESENNUMA,,,,38.907,141.557,62,6.5,,,,,,1,1,1,1,0,,0,2007/12/18,2008/3/25,34026,0,0,0,4,0,,0
34026,気仙沼,ケセンヌマ,KESENNUMA,,,,38.907,141.557,62,6.5,,,,,,1,1,1,1,0,,0,2008/3/26,2010/2/23,34026,0,4,4,0,0,,0
34026,気仙沼,ケセンヌマ,KESENNUMA,,,,38.907,141.557,62,10,,,,,,1,1,1,1,0,,0,2010/2/24,2021/3/1,34026,0,0,0,0,0,,0
34026,気仙沼,ケセンヌマ,KESENNUMA,,,,38.907,141.557,62,10,,,,,,1,1,1,2,0,,0,2021/3/2,9999-99-99,34026,0,0,0,6,0,,0
34051,栗駒深山,クリコマフカヤマ,KURIKOMA-FUKAYAMA,,,,38.863,140.843,550,,,,,,,1,0,0,0,0,,0,2008/6/17,2008/10/22,34051,1,1,1,1,1,,1
34056,鴬沢,ウグイスザワ,UGUISUZAWA,,,,38.805,140.948,33,,,,,,,1,0,0,0,0,,0,2001/9/27,9999-99-99,34056,1,1,1,1,1,,1
34096,川渡,カワタビ,KAWATABI,,,,38.743,140.76,170,,,,,,,1,0,0,0,0,,0,1974/11/1,1976/12/3,34096,1,1,1,1,1,,1
34096,川渡,カワタビ,KAWATABI,,,,38.743,140.76,170,6.5,,,,,,1,1,1,1,0,,0,1976/12/4,1979/10/30,34096,0,0,0,0,0,,0
34096,川渡,カワタビ,KAWATABI,川渡,カワタビ,KAWATABI,38.743,140.76,170,6.5,,,38.743,140.76,170,1,1,1,1,1,,0,1979/10/31,1986/12/8,34096,0,0,0,0,0,,0
34096,川渡,カワタビ,KAWATABI,川渡,カワタビ,KAWATABI,38.743,140.76,170,6.5,,,38.743,140.76,170,1,1,1,1,1,,0,1986/12/9,2007/12/20,34096,0,0,0,1,0,,0
34096,川渡,カワタビ,KAWATABI,川渡,カワタビ,KAWATABI,38.743,140.76,170,6.5,,,38.743,140.76,170,1,1,1,1,1,,0,2007/12/21,2008/3/25,34096,0,0,0,4,0,,0
34096,川渡,カワタビ,KAWATABI,川渡,カワタビ,KAWATABI,38.743,140.76,170,6.5,,,38.743,140.76,170,1,1,1,1,1,,0,2008/3/26,2010/1/17,34096,0,4,4,0,0,,0
34096,川渡,カワタビ,KAWATABI,川渡,カワタビ,KAWATABI,38.743,140.76,170,10,,,38.743,140.76,170,1,1,1,1,1,,0,2010/1/18,2021/3/1,34096,0,0,0,0,0,,0
34096,川渡,カワタビ,KAWATABI,川渡,カワタビ,KAWATABI,38.743,140.76,170,10,,,38.743,140.76,170,1,1,1,2,1,,0,2021/3/2,9999-99-99,34096,0,0,0,6,0,,0
34101,花山,ハナヤマ,HANAYAMA,,,,38.773,140.867,150,,,,,,,1,0,0,0,0,,0,1978/8/8,2001/9/27,34101,1,1,1,1,1,,1
34111,築館,ツキダテ,TSUKIDATE,,,,38.735,141.005,25,,,,,,,1,0,0,0,0,,0,1974/11/1,1976/2/22,34111,1,1,1,1,1,,1
34111,築館,ツキダテ,TSUKIDATE,,,,38.735,141.005,25,6.5,,,,,,1,1,1,1,0,,0,1976/2/23,1987/5/6,34111,0,0,0,0,0,,0
34111,築館,ツキダテ,TSUKIDATE,,,,38.735,141.005,25,6.5,,,,,,1,1,1,1,0,,0,1987/5/7,2005/10/24,34111,0,0,0,1,0,,0
34111,築館,ツキダテ,TSUKIDATE,,,,38.735,141.005,25,6.5,,,,,,1,1,1,1,0,,0,2005/10/25,2008/10/29,34111,0,0,0,4,0,,0
34111,築館,ツキダテ,TSUKIDATE,,,,38.735,141.005,25,6.5,,,,,,1,1,1,1,0,,0,2008/10/30,2021/3/1,34111,0,4,4,0,0,,0
34111,築館,ツキダテ,TSUKIDATE,,,,38.735,141.005,25,6.5,,,,,,1,1,1,2,0,,0,2021/3/2,2021/3/14,34111,0,0,0,6,0,,0
34111,築館,ツキダテ,TSUKIDATE,,,,38.735,141.005,25,6.6,,,,,,1,1,1,2,0,,1,2021/3/15,9999-99-99,34111,0,0,0,0,0,,0
34146,箕輪山,ミノワヤマ,MINOWAYAMA,,,,38.663,140.64,680,,,,,,,1,0,0,0,0,,0,1974/11/1,2005/10/12,34146,1,1,1,1,1,,1
34171,米山,ヨネヤマ,YONEYAMA,,,,38.627,141.188,5,,,,,,,1,0,0,0,0,,0,1975/5/21,1976/11/29,34171,1,1,1,1,1,,1
34171,米山,ヨネヤマ,YONEYAMA,,,,38.627,141.188,5,6.5,,,,,,1,1,1,1,0,,0,1976/11/30,1986/3/12,34171,0,0,0,0,0,,0
34171,米山,ヨネヤマ,YONEYAMA,,,,38.627,141.188,5,6.5,,,,,,1,1,1,1,0,,0,1986/3/13,2006/10/30,34171,0,0,0,1,0,,0
34171,米山,ヨネヤマ,YONEYAMA,,,,38.627,141.188,5,6.5,,,,,,1,1,1,1,0,,0,2006/10/31,2008/11/12,34171,0,0,0,4,0,,0
34171,米山,ヨネヤマ,YONEYAMA,,,,38.627,141.188,5,6.5,,,,,,1,1,1,1,0,,0,2008/11/13,2021/3/1,34171,0,4,4,0,0,,0
34171,米山,ヨネヤマ,YONEYAMA,,,,38.627,141.188,5,6.5,,,,,,1,1,1,2,0,,0,2021/3/2,9999-99-99,34171,0,0,0,6,0,,0
34186,志津川,シヅガワ,SHIZUGAWA,,,,38.678,141.45,38,,,,,,,1,0,0,0,0,,0,1974/11/1,1976/12/1,34186,1,1,1,1,1,,1
34186,志津川,シヅガワ,SHIZUGAWA,,,,38.678,141.45,38,6.5,,,,,,1,1,1,1,0,,0,1976/12/2,1987/4/27,34186,0,0,0,0,0,,0
34186,志津川,シヅガワ,SHIZUGAWA,,,,38.678,141.45,38,6.5,,,,,,1,1,1,1,0,,0,1987/4/28,2006/11/20,34186,0,0,0,1,0,,0
34186,志津川,シヅガワ,SHIZUGAWA,,,,38.682,141.448,39,10,,,,,,1,1,1,1,0,,0,2006/11/21,2008/12/1,34186,0,0,0,4,0,,0
34186,志津川,シヅガワ,SHIZUGAWA,,,,38.682,141.448,39,10,,,,,,1,1,1,1,0,,0,2008/12/2,2021/3/1,34186,0,4,4,0,0,,0
34186,志津川,シヅガワ,SHIZUGAWA,,,,38.682,141.448,39,10,,,,,,1,1,1,2,0,,0,2021/3/2,2023/10/18,34186,0,0,0,6,0,,0
34186,志津川,シヅガワ,SHIZUGAWA,,,,38.682,141.448,39,9.9,,,,,,1,1,1,2,0,,1,2023/10/19,9999-99-99,34186,0,0,0,0,0,,0
34206,加美,カミ,KAMI,,,,38.572,140.727,195,,,,,,,1,0,0,0,0,,0,2005/10/21,9999-99-99,34206,1,1,1,1,1,,1
34216,古川,フルカワ,FURUKAWA,,,,38.578,140.95,23,,,,,,,1,0,0,0,0,,0,1974/11/1,1976/12/2,34216,1,1,1,1,1,,1
34216,古川,フルカワ,FURUKAWA,,,,38.578,140.95,23,6.5,,,,,,1,1,1,1,0,,0,1976/12/3,1986/4/21,34216,0,0,0,0,0,,0
34216,古川,フルカワ,FURUKAWA,,,,38.578,140.95,23,6.5,,,,,,1,1,1,1,0,,0,1986/4/22,1988/10/30,34216,0,0,0,1,0,,0
34216,古川,フルカワ,FURUKAWA,古川,フルカワ,FURUKAWA,38.578,140.95,23,6.5,,,38.598,140.912,28,1,1,1,1,1,,0,1988/10/31,1999/3/25,34216,0,0,0,0,0,,0
34216,古川,フルカワ,FURUKAWA,古川,フルカワ,FURUKAWA,38.598,140.912,28,6.5,,,38.598,140.912,28,1,1,1,1,1,,0,1999/3/26,2006/11/1,34216,0,0,0,0,0,,0
34216,古川,フルカワ,FURUKAWA,古川,フルカワ,FURUKAWA,38.598,140.912,28,6.5,,,38.598,140.912,28,1,1,1,1,1,,0,2006/11/2,2008/12/3,34216,0,0,0,4,0,,0
34216,古川,フルカワ,FURUKAWA,古川,フルカワ,FURUKAWA,38.598,140.912,28,6.5,,,38.598,140.912,28,1,1,1,1,1,,0,2008/12/4,2021/3/1,34216,0,4,4,0,0,,0
34216,古川,フルカワ,FURUKAWA,古川,フルカワ,FURUKAWA,38.598,140.912,28,6.5,,,38.598,140.912,28,1,1,1,2,1,,0,2021/3/2,2021/3/18,34216,0,0,0,6,0,,0
34216,古川,フルカワ,FURUKAWA,古川,フルカワ,FURUKAWA,38.598,140.912,28,6.6,,,38.598,140.912,28,1,1,1,2,1,,1,2021/3/19,9999-99-99,34216,0,0,0,0,0,,0
34231,桃生,モノウ,MONO,,,,38.56,141.245,5,,,,,,,1,0,0,0,0,,0,2011/6/14,2011/9/27,34231,1,1,1,1,1,,1
34231,桃生,モノウ,MONO,,,,38.56,141.245,5,5.5,,,,,,1,1,1,0,0,,0,2011/9/28,2021/12/7,34231,0,0,0,0,0,,0
34241,雄勝,オガツ,OGATSU,,,,38.51,141.457,3,,,,,,,1,0,0,0,0,,0,1975/5/13,2011/4/21,34241,1,1,1,1,1,,1
34241,雄勝,オガツ,OGATSU,,,,38.522,141.47,6,,,,,,,1,0,0,0,0,,0,2011/4/22,2012/3/21,34241,0,0,0,0,0,,0
34241,雄勝,オガツ,OGATSU,,,,38.522,141.47,5,,,,,,,1,0,0,0,0,,0,2012/3/22,2017/12/19,34241,0,0,0,0,0,,0
34241,雄勝,オガツ,OGATSU,,,,38.52,141.465,24,,,,,,,1,0,0,0,0,,0,2017/12/20,9999-99-99,34241,0,0,0,0,0,,0
34261,泉ケ岳,イズミガダケ,IZUMIGADAKE,,,,38.41,140.708,1172,,,,,,,1,0,0,0,0,,0,1980/8/8,2005/10/26,34261,1,1,1,1,1,,1
34262,泉ケ岳,イズミガダケ,IZUMIGADAKE,,,,38.407,140.722,630,,,,,,,1,0,0,0,0,,0,2005/10/26,9999-99-99,34262,1,1,1,1,1,,1
34266,大衡,オオヒラ,OHIRA,,,,38.473,140.878,55,,,,,,,1,0,0,0,0,,0,1974/11/1,1976/12/2,34266,1,1,1,1,1,,1
34266,大衡,オオヒラ,OHIRA,,,,38.473,140.878,55,6.5,,,,,,1,1,1,1,0,,0,1976/12/3,1986/9/29,34266,0,0,0,0,0,,0
34266,大衡,オオヒラ,OHIRA,,,,38.473,140.878,55,6.5,,,,,,1,1,1,1,0,,0,1986/9/30,2009/1/15,34266,0,0,0,1,0,,0
34266,大衡,オオヒラ,OHIRA,,,,38.473,140.888,57,10,,,,,,1,1,1,1,0,,0,2009/1/16,2021/3/1,34266,0,4,4,4,0,,0
34266,大衡,オオヒラ,OHIRA,,,,38.473,140.888,57,10,,,,,,1,1,1,2,0,,0,2021/3/2,9999-99-99,34266,0,0,0,6,0,,0
34276,鹿島台,カシマダイ,KASHIMADAI,,,,38.46,141.092,3,,,,,,,1,0,0,0,0,,0,1974/11/1,1976/12/1,34276,1,1,1,1,1,,1
34276,鹿島台,カシマダイ,KASHIMADAI,,,,38.46,141.092,3,6.5,,,,,,1,1,1,1,0,,0,1976/12/2,1986/9/25,34276,0,0,0,0,0,,0
34276,鹿島台,カシマダイ,KASHIMADAI,,,,38.46,141.092,3,6.5,,,,,,1,1,1,1,0,,0,1986/9/26,2009/1/19,34276,0,0,0,1,0,,0
34276,鹿島台,カシマダイ,KASHIMADAI,,,,38.46,141.092,3,6.5,,,,,,1,1,1,1,0,,0,2009/1/20,2010/3/16,34276,0,4,4,4,0,,0
34276,鹿島台,カシマダイ,KASHIMADAI,,,,38.46,141.092,3,10,,,,,,1,1,1,1,0,,0,2010/3/17,2021/3/1,34276,0,0,0,0,0,,0
34276,鹿島台,カシマダイ,KASHIMADAI,,,,38.46,141.092,3,10,,,,,,1,1,1,2,0,,0,2021/3/2,9999-99-99,34276,0,0,0,6,0,,0
34286,東松島,ヒガシマツシマ,HIGASHIMATSUSHIMA,,,,38.427,141.213,4,,,,,,,1,0,0,0,0,,0,2011/6/14,2011/9/25,34286,1,1,1,1,1,,1
34286,東松島,ヒガシマツシマ,HIGASHIMATSUSHIMA,,,,38.427,141.213,4,5.5,,,,,,1,1,1,0,0,,0,2011/9/26,2021/12/7,34286,0,0,0,0,0,,0
34291,石巻,イシノマキ,ISHINOMAKI,,,,38.427,141.298,43,,,,,,,1,0,0,0,0,,0,1974/11/1,1975/12/15,34291,1,1,1,1,1,,1
34291,石巻,イシノマキ,ISHINOMAKI,,,,38.427,141.298,43,13.1,,,,,,1,1,1,1,0,,0,1975/12/16,1986/12/31,34291,0,0,0,0,0,,0
34291,石巻,イシノマキ,ISHINOMAKI,,,,38.427,141.298,43,13.1,,,,,,1,1,1,1,0,,0,1987/1/1,1990/1/25,34291,0,0,0,1,0,,0
34292,石巻,イシノマキ,ISHINOMAKI,,,,38.427,141.298,43,28.5,,,,,,1,1,1,1,0,,0,1990/1/25,2003/2/19,34291,0,1,0,0,0,,0
34292,石巻,イシノマキ,ISHINOMAKI,,,,38.427,141.298,43,28.4,,,,,,1,1,1,1,0,,0,2003/2/20,2003/2/28,34292,0,0,0,0,0,,0
34292,石巻,イシノマキ,ISHINOMAKI,石巻,イシノマキ,ISHINOMAKI,38.427,141.298,43,28.4,,,38.427,141.298,43,1,1,1,1,1,,0,2003/3/1,2008/3/25,34292,0,0,0,0,0,,0
34292,石巻,イシノマキ,ISHINOMAKI,石巻,イシノマキ,ISHINOMAKI,38.427,141.298,43,28.4,,,38.427,141.298,43,1,1,1,1,1,,0,2008/3/26,2014/11/19,34292,0,4,4,0,0,,0
34292,石巻,イシノマキ,ISHINOMAKI,石巻,イシノマキ,ISHINOMAKI,38.427,141.298,43,28.6,,,38.427,141.298,43,1,1,1,1,1,,0,2014/11/20,2021/3/1,34292,0,0,0,0,0,,0
34292,石巻,イシノマキ,ISHINOMAKI,石巻,イシノマキ,ISHINOMAKI,38.427,141.298,43,28.6,,,38.427,141.298,43,1,1,1,1,1,,1,2021/3/2,9999-99-99,34292,0,0,0,0,0,,0
34296,女川,オナガワ,ONAGAWA,,,,38.453,141.44,35,5.5,,,,,,1,1,1,0,0,,0,2011/5/13,2021/3/21,34296,1,5,5,1,1,,1
34296,女川,オナガワ,ONAGAWA,,,,38.447,141.45,38,10,,,,,,1,1,1,2,0,,0,2021/3/22,9999-99-99,34296,0,0,0,7,0,,0
34311,新川,ニッカワ,NIKKAWA,,,,38.303,140.632,267,,,,,,,1,0,0,0,0,,0,1974/11/1,1976/11/29,34311,1,1,1,1,1,,1
34311,新川,ニッカワ,NIKKAWA,,,,38.303,140.632,267,6.5,,,,,,1,1,1,1,0,,0,1976/11/30,1984/9/29,34311,0,0,0,0,0,,0
34311,新川,ニッカワ,NIKKAWA,新川,ニッカワ,NIKKAWA,38.303,140.632,267,6.5,,,38.303,140.635,264,1,1,1,1,1,,0,1984/9/30,1986/9/28,34311,0,0,0,0,0,,0
34311,新川,ニッカワ,NIKKAWA,新川,ニッカワ,NIKKAWA,38.303,140.632,267,6.5,,,38.303,140.635,264,1,1,1,1,1,,0,1986/9/29,1988/9/7,34311,0,0,0,1,0,,0
34311,新川,ニッカワ,NIKKAWA,新川,ニッカワ,NIKKAWA,38.303,140.635,264,6.5,,,38.303,140.635,264,1,1,1,1,1,,0,1988/9/8,2007/12/18,34311,0,0,0,0,0,,0
34311,新川,ニッカワ,NIKKAWA,新川,ニッカワ,NIKKAWA,38.303,140.637,265,10,,,38.303,140.637,265,1,1,1,1,1,,0,2007/12/19,2008/3/25,34311,0,0,0,4,0,,0
34311,新川,ニッカワ,NIKKAWA,新川,ニッカワ,NIKKAWA,38.303,140.637,265,10,,,38.303,140.637,265,1,1,1,1,1,,0,2008/3/26,2021/3/1,34311,0,4,4,0,0,,0
34311,新川,ニッカワ,NIKKAWA,新川,ニッカワ,NIKKAWA,38.303,140.637,265,10,,,38.303,140.637,265,1,1,1,2,1,,0,2021/3/2,2021/3/17,34311,0,0,0,6,0,,0
34311,新川,ニッカワ,NIKKAWA,新川,ニッカワ,NIKKAWA,38.303,140.637,265,10.1,,,38.303,140.637,265,1,1,1,2,1,,1,2021/3/18,9999-99-99,34311,0,0,0,0,0,,0
34331,塩釜,シオガマ,SHIOGAMA,,,,38.338,141.013,105,,,,,,,1,0,0,0,0,,0,1975/5/21,1976/11/29,34331,1,1,1,1,1,,1
34331,塩釜,シオガマ,SHIOGAMA,,,,38.338,141.013,105,6.5,,,,,,1,1,1,1,0,,0,1976/11/30,1986/10/28,34331,0,0,0,0,0,,0
34331,塩釜,シオガマ,SHIOGAMA,,,,38.338,141.013,105,6.5,,,,,,1,1,1,1,0,,0,1986/10/29,2009/1/26,34331,0,0,0,1,0,,0
34331,塩釜,シオガマ,SHIOGAMA,,,,38.338,141.013,105,10,,,,,,1,1,1,1,0,,0,2009/1/27,2021/3/1,34331,0,4,4,4,0,,0
34331,塩釜,シオガマ,SHIOGAMA,,,,38.338,141.013,105,10,,,,,,1,1,1,2,0,,0,2021/3/2,9999-99-99,34331,0,0,0,6,0,,0
34361,江ノ島,エノシマ,ENOSHIMA,,,,38.398,141.597,40,10,,,,,,1,1,1,1,0,,0,1978/10/31,1987/5/25,34361,1,1,1,1,1,,1
34361,江ノ島,エノシマ,ENOSHIMA,,,,38.398,141.597,40,10,,,,,,1,1,1,1,0,,0,1987/5/26,2008/3/17,34361,0,0,0,1,0,,0
34361,江ノ島,エノシマ,ENOSHIMA,,,,38.398,141.597,40,10,,,,,,1,1,1,1,0,,0,2008/3/18,2008/3/25,34361,0,0,0,4,0,,0
34361,江ノ島,エノシマ,ENOSHIMA,,,,38.398,141.597,40,10,,,,,,1,1,1,1,0,,0,2008/3/26,2017/12/12,34361,0,4,4,0,0,,0
34361,江ノ島,エノシマ,ENOSHIMA,,,,38.398,141.597,40,5.4,,,,,,1,1,1,1,0,,0,2017/12/13,2021/3/1,34361,0,0,0,0,0,,0
34361,江ノ島,エノシマ,ENOSHIMA,,,,38.398,141.597,40,5.4,,,,,,1,1,1,2,0,,0,2021/3/2,2021/3/9,34361,0,0,0,6,0,,0
34371,鷹巣山,タカノスヤマ,TAKANOSUYAMA,,,,38.263,140.592,705,,,,,,,1,0,0,0,0,,0,1974/11/1,1996/10/25,34371,1,1,1,1,1,,1
34391,仙台,センダイ,SENDAI,,,,38.262,140.895,38,,,,,,,1,0,0,0,0,,0,1974/11/1,1975/3/11,34391,1,1,1,1,1,,1
34391,仙台,センダイ,SENDAI,,,,38.262,140.895,38,15.9,,,,,,1,1,1,1,0,,0,1975/3/12,1982/2/28,34391,0,0,0,0,0,,0
34392,仙台,センダイ,SENDAI,,,,38.262,140.897,39,52,,,,,,1,1,1,1,0,,0,1982/2/28,1985/12/31,34391,0,1,0,0,0,,0
34392,仙台,センダイ,SENDAI,,,,38.262,140.897,39,52,,,,,,1,1,1,1,0,,0,1986/1/1,1998/12/23,34392,0,0,0,1,0,,0
34392,仙台,センダイ,SENDAI,仙台,センダイ,SENDAI,38.262,140.897,39,52,,,38.262,140.897,39,1,1,1,1,1,,0,1998/12/24,2008/3/25,34392,0,0,0,0,0,,0
34392,仙台,センダイ,SENDAI,仙台,センダイ,SENDAI,38.262,140.897,39,52,,,38.262,140.897,39,1,1,1,1,1,,0,2008/3/26,2011/3/8,34392,0,4,4,0,0,,0
34392,仙台,センダイ,SENDAI,仙台,センダイ,SENDAI,38.262,140.897,39,52.6,,,38.262,140.897,39,1,1,1,1,1,,0,2011/3/9,2021/3/1,34392,0,0,0,0,0,,0
34392,仙台,センダイ,SENDAI,仙台,センダイ,SENDAI,38.262,140.897,39,52.6,,,38.262,140.897,39,1,1,1,1,1,,1,2021/3/2,9999-99-99,34392,0,0,0,0,0,,0
34421,川崎,カワサキ,KAWASAKI,,,,38.18,140.632,200,,,,,,,1,0,0,0,0,,0,1974/11/1,1976/11/25,34421,1,1,1,1,1,,1
34421,川崎,カワサキ,KAWASAKI,,,,38.18,140.632,200,6.5,,,,,,1,1,1,1,0,,0,1976/11/26,1987/4/30,34421,0,0,0,0,0,,0
34421,川崎,カワサキ,KAWASAKI,,,,38.178,140.635,200,6.5,,,,,,1,1,1,1,0,,0,1987/5/1,2005/10/26,34421,0,0,0,1,0,,0
34431,岩沼,イワヌマ,IWANUMA,,,,38.107,140.877,4,,,,,,,1,0,0,0,0,,0,2011/6/14,2021/12/7,34431,1,1,1,1,1,,1
34436,名取,ナトリ,NATORI,,,,38.138,140.917,2,8.3,,,,,,1,1,1,0,0,,0,2003/1/1,2009/1/28,34436,1,1,1,1,1,,1
34436,名取,ナトリ,NATORI,,,,38.138,140.917,2,8.3,,,,,,1,1,1,0,0,,0,2009/1/29,2009/12/13,34436,0,4,4,0,0,,0
34436,名取,ナトリ,NATORI,,,,38.138,140.917,2,8.2,,,,,,1,1,1,0,0,,0,2009/12/14,2012/5/23,34436,0,0,0,0,0,,0
34436,名取,ナトリ,NATORI,,,,38.138,140.917,2,9.7,,,,,,1,1,1,0,0,,0,2012/5/24,2022/3/15,34436,0,0,0,0,0,,0
34436,名取,ナトリ,NATORI,名取,ナトリ,NATORI,38.138,140.917,2,9.9,,,38.138,140.917,2,1,1,1,0,1,,0,2022/3/16,9999-99-99,34436,0,0,0,0,0,,0
34456,不忘山,フボウヤマ,FUBOYAMA,,,,38.072,140.502,1050,,,,,,,1,0,0,0,0,,0,1974/11/1,2009/11/2,34456,1,1,1,1,1,,1
34461,白石,シロイシ,SHIROISHI,,,,38.003,140.608,50,,,,,,,1,0,0,0,0,,0,1974/11/1,1976/11/24,34461,1,1,1,1,1,,1
34461,白石,シロイシ,SHIROISHI,,,,38.015,140.612,86,6.5,,,,,,1,1,1,1,0,,0,1976/11/25,1984/9/29,34461,0,0,0,0,0,,0
34461,白石,シロイシ,SHIROISHI,白石,シロイシ,SHIROISHI,38.015,140.612,86,6.5,,,38.015,140.612,86,1,1,1,1,1,,0,1984/9/30,1986/2/3,34461,0,0,0,0,0,,0
34461,白石,シロイシ,SHIROISHI,白石,シロイシ,SHIROISHI,38.015,140.612,86,6.5,,,38.015,140.612,86,1,1,1,1,1,,0,1986/2/4,2007/12/25,34461,0,0,0,1,0,,0
34461,白石,シロイシ,SHIROISHI,白石,シロイシ,SHIROISHI,38.015,140.612,86,10,,,38.015,140.612,86,1,1,1,1,1,,0,2007/12/26,2008/3/25,34461,0,0,0,4,0,,0
34461,白石,シロイシ,SHIROISHI,白石,シロイシ,SHIROISHI,38.015,140.612,86,10,,,38.015,140.612,86,1,1,1,1,1,,0,2008/3/26,2021/3/1,34461,0,4,4,0,0,,0
34461,白石,シロイシ,SHIROISHI,白石,シロイシ,SHIROISHI,38.015,140.612,86,10,,,38.015,140.612,86,1,1,1,2,1,,0,2021/3/2,2021/3/15,34461,0,0,0,6,0,,0
34461,白石,シロイシ,SHIROISHI,白石,シロイシ,SHIROISHI,38.015,140.612,86,10.1,,,38.015,140.612,86,1,1,1,2,1,,1,2021/3/16,9999-99-99,34461,0,0,0,0,0,,0
34462,蔵王,ザオウ,ZAO,,,,38.127,140.68,112,6.5,,,,,,1,1,1,1,0,,0,2005/10/27,2008/10/27,34462,1,1,1,5,1,,1
34462,蔵王,ザオウ,ZAO,,,,38.127,140.68,112,6.5,,,,,,1,1,1,1,0,,0,2008/10/28,2021/3/1,34462,0,4,4,0,0,,0
34462,蔵王,ザオウ,ZAO,,,,38.127,140.68,112,6.5,,,,,,1,1,1,2,0,,0,2021/3/2,2021/3/16,34462,0,0,0,6,0,,0
34462,蔵王,ザオウ,ZAO,,,,38.127,140.68,112,6.6,,,,,,1,1,1,2,0,,1,2021/3/17,9999-99-99,34462,0,0,0,0,0,,0
34471,亘理,ワタリ,WATARI,,,,38.032,140.85,8,,,,,,,1,0,0,0,0,,0,1974/11/1,1976/11/28,34471,1,1,1,1,1,,1
34471,亘理,ワタリ,WATARI,,,,38.032,140.85,8,6.5,,,,,,1,1,1,1,0,,0,1976/11/29,1986/2/3,34471,0,0,0,0,0,,0
34471,亘理,ワタリ,WATARI,,,,38.032,140.85,8,6.5,,,,,,1,1,1,1,0,,0,1986/2/4,2007/12/18,34471,0,0,0,1,0,,0
34471,亘理,ワタリ,WATARI,,,,38.025,140.858,4,10,,,,,,1,1,1,1,0,,0,2007/12/19,2008/3/25,34471,0,0,0,4,0,,0
34471,亘理,ワタリ,WATARI,,,,38.025,140.858,4,10,,,,,,1,1,1,1,0,,0,2008/3/26,2021/3/1,34471,0,4,4,0,0,,0
34471,亘理,ワタリ,WATARI,,,,38.025,140.858,4,10,,,,,,1,1,1,2,0,,0,2021/3/2,9999-99-99,34471,0,0,0,6,0,,0
34506,丸森,マルモリ,MARUMORI,,,,37.932,140.778,18,6.5,,,,,,1,1,1,1,0,,0,1977/11/4,1987/5/5,34506,1,1,1,1,1,,1
34506,丸森,マルモリ,MARUMORI,,,,37.932,140.778,18,6.5,,,,,,1,1,1,1,0,,0,1987/5/6,2009/1/21,34506,0,0,0,1,0,,0
34506,丸森,マルモリ,MARUMORI,,,,37.932,140.778,18,10,,,,,,1,1,1,1,0,,0,2009/1/22,2021/3/1,34506,0,4,4,4,0,,0
34506,丸森,マルモリ,MARUMORI,,,,37.932,140.778,18,10,,,,,,1,1,1,2,0,,0,2021/3/2,9999-99-99,34506,0,0,0,6,0,,0
34526,筆甫,ヒッポ,HIPPO,,,,37.827,140.728,305,,,,,,,1,0,0,0,0,,0,1978/11/11,9999-99-99,34526,1,1,1,1,1,,1
34905,,,,栗駒,クリコマ,KURIKOMA,,,,,,,38.94,140.817,850,0,0,0,0,1,,0,1983/9/30,1997/4/28,34905,1,1,1,1,1,,1
35001,飛島,トビシマ,TOBISHIMA,,,,39.183,139.542,58,6.5,,,,,,1,1,1,1,0,,0,1978/10/31,1986/8/10,35001,1,1,1,1,1,,1
35001,飛島,トビシマ,TOBISHIMA,,,,39.183,139.542,58,6.5,,,,,,1,1,1,1,0,,0,1986/8/11,1987/11/10,35001,0,0,0,1,0,,0
35002,飛島,トビシマ,TOBISHIMA,,,,39.183,139.543,58,20.5,,,,,,1,1,1,1,0,,0,1987/11/10,2005/12/15,35001,0,1,0,0,0,,0
35002,飛島,トビシマ,TOBISHIMA,,,,39.183,139.543,58,20.5,,,,,,1,1,1,1,0,,0,2005/12/16,2008/10/2,35002,0,0,0,4,0,,0
35002,飛島,トビシマ,TOBISHIMA,,,,39.183,139.543,58,20.5,,,,,,1,1,1,1,0,,0,2008/10/3,2021/3/1,35002,0,4,4,0,0,,0
35002,飛島,トビシマ,TOBISHIMA,,,,39.183,139.543,58,20.5,,,,,,1,1,1,2,0,,0,2021/3/2,2021/8/31,35002,0,0,0,6,0,,0
35002,飛島,トビシマ,TOBISHIMA,,,,39.183,139.543,58,20.4,,,,,,1,1,1,2,0,,1,2021/9/1,9999-99-99,35002,0,0,0,0,0,,0
35031,鳥海山,チョウカイサン,CHOKAISAN,,,,39.067,140.037,1199,,,,,,,1,0,0,0,0,,0,1974/11/1,2009/11/2,35031,1,1,1,1,1,,1
35051,酒田,サカタ,SAKATA,,,,38.908,139.842,3,,,,,,,1,0,0,0,0,,0,1974/11/1,1975/3/17,35051,1,1,1,1,1,,1
35051,酒田,サカタ,SAKATA,,,,38.908,139.842,3,14.6,,,,,,1,1,1,1,0,,0,1975/3/18,1984/2/9,35051,0,0,0,0,0,,0
35052,酒田,サカタ,SAKATA,,,,38.908,139.843,3,26.8,,,,,,1,1,1,1,0,,0,1984/2/9,1985/12/31,35051,0,1,0,0,0,,0
35052,酒田,サカタ,SAKATA,,,,38.908,139.843,3,26.8,,,,,,1,1,1,1,0,,0,1986/1/1,1998/1/28,35052,0,0,0,1,0,,0
35052,酒田,サカタ,SAKATA,,,,38.908,139.843,3,26.4,,,,,,1,1,1,1,0,,0,1998/1/29,1998/3/1,35052,0,0,0,0,0,,0
35052,酒田,サカタ,SAKATA,酒田,サカタ,SAKATA,38.908,139.843,3,26.4,,,38.908,139.843,3,1,1,1,1,1,,0,1998/3/2,2008/3/25,35052,0,0,0,0,0,,0
35052,酒田,サカタ,SAKATA,酒田,サカタ,SAKATA,38.908,139.843,3,26.4,,,38.908,139.843,3,1,1,1,1,1,,0,2008/3/26,2011/8/24,35052,0,4,4,0,0,,0
35052,酒田,サカタ,SAKATA,酒田,サカタ,SAKATA,38.908,139.843,3,26.6,,,38.908,139.843,3,1,1,1,1,1,,0,2011/8/25,2021/3/1,35052,0,0,0,0,0,,0
35052,酒田,サカタ,SAKATA,酒田,サカタ,SAKATA,38.908,139.843,3,26.6,,,38.908,139.843,3,1,1,1,1,1,,1,2021/3/2,9999-99-99,35052,0,0,0,0,0,,0
35056,酒田大沢,サカタオオサワ,SAKATAOSAWA,,,,38.965,139.998,65,,,,,,,1,0,0,0,0,,0,2017/12/20,9999-99-99,35056,1,1,1,1,1,,1
35061,上草津,カミクサツ,KAMIKUSATSU,,,,38.995,140.028,178,,,,,,,1,0,0,0,0,,0,1975/5/23,2017/12/20,35061,1,1,1,1,1,,1
35066,差首鍋,サスナベ,SASUNABE,,,,38.94,140.183,122,,,,,,,1,1,1,1,0,,0,1974/11/1,1976/11/30,35066,1,1,1,1,1,,1
35071,差首鍋,サスナベ,SASUNABE,,,,38.92,140.198,90,6.5,,,,,,1,1,1,1,0,,0,1976/11/30,1987/11/10,35071,1,1,1,1,1,,1
35071,差首鍋,サスナベ,SASUNABE,,,,38.92,140.198,90,6.5,,,,,,1,1,1,1,0,,0,1987/11/11,2000/2/28,35071,0,0,0,1,0,,0
35071,差首鍋,サスナベ,SASUNABE,,,,38.918,140.2,88,9,,,,,,1,1,1,1,0,,0,2000/2/29,2006/10/12,35071,0,0,0,0,0,,0
35071,差首鍋,サスナベ,SASUNABE,,,,38.918,140.2,88,9,,,,,,1,1,1,1,0,,0,2006/10/13,2008/11/19,35071,0,0,0,4,0,,0
35071,差首鍋,サスナベ,SASUNABE,,,,38.918,140.2,88,9,,,,,,1,1,1,1,0,,0,2008/11/20,2021/3/1,35071,0,4,4,0,0,,0
35071,差首鍋,サスナベ,SASUNABE,,,,38.918,140.2,88,9,,,,,,1,1,1,2,0,,0,2021/3/2,2023/10/24,35071,0,0,0,6,0,,0
35071,差首鍋,サスナベ,SASUNABE,,,,38.918,140.2,88,8.9,,,,,,1,1,1,2,0,,1,2023/10/25,9999-99-99,35071,0,0,0,0,0,,0
35076,太平山,タイヘイザン,TAIHEIZAN,,,,38.902,140.385,509,,,,,,,1,0,0,0,0,,0,1974/11/1,1998/1/29,35076,1,1,1,1,1,,1
35086,浜中,ハマナカ,HAMANAKA,,,,38.812,139.787,22,10,,,,,,1,1,1,0,0,,0,2003/1/1,2009/1/29,35086,1,1,1,1,1,,1
35086,浜中,ハマナカ,HAMANAKA,,,,38.812,139.787,22,10,,,,,,1,1,1,0,0,,0,2009/1/30,9999-99-99,35086,0,4,4,0,0,,0
35116,金山,カネヤマ,KANEYAMA,,,,38.878,140.332,65,,,,,,,1,0,0,0,0,,0,1974/11/1,1976/11/28,35116,1,1,1,1,1,,1
35116,金山,カネヤマ,KANEYAMA,,,,38.878,140.332,65,8.5,,,,,,1,1,1,1,0,,0,1976/11/29,1982/10/30,35116,0,0,0,0,0,,0
35116,金山,カネヤマ,KANEYAMA,金山,カネヤマ,KANEYAMA,38.878,140.332,65,8.5,,,38.878,140.332,170,1,1,1,1,1,,0,1982/10/31,1983/10/10,35116,0,0,0,0,0,,0
35116,金山,カネヤマ,KANEYAMA,金山,カネヤマ,KANEYAMA,38.878,140.332,170,6.5,,,38.878,140.332,170,1,1,1,1,1,,0,1983/10/11,1986/5/13,35116,0,0,0,0,0,,0
35116,金山,カネヤマ,KANEYAMA,金山,カネヤマ,KANEYAMA,38.878,140.332,170,6.5,,,38.878,140.332,170,1,1,1,1,1,,0,1986/5/14,2008/11/25,35116,0,0,0,1,0,,0
35116,金山,カネヤマ,KANEYAMA,金山,カネヤマ,KANEYAMA,38.878,140.332,170,6.5,,,38.878,140.332,170,1,1,1,1,1,,0,2008/11/26,2009/12/8,35116,0,4,4,4,0,,0
35116,金山,カネヤマ,KANEYAMA,金山,カネヤマ,KANEYAMA,38.878,140.332,170,10,,,38.878,140.332,170,1,1,1,1,1,,0,2009/12/9,2021/3/1,35116,0,0,0,0,0,,0
35116,金山,カネヤマ,KANEYAMA,金山,カネヤマ,KANEYAMA,38.878,140.332,170,10,,,38.878,140.332,170,1,1,1,2,1,,0,2021/3/2,9999-99-99,35116,0,0,0,6,0,,0
35141,鶴岡,ツルオカ,TSURUOKA,,,,38.735,139.828,16,,,,,,,1,0,0,0,0,,0,1974/11/1,1976/12/1,35141,1,1,1,1,1,,1
35141,鶴岡,ツルオカ,TSURUOKA,,,,38.735,139.828,16,6.5,,,,,,1,1,1,1,0,,0,1976/12/2,1986/11/10,35141,0,0,0,0,0,,0
35141,鶴岡,ツルオカ,TSURUOKA,,,,38.735,139.828,16,6.5,,,,,,1,1,1,1,0,,0,1986/11/11,2005/11/24,35141,0,0,0,1,0,,0
35141,鶴岡,ツルオカ,TSURUOKA,,,,38.735,139.828,16,6.5,,,,,,1,1,1,1,0,,0,2005/11/25,2008/10/6,35141,0,0,0,4,0,,0
35141,鶴岡,ツルオカ,TSURUOKA,,,,38.735,139.828,16,6.5,,,,,,1,1,1,1,0,,0,2008/10/7,2021/3/1,35141,0,4,4,0,0,,0
35141,鶴岡,ツルオカ,TSURUOKA,,,,38.735,139.828,16,6.5,,,,,,1,1,1,2,0,,0,2021/3/2,2021/3/21,35141,0,0,0,6,0,,0
35141,鶴岡,ツルオカ,TSURUOKA,,,,38.735,139.828,16,10.1,,,,,,1,1,1,2,0,,1,2021/3/22,9999-99-99,35141,0,0,0,0,0,,0
35146,狩川,カリカワ,KARIKAWA,,,,38.8,139.973,17,,,,,,,1,0,0,0,0,,0,1974/11/1,1976/12/1,35146,1,1,1,1,1,,1
35146,狩川,カリカワ,KARIKAWA,,,,38.8,139.973,17,6.5,,,,,,1,1,1,1,0,,0,1976/12/2,1979/10/30,35146,0,0,0,0,0,,0
35146,狩川,カリカワ,KARIKAWA,狩川,カリカワ,KARIKAWA,38.8,139.973,17,6.5,,,38.8,139.973,17,1,1,1,1,1,,0,1979/10/31,1986/11/16,35146,0,0,0,0,0,,0
35146,狩川,カリカワ,KARIKAWA,狩川,カリカワ,KARIKAWA,38.8,139.973,17,6.5,,,38.8,139.973,17,1,1,1,1,1,,0,1986/11/17,2006/10/10,35146,0,0,0,1,0,,0
35146,狩川,カリカワ,KARIKAWA,狩川,カリカワ,KARIKAWA,38.8,139.973,17,10,,,38.8,139.973,17,1,1,1,1,1,,0,2006/10/11,2008/11/17,35146,0,0,0,4,0,,0
35146,狩川,カリカワ,KARIKAWA,狩川,カリカワ,KARIKAWA,38.8,139.973,17,10,,,38.8,139.973,17,1,1,1,1,1,,0,2008/11/18,2021/3/1,35146,0,4,4,0,0,,0
35146,狩川,カリカワ,KARIKAWA,狩川,カリカワ,KARIKAWA,38.8,139.973,17,10,,,38.8,139.973,17,1,1,1,2,1,,0,2021/3/2,2023/10/16,35146,0,0,0,6,0,,0
35146,狩川,カリカワ,KARIKAWA,狩川,カリカワ,KARIKAWA,38.8,139.973,17,9.9,,,38.8,139.973,17,1,1,1,2,1,,1,2023/10/17,9999-99-99,35146,0,0,0,0,0,,0
35161,新庄,シンジョウ,SHINJO,,,,38.745,140.293,94,,,,,,,1,0,0,0,0,,0,1974/11/1,1975/12/12,35161,1,1,1,1,1,,1
35161,新庄,シンジョウ,SHINJO,,,,38.745,140.293,94,10.8,,,,,,1,1,1,1,0,,0,1975/12/13,1985/10/31,35161,0,0,0,0,0,,0
35162,新庄,シンジョウ,SHINJO,,,,38.757,140.312,105,30.8,,,,,,1,1,1,1,0,,0,1985/11/1,1985/12/31,35161,0,1,0,0,0,,0
35162,新庄,シンジョウ,SHINJO,,,,38.757,140.312,105,30.8,,,,,,1,1,1,1,0,,0,1986/1/1,1998/3/1,35162,0,0,0,1,0,,0
35162,新庄,シンジョウ,SHINJO,新庄,シンジョウ,SHINJO,38.757,140.312,105,30.8,,,38.757,140.312,105,1,1,1,1,1,,0,1998/3/2,2008/3/25,35162,0,0,0,0,0,,0
35162,新庄,シンジョウ,SHINJO,新庄,シンジョウ,SHINJO,38.757,140.312,105,30.8,,,38.757,140.312,105,1,1,1,1,1,,0,2008/3/26,2011/10/19,35162,0,4,4,0,0,,0
35162,新庄,シンジョウ,SHINJO,新庄,シンジョウ,SHINJO,38.757,140.312,105,31.6,,,38.757,140.312,105,1,1,1,1,1,,0,2011/10/20,2021/3/1,35162,0,0,0,0,0,,0
35162,新庄,シンジョウ,SHINJO,新庄,シンジョウ,SHINJO,38.757,140.312,105,31.6,,,38.757,140.312,105,1,1,1,1,1,,1,2021/3/2,9999-99-99,35162,0,0,0,0,0,,0
35171,瀬見,セミ,SEMI,,,,38.755,140.413,150,,,,,,,1,0,0,0,0,,0,1974/11/1,9999-99-99,35171,1,1,1,1,1,,1
35176,向町,ムカイマチ,MUKAIMACHI,,,,38.758,140.517,212,,,,,,,1,0,0,0,0,,0,1974/12/18,1976/11/25,35176,1,1,1,1,1,,1
35176,向町,ムカイマチ,MUKAIMACHI,,,,38.758,140.517,212,6.5,,,,,,1,1,1,1,0,,0,1976/11/26,1983/9/29,35176,0,0,0,0,0,,0
35176,向町,ムカイマチ,MUKAIMACHI,向町,ムカイマチ,MUKAIMACHI,38.758,140.517,212,6.5,,,38.758,140.517,212,1,1,1,1,1,,0,1983/9/30,1987/11/11,35176,0,0,0,0,0,,0
35176,向町,ムカイマチ,MUKAIMACHI,向町,ムカイマチ,MUKAIMACHI,38.758,140.517,212,6.5,,,38.758,140.517,212,1,1,1,1,1,,0,1987/11/12,2006/10/16,35176,0,0,0,1,0,,0
35176,向町,ムカイマチ,MUKAIMACHI,向町,ムカイマチ,MUKAIMACHI,38.758,140.517,212,10,,,38.758,140.517,212,1,1,1,1,1,,0,2006/10/17,2008/11/10,35176,0,0,0,4,0,,0
35176,向町,ムカイマチ,MUKAIMACHI,向町,ムカイマチ,MUKAIMACHI,38.758,140.517,212,10,,,38.758,140.517,212,1,1,1,1,1,,0,2008/11/11,2021/3/1,35176,0,4,4,0,0,,0
35176,向町,ムカイマチ,MUKAIMACHI,向町,ムカイマチ,MUKAIMACHI,38.758,140.517,212,10,,,38.758,140.517,212,1,1,1,2,1,,0,2021/3/2,2023/10/15,35176,0,0,0,6,0,,0
35176,向町,ムカイマチ,MUKAIMACHI,向町,ムカイマチ,MUKAIMACHI,38.758,140.517,212,9.9,,,38.758,140.517,212,1,1,1,2,1,,1,2023/10/16,9999-99-99,35176,0,0,0,0,0,,0
35191,温海岳,アツミダケ,ATSUMIDAKE,,,,38.628,139.63,620,,,,,,,1,0,0,0,0,,0,1974/11/1,2009/11/2,35191,1,1,1,1,1,,1
35201,櫛引,クシビキ,KUSHIBIKI,,,,38.672,139.848,33,,,,,,,1,0,0,0,0,,0,1974/11/1,1982/10/30,35201,1,1,1,1,1,,1
35201,櫛引,クシビキ,KUSHIBIKI,櫛引,クシビキ,KUSHIBIKI,38.672,139.848,33,,,,38.672,139.848,33,1,0,0,0,1,,0,1982/10/31,9999-99-99,35201,0,0,0,0,0,,0
35202,落合,オチアイ,OCHIAI,,,,38.605,139.835,99,,,,,,,1,0,0,0,0,,0,1977/7/5,1977/11/2,35202,1,1,1,1,1,,1
35216,肘折,ヒジオリ,HIJIORI,,,,38.61,140.155,365,8.5,,,,,,1,1,1,1,0,,0,1976/11/27,1982/10/30,35216,1,1,1,1,1,,1
35216,肘折,ヒジオリ,HIJIORI,肘折,ヒジオリ,HIJIORI,38.61,140.155,365,8.5,,,38.61,140.155,365,1,1,1,1,1,,0,1982/10/31,1986/8/27,35216,0,0,0,0,0,,0
35216,肘折,ヒジオリ,HIJIORI,肘折,ヒジオリ,HIJIORI,38.61,140.155,365,8.5,,,38.61,140.155,365,1,1,1,1,1,,0,1986/8/28,2000/11/29,35216,0,0,0,1,0,,0
35216,肘折,ヒジオリ,HIJIORI,肘折,ヒジオリ,HIJIORI,38.607,140.163,330,8.5,,,38.607,140.163,330,1,1,1,1,1,,0,2000/11/30,2009/9/7,35216,0,0,0,0,0,,0
35216,肘折,ヒジオリ,HIJIORI,肘折,ヒジオリ,HIJIORI,38.607,140.163,330,8.5,,,38.607,140.163,330,1,1,1,1,1,,0,2009/9/8,2021/3/1,35216,0,4,4,4,0,,0
35216,肘折,ヒジオリ,HIJIORI,肘折,ヒジオリ,HIJIORI,38.607,140.163,330,8.5,,,38.607,140.163,330,1,1,1,2,1,,0,2021/3/2,9999-99-99,35216,0,0,0,6,0,,0
35231,尾花沢,オバナザワ,OBANAZAWA,,,,38.602,140.405,98,,,,,,,1,0,0,0,0,,0,1975/5/23,1976/3/7,35231,1,1,1,1,1,,1
35231,尾花沢,オバナザワ,OBANAZAWA,,,,38.602,140.405,98,6.5,,,,,,1,1,1,1,0,,0,1976/3/8,1979/3/28,35231,0,0,0,0,0,,0
35231,尾花沢,オバナザワ,OBANAZAWA,,,,38.608,140.413,110,6.5,,,,,,1,1,1,1,0,,0,1979/3/29,1979/10/30,35231,0,0,0,0,0,,0
35231,尾花沢,オバナザワ,OBANAZAWA,尾花沢,オバナザワ,OBANAZAWA,38.608,140.413,110,6.5,,,38.608,140.413,110,1,1,1,1,1,,0,1979/10/31,1987/4/27,35231,0,0,0,0,0,,0
35231,尾花沢,オバナザワ,OBANAZAWA,尾花沢,オバナザワ,OBANAZAWA,38.608,140.413,110,6.5,,,38.608,140.413,110,1,1,1,1,1,,0,1987/4/28,2003/5/28,35231,0,0,0,1,0,,0
35231,尾花沢,オバナザワ,OBANAZAWA,尾花沢,オバナザワ,OBANAZAWA,38.608,140.412,106,9,,,38.608,140.412,106,1,1,1,1,1,,0,2003/5/29,2005/11/28,35231,0,0,0,0,0,,0
35231,尾花沢,オバナザワ,OBANAZAWA,尾花沢,オバナザワ,OBANAZAWA,38.608,140.412,106,9,,,38.608,140.412,106,1,1,1,1,1,,0,2005/11/29,2008/10/14,35231,0,0,0,4,0,,0
35231,尾花沢,オバナザワ,OBANAZAWA,尾花沢,オバナザワ,OBANAZAWA,38.608,140.412,106,9,,,38.608,140.412,106,1,1,1,1,1,,0,2008/10/15,2021/3/1,35231,0,4,4,0,0,,0
35231,尾花沢,オバナザワ,OBANAZAWA,尾花沢,オバナザワ,OBANAZAWA,38.608,140.412,106,9,,,38.608,140.412,106,1,1,1,2,1,,0,2021/3/2,2021/9/12,35231,0,0,0,6,0,,0
35231,尾花沢,オバナザワ,OBANAZAWA,尾花沢,オバナザワ,OBANAZAWA,38.608,140.412,106,8.9,,,38.608,140.412,106,1,1,1,2,1,,1,2021/9/13,9999-99-99,35231,0,0,0,0,0,,0
35246,鼠ケ関,ネズガセキ,NEZUGASEKI,,,,38.555,139.555,7,,,,,,,1,0,0,0,0,,0,1975/5/23,1976/12/2,35246,1,1,1,1,1,,1
35246,鼠ケ関,ネズガセキ,NEZUGASEKI,,,,38.555,139.555,7,6.5,,,,,,1,1,1,1,0,,0,1976/12/3,1987/9/2,35246,0,0,0,0,0,,0
35246,鼠ケ関,ネズガセキ,NEZUGASEKI,,,,38.555,139.555,7,6.5,,,,,,1,1,1,1,0,,0,1987/9/3,2005/10/27,35246,0,0,0,1,0,,0
35246,鼠ケ関,ネズガセキ,NEZUGASEKI,,,,38.555,139.555,7,6.5,,,,,,1,1,1,1,0,,0,2005/10/28,2008/7/14,35246,0,0,0,4,0,,0
35246,鼠ケ関,ネズガセキ,NEZUGASEKI,,,,38.567,139.552,18,10,,,,,,1,1,1,1,0,,0,2008/7/15,2008/10/8,35246,0,0,0,0,0,,0
35246,鼠ケ関,ネズガセキ,NEZUGASEKI,,,,38.567,139.552,18,10,,,,,,1,1,1,1,0,,0,2008/10/9,2021/3/1,35246,0,4,4,0,0,,0
35246,鼠ケ関,ネズガセキ,NEZUGASEKI,,,,38.567,139.552,18,10,,,,,,1,1,1,2,0,,0,2021/3/2,2021/3/22,35246,0,0,0,6,0,,0
35246,鼠ケ関,ネズガセキ,NEZUGASEKI,,,,38.567,139.552,18,10.2,,,,,,1,1,1,2,0,,1,2021/3/23,9999-99-99,35246,0,0,0,0,0,,0
35256,荒沢,アラサワ,ARASAWA,,,,38.508,139.782,272,,,,,,,1,0,0,0,0,,0,1979/4/11,9999-99-99,35256,1,1,1,1,1,,1
35271,月山,ガッサン,GASSAN,,,,38.527,140.045,1370,,,,,,,1,0,0,0,0,,0,1974/11/1,1984/10/1,35271,1,1,1,1,1,,1
35296,銀山,ギンザン,GINZAN,,,,38.562,140.527,440,,,,,,,1,0,0,0,0,,0,1974/11/1,2005/10/25,35296,1,1,1,1,1,,1
35321,月山,ガッサン,GASSAN,,,,38.498,140.102,770,,,,,,,1,0,0,0,0,,0,1985/6/28,2009/11/2,35321,1,1,1,1,1,,1
35331,楯岡,タテオカ,TATEOKA,,,,38.475,140.393,95,,,,,,,1,0,0,0,0,,0,1974/11/1,1976/11/24,35331,1,1,1,1,1,,1
35331,楯岡,タテオカ,TATEOKA,,,,38.475,140.393,95,6.5,,,,,,1,1,1,1,0,,0,1976/11/25,1987/11/9,35331,0,0,0,0,0,,0
35331,楯岡,タテオカ,TATEOKA,,,,38.475,140.393,95,6.5,,,,,,1,1,1,1,0,,0,1987/11/10,1991/11/14,35331,0,0,0,1,0,,0
35331,楯岡,タテオカ,TATEOKA,,,,38.473,140.398,118,6.5,,,,,,1,1,1,1,0,,0,1991/11/15,2002/6/4,35331,0,0,0,0,0,,0
35332,村山,ムラヤマ,MURAYAMA,,,,38.46,140.348,80,6.5,,,,,,1,1,1,1,0,,0,2002/6/4,2006/10/19,35332,1,1,1,1,1,,1
35332,村山,ムラヤマ,MURAYAMA,,,,38.46,140.348,80,6.5,,,,,,1,1,1,1,0,,0,2006/10/20,2008/11/12,35332,0,0,0,4,0,,0
35332,村山,ムラヤマ,MURAYAMA,,,,38.46,140.348,80,6.5,,,,,,1,1,1,1,0,,0,2008/11/13,2021/3/1,35332,0,4,4,0,0,,0
35332,村山,ムラヤマ,MURAYAMA,,,,38.46,140.348,80,6.5,,,,,,1,1,1,2,0,,0,2021/3/2,2021/3/23,35332,0,0,0,6,0,,0
35332,村山,ムラヤマ,MURAYAMA,,,,38.46,140.348,80,6.7,,,,,,1,1,1,2,0,,1,2021/3/24,9999-99-99,35332,0,0,0,0,0,,0
35334,東根,ヒガシネ,HIGASHINE,,,,38.412,140.37,105,8,,,,,,1,1,1,0,0,,0,2003/1/1,2009/1/28,35334,1,1,1,1,1,,1
35334,東根,ヒガシネ,HIGASHINE,,,,38.412,140.37,105,8,,,,,,1,1,1,0,0,,0,2009/1/29,2017/11/8,35334,0,4,4,0,0,,0
35334,東根,ヒガシネ,HIGASHINE,,,,38.412,140.37,105,10,,,,,,1,1,1,0,0,,0,2017/11/9,9999-99-99,35334,0,0,0,0,0,,0
35361,大井沢,オオイサワ,OISAWA,,,,38.39,139.993,440,8.5,,,,,,1,1,1,1,0,,0,1978/10/31,1979/10/30,35361,1,1,1,1,1,,1
35361,大井沢,オオイサワ,OISAWA,大井沢,オオイサワ,OISAWA,38.39,139.993,440,8.5,,,38.39,139.993,440,1,1,1,1,1,,0,1979/10/31,1987/11/29,35361,0,0,0,0,0,,0
35361,大井沢,オオイサワ,OISAWA,大井沢,オオイサワ,OISAWA,38.39,139.993,440,8.5,,,38.39,139.993,440,1,1,1,1,1,,0,1987/11/30,2009/9/10,35361,0,0,0,1,0,,0
35361,大井沢,オオイサワ,OISAWA,大井沢,オオイサワ,OISAWA,38.39,139.993,440,10,,,38.39,139.993,440,1,1,1,1,1,,0,2009/9/11,2021/3/1,35361,0,4,4,4,0,,0
35361,大井沢,オオイサワ,OISAWA,大井沢,オオイサワ,OISAWA,38.39,139.993,440,10,,,38.39,139.993,440,1,1,1,2,1,,0,2021/3/2,9999-99-99,35361,0,0,0,6,0,,0
35376,左沢,アテラザワ,ATERAZAWA,,,,38.38,140.205,115,,,,,,,1,0,0,0,0,,0,1974/11/1,1976/12/2,35376,1,1,1,1,1,,1
35376,左沢,アテラザワ,ATERAZAWA,,,,38.38,140.205,115,6.5,,,,,,1,1,1,1,0,,0,1976/12/3,1979/10/10,35376,0,0,0,0,0,,0
35376,左沢,アテラザワ,ATERAZAWA,,,,38.372,140.185,137,6.5,,,,,,1,1,1,1,0,,0,1979/10/11,1982/10/30,35376,0,0,0,0,0,,0
35376,左沢,アテラザワ,ATERAZAWA,左沢,アテラザワ,ATERAZAWA,38.372,140.185,137,6.5,,,38.37,140.192,133,1,1,1,1,1,,0,1982/10/31,1986/10/30,35376,0,0,0,0,0,,0
35376,左沢,アテラザワ,ATERAZAWA,左沢,アテラザワ,ATERAZAWA,38.37,140.192,133,6.5,,,38.37,140.192,133,1,1,1,1,1,,0,1986/10/31,1987/11/10,35376,0,0,0,0,0,,0
35376,左沢,アテラザワ,ATERAZAWA,左沢,アテラザワ,ATERAZAWA,38.37,140.192,133,6.5,,,38.37,140.192,133,1,1,1,1,1,,0,1987/11/11,2007/12/17,35376,0,0,0,1,0,,0
35376,左沢,アテラザワ,ATERAZAWA,左沢,アテラザワ,ATERAZAWA,38.37,140.192,133,6.5,,,38.37,140.192,133,1,1,1,1,1,,0,2007/12/18,2008/3/25,35376,0,0,0,4,0,,0
35376,左沢,アテラザワ,ATERAZAWA,左沢,アテラザワ,ATERAZAWA,38.37,140.192,133,6.5,,,38.37,140.192,133,1,1,1,1,1,,0,2008/3/26,2021/3/1,35376,0,4,4,0,0,,0
35376,左沢,アテラザワ,ATERAZAWA,左沢,アテラザワ,ATERAZAWA,38.37,140.192,133,6.5,,,38.37,140.192,133,1,1,1,2,1,,0,2021/3/2,9999-99-99,35376,0,0,0,6,0,,0
35416,白鷹山,シラタカヤマ,SHIRATAKAYAMA,,,,38.222,140.185,860,,,,,,,1,0,0,0,0,,0,1985/7/11,2009/11/2,35416,1,1,1,1,1,,1
35426,山形,ヤマガタ,YAMAGATA,,,,38.255,140.345,153,,,,,,,1,0,0,0,0,,0,1974/11/1,1975/3/16,35426,1,1,1,1,1,,1
35426,山形,ヤマガタ,YAMAGATA,,,,38.255,140.345,153,13.8,,,,,,1,1,1,1,0,,0,1975/3/17,1985/12/31,35426,0,0,0,0,0,,0
35426,山形,ヤマガタ,YAMAGATA,,,,38.255,140.345,153,13.8,,,,,,1,1,1,1,0,,0,1986/1/1,1998/3/1,35426,0,0,0,1,0,,0
35426,山形,ヤマガタ,YAMAGATA,山形,ヤマガタ,YAMAGATA,38.255,140.345,153,13.8,,,38.255,140.345,153,1,1,1,1,1,,0,1998/3/2,2008/3/25,35426,0,0,0,0,0,,0
35426,山形,ヤマガタ,YAMAGATA,山形,ヤマガタ,YAMAGATA,38.255,140.345,153,13.8,,,38.255,140.345,153,1,1,1,1,1,,0,2008/3/26,2011/8/3,35426,0,4,4,0,0,,0
35426,山形,ヤマガタ,YAMAGATA,山形,ヤマガタ,YAMAGATA,38.255,140.345,153,14.7,,,38.255,140.345,153,1,1,1,1,1,,0,2011/8/4,2011/12/19,35426,0,0,0,0,0,,0
35426,山形,ヤマガタ,YAMAGATA,山形,ヤマガタ,YAMAGATA,38.255,140.345,153,14.9,,,38.255,140.345,153,1,1,1,1,1,,0,2011/12/20,2021/3/1,35426,0,0,0,0,0,,0
35426,山形,ヤマガタ,YAMAGATA,山形,ヤマガタ,YAMAGATA,38.255,140.345,153,14.9,,,38.255,140.345,153,1,1,1,1,1,,1,2021/3/2,9999-99-99,35426,0,0,0,0,0,,0
35451,葉山,ハヤマ,HAYAMA,,,,38.162,139.982,970,,,,,,,1,0,0,0,0,,0,1974/11/1,1984/10/1,35451,1,1,1,1,1,,1
35456,長井,ナガイ,NAGAI,,,,38.105,140.038,200,,,,,,,1,0,0,0,0,,0,1974/11/1,1976/12/9,35456,1,1,1,1,1,,1
35456,長井,ナガイ,NAGAI,,,,38.105,140.038,200,6.5,,,,,,1,1,1,1,0,,0,1976/12/10,1979/10/30,35456,0,0,0,0,0,,0
35456,長井,ナガイ,NAGAI,長井,ナガイ,NAGAI,38.105,140.038,200,6.5,,,38.137,140.01,230,1,1,1,1,1,,0,1979/10/31,1980/12/18,35456,0,0,0,0,0,,0
35456,長井,ナガイ,NAGAI,長井,ナガイ,NAGAI,38.137,140.01,230,6.5,,,38.137,140.01,230,1,1,1,1,1,,0,1980/12/19,1987/11/17,35456,0,0,0,0,0,,0
35456,長井,ナガイ,NAGAI,長井,ナガイ,NAGAI,38.137,140.01,230,6.5,,,38.137,140.01,230,1,1,1,1,1,,0,1987/11/18,2004/3/23,35456,0,0,0,1,0,,0
35456,長井,ナガイ,NAGAI,長井,ナガイ,NAGAI,38.105,140.015,210,9,,,38.105,140.015,210,1,1,1,1,1,,0,2004/3/24,2006/10/26,35456,0,0,0,0,0,,0
35456,長井,ナガイ,NAGAI,長井,ナガイ,NAGAI,38.105,140.015,210,9,,,38.105,140.015,210,1,1,1,1,1,,0,2006/10/27,2008/11/6,35456,0,0,0,4,0,,0
35456,長井,ナガイ,NAGAI,長井,ナガイ,NAGAI,38.105,140.015,210,9,,,38.105,140.015,210,1,1,1,1,1,,0,2008/11/7,2021/3/1,35456,0,4,4,0,0,,0
35456,長井,ナガイ,NAGAI,長井,ナガイ,NAGAI,38.105,140.015,210,9,,,38.105,140.015,210,1,1,1,2,1,,0,2021/3/2,2023/10/1,35456,0,0,0,6,0,,0
35456,長井,ナガイ,NAGAI,長井,ナガイ,NAGAI,38.105,140.015,210,8.9,,,38.105,140.015,210,1,1,1,2,1,,1,2023/10/2,9999-99-99,35456,0,0,0,0,0,,0
35466,上山中山,カミノヤマナカヤマ,KAMINOYAMANAKAYAMA,,,,38.117,140.213,270,,,,,,,1,0,0,0,0,,0,2005/10/25,9999-99-99,35466,1,1,1,1,1,,1
35476,蔵王山,ザオウサン,ZAOSAN,,,,38.157,140.433,1660,,,,,,,1,0,0,0,0,,0,1974/11/1,2009/11/2,35476,1,1,1,1,1,,1
35486,小国,オグニ,OGUNI,,,,38.078,139.735,140,,,,,,,1,0,0,0,0,,0,1974/11/1,1976/12/7,35486,1,1,1,1,1,,1
35486,小国,オグニ,OGUNI,,,,38.078,139.735,140,8.5,,,,,,1,1,1,1,0,,0,1976/12/8,1979/10/30,35486,0,0,0,0,0,,0
35486,小国,オグニ,OGUNI,小国,オグニ,OGUNI,38.078,139.735,140,8.5,,,38.078,139.735,140,1,1,1,1,1,,0,1979/10/31,1987/5/20,35486,0,0,0,0,0,,0
35486,小国,オグニ,OGUNI,小国,オグニ,OGUNI,38.078,139.735,140,8.5,,,38.078,139.735,140,1,1,1,1,1,,0,1987/5/21,2006/10/23,35486,0,0,0,1,0,,0
35486,小国,オグニ,OGUNI,小国,オグニ,OGUNI,38.078,139.735,140,10,,,38.078,139.735,140,1,1,1,1,1,,0,2006/10/24,2008/11/4,35486,0,0,0,4,0,,0
35486,小国,オグニ,OGUNI,小国,オグニ,OGUNI,38.078,139.735,140,10,,,38.078,139.735,140,1,1,1,1,1,,0,2008/11/5,2021/3/1,35486,0,4,4,0,0,,0
35486,小国,オグニ,OGUNI,小国,オグニ,OGUNI,38.078,139.735,140,10,,,38.078,139.735,140,1,1,1,2,1,,0,2021/3/2,2023/10/2,35486,0,0,0,6,0,,0
35486,小国,オグニ,OGUNI,小国,オグニ,OGUNI,38.078,139.735,140,9.9,,,38.078,139.735,140,1,1,1,2,1,,1,2023/10/3,9999-99-99,35486,0,0,0,0,0,,0
35511,高畠,タカハタ,TAKAHATA,,,,38.003,140.207,220,6.5,,,,,,1,1,1,1,0,,0,1976/12/9,1986/11/4,35511,1,1,1,1,1,,1
35511,高畠,タカハタ,TAKAHATA,,,,38.003,140.207,220,6.5,,,,,,1,1,1,1,0,,0,1986/11/5,2009/1/8,35511,0,0,0,1,0,,0
35511,高畠,タカハタ,TAKAHATA,,,,38.003,140.207,220,6.5,,,,,,1,1,1,1,0,,0,2009/1/9,2009/12/8,35511,0,4,4,4,0,,0
35511,高畠,タカハタ,TAKAHATA,,,,38.003,140.207,220,10,,,,,,1,1,1,1,0,,0,2009/12/9,2021/3/1,35511,0,0,0,0,0,,0
35511,高畠,タカハタ,TAKAHATA,,,,38.003,140.207,220,10,,,,,,1,1,1,2,0,,0,2021/3/2,9999-99-99,35511,0,0,0,6,0,,0
35536,山毛欅潰山,ブナツブレヤマ,BUNATSUBUREYAMA,,,,37.912,139.815,890,,,,,,,1,0,0,0,0,,0,1976/6/18,1980/10/20,35536,1,1,1,1,1,,1
35537,中津川,ナカツガワ,NAKATSUGAWA,,,,37.91,139.843,390,,,,,,,1,0,0,0,0,,0,1981/6/30,9999-99-99,35537,1,1,1,1,1,,1
35541,高峰,タカミネ,TAKAMINE,,,,37.998,139.957,250,,,,,,,1,0,0,0,0,,0,1974/11/1,1976/11/21,35541,1,1,1,1,1,,1
35541,高峰,タカミネ,TAKAMINE,,,,37.998,139.957,250,10.4,,,,,,1,1,1,1,0,,0,1976/11/22,1987/10/27,35541,0,0,0,0,0,,0
35541,高峰,タカミネ,TAKAMINE,,,,37.998,139.957,250,10.4,,,,,,1,1,1,1,0,,0,1987/10/28,2009/1/13,35541,0,0,0,1,0,,0
35541,高峰,タカミネ,TAKAMINE,,,,37.998,139.957,250,10.4,,,,,,1,1,1,1,0,,0,2009/1/14,2021/3/1,35541,0,4,4,4,0,,0
35541,高峰,タカミネ,TAKAMINE,,,,37.998,139.957,250,10.4,,,,,,1,1,1,2,0,,0,2021/3/2,2021/11/18,35541,0,0,0,6,0,,0
35541,高峰,タカミネ,TAKAMINE,,,,37.99,139.953,260,10,,,,,,1,1,1,2,0,,0,2021/11/19,9999-99-99,35541,0,0,0,0,0,,0
35551,米沢,ヨネザワ,YONEZAWA,,,,37.918,140.115,239,,,,,,,1,0,0,0,0,,0,1974/11/1,1976/3/9,35551,1,1,1,1,1,,1
35551,米沢,ヨネザワ,YONEZAWA,,,,37.918,140.115,239,26.5,,,,,,1,1,1,1,0,,0,1976/3/10,1979/10/30,35551,0,0,0,0,0,,0
35551,米沢,ヨネザワ,YONEZAWA,米沢,ヨネザワ,YONEZAWA,37.918,140.115,239,26.5,,,37.918,140.115,239,1,1,1,1,1,,0,1979/10/31,1987/4/20,35551,0,0,0,0,0,,0
35551,米沢,ヨネザワ,YONEZAWA,米沢,ヨネザワ,YONEZAWA,37.918,140.115,239,26.5,,,37.918,140.115,239,1,1,1,1,1,,0,1987/4/21,1993/4/19,35551,0,0,0,1,0,,0
35551,米沢,ヨネザワ,YONEZAWA,米沢,ヨネザワ,YONEZAWA,37.918,140.115,239,31.1,,,37.918,140.115,239,1,1,1,1,1,,0,1993/4/20,2005/11/30,35551,0,0,0,0,0,,0
35552,米沢,ヨネザワ,YONEZAWA,米沢,ヨネザワ,YONEZAWA,37.912,140.143,245,9,,,37.912,140.143,245,1,1,1,1,1,,0,2005/12/1,2007/9/30,35551,0,1,0,4,0,,0
35552,米沢,ヨネザワ,YONEZAWA,米沢,ヨネザワ,YONEZAWA,37.912,140.143,245,9.4,,,37.912,140.143,245,1,1,1,1,1,,0,2007/10/1,2008/10/16,35552,0,0,0,0,0,,0
35552,米沢,ヨネザワ,YONEZAWA,米沢,ヨネザワ,YONEZAWA,37.912,140.143,245,9.4,,,37.912,140.143,245,1,1,1,1,1,,0,2008/10/17,2021/3/1,35552,0,4,4,0,0,,0
35552,米沢,ヨネザワ,YONEZAWA,米沢,ヨネザワ,YONEZAWA,37.912,140.143,245,9.4,,,37.912,140.143,245,1,1,1,2,1,,0,2021/3/2,2021/9/13,35552,0,0,0,6,0,,0
35552,米沢,ヨネザワ,YONEZAWA,米沢,ヨネザワ,YONEZAWA,37.912,140.143,245,9.3,,,37.912,140.143,245,1,1,1,2,1,,1,2021/9/14,9999-99-99,35552,0,0,0,0,0,,0
35606,西吾妻山,ニシアヅマヤマ,NISHIAZUMAYAMA,,,,37.767,140.138,1530,,,,,,,1,0,0,0,0,,0,1974/11/1,2009/11/2,35606,1,1,1,1,1,,1
36006,茂庭,モニワ,MONIWA,,,,37.932,140.385,250,6.5,,,,,,1,1,1,1,0,,0,1978/10/31,1980/10/30,36006,1,1,1,1,1,,1
36006,茂庭,モニワ,MONIWA,茂庭,モニワ,MONIWA,37.932,140.385,250,6.5,,,37.932,140.385,250,1,1,1,1,1,,0,1980/10/31,1987/8/5,36006,0,0,0,0,0,,0
36006,茂庭,モニワ,MONIWA,茂庭,モニワ,MONIWA,37.932,140.385,250,6.5,,,37.932,140.385,250,1,1,1,1,1,,0,1987/8/6,1992/10/22,36006,0,0,0,1,0,,0
36056,茂庭,モニワ,MONIWA,茂庭,モニワ,MONIWA,37.892,140.437,200,6.5,,,37.892,140.437,200,1,1,1,1,1,,0,1992/10/23,2007/12/20,36056,1,1,1,1,1,,1
36056,茂庭,モニワ,MONIWA,茂庭,モニワ,MONIWA,37.892,140.437,200,6.5,,,37.892,140.437,200,1,1,1,1,1,,0,2007/12/21,2008/3/25,36056,0,0,0,4,0,,0
36056,茂庭,モニワ,MONIWA,茂庭,モニワ,MONIWA,37.892,140.437,200,6.5,,,37.892,140.437,200,1,1,1,1,1,,0,2008/3/26,2021/3/1,36056,0,4,4,0,0,,0
36056,茂庭,モニワ,MONIWA,茂庭,モニワ,MONIWA,37.892,140.437,200,6.5,,,37.892,140.437,200,1,1,1,2,1,,0,2021/3/2,9999-99-99,36056,0,0,0,6,0,,0
36066,梁川,ヤナガワ,YANAGAWA,,,,37.855,140.602,46,,,,,,,1,0,0,0,0,,0,1974/11/1,1976/12/5,36066,1,1,1,1,1,,1
36066,梁川,ヤナガワ,YANAGAWA,,,,37.855,140.602,46,6.5,,,,,,1,1,1,1,0,,0,1976/12/6,1986/10/23,36066,0,0,0,0,0,,0
36066,梁川,ヤナガワ,YANAGAWA,,,,37.855,140.602,46,6.5,,,,,,1,1,1,1,0,,0,1986/10/24,2000/10/29,36066,0,0,0,1,0,,0
36066,梁川,ヤナガワ,YANAGAWA,,,,37.857,140.602,42,9.4,,,,,,1,1,1,1,0,,0,2000/10/30,2006/11/21,36066,0,0,0,0,0,,0
36066,梁川,ヤナガワ,YANAGAWA,,,,37.852,140.588,43,9.4,,,,,,1,1,1,1,0,,0,2006/11/22,2009/1/15,36066,0,0,0,0,0,,0
36066,梁川,ヤナガワ,YANAGAWA,,,,37.852,140.588,43,9.4,,,,,,1,1,1,1,0,,0,2009/1/16,2021/3/1,36066,0,4,4,4,0,,0
36066,梁川,ヤナガワ,YANAGAWA,,,,37.852,140.588,43,9.4,,,,,,1,1,1,2,0,,0,2021/3/2,9999-99-99,36066,0,0,0,6,0,,0
36081,新地,シンチ,SHINCHI,,,,37.875,140.918,10,,,,,,,1,0,0,0,0,,0,2011/6/14,2011/9/27,36081,1,1,1,1,1,,1
36081,新地,シンチ,SHINCHI,,,,37.875,140.918,10,5.5,,,,,,1,1,1,0,0,,0,2011/9/28,2021/12/7,36081,0,0,0,0,0,,0
36091,稲荷峠,イナリトウゲ,INARITOGE,,,,37.757,139.735,800,,,,,,,1,0,0,0,0,,0,1974/11/1,2009/11/2,36091,1,1,1,1,1,,1
36106,桧原,ヒバラ,HIBARA,,,,37.725,140.063,839,8,,,,,,1,1,1,1,0,,0,1978/10/26,1987/8/3,36106,1,1,1,1,1,,1
36106,桧原,ヒバラ,HIBARA,,,,37.725,140.063,839,8,,,,,,1,1,1,1,0,,0,1987/8/4,2000/12/4,36106,0,0,0,1,0,,0
36106,桧原,ヒバラ,HIBARA,,,,37.722,140.058,824,9.4,,,,,,1,1,1,1,0,,0,2000/12/5,2009/3/18,36106,0,0,0,0,0,,0
36106,桧原,ヒバラ,HIBARA,,,,37.722,140.058,824,9.4,,,,,,1,1,1,1,0,,0,2009/3/19,2021/3/1,36106,0,4,4,4,0,,0
36106,桧原,ヒバラ,HIBARA,,,,37.722,140.058,824,9.4,,,,,,1,1,1,2,0,,0,2021/3/2,9999-99-99,36106,0,0,0,6,0,,0
36116,吾妻山,アヅマヤマ,AZUMAYAMA,,,,37.722,140.275,1300,,,,,,,1,0,0,0,0,,0,1974/11/1,2009/11/2,36116,1,1,1,1,1,,1
36126,福島,フクシマ,FUKUSHIMA,,,,37.758,140.47,67,,,,,,,1,0,0,0,0,,0,1974/11/1,1975/3/12,36126,1,1,1,1,1,,1
36126,福島,フクシマ,FUKUSHIMA,,,,37.758,140.47,67,26,,,,,,1,1,1,1,0,,0,1975/3/13,1985/12/31,36126,0,0,0,0,0,,0
36126,福島,フクシマ,FUKUSHIMA,,,,37.758,140.47,67,26,,,,,,1,1,1,1,0,,0,1986/1/1,1998/3/1,36126,0,0,0,1,0,,0
36126,福島,フクシマ,FUKUSHIMA,福島,フクシマ,FUKUSHIMA,37.758,140.47,67,26,,,37.758,140.47,67,1,1,1,1,1,,0,1998/3/2,2008/3/25,36126,0,0,0,0,0,,0
36126,福島,フクシマ,FUKUSHIMA,福島,フクシマ,FUKUSHIMA,37.758,140.47,67,26,,,37.758,140.47,67,1,1,1,1,1,,0,2008/3/26,2011/12/25,36126,0,4,4,0,0,,0
36126,福島,フクシマ,FUKUSHIMA,福島,フクシマ,FUKUSHIMA,37.758,140.47,67,26.1,,,37.758,140.47,67,1,1,1,1,1,,0,2011/12/26,2021/3/1,36126,0,0,0,0,0,,0
36126,福島,フクシマ,FUKUSHIMA,福島,フクシマ,FUKUSHIMA,37.758,140.47,67,26.1,,,37.758,140.47,67,1,1,1,1,1,,1,2021/3/2,2021/3/18,36126,0,0,0,0,0,,0
36127,福島,フクシマ,FUKUSHIMA,福島,フクシマ,FUKUSHIMA,37.758,140.47,67,12,,,37.758,140.47,67,1,1,1,1,1,,1,2021/3/18,9999-99-99,36126,0,1,0,0,0,,0
36151,相馬,ソウマ,SOMA,,,,37.783,140.925,9,,,,,,,1,0,0,0,0,,0,1974/11/1,1976/12/6,36151,1,1,1,1,1,,1
36151,相馬,ソウマ,SOMA,,,,37.783,140.925,9,6.5,,,,,,1,1,1,1,0,,0,1976/12/7,1986/10/27,36151,0,0,0,0,0,,0
36151,相馬,ソウマ,SOMA,,,,37.783,140.925,9,6.5,,,,,,1,1,1,1,0,,0,1986/10/28,2005/11/23,36151,0,0,0,1,0,,0
36151,相馬,ソウマ,SOMA,,,,37.783,140.925,9,6.5,,,,,,1,1,1,1,0,,0,2005/11/24,2008/12/15,36151,0,0,0,4,0,,0
36151,相馬,ソウマ,SOMA,,,,37.783,140.925,9,6.5,,,,,,1,1,1,1,0,,0,2008/12/16,2021/3/1,36151,0,4,4,0,0,,0
36151,相馬,ソウマ,SOMA,,,,37.783,140.925,9,6.5,,,,,,1,1,1,2,0,,0,2021/3/2,2021/3/10,36151,0,0,0,6,0,,0
36151,相馬,ソウマ,SOMA,,,,37.783,140.925,9,6.5,,,,,,1,1,1,2,0,,1,2021/3/11,9999-99-99,36151,0,0,0,0,0,,0
36176,喜多方,キタカタ,KITAKATA,,,,37.657,139.875,212,,,,,,,1,0,0,0,0,,0,1974/11/1,1976/12/12,36176,1,1,1,1,1,,1
36176,喜多方,キタカタ,KITAKATA,,,,37.658,139.863,212,6.5,,,,,,1,1,1,1,0,,0,1976/12/13,1987/3/29,36176,0,0,0,0,0,,0
36176,喜多方,キタカタ,KITAKATA,,,,37.658,139.863,212,6.5,,,,,,1,1,1,1,0,,0,1987/3/30,2006/10/12,36176,0,0,0,1,0,,0
36176,喜多方,キタカタ,KITAKATA,,,,37.658,139.863,212,6.5,,,,,,1,1,1,1,0,,0,2006/10/13,2008/11/12,36176,0,0,0,4,0,,0
36176,喜多方,キタカタ,KITAKATA,,,,37.658,139.863,212,6.5,,,,,,1,1,1,1,0,,0,2008/11/13,2009/11/23,36176,0,4,4,0,0,,0
36176,喜多方,キタカタ,KITAKATA,,,,37.658,139.863,212,10,,,,,,1,1,1,1,0,,0,2009/11/24,2021/3/1,36176,0,0,0,0,0,,0
36176,喜多方,キタカタ,KITAKATA,,,,37.658,139.863,212,10,,,,,,1,1,1,2,0,,0,2021/3/2,2023/10/23,36176,0,0,0,6,0,,0
36176,喜多方,キタカタ,KITAKATA,,,,37.658,139.863,212,9.9,,,,,,1,1,1,2,0,,1,2023/10/24,9999-99-99,36176,0,0,0,0,0,,0
36196,鷲倉,ワシクラ,WASHIKURA,,,,37.668,140.26,1220,6.5,,,,,,1,1,1,1,0,,0,1976/11/16,1986/5/8,36196,1,1,1,1,1,,1
36196,鷲倉,ワシクラ,WASHIKURA,,,,37.668,140.26,1220,6.5,,,,,,1,1,1,1,0,,0,1986/5/9,2006/11/23,36196,0,0,0,1,0,,0
36196,鷲倉,ワシクラ,WASHIKURA,,,,37.668,140.26,1220,6.5,,,,,,1,1,1,1,0,,0,2006/11/24,2008/12/5,36196,0,0,0,4,0,,0
36196,鷲倉,ワシクラ,WASHIKURA,,,,37.668,140.26,1220,6.5,,,,,,1,1,1,1,0,,0,2008/12/6,2021/3/1,36196,0,4,4,0,0,,0
36196,鷲倉,ワシクラ,WASHIKURA,,,,37.668,140.26,1220,6.5,,,,,,1,1,1,2,0,,0,2021/3/2,2023/10/22,36196,0,0,0,6,0,,0
36196,鷲倉,ワシクラ,WASHIKURA,,,,37.668,140.26,1220,6.4,,,,,,1,1,1,2,0,,1,2023/10/23,9999-99-99,36196,0,0,0,0,0,,0
36221,飯舘,イイタテ,IITATE,,,,37.693,140.735,452,6.5,,,,,,1,1,1,1,0,,0,1976/12/4,1986/11/3,36221,1,1,1,1,1,,1
36221,飯舘,イイタテ,IITATE,,,,37.693,140.735,452,6.5,,,,,,1,1,1,1,0,,0,1986/11/4,1996/11/28,36221,0,0,0,1,0,,0
36221,飯舘,イイタテ,IITATE,,,,37.695,140.747,446,6.5,,,,,,1,1,1,1,0,,0,1996/11/29,2009/3/3,36221,0,0,0,0,0,,0
36221,飯舘,イイタテ,IITATE,,,,37.695,140.747,446,6.5,,,,,,1,1,1,1,0,,0,2009/3/4,2015/7/27,36221,0,4,4,4,0,,0
36221,飯舘,イイタテ,IITATE,,,,37.665,140.727,460,5.5,,,,,,1,1,1,1,0,,0,2015/7/28,2018/10/23,36221,0,0,0,0,0,,0
36221,飯舘,イイタテ,IITATE,,,,37.665,140.727,463,10,,,,,,1,1,1,1,0,,0,2018/10/24,2021/3/1,36221,0,0,0,0,0,,0
36221,飯舘,イイタテ,IITATE,,,,37.665,140.727,463,10,,,,,,1,1,1,2,0,,0,2021/3/2,9999-99-99,36221,0,0,0,6,0,,0
36226,八木沢,ヤギサワ,YAGISAWA,,,,37.697,140.82,540,,,,,,,1,0,0,0,0,,0,1974/11/1,2005/3/31,36226,1,1,1,1,1,,1
36231,原町,ハラマチ,HARAMACHI,,,,37.638,140.985,10,,,,,,,1,0,0,0,0,,0,1974/11/1,2014/3/24,36231,1,1,1,1,1,,1
36231,原町,ハラマチ,HARAMACHI,,,,37.638,140.983,17,,,,,,,1,0,0,0,0,,0,2014/3/25,9999-99-99,36231,0,0,0,0,0,,0
36251,西会津,ニシアイヅ,NISHIAIZU,,,,37.588,139.657,165,,,,,,,1,0,0,0,0,,0,1975/5/21,1976/11/23,36251,1,1,1,1,1,,1
36251,西会津,ニシアイヅ,NISHIAIZU,,,,37.588,139.657,165,10,,,,,,1,1,1,1,0,,0,1976/11/24,1980/10/30,36251,0,0,0,0,0,,0
36251,西会津,ニシアイヅ,NISHIAIZU,西会津,ニシアイヅ,NISHIAIZU,37.588,139.657,165,10,,,37.588,139.657,165,1,1,1,1,1,,0,1980/10/31,1986/5/18,36251,0,0,0,0,0,,0
36251,西会津,ニシアイヅ,NISHIAIZU,西会津,ニシアイヅ,NISHIAIZU,37.588,139.657,165,10,,,37.588,139.657,165,1,1,1,1,1,,0,1986/5/19,2006/10/10,36251,0,0,0,1,0,,0
36251,西会津,ニシアイヅ,NISHIAIZU,西会津,ニシアイヅ,NISHIAIZU,37.588,139.657,165,10,,,37.588,139.657,165,1,1,1,1,1,,0,2006/10/11,2008/12/2,36251,0,0,0,4,0,,0
36251,西会津,ニシアイヅ,NISHIAIZU,西会津,ニシアイヅ,NISHIAIZU,37.588,139.657,165,10,,,37.588,139.657,165,1,1,1,1,1,,0,2008/12/3,2021/3/1,36251,0,4,4,0,0,,0
36251,西会津,ニシアイヅ,NISHIAIZU,西会津,ニシアイヅ,NISHIAIZU,37.588,139.657,165,10,,,37.588,139.657,165,1,1,1,2,1,,0,2021/3/2,2023/10/10,36251,0,0,0,6,0,,0
36251,西会津,ニシアイヅ,NISHIAIZU,西会津,ニシアイヅ,NISHIAIZU,37.588,139.657,165,9.9,,,37.588,139.657,165,1,1,1,2,1,,1,2023/10/11,9999-99-99,36251,0,0,0,0,0,,0
36252,飯谷山,イイタニヤマ,IITANIYAMA,,,,37.527,139.683,720,,,,,,,1,0,0,0,0,,0,1974/11/1,2005/4/20,36252,1,1,1,1,1,,1
36276,猪苗代,イナワシロ,INAWASHIRO,,,,37.567,140.107,521,,,,,,,1,0,0,0,0,,0,1974/11/1,1976/11/29,36276,1,1,1,1,1,,1
36276,猪苗代,イナワシロ,INAWASHIRO,,,,37.567,140.107,521,6.5,,,,,,1,1,1,1,0,,0,1976/11/30,1979/10/30,36276,0,0,0,0,0,,0
36276,猪苗代,イナワシロ,INAWASHIRO,猪苗代,イナワシロ,INAWASHIRO,37.567,140.107,521,6.5,,,37.567,140.107,521,1,1,1,1,1,,0,1979/10/31,1986/8/6,36276,0,0,0,0,0,,0
36276,猪苗代,イナワシロ,INAWASHIRO,猪苗代,イナワシロ,INAWASHIRO,37.567,140.107,521,6.5,,,37.567,140.107,521,1,1,1,1,1,,0,1986/8/7,2005/11/17,36276,0,0,0,1,0,,0
36276,猪苗代,イナワシロ,INAWASHIRO,猪苗代,イナワシロ,INAWASHIRO,37.555,140.122,522,6.5,,,37.555,140.122,522,1,1,1,1,1,,0,2005/11/18,2008/10/20,36276,0,0,0,4,0,,0
36276,猪苗代,イナワシロ,INAWASHIRO,猪苗代,イナワシロ,INAWASHIRO,37.555,140.122,522,6.5,,,37.555,140.122,522,1,1,1,1,1,,0,2008/10/21,2013/11/26,36276,0,4,4,0,0,,0
36276,猪苗代,イナワシロ,INAWASHIRO,猪苗代,イナワシロ,INAWASHIRO,37.552,140.108,519,10,,,37.552,140.108,519,1,1,1,1,1,,0,2013/11/27,2021/3/1,36276,0,0,0,0,0,,0
36276,猪苗代,イナワシロ,INAWASHIRO,猪苗代,イナワシロ,INAWASHIRO,37.552,140.108,519,10,,,37.552,140.108,519,1,1,1,2,1,,0,2021/3/2,2021/9/14,36276,0,0,0,6,0,,0
36276,猪苗代,イナワシロ,INAWASHIRO,猪苗代,イナワシロ,INAWASHIRO,37.552,140.108,519,9.9,,,37.552,140.108,519,1,1,1,2,1,,1,2021/9/15,9999-99-99,36276,0,0,0,0,0,,0
36291,二本松,ニホンマツ,NIHOMMATSU,,,,37.593,140.448,240,,,,,,,1,0,0,0,0,,0,1974/11/1,1976/12/2,36291,1,1,1,1,1,,1
36291,二本松,ニホンマツ,NIHOMMATSU,,,,37.593,140.448,240,6.5,,,,,,1,1,1,1,0,,0,1976/12/3,1987/5/20,36291,0,0,0,0,0,,0
36291,二本松,ニホンマツ,NIHOMMATSU,,,,37.593,140.448,240,6.5,,,,,,1,1,1,1,0,,0,1987/5/21,2009/3/5,36291,0,0,0,1,0,,0
36291,二本松,ニホンマツ,NIHOMMATSU,,,,37.583,140.43,235,10,,,,,,1,1,1,1,0,,0,2009/3/6,2021/3/1,36291,0,4,4,4,0,,0
36291,二本松,ニホンマツ,NIHOMMATSU,,,,37.583,140.43,235,10,,,,,,1,1,1,2,0,,0,2021/3/2,9999-99-99,36291,0,0,0,6,0,,0
36306,白馬石山,シラウマイシヤマ,SHIRAUMAISHIYAMA,,,,37.58,140.725,640,,,,,,,1,0,0,0,0,,0,1974/11/1,1981/10/26,36306,1,1,1,1,1,,1
36307,津島,ツシマ,TSUSHIMA,,,,37.56,140.753,400,,,,,,,1,0,0,0,0,,0,1977/3/23,9999-99-99,36307,1,1,1,1,1,,1
36341,金山,カネヤマ,KANEYAMA,,,,37.452,139.525,324,,,,,,,1,0,0,0,0,,0,1975/5/24,1976/11/21,36341,1,1,1,1,1,,1
36341,金山,カネヤマ,KANEYAMA,,,,37.452,139.525,324,6.5,,,,,,1,1,1,1,0,,0,1976/11/22,1980/10/30,36341,0,0,0,0,0,,0
36341,金山,カネヤマ,KANEYAMA,金山,カネヤマ,KANEYAMA,37.452,139.525,324,6.5,,,37.452,139.525,324,1,1,1,1,1,,0,1980/10/31,1986/5/5,36341,0,0,0,0,0,,0
36341,金山,カネヤマ,KANEYAMA,金山,カネヤマ,KANEYAMA,37.452,139.525,324,6.5,,,37.452,139.525,324,1,1,1,1,1,,0,1986/5/6,2007/12/19,36341,0,0,0,1,0,,0
36342,金山,カネヤマ,KANEYAMA,金山,カネヤマ,KANEYAMA,37.473,139.528,296,10,,,37.473,139.528,296,1,1,1,1,1,,0,2007/12/19,2008/3/25,36342,1,1,1,5,1,,1
36342,金山,カネヤマ,KANEYAMA,金山,カネヤマ,KANEYAMA,37.473,139.528,296,10,,,37.473,139.528,296,1,1,1,1,1,,0,2008/3/26,2021/3/1,36342,0,4,4,0,0,,0
36342,金山,カネヤマ,KANEYAMA,金山,カネヤマ,KANEYAMA,37.473,139.528,296,10,,,37.473,139.528,296,1,1,1,2,1,,0,2021/3/2,9999-99-99,36342,0,0,0,6,0,,0
36361,若松,ワカマツ,WAKAMATSU,,,,37.488,139.91,212,,,,,,,1,0,0,0,0,,0,1974/11/1,1975/3/16,36361,1,1,1,1,1,,1
36361,若松,ワカマツ,WAKAMATSU,,,,37.488,139.91,212,13.3,,,,,,1,1,1,1,0,,0,1975/3/17,1986/12/31,36361,0,0,0,0,0,,0
36361,若松,ワカマツ,WAKAMATSU,,,,37.488,139.91,212,13.3,,,,,,1,1,1,1,0,,0,1987/1/1,1998/3/1,36361,0,0,0,1,0,,0
36361,若松,ワカマツ,WAKAMATSU,若松,ワカマツ,WAKAMATSU,37.488,139.91,212,13.3,,,37.488,139.91,212,1,1,1,1,1,,0,1998/3/2,2008/3/25,36361,0,0,0,0,0,,0
36361,若松,ワカマツ,WAKAMATSU,若松,ワカマツ,WAKAMATSU,37.488,139.91,212,13.3,,,37.488,139.91,212,1,1,1,1,1,,0,2008/3/26,2011/10/26,36361,0,4,4,0,0,,0
36361,若松,ワカマツ,WAKAMATSU,若松,ワカマツ,WAKAMATSU,37.488,139.91,212,19.1,,,37.488,139.91,212,1,1,1,1,1,,0,2011/10/27,2021/3/1,36361,0,0,0,0,0,,0
36361,若松,ワカマツ,WAKAMATSU,若松,ワカマツ,WAKAMATSU,37.488,139.91,212,19.1,,,37.488,139.91,212,1,1,1,1,1,,1,2021/3/2,9999-99-99,36361,0,0,0,0,0,,0
36391,船引,フネヒキ,FUNEHIKI,,,,37.45,140.565,460,,,,,,,1,0,0,0,0,,0,1974/11/1,1976/12/1,36391,1,1,1,1,1,,1
36391,船引,フネヒキ,FUNEHIKI,,,,37.45,140.565,460,6.5,,,,,,1,1,1,1,0,,0,1976/12/2,1987/8/4,36391,0,0,0,0,0,,0
36391,船引,フネヒキ,FUNEHIKI,,,,37.45,140.565,460,6.5,,,,,,1,1,1,1,0,,0,1987/8/5,2005/11/27,36391,0,0,0,1,0,,0
36391,船引,フネヒキ,FUNEHIKI,,,,37.435,140.577,421,6.5,,,,,,1,1,1,1,0,,0,2005/11/28,2008/12/17,36391,0,0,0,4,0,,0
36391,船引,フネヒキ,FUNEHIKI,,,,37.435,140.577,421,6.5,,,,,,1,1,1,1,0,,0,2008/12/18,2021/3/1,36391,0,4,4,0,0,,0
36391,船引,フネヒキ,FUNEHIKI,,,,37.435,140.577,421,6.5,,,,,,1,1,1,2,0,,0,2021/3/2,2021/3/11,36391,0,0,0,6,0,,0
36391,船引,フネヒキ,FUNEHIKI,,,,37.435,140.577,421,6.5,,,,,,1,1,1,2,0,,1,2021/3/12,9999-99-99,36391,0,0,0,0,0,,0
36411,浪江,ナミエ,NAMIE,,,,37.492,140.965,47,,,,,,,1,0,0,0,0,,0,1974/11/1,1976/12/7,36411,1,1,1,1,1,,1
36411,浪江,ナミエ,NAMIE,,,,37.492,140.965,47,6.5,,,,,,1,1,1,1,0,,0,1976/12/8,1986/4/29,36411,0,0,0,0,0,,0
36411,浪江,ナミエ,NAMIE,,,,37.492,140.965,47,6.5,,,,,,1,1,1,1,0,,0,1986/4/30,2006/10/16,36411,0,0,0,1,0,,0
36411,浪江,ナミエ,NAMIE,,,,37.492,140.965,47,6.5,,,,,,1,1,1,1,0,,0,2006/10/17,2008/12/8,36411,0,0,0,4,0,,0
36411,浪江,ナミエ,NAMIE,,,,37.492,140.965,47,6.5,,,,,,1,1,1,1,0,,0,2008/12/9,2009/12/6,36411,0,4,4,0,0,,0
36411,浪江,ナミエ,NAMIE,,,,37.492,140.965,47,10,,,,,,1,1,1,1,0,,0,2009/12/7,2021/3/1,36411,0,0,0,0,0,,0
36411,浪江,ナミエ,NAMIE,,,,37.492,140.965,47,10,,,,,,1,1,1,2,0,,0,2021/3/2,2022/6/30,36411,0,0,0,6,0,,0
36411,浪江,ナミエ,NAMIE,,,,37.492,140.965,43,10,,,,,,1,1,1,2,0,,0,2022/7/1,9999-99-99,36411,0,0,0,0,0,,0
36421,浅草岳,アサクサダケ,ASAKUSADAKE,,,,37.343,139.237,1520,,,,,,,1,0,0,0,0,,0,1974/11/1,1977/10/14,36421,1,1,1,1,1,,1
36422,六十里越,ロクジュウリゴエ,ROKUJURIGOE,,,,37.303,139.217,860,,,,,,,1,0,0,0,0,,0,1980/6/19,2009/11/2,36422,1,1,1,1,1,,1
36426,只見,タダミ,TADAMI,,,,37.343,139.313,377,,,,,,,1,0,0,0,0,,0,1974/11/1,1976/7/19,36426,1,1,1,1,1,,1
36426,只見,タダミ,TADAMI,,,,37.343,139.313,377,10.5,,,,,,1,1,1,1,0,,0,1976/7/20,1979/10/30,36426,0,0,0,0,0,,0
36426,只見,タダミ,TADAMI,只見,タダミ,TADAMI,37.343,139.313,377,10.5,,,37.343,139.313,377,1,1,1,1,1,,0,1979/10/31,1987/8/26,36426,0,0,0,0,0,,0
36426,只見,タダミ,TADAMI,只見,タダミ,TADAMI,37.343,139.313,377,10.5,,,37.343,139.313,377,1,1,1,1,1,,0,1987/8/27,2005/10/24,36426,0,0,0,1,0,,0
36426,只見,タダミ,TADAMI,只見,タダミ,TADAMI,37.343,139.313,377,10.5,,,37.343,139.313,377,1,1,1,1,1,,0,2005/10/25,2008/10/22,36426,0,0,0,4,0,,0
36426,只見,タダミ,TADAMI,只見,タダミ,TADAMI,37.343,139.313,377,10.5,,,37.343,139.313,377,1,1,1,1,1,,0,2008/10/23,2021/3/1,36426,0,4,4,0,0,,0
36426,只見,タダミ,TADAMI,只見,タダミ,TADAMI,37.343,139.313,377,10.5,,,37.343,139.313,377,1,1,1,2,1,,0,2021/3/2,2023/10/11,36426,0,0,0,6,0,,0
36426,只見,タダミ,TADAMI,只見,タダミ,TADAMI,37.343,139.313,377,10.4,,,37.343,139.313,377,1,1,1,2,1,,1,2023/10/12,9999-99-99,36426,0,0,0,0,0,,0
36436,吉尾峠,ヨシオトウゲ,YOSHIOTOGE,,,,37.347,139.557,705,,,,,,,1,0,0,0,0,,0,1979/6/27,2009/11/2,36436,1,1,1,1,1,,1
36446,博士峠,ハカセトウゲ,HAKASETOGE,,,,37.34,139.723,1233,,,,,,,1,0,0,0,0,,0,1974/11/1,2009/11/2,36446,1,1,1,1,1,,1
36461,湖南,コナン,KONAN,,,,37.388,140.09,536,,,,,,,1,0,0,0,0,,0,1982/6/18,9999-99-99,36461,1,1,1,1,1,,1
36476,郡山,コオリヤマ,KOORIYAMA,,,,37.417,140.368,230,,,,,,,1,0,0,0,0,,0,1974/11/1,1976/3/11,36476,1,1,1,1,1,,1
36476,郡山,コオリヤマ,KOORIYAMA,,,,37.417,140.368,230,6.5,,,,,,1,1,1,1,0,,0,1976/3/12,1987/4/29,36476,0,0,0,0,0,,0
36476,郡山,コオリヤマ,KOORIYAMA,,,,37.417,140.368,230,6.5,,,,,,1,1,1,1,0,,0,1987/4/30,2005/12/19,36476,0,0,0,1,0,,0
36476,郡山,コオリヤマ,KOORIYAMA,,,,37.368,140.33,249,6.5,,,,,,1,1,1,1,0,,0,2005/12/20,2008/11/19,36476,0,0,0,4,0,,0
36476,郡山,コオリヤマ,KOORIYAMA,,,,37.368,140.33,249,6.5,,,,,,1,1,1,1,0,,0,2008/11/20,2021/3/1,36476,0,4,4,0,0,,0
36476,郡山,コオリヤマ,KOORIYAMA,,,,37.368,140.33,249,6.5,,,,,,1,1,1,2,0,,0,2021/3/2,2021/10/19,36476,0,0,0,6,0,,0
36476,郡山,コオリヤマ,KOORIYAMA,,,,37.368,140.33,249,6.4,,,,,,1,1,1,2,0,,1,2021/10/20,9999-99-99,36476,0,0,0,0,0,,0
36501,川内,カワウチ,KAWAUCHI,,,,37.337,140.808,410,6.5,,,,,,1,1,1,1,0,,0,1976/11/30,1987/5/10,36501,1,1,1,1,1,,1
36501,川内,カワウチ,KAWAUCHI,,,,37.337,140.808,410,6.5,,,,,,1,1,1,1,0,,0,1987/5/11,2006/10/22,36501,0,0,0,1,0,,0
36501,川内,カワウチ,KAWAUCHI,,,,37.337,140.808,410,6.5,,,,,,1,1,1,1,0,,0,2006/10/23,2008/12/10,36501,0,0,0,4,0,,0
36501,川内,カワウチ,KAWAUCHI,,,,37.337,140.808,410,6.5,,,,,,1,1,1,1,0,,0,2008/12/11,2009/11/19,36501,0,4,4,0,0,,0
36501,川内,カワウチ,KAWAUCHI,,,,37.337,140.808,410,10,,,,,,1,1,1,1,0,,0,2009/11/20,2021/3/1,36501,0,0,0,0,0,,0
36501,川内,カワウチ,KAWAUCHI,,,,37.337,140.808,410,10,,,,,,1,1,1,2,0,,0,2021/3/2,9999-99-99,36501,0,0,0,6,0,,0
36511,富岡,トミオカ,TOMIOKA,,,,37.347,141.017,50,,,,,,,1,0,0,0,0,,0,1974/11/1,9999-99-99,36511,1,1,1,1,1,,1
36536,南郷,ナンゴウ,NANGO,,,,37.222,139.54,570,,,,,,,1,0,0,0,0,,0,1974/11/1,1976/11/18,36536,1,1,1,1,1,,1
36536,南郷,ナンゴウ,NANGO,,,,37.222,139.54,570,6.5,,,,,,1,1,1,1,0,,0,1976/11/19,1980/10/30,36536,0,0,0,0,0,,0
36536,南郷,ナンゴウ,NANGO,南郷,ナンゴウ,NANGO,37.222,139.54,570,6.5,,,37.265,139.537,494,1,1,1,1,1,,0,1980/10/31,1982/11/25,36536,0,0,0,0,0,,0
36536,南郷,ナンゴウ,NANGO,南郷,ナンゴウ,NANGO,37.263,139.542,540,6.5,,,37.265,139.537,494,1,1,1,1,1,,0,1982/11/26,1986/5/12,36536,0,0,0,0,0,,0
36536,南郷,ナンゴウ,NANGO,南郷,ナンゴウ,NANGO,37.263,139.542,540,6.5,,,37.265,139.537,494,1,1,1,1,1,,0,1986/5/13,1991/2/28,36536,0,0,0,1,0,,0
36536,南郷,ナンゴウ,NANGO,南郷,ナンゴウ,NANGO,37.265,139.537,494,8,,,37.265,139.537,494,1,1,1,1,1,,0,1991/3/1,2005/10/26,36536,0,0,0,0,0,,0
36536,南郷,ナンゴウ,NANGO,南郷,ナンゴウ,NANGO,37.265,139.537,494,8,,,37.265,139.537,494,1,1,1,1,1,,0,2005/10/27,2008/11/17,36536,0,0,0,4,0,,0
36536,南郷,ナンゴウ,NANGO,南郷,ナンゴウ,NANGO,37.265,139.537,494,8,,,37.265,139.537,494,1,1,1,1,1,,0,2008/11/18,2021/3/1,36536,0,4,4,0,0,,0
36536,南郷,ナンゴウ,NANGO,南郷,ナンゴウ,NANGO,37.265,139.537,494,8,,,37.265,139.537,494,1,1,1,2,1,,0,2021/3/2,2021/9/15,36536,0,0,0,6,0,,0
36536,南郷,ナンゴウ,NANGO,南郷,ナンゴウ,NANGO,37.265,139.537,494,7.9,,,37.265,139.537,494,1,1,1,2,1,,1,2021/9/16,9999-99-99,36536,0,0,0,0,0,,0
36541,駒止峠,コマドメトウゲ,KOMADOMETOGE,,,,37.21,139.613,1145,,,,,,,1,0,0,0,0,,0,1974/11/1,2009/11/2,36541,1,1,1,1,1,,1
36551,田島,タジマ,TAJIMA,,,,37.207,139.803,550,,,,,,,1,0,0,0,0,,0,1974/11/1,1976/11/12,36551,1,1,1,1,1,,1
36561,湯本,ユモト,YUMOTO,,,,37.28,139.99,560,6.5,,,,,,1,1,1,1,0,,0,1978/10/31,1980/10/30,36561,1,1,1,1,1,,1
36561,湯本,ユモト,YUMOTO,湯本,ユモト,YUMOTO,37.28,139.99,560,6.5,,,37.28,139.99,560,1,1,1,1,1,,0,1980/10/31,1985/12/3,36561,0,0,0,0,0,,0
36561,湯本,ユモト,YUMOTO,湯本,ユモト,YUMOTO,37.28,139.99,560,6.5,,,37.277,140.063,646,1,1,1,1,1,,0,1985/12/4,1986/10/26,36561,0,0,0,0,1,,0
36561,湯本,ユモト,YUMOTO,湯本,ユモト,YUMOTO,37.28,139.99,560,6.5,,,37.277,140.063,646,1,1,1,1,1,,0,1986/10/27,1988/9/1,36561,0,0,0,1,0,,0
36562,湯本,ユモト,YUMOTO,湯本,ユモト,YUMOTO,37.277,140.063,646,6.5,,,37.277,140.063,646,1,1,1,1,1,,0,1988/10/5,2006/10/8,36561,1,1,1,1,0,,0
36562,湯本,ユモト,YUMOTO,湯本,ユモト,YUMOTO,37.277,140.063,646,9.9,,,37.277,140.063,646,1,1,1,1,1,,0,2006/10/9,2008/11/6,36562,0,0,0,4,0,,0
36562,湯本,ユモト,YUMOTO,湯本,ユモト,YUMOTO,37.277,140.063,646,9.9,,,37.277,140.063,646,1,1,1,1,1,,0,2008/11/7,2021/3/1,36562,0,4,4,0,0,,0
36562,湯本,ユモト,YUMOTO,湯本,ユモト,YUMOTO,37.277,140.063,646,9.9,,,37.277,140.063,646,1,1,1,2,1,,0,2021/3/2,2023/10/9,36562,0,0,0,6,0,,0
36562,湯本,ユモト,YUMOTO,湯本,ユモト,YUMOTO,37.277,140.063,646,9.8,,,37.277,140.063,646,1,1,1,2,1,,1,2023/10/10,9999-99-99,36562,0,0,0,0,0,,0
36571,長沼,ナガヌマ,NAGANUMA,,,,37.288,140.218,317,,,,,,,1,0,0,0,0,,0,1978/8/8,9999-99-99,36571,1,1,1,1,1,,1
36581,玉川,タマカワ,TAMAKAWA,,,,37.227,140.427,372,10,,,,,,1,1,1,0,0,,0,2003/1/1,2009/1/29,36581,1,1,1,1,1,,1
36581,玉川,タマカワ,TAMAKAWA,,,,37.227,140.427,372,10,,,,,,1,1,1,0,0,,0,2009/1/30,2021/11/29,36581,0,4,4,0,0,,0
36581,玉川,タマカワ,TAMAKAWA,玉川,タマカワ,TAMAKAWA,37.227,140.427,372,10,,,37.227,140.427,372,1,1,1,0,1,,0,2021/11/30,9999-99-99,36581,0,0,0,0,0,,0
36591,小野新町,オノニイマチ,ONONIIMACHI,,,,37.287,140.625,433,,,,,,,1,0,0,0,0,,0,1974/11/1,1976/12/1,36591,1,1,1,1,1,,1
36591,小野新町,オノニイマチ,ONONIIMACHI,,,,37.287,140.625,433,6.5,,,,,,1,1,1,1,0,,0,1976/12/2,1987/5/11,36591,0,0,0,0,0,,0
36591,小野新町,オノニイマチ,ONONIIMACHI,,,,37.287,140.625,433,6.5,,,,,,1,1,1,1,0,,0,1987/5/12,2006/10/26,36591,0,0,0,1,0,,0
36591,小野新町,オノニイマチ,ONONIIMACHI,,,,37.287,140.625,433,6.5,,,,,,1,1,1,1,0,,0,2006/10/27,2008/11/10,36591,0,0,0,4,0,,0
36591,小野新町,オノニイマチ,ONONIIMACHI,,,,37.287,140.625,433,6.5,,,,,,1,1,1,1,0,,0,2008/11/11,2009/11/15,36591,0,4,4,0,0,,0
36591,小野新町,オノニイマチ,ONONIIMACHI,,,,37.287,140.625,433,10,,,,,,1,1,1,1,0,,0,2009/11/16,2021/3/1,36591,0,0,0,0,0,,0
36591,小野新町,オノニイマチ,ONONIIMACHI,,,,37.287,140.625,433,10,,,,,,1,1,1,2,0,,0,2021/3/2,9999-99-99,36591,0,0,0,6,0,,0
36596,川前,カワマエ,KAWAMAE,,,,37.207,140.75,287,,,,,,,1,0,0,0,0,,0,1978/8/22,2014/12/3,36596,1,1,1,1,1,,1
36597,川前,カワマエ,KAWAMAE,,,,37.247,140.723,492,,,,,,,1,0,0,0,0,,0,2014/12/3,9999-99-99,36597,1,1,1,1,1,,1
36611,広野,ヒロノ,HIRONO,,,,37.233,141,43,,,,,,,1,0,0,0,0,,0,1975/5/22,1976/12/12,36611,1,1,1,1,1,,1
36611,広野,ヒロノ,HIRONO,,,,37.233,141,43,6.5,,,,,,1,1,1,1,0,,0,1976/12/13,1986/1/19,36611,0,0,0,0,0,,0
36611,広野,ヒロノ,HIRONO,,,,37.233,141,43,6.5,,,,,,1,1,1,1,0,,0,1986/1/20,2009/3/9,36611,0,0,0,1,0,,0
36611,広野,ヒロノ,HIRONO,,,,37.233,141,43,10,,,,,,1,1,1,1,0,,0,2009/3/10,2021/3/1,36611,0,4,4,4,0,,0
36611,広野,ヒロノ,HIRONO,,,,37.233,141,43,10,,,,,,1,1,1,2,0,,0,2021/3/2,9999-99-99,36611,0,0,0,6,0,,0
36641,田島,タジマ,TAJIMA,,,,37.195,139.772,570,6.5,,,,,,1,1,1,1,0,,0,1976/11/18,1982/10/20,36641,1,1,1,1,1,,1
36641,田島,タジマ,TAJIMA,田島,タジマ,TAJIMA,37.195,139.772,570,6.5,,,37.195,139.772,570,1,1,1,1,1,,0,1982/10/21,1986/8/18,36641,0,0,0,0,0,,0
36641,田島,タジマ,TAJIMA,田島,タジマ,TAJIMA,37.195,139.772,570,6.5,,,37.195,139.772,570,1,1,1,1,1,,0,1986/8/19,2009/10/15,36641,0,0,0,1,0,,0
36641,田島,タジマ,TAJIMA,田島,タジマ,TAJIMA,37.207,139.795,544,10,,,37.207,139.795,544,1,1,1,1,1,,0,2009/10/16,2021/3/1,36641,0,4,4,4,0,,0
36641,田島,タジマ,TAJIMA,田島,タジマ,TAJIMA,37.207,139.795,544,10,,,37.207,139.795,544,1,1,1,2,1,,0,2021/3/2,9999-99-99,36641,0,0,0,6,0,,0
36651,観音山,カンノンヤマ,KANNONYAMA,,,,37.183,139.925,1050,,,,,,,1,0,0,0,0,,0,1974/11/1,1978/10/16,36651,1,1,1,1,1,,1
36666,白河,シラカワ,SHIRAKAWA,,,,37.12,140.222,354,,,,,,,1,0,0,0,0,,0,1974/11/1,1975/12/2,36666,1,1,1,1,1,,1
36666,白河,シラカワ,SHIRAKAWA,,,,37.12,140.222,354,15.9,,,,,,1,1,1,1,0,,0,1975/12/3,1986/12/31,36666,0,0,0,0,0,,0
36666,白河,シラカワ,SHIRAKAWA,,,,37.12,140.222,354,15.9,,,,,,1,1,1,1,0,,0,1987/1/1,1994/1/28,36666,0,0,0,1,0,,0
36667,白河,シラカワ,SHIRAKAWA,,,,37.132,140.215,355,45.4,,,,,,1,1,1,1,0,,0,1994/1/28,1998/11/25,36666,0,1,0,0,0,,0
36667,白河,シラカワ,SHIRAKAWA,白河,シラカワ,SHIRAKAWA,37.132,140.215,355,45.4,,,37.132,140.215,355,1,1,1,1,1,,0,1998/11/26,2008/3/25,36667,0,0,0,0,0,,0
36667,白河,シラカワ,SHIRAKAWA,白河,シラカワ,SHIRAKAWA,37.132,140.215,355,45.4,,,37.132,140.215,355,1,1,1,1,1,,0,2008/3/26,2011/10/12,36667,0,4,4,0,0,,0
36667,白河,シラカワ,SHIRAKAWA,白河,シラカワ,SHIRAKAWA,37.132,140.215,355,45.3,,,37.132,140.215,355,1,1,1,1,1,,0,2011/10/13,2021/3/1,36667,0,0,0,0,0,,0
36667,白河,シラカワ,SHIRAKAWA,白河,シラカワ,SHIRAKAWA,37.132,140.215,355,45.3,,,37.132,140.215,355,1,1,1,1,1,,1,2021/3/2,9999-99-99,36667,0,0,0,0,0,,0
36676,石川,イシカワ,ISHIKAWA,,,,37.147,140.46,290,,,,,,,1,0,0,0,0,,0,1974/11/1,1976/11/25,36676,1,1,1,1,1,,1
36676,石川,イシカワ,ISHIKAWA,,,,37.147,140.46,290,6.5,,,,,,1,1,1,1,0,,0,1976/11/26,1986/2/20,36676,0,0,0,0,0,,0
36676,石川,イシカワ,ISHIKAWA,,,,37.147,140.46,290,6.5,,,,,,1,1,1,1,0,,0,1986/2/21,2009/3/12,36676,0,0,0,1,0,,0
36676,石川,イシカワ,ISHIKAWA,,,,37.147,140.46,290,6.5,,,,,,1,1,1,1,0,,0,2009/3/13,2009/10/29,36676,0,4,4,4,0,,0
36676,石川,イシカワ,ISHIKAWA,,,,37.147,140.46,290,10,,,,,,1,1,1,1,0,,0,2009/10/30,2021/3/1,36676,0,0,0,0,0,,0
36676,石川,イシカワ,ISHIKAWA,,,,37.147,140.46,290,10,,,,,,1,1,1,2,0,,0,2021/3/2,9999-99-99,36676,0,0,0,6,0,,0
36716,桧枝岐,ヒノエマタ,HINOEMATA,,,,37.023,139.387,930,8.5,,,,,,1,1,1,1,0,,0,1978/10/31,1982/10/20,36716,1,1,1,1,1,,1
36716,桧枝岐,ヒノエマタ,HINOEMATA,桧枝岐,ヒノエマタ,HINOEMATA,37.023,139.387,930,8.5,,,37.023,139.387,930,1,1,1,1,1,,0,1982/10/21,1987/5/20,36716,0,0,0,0,0,,0
36716,桧枝岐,ヒノエマタ,HINOEMATA,桧枝岐,ヒノエマタ,HINOEMATA,37.023,139.387,930,8.5,,,37.023,139.387,930,1,1,1,1,1,,0,1987/5/21,2006/10/2,36716,0,0,0,1,0,,0
36716,桧枝岐,ヒノエマタ,HINOEMATA,桧枝岐,ヒノエマタ,HINOEMATA,37.023,139.387,930,8.5,,,37.023,139.387,930,1,1,1,1,1,,0,2006/10/3,2008/11/4,36716,0,0,0,4,0,,0
36716,桧枝岐,ヒノエマタ,HINOEMATA,桧枝岐,ヒノエマタ,HINOEMATA,37.023,139.387,930,8.5,,,37.023,139.387,930,1,1,1,1,1,,0,2008/11/5,2009/12/21,36716,0,4,4,0,0,,0
36716,桧枝岐,ヒノエマタ,HINOEMATA,桧枝岐,ヒノエマタ,HINOEMATA,37.023,139.387,930,10,,,37.023,139.387,930,1,1,1,1,1,,0,2009/12/22,2016/11/7,36716,0,0,0,0,0,,0
36716,桧枝岐,ヒノエマタ,HINOEMATA,桧枝岐,ヒノエマタ,HINOEMATA,37.01,139.375,973,10,,,37.01,139.375,973,1,1,1,1,1,,0,2016/11/8,2021/3/1,36716,0,0,0,0,0,,0
36716,桧枝岐,ヒノエマタ,HINOEMATA,桧枝岐,ヒノエマタ,HINOEMATA,37.01,139.375,973,10,,,37.01,139.375,973,1,1,1,2,1,,0,2021/3/2,2023/9/25,36716,0,0,0,6,0,,0
36716,桧枝岐,ヒノエマタ,HINOEMATA,桧枝岐,ヒノエマタ,HINOEMATA,37.01,139.375,973,9.9,,,37.01,139.375,973,1,1,1,2,1,,1,2023/9/26,9999-99-99,36716,0,0,0,0,0,,0
36726,舘岩,タテイワ,TATEIWA,,,,37.092,139.532,690,,,,,,,1,0,0,0,0,,0,1978/8/9,9999-99-99,36726,1,1,1,1,1,,1
36736,山王峠,サンノウトウゲ,SANNOTOGE,,,,37.068,139.732,1080,,,,,,,1,0,0,0,0,,0,1974/11/1,2009/11/2,36736,1,1,1,1,1,,1
36766,古殿,フルドノ,FURUDONO,,,,37.09,140.56,353,,,,,,,1,0,0,0,0,,0,2011/6/14,2011/9/28,36766,1,1,1,1,1,,1
36766,古殿,フルドノ,FURUDONO,,,,37.09,140.56,353,5.5,,,,,,1,1,1,0,0,,0,2011/9/29,2016/7/27,36766,0,0,0,0,0,,0
36766,古殿,フルドノ,FURUDONO,,,,37.09,140.56,347,5.5,,,,,,1,1,1,0,0,,0,2016/7/28,2021/12/7,36766,0,0,0,0,0,,0
36771,大辷山,オオツベヤマ,OTSUBEYAMA,,,,37.08,140.637,688,,,,,,,1,0,0,0,0,,0,1974/11/1,2009/11/2,36771,1,1,1,1,1,,1
36776,上遠野,カトオノ,KATOONO,,,,37.008,140.737,125,6.5,,,,,,1,1,1,1,0,,0,1976/11/29,1987/5/21,36776,1,1,1,1,1,,1
36776,上遠野,カトオノ,KATOONO,,,,37.008,140.737,125,6.5,,,,,,1,1,1,1,0,,0,1987/5/22,2009/3/16,36776,0,0,0,1,0,,0
36781,平,タイラ,TAIRA,,,,37.065,140.877,12,,,,,,,1,0,0,0,0,,0,1974/11/1,9999-99-99,36781,1,1,1,1,1,,1
36801,田代山,タシロヤマ,TASHIROYAMA,,,,36.98,139.482,1920,,,,,,,1,0,0,0,0,,0,1974/11/1,2009/11/2,36801,1,1,1,1,1,,1
36821,東白川,ヒガシシラカワ,HIGASHISHIRAKAWA,,,,36.955,140.4,217,,,,,,,1,0,0,0,0,,0,1974/11/1,1976/11/24,36821,1,1,1,1,1,,1
36821,東白川,ヒガシシラカワ,HIGASHISHIRAKAWA,,,,36.955,140.4,217,6.5,,,,,,1,1,1,1,0,,0,1976/11/25,1986/5/7,36821,0,0,0,0,0,,0
36821,東白川,ヒガシシラカワ,HIGASHISHIRAKAWA,,,,36.955,140.4,217,6.5,,,,,,1,1,1,1,0,,0,1986/5/8,2005/11/20,36821,0,0,0,1,0,,0
36821,東白川,ヒガシシラカワ,HIGASHISHIRAKAWA,,,,36.938,140.408,183,6.5,,,,,,1,1,1,1,0,,0,2005/11/21,2008/11/25,36821,0,0,0,4,0,,0
36821,東白川,ヒガシシラカワ,HIGASHISHIRAKAWA,,,,36.938,140.408,183,6.5,,,,,,1,1,1,1,0,,0,2008/11/26,2021/3/1,36821,0,4,4,0,0,,0
36821,東白川,ヒガシシラカワ,HIGASHISHIRAKAWA,,,,36.938,140.408,183,6.5,,,,,,1,1,1,2,0,,0,2021/3/2,2021/10/20,36821,0,0,0,6,0,,0
36821,東白川,ヒガシシラカワ,HIGASHISHIRAKAWA,,,,36.938,140.408,183,6.4,,,,,,1,1,1,2,0,,1,2021/10/21,9999-99-99,36821,0,0,0,0,0,,0
36836,山田,ヤマダ,YAMADA,,,,36.933,140.733,25,10,,,,,,1,1,1,1,0,,0,2009/3/17,2021/3/1,36836,1,5,5,5,1,,1
36836,山田,ヤマダ,YAMADA,,,,36.933,140.733,25,10,,,,,,1,1,1,2,0,,0,2021/3/2,9999-99-99,36836,0,0,0,6,0,,0
36846,小名浜,オナハマ,ONAHAMA,,,,36.947,140.903,3,,,,,,,1,0,0,0,0,,0,1974/11/1,1975/3/16,36846,1,1,1,1,1,,1
36846,小名浜,オナハマ,ONAHAMA,,,,36.947,140.903,3,14.9,,,,,,1,1,1,1,0,,0,1975/3/17,1985/12/31,36846,0,0,0,0,0,,0
36846,小名浜,オナハマ,ONAHAMA,,,,36.947,140.903,3,14.9,,,,,,1,1,1,1,0,,0,1986/1/1,2008/3/25,36846,0,0,0,1,0,,0
36846,小名浜,オナハマ,ONAHAMA,,,,36.947,140.903,3,14.9,,,,,,1,1,1,1,0,,0,2008/3/26,2012/2/22,36846,0,4,4,0,0,,0
36846,小名浜,オナハマ,ONAHAMA,,,,36.947,140.903,3,14.8,,,,,,1,1,1,1,0,,0,2012/2/23,2017/3/21,36846,0,0,0,0,0,,0
36846,小名浜,オナハマ,ONAHAMA,,,,36.947,140.903,3,19,,,,,,1,1,1,1,0,,0,2017/3/22,2018/3/22,36846,0,0,0,0,0,,0
36846,小名浜,オナハマ,ONAHAMA,,,,36.947,140.903,3,20,,,,,,1,1,1,1,0,,0,2018/3/23,2021/3/1,36846,0,0,0,0,0,,0
36846,小名浜,オナハマ,ONAHAMA,,,,36.947,140.903,3,20,,,,,,1,1,1,1,0,,1,2021/3/2,9999-99-99,36846,0,0,0,0,0,,0
40041,花園,ハナゾノ,HANAZONO,,,,36.868,140.637,370,,,,,,,1,0,0,0,0,,0,1974/11/1,9999-99-99,40041,1,1,1,1,1,,1
40046,大津,オオツ,OTSU,,,,36.833,140.787,30,,,,,,,1,0,0,0,0,,0,1974/11/1,1978/1/17,40046,1,1,1,1,1,,1
40046,大津,オオツ,OTSU,,,,36.833,140.787,30,6.5,,,,,,1,1,1,1,0,,0,1978/1/18,1986/10/19,40046,0,0,0,0,0,,0
40046,大津,オオツ,OTSU,,,,36.833,140.787,30,6.5,,,,,,1,1,1,1,0,,0,1986/10/20,1991/2/20,40046,0,0,0,1,0,,0
40046,北茨城,キタイバラキ,KITAIBARAKI,,,,36.842,140.772,45,8.5,,,,,,1,1,1,1,0,,0,1991/2/21,2005/12/19,40046,0,0,0,0,0,,0
40046,北茨城,キタイバラキ,KITAIBARAKI,,,,36.842,140.772,45,8.5,,,,,,1,1,1,1,0,,0,2005/12/20,2008/11/4,40046,0,0,0,4,0,,0
40046,北茨城,キタイバラキ,KITAIBARAKI,,,,36.842,140.772,45,8.5,,,,,,1,1,1,1,0,,0,2008/11/5,2012/1/10,40046,0,4,4,0,0,,0
40046,北茨城,キタイバラキ,KITAIBARAKI,,,,36.833,140.772,5,10,,,,,,1,1,1,1,0,,0,2012/1/11,2021/3/1,40046,0,0,0,0,0,,0
40046,北茨城,キタイバラキ,KITAIBARAKI,,,,36.833,140.772,5,10,,,,,,1,1,1,2,0,,0,2021/3/2,2021/11/16,40046,0,0,0,6,0,,0
40046,北茨城,キタイバラキ,KITAIBARAKI,,,,36.833,140.772,5,9.9,,,,,,1,1,1,2,0,,1,2021/11/17,9999-99-99,40046,0,0,0,0,0,,0
40061,大子,ダイゴ,DAIGO,,,,36.778,140.345,120,,,,,,,1,0,0,0,0,,0,1974/11/1,1978/1/12,40061,1,1,1,1,1,,1
40061,大子,ダイゴ,DAIGO,,,,36.778,140.345,120,6.5,,,,,,1,1,1,1,0,,0,1978/1/13,1985/10/28,40061,0,0,0,0,0,,0
40061,大子,ダイゴ,DAIGO,,,,36.778,140.345,120,6.5,,,,,,1,1,1,1,0,,0,1985/10/29,2006/12/14,40061,0,0,0,1,0,,0
40061,大子,ダイゴ,DAIGO,,,,36.778,140.345,120,10,,,,,,1,1,1,1,0,,0,2006/12/15,2008/12/8,40061,0,0,0,4,0,,0
40061,大子,ダイゴ,DAIGO,,,,36.778,140.345,120,10,,,,,,1,1,1,1,0,,0,2008/12/9,2021/3/1,40061,0,4,4,0,0,,0
40061,大子,ダイゴ,DAIGO,,,,36.778,140.345,120,10,,,,,,1,1,1,2,0,,0,2021/3/2,9999-99-99,40061,0,0,0,6,0,,0
40066,徳田,トクダ,TOKUDA,,,,36.778,140.482,270,,,,,,,1,0,0,0,0,,0,1977/7/15,9999-99-99,40066,1,1,1,1,1,,1
40076,大能,オオノウ,ONO,,,,36.743,140.592,395,,,,,,,1,0,0,0,0,,0,1985/6/5,2012/3/21,40076,1,1,1,1,1,,1
40076,大能,オオノウ,ONO,,,,36.743,140.593,395,,,,,,,1,0,0,0,0,,0,2012/3/22,9999-99-99,40076,0,0,0,0,0,,0
40081,高萩,タカハギ,TAKAHAGI,,,,36.707,140.718,4,,,,,,,1,0,0,0,0,,0,2011/6/14,2011/8/10,40081,1,1,1,1,1,,1
40081,高萩,タカハギ,TAKAHAGI,,,,36.707,140.717,4,,,,,,,1,0,0,0,0,,0,2011/8/11,2011/9/29,40081,0,0,0,0,0,,0
40081,高萩,タカハギ,TAKAHAGI,,,,36.707,140.717,4,5.4,,,,,,1,1,1,0,0,,0,2011/9/30,2018/11/30,40081,0,0,0,0,0,,0
40091,小瀬,オセ,OSE,,,,36.607,140.325,95,6.5,,,,,,1,1,1,1,0,,0,1978/12/20,1987/11/19,40091,1,1,1,1,1,,1
40091,小瀬,オセ,OSE,,,,36.607,140.325,95,6.5,,,,,,1,1,1,1,0,,0,1987/11/20,2008/1/17,40091,0,0,0,1,0,,0
40091,小瀬,オセ,OSE,,,,36.607,140.325,95,6.5,,,,,,1,1,1,1,0,,0,2008/1/18,2008/3/25,40091,0,0,0,4,0,,0
40091,小瀬,オセ,OSE,,,,36.607,140.325,95,6.5,,,,,,1,1,1,1,0,,0,2008/3/26,2011/4/10,40091,0,4,4,0,0,,0
40091,常陸大宮,ヒタチオオミヤ,HITACHIOMIYA,,,,36.607,140.325,95,6.5,,,,,,1,1,1,1,0,,0,2011/4/11,2021/3/1,40091,0,0,0,0,0,,0
40091,常陸大宮,ヒタチオオミヤ,HITACHIOMIYA,,,,36.607,140.325,95,6.5,,,,,,1,1,1,2,0,,0,2021/3/2,9999-99-99,40091,0,0,0,6,0,,0
40106,神峰山,カミネサン,KAMINESAN,,,,36.633,140.608,592,,,,,,,1,0,0,0,0,,0,1974/11/1,1985/5/28,40106,1,1,1,1,1,,1
40126,中野,ナカノ,NAKANO,,,,36.507,140.477,10,,,,,,,1,0,0,0,0,,0,1977/7/13,2010/3/14,40126,1,1,1,1,1,,1
40126,中野,ナカノ,NAKANO,,,,36.515,140.473,17,,,,,,,1,0,0,0,0,,0,2010/3/15,9999-99-99,40126,0,0,0,0,0,,0
40136,日立,ヒタチ,HITACHI,,,,36.598,140.65,52,,,,,,,1,0,0,0,0,,0,1975/5/20,1978/1/17,40136,1,1,1,1,1,,1
40136,日立,ヒタチ,HITACHI,,,,36.598,140.65,52,10.5,,,,,,1,1,1,1,0,,0,1978/1/18,1986/10/29,40136,0,0,0,0,0,,0
40136,日立,ヒタチ,HITACHI,,,,36.598,140.65,52,10.5,,,,,,1,1,1,1,0,,0,1986/10/30,2008/1/21,40136,0,0,0,1,0,,0
40136,日立,ヒタチ,HITACHI,,,,36.598,140.65,52,10.5,,,,,,1,1,1,1,0,,0,2008/1/22,2008/3/25,40136,0,0,0,4,0,,0
40136,日立,ヒタチ,HITACHI,,,,36.598,140.65,52,10.5,,,,,,1,1,1,1,0,,0,2008/3/26,2010/2/24,40136,0,4,4,0,0,,0
40136,日立,ヒタチ,HITACHI,,,,36.598,140.65,52,10,,,,,,1,1,1,1,0,,0,2010/2/25,2012/3/15,40136,0,0,0,0,0,,0
40136,日立,ヒタチ,HITACHI,,,,36.58,140.645,34,10,,,,,,1,1,1,1,0,,0,2012/3/16,2021/3/1,40136,0,0,0,0,0,,0
40136,日立,ヒタチ,HITACHI,,,,36.58,140.645,34,10,,,,,,1,1,1,2,0,,0,2021/3/2,9999-99-99,40136,0,0,0,6,0,,0
40181,協和,キョウワ,KYOWA,,,,36.333,140.033,40,,,,,,,1,0,0,0,0,,0,1982/6/23,2005/3/31,40181,1,1,1,1,1,,1
40181,門井,カドイ,KADOI,,,,36.333,140.033,40,,,,,,,1,0,0,0,0,,0,2005/4/1,9999-99-99,40181,0,0,0,0,0,,0
40191,笠間,カサマ,KASAMA,,,,36.385,140.237,65,,,,,,,1,0,0,0,0,,0,1974/11/1,1978/1/30,40191,1,1,1,1,1,,1
40191,笠間,カサマ,KASAMA,,,,36.383,140.237,65,6.5,,,,,,1,1,1,1,0,,0,1978/1/31,1986/10/27,40191,0,0,0,0,0,,0
40191,笠間,カサマ,KASAMA,,,,36.383,140.237,65,6.5,,,,,,1,1,1,1,0,,0,1986/10/28,2009/2/2,40191,0,0,0,1,0,,0
40191,笠間,カサマ,KASAMA,,,,36.383,140.237,65,6.5,,,,,,1,1,1,1,0,,0,2009/2/3,2010/2/16,40191,0,4,4,4,0,,0
40191,笠間,カサマ,KASAMA,,,,36.383,140.237,65,10,,,,,,1,1,1,1,0,,0,2010/2/17,2014/3/19,40191,0,0,0,0,0,,0
40191,笠間,カサマ,KASAMA,,,,36.395,140.24,72,10,,,,,,1,1,1,1,0,,0,2014/3/20,2021/3/1,40191,0,0,0,0,0,,0
40191,笠間,カサマ,KASAMA,,,,36.395,140.24,72,10,,,,,,1,1,1,2,0,,0,2021/3/2,9999-99-99,40191,0,0,0,6,0,,0
40201,水戸,ミト,MITO,,,,36.38,140.467,29,,,,,,,1,0,0,0,0,,0,1974/11/1,1975/3/2,40201,1,1,1,1,1,,1
40201,水戸,ミト,MITO,,,,36.38,140.467,29,14,,,,,,1,1,1,1,0,,0,1975/3/3,1986/12/31,40201,0,0,0,0,0,,0
40201,水戸,ミト,MITO,,,,36.38,140.467,29,14,,,,,,1,1,1,1,0,,0,1987/1/1,1999/1/12,40201,0,0,0,1,0,,0
40201,水戸,ミト,MITO,水戸,ミト,MITO,36.38,140.467,29,14,,,36.38,140.467,29,1,1,1,1,1,,0,1999/1/13,2008/3/25,40201,0,0,0,0,0,,0
40201,水戸,ミト,MITO,水戸,ミト,MITO,36.38,140.467,29,14,,,36.38,140.467,29,1,1,1,1,1,,0,2008/3/26,2018/10/23,40201,0,4,4,0,0,,0
40201,水戸,ミト,MITO,水戸,ミト,MITO,36.38,140.467,29,14.1,,,36.38,140.467,29,1,1,1,1,1,,0,2018/10/24,2021/3/1,40201,0,0,0,0,0,,0
40201,水戸,ミト,MITO,水戸,ミト,MITO,36.38,140.467,29,14.1,,,36.38,140.467,29,1,1,1,1,1,,1,2021/3/2,9999-99-99,40201,0,0,0,0,0,,0
40221,古河,コガ,KOGA,,,,36.203,139.715,20,,,,,,,1,0,0,0,0,,0,1974/11/1,1978/1/10,40221,1,1,1,1,1,,1
40221,古河,コガ,KOGA,,,,36.203,139.715,20,8.5,,,,,,1,1,1,1,0,,0,1978/1/11,1987/10/27,40221,0,0,0,0,0,,0
40221,古河,コガ,KOGA,,,,36.203,139.715,20,8.5,,,,,,1,1,1,1,0,,0,1987/10/28,1989/10/23,40221,0,0,0,1,0,,0
40221,古河,コガ,KOGA,,,,36.202,139.717,20,8.5,,,,,,1,1,1,1,0,,0,1989/10/24,2008/1/15,40221,0,0,0,0,0,,0
40221,古河,コガ,KOGA,,,,36.202,139.717,20,8.5,,,,,,1,1,1,1,0,,0,2008/1/16,2008/3/25,40221,0,0,0,4,0,,0
40221,古河,コガ,KOGA,,,,36.202,139.717,20,8.5,,,,,,1,1,1,1,0,,0,2008/3/26,2010/1/4,40221,0,4,4,0,0,,0
40221,古河,コガ,KOGA,,,,36.202,139.717,20,10,,,,,,1,1,1,1,0,,0,2010/1/5,2021/3/1,40221,0,0,0,0,0,,0
40221,古河,コガ,KOGA,,,,36.202,139.717,20,10,,,,,,1,1,1,2,0,,0,2021/3/2,9999-99-99,40221,0,0,0,6,0,,0
40231,下館,シモダテ,SHIMODATE,,,,36.282,139.988,24,6.5,,,,,,1,1,1,1,0,,0,2001/12/10,2006/12/18,40231,1,1,1,1,1,,1
40231,下館,シモダテ,SHIMODATE,,,,36.282,139.988,24,6.5,,,,,,1,1,1,1,0,,0,2006/12/19,2008/12/15,40231,0,0,0,4,0,,0
40231,下館,シモダテ,SHIMODATE,,,,36.282,139.988,24,6.5,,,,,,1,1,1,1,0,,0,2008/12/16,2021/3/1,40231,0,4,4,0,0,,0
40231,下館,シモダテ,SHIMODATE,,,,36.282,139.988,24,6.5,,,,,,1,1,1,2,0,,0,2021/3/2,9999-99-99,40231,0,0,0,6,0,,0
40241,柿岡,カキオカ,KAKIOKA,,,,36.233,140.188,27,,,,,,,1,0,0,0,0,,0,1975/5/20,9999-99-99,40241,1,1,1,1,1,,1
40242,筑波山,ツクバサン,TSUKUBASAN,,,,36.225,140.098,868,17.2,,,,,,1,1,1,1,0,,0,1976/2/28,1981/8/20,40242,1,1,1,1,1,,1
40243,筑波山,ツクバサン,TSUKUBASAN,,,,36.225,140.098,868,17.2,,,,,,1,1,1,1,0,,0,1981/8/21,1987/11/15,40242,1,0,0,0,0,,0
40243,筑波山,ツクバサン,TSUKUBASAN,,,,36.225,140.098,868,17.2,,,,,,1,1,1,1,0,,0,1987/11/16,2001/12/6,40243,0,0,0,1,0,,0
40246,愛宕山,アタゴサン,ATAGOSAN,,,,36.29,140.255,280,,,,,,,1,0,0,0,0,,0,1974/11/1,1982/5/12,40246,1,1,1,1,1,,1
40251,美野里,ミノリ,MINORI,,,,36.237,140.325,25,,,,,,,1,0,0,0,0,,0,1975/5/20,9999-99-99,40251,1,1,1,1,1,,1
40281,下妻,シモツマ,SHIMOTSUMA,,,,36.167,139.947,20,,,,,,,1,0,0,0,0,,0,1974/11/1,1978/1/10,40281,1,1,1,1,1,,1
40281,下妻,シモツマ,SHIMOTSUMA,,,,36.168,139.945,20,6.5,,,,,,1,1,1,1,0,,0,1978/1/11,1987/11/15,40281,0,0,0,0,0,,0
40281,下妻,シモツマ,SHIMOTSUMA,,,,36.168,139.945,20,6.5,,,,,,1,1,1,1,0,,0,1987/11/16,2008/1/10,40281,0,0,0,1,0,,0
40281,下妻,シモツマ,SHIMOTSUMA,,,,36.168,139.945,20,6.5,,,,,,1,1,1,1,0,,0,2008/1/11,2008/3/25,40281,0,0,0,4,0,,0
40281,下妻,シモツマ,SHIMOTSUMA,,,,36.168,139.945,20,6.5,,,,,,1,1,1,1,0,,0,2008/3/26,2010/2/4,40281,0,4,4,0,0,,0
40281,下妻,シモツマ,SHIMOTSUMA,,,,36.168,139.945,20,10,,,,,,1,1,1,1,0,,0,2010/2/5,2021/3/1,40281,0,0,0,0,0,,0
40281,下妻,シモツマ,SHIMOTSUMA,,,,36.168,139.945,20,10,,,,,,1,1,1,2,0,,0,2021/3/2,9999-99-99,40281,0,0,0,6,0,,0
40282,常総,ジョウソウ,JOSO,,,,36.113,139.98,15,5.4,,,,,,1,1,1,0,0,,0,2015/9/18,2018/3/15,40282,1,5,5,1,1,,1
40311,鉾田,ホコタ,HOKOTA,,,,36.168,140.527,32,6.5,,,,,,1,1,1,1,0,,0,1978/1/31,1986/10/28,40311,1,1,1,1,1,,1
40311,鉾田,ホコタ,HOKOTA,,,,36.168,140.527,32,6.5,,,,,,1,1,1,1,0,,0,1986/10/29,2005/12/21,40311,0,0,0,1,0,,0
40311,鉾田,ホコタ,HOKOTA,,,,36.168,140.527,32,6.5,,,,,,1,1,1,1,0,,0,2005/12/22,2008/11/6,40311,0,0,0,4,0,,0
40311,鉾田,ホコタ,HOKOTA,,,,36.168,140.527,32,6.5,,,,,,1,1,1,1,0,,0,2008/11/7,2010/2/8,40311,0,4,4,0,0,,0
40311,鉾田,ホコタ,HOKOTA,,,,36.168,140.527,32,10,,,,,,1,1,1,1,0,,0,2010/2/9,2021/3/1,40311,0,0,0,0,0,,0
40311,鉾田,ホコタ,HOKOTA,,,,36.168,140.527,32,10,,,,,,1,1,1,2,0,,0,2021/3/2,2021/11/17,40311,0,0,0,6,0,,0
40311,鉾田,ホコタ,HOKOTA,,,,36.168,140.527,32,9.9,,,,,,1,1,1,2,0,,1,2021/11/18,9999-99-99,40311,0,0,0,0,0,,0
40326,岩井,イワイ,IWAI,,,,36.035,139.893,16,,,,,,,1,0,0,0,0,,0,1974/11/1,2005/3/31,40326,1,1,1,1,1,,1
40326,坂東,バンドウ,BANDO,,,,36.035,139.893,16,,,,,,,1,0,0,0,0,,0,2005/4/1,9999-99-99,40326,0,0,0,0,0,,0
40336,長峰,ナガミネ,NAGAMINE,,,,36.057,140.125,25,20.4,,,,,,1,1,1,1,0,,0,1990/3/8,1990/3/14,40336,1,1,1,1,1,,1
40336,長峰,ナガミネ,NAGAMINE,,,,36.057,140.125,25,20.4,,,,,,1,1,1,1,0,,0,1990/3/15,2001/11/30,40336,0,0,0,1,0,,0
40336,つくば,ツクバ,TSUKUBA,,,,36.057,140.125,25,20.4,,,,,,1,1,1,1,0,,0,2001/12/1,2008/3/25,40336,0,0,0,0,0,,0
40336,つくば,ツクバ,TSUKUBA,,,,36.057,140.125,25,20.4,,,,,,1,1,1,1,0,,0,2008/3/26,2011/11/16,40336,0,4,4,0,0,,0
40336,つくば,ツクバ,TSUKUBA,つくば,ツクバ,TSUKUBA,36.057,140.125,25,20.4,,,36.057,140.125,25,1,1,1,1,1,,0,2011/11/17,2021/3/1,40336,0,0,0,0,0,,0
40336,つくば,ツクバ,TSUKUBA,つくば,ツクバ,TSUKUBA,36.057,140.125,25,20.4,,,36.057,140.125,25,1,1,1,1,1,,1,2021/3/2,9999-99-99,40336,0,0,0,0,0,,0
40341,土浦,ツチウラ,TSUCHIURA,,,,36.095,140.207,26,,,,,,,1,0,0,0,0,,0,1974/11/1,1978/1/11,40341,1,1,1,1,1,,1
40341,土浦,ツチウラ,TSUCHIURA,,,,36.095,140.207,26,6.5,,,,,,1,1,1,1,0,,0,1978/1/12,1986/4/15,40341,0,0,0,0,0,,0
40341,土浦,ツチウラ,TSUCHIURA,,,,36.095,140.207,26,6.5,,,,,,1,1,1,1,0,,0,1986/4/16,2008/1/24,40341,0,0,0,1,0,,0
40341,土浦,ツチウラ,TSUCHIURA,,,,36.095,140.207,26,6.5,,,,,,1,1,1,1,0,,0,2008/1/25,2008/3/25,40341,0,0,0,4,0,,0
40341,土浦,ツチウラ,TSUCHIURA,,,,36.095,140.207,26,6.5,,,,,,1,1,1,1,0,,0,2008/3/26,2009/12/24,40341,0,4,4,0,0,,0
40341,土浦,ツチウラ,TSUCHIURA,,,,36.103,140.22,26,10,,,,,,1,1,1,1,0,,0,2009/12/25,2021/3/1,40341,0,0,0,0,0,,0
40341,土浦,ツチウラ,TSUCHIURA,,,,36.103,140.22,26,10,,,,,,1,1,1,2,0,,0,2021/3/2,9999-99-99,40341,0,0,0,6,0,,0
40391,江戸崎,エドサキ,EDOSAKI,,,,35.96,140.32,25,,,,,,,1,0,0,0,0,,0,1975/3/28,9999-99-99,40391,1,1,1,1,1,,1
40406,鹿島,カシマ,KASHIMA,,,,35.963,140.622,37,,,,,,,1,0,0,0,0,,0,1974/11/1,1978/1/16,40406,1,1,1,1,1,,1
40406,鹿島,カシマ,KASHIMA,,,,35.963,140.622,37,6.5,,,,,,1,1,1,1,0,,0,1978/1/17,1986/6/26,40406,0,0,0,0,0,,0
40406,鹿島,カシマ,KASHIMA,,,,35.963,140.622,37,6.5,,,,,,1,1,1,1,0,,0,1986/6/27,1995/8/31,40406,0,0,0,1,0,,0
40406,鹿嶋,カシマ,KASHIMA,,,,35.963,140.622,37,6.5,,,,,,1,1,1,1,0,,0,1995/9/1,2006/12/21,40406,0,0,0,0,0,,0
40406,鹿嶋,カシマ,KASHIMA,,,,35.963,140.622,37,6.5,,,,,,1,1,1,1,0,,0,2006/12/22,2008/12/11,40406,0,0,0,4,0,,0
40406,鹿嶋,カシマ,KASHIMA,,,,35.963,140.622,37,6.5,,,,,,1,1,1,1,0,,0,2008/12/12,2010/1/26,40406,0,4,4,0,0,,0
40406,鹿嶋,カシマ,KASHIMA,,,,35.963,140.622,37,10,,,,,,1,1,1,1,0,,0,2010/1/27,2021/3/1,40406,0,0,0,0,0,,0
40406,鹿嶋,カシマ,KASHIMA,,,,35.963,140.622,37,10,,,,,,1,1,1,2,0,,0,2021/3/2,9999-99-99,40406,0,0,0,6,0,,0
40426,竜ケ崎,リュウガサキ,RYUGASAKI,,,,35.89,140.212,4,,,,,,,1,0,0,0,0,,0,1975/5/20,1978/12/18,40426,1,1,1,1,1,,1
40426,龍ケ崎,リュウガサキ,RYUGASAKI,,,,35.89,140.212,4,6.6,,,,,,1,1,1,1,0,,0,1978/12/19,1988/7/10,40426,0,0,0,0,0,,0
40426,龍ケ崎,リュウガサキ,RYUGASAKI,,,,35.89,140.212,4,6.6,,,,,,1,1,1,1,0,,0,1988/7/11,2007/1/22,40426,0,0,0,1,0,,0
40426,龍ケ崎,リュウガサキ,RYUGASAKI,,,,35.89,140.212,4,9.4,,,,,,1,1,1,1,0,,0,2007/1/23,2008/3/17,40426,0,0,0,0,0,,0
40426,龍ケ崎,リュウガサキ,RYUGASAKI,,,,35.89,140.212,4,9.4,,,,,,1,1,1,1,0,,0,2008/3/18,2008/3/25,40426,0,0,0,4,0,,0
40426,龍ケ崎,リュウガサキ,RYUGASAKI,,,,35.89,140.212,4,9.4,,,,,,1,1,1,1,0,,0,2008/3/26,2021/3/1,40426,0,4,4,0,0,,0
40426,龍ケ崎,リュウガサキ,RYUGASAKI,,,,35.89,140.212,4,9.4,,,,,,1,1,1,2,0,,0,2021/3/2,9999-99-99,40426,0,0,0,6,0,,0
41011,那須,ナス,NASU,,,,37.123,140.035,749,,,,,,,1,0,0,0,0,,0,1974/11/1,1977/11/8,41011,1,1,1,1,1,,1
41011,那須,ナス,NASU,,,,37.123,140.035,749,6.6,,,,,,1,1,1,1,0,,0,1977/11/9,1987/11/4,41011,0,0,0,0,0,,0
41011,那須,ナス,NASU,,,,37.123,140.035,749,6.6,,,,,,1,1,1,1,0,,0,1987/11/5,1989/10/16,41011,0,0,0,1,0,,0
41011,那須,ナス,NASU,那須,ナス,NASU,37.123,140.035,749,6.6,,,37.123,140.035,749,1,1,1,1,1,,0,1989/10/17,2006/11/30,41011,0,0,0,0,0,,0
41011,那須,ナス,NASU,那須,ナス,NASU,37.123,140.035,749,6.6,,,37.123,140.035,749,1,1,1,1,1,,0,2006/12/1,2008/12/2,41011,0,0,0,4,0,,0
41011,那須,ナス,NASU,那須,ナス,NASU,37.123,140.035,749,6.6,,,37.123,140.035,749,1,1,1,1,1,,0,2008/12/3,2015/3/18,41011,0,4,4,0,0,,0
41011,那須高原,ナスコウゲン,NASU-KOGEN,那須高原,ナスコウゲン,NASU-KOGEN,37.123,140.035,749,6.6,,,37.123,140.035,749,1,1,1,1,1,,0,2015/3/19,2021/3/1,41011,0,0,0,0,0,,0
41011,那須高原,ナスコウゲン,NASU-KOGEN,那須高原,ナスコウゲン,NASU-KOGEN,37.123,140.035,749,6.6,,,37.123,140.035,749,1,1,1,2,1,,0,2021/3/2,2021/3/17,41011,0,0,0,6,0,,0
41011,那須高原,ナスコウゲン,NASU-KOGEN,那須高原,ナスコウゲン,NASU-KOGEN,37.123,140.035,749,6.6,,,37.123,140.035,749,1,1,1,2,1,,1,2021/3/18,9999-99-99,41011,0,0,0,0,0,,0
41051,黒田原,クロダワラ,KURODAWARA,,,,37.02,140.12,340,,,,,,,1,0,0,0,0,,0,1974/11/1,1977/10/31,41051,1,1,1,1,1,,1
41076,五十里,イカリ,IKARI,,,,36.922,139.695,620,,,,,,,1,0,0,0,0,,0,1975/5/20,1977/11/9,41076,1,1,1,1,1,,1
41076,五十里,イカリ,IKARI,,,,36.922,139.695,620,6.6,,,,,,1,1,1,1,0,,0,1977/11/10,1986/10/14,41076,0,0,0,0,0,,0
41076,五十里,イカリ,IKARI,,,,36.922,139.695,620,6.6,,,,,,1,1,1,1,0,,0,1986/10/15,2006/12/11,41076,0,0,0,1,0,,0
41076,五十里,イカリ,IKARI,,,,36.922,139.695,620,6.6,,,,,,1,1,1,1,0,,0,2006/12/12,2008/12/4,41076,0,0,0,4,0,,0
41076,五十里,イカリ,IKARI,,,,36.922,139.695,620,6.6,,,,,,1,1,1,1,0,,0,2008/12/5,2010/9/27,41076,0,4,4,0,0,,0
41076,五十里,イカリ,IKARI,,,,36.922,139.695,620,10,,,,,,1,1,1,1,0,,0,2010/9/28,2021/3/1,41076,0,0,0,0,0,,0
41076,五十里,イカリ,IKARI,,,,36.922,139.695,620,10,,,,,,1,1,1,2,0,,0,2021/3/2,9999-99-99,41076,0,0,0,6,0,,0
41081,八方が原,ハッポウガハラ,HAPPOGAHARA,,,,36.92,139.833,1087,,,,,,,1,0,0,0,0,,0,1974/11/1,2007/3/28,41081,1,1,1,1,1,,1
41091,黒磯,クロイソ,KUROISO,,,,36.982,140.018,343,,,,,,,1,0,0,0,0,,0,1974/11/1,1977/12/25,41091,1,1,1,1,1,,1
41091,黒磯,クロイソ,KUROISO,,,,36.982,140.018,343,8,,,,,,1,1,1,1,0,,0,1977/12/26,1987/11/15,41091,0,0,0,0,0,,0
41091,黒磯,クロイソ,KUROISO,,,,36.982,140.018,343,8,,,,,,1,1,1,1,0,,0,1987/11/16,2006/12/4,41091,0,0,0,1,0,,0
41091,黒磯,クロイソ,KUROISO,,,,36.982,140.018,343,8,,,,,,1,1,1,1,0,,0,2006/12/5,2008/12/8,41091,0,0,0,4,0,,0
41091,黒磯,クロイソ,KUROISO,,,,36.982,140.018,343,8,,,,,,1,1,1,1,0,,0,2008/12/9,2010/3/24,41091,0,4,4,0,0,,0
41091,黒磯,クロイソ,KUROISO,,,,36.982,140.018,343,10,,,,,,1,1,1,1,0,,0,2010/3/25,2021/3/1,41091,0,0,0,0,0,,0
41091,黒磯,クロイソ,KUROISO,,,,36.982,140.018,343,10,,,,,,1,1,1,2,0,,0,2021/3/2,2021/11/14,41091,0,0,0,6,0,,0
41091,黒磯,クロイソ,KUROISO,,,,36.982,140.018,343,9.9,,,,,,1,1,1,2,0,,1,2021/11/15,9999-99-99,41091,0,0,0,0,0,,0
41101,八溝山,ヤミゾサン,YAMIZOSAN,,,,36.937,140.258,800,,,,,,,1,0,0,0,0,,0,1974/11/1,2007/3/28,41101,1,1,1,1,1,,1
41116,土呂部,ドロブ,DOROBU,,,,36.892,139.568,925,8,,,,,,1,1,1,1,0,,0,1977/11/10,1986/11/19,41116,1,1,1,1,1,,1
41116,土呂部,ドロブ,DOROBU,,,,36.892,139.568,925,8,,,,,,1,1,1,1,0,,0,1986/11/20,1989/10/15,41116,0,0,0,1,0,,0
41116,土呂部,ドロブ,DOROBU,土呂部,ドロブ,DOROBU,36.892,139.568,925,8,,,36.892,139.568,925,1,1,1,1,1,,0,1989/10/16,2008/11/27,41116,0,0,0,0,0,,0
41116,土呂部,ドロブ,DOROBU,土呂部,ドロブ,DOROBU,36.892,139.568,925,8,,,36.892,139.568,925,1,1,1,1,1,,0,2008/11/28,2010/9/13,41116,0,4,4,4,0,,0
41116,土呂部,ドロブ,DOROBU,土呂部,ドロブ,DOROBU,36.892,139.568,925,10,,,36.892,139.568,925,1,1,1,1,1,,0,2010/9/14,2021/3/1,41116,0,0,0,0,0,,0
41116,土呂部,ドロブ,DOROBU,土呂部,ドロブ,DOROBU,36.892,139.568,925,10,,,36.892,139.568,925,1,1,1,2,1,,0,2021/3/2,9999-99-99,41116,0,0,0,6,0,,0
41141,大田原,オオタワラ,OTAWARA,,,,36.867,140.045,215,,,,,,,1,0,0,0,0,,0,1974/11/1,1976/2/19,41141,1,1,1,1,1,,1
41141,大田原,オオタワラ,OTAWARA,,,,36.867,140.045,215,6.6,,,,,,1,1,1,1,0,,0,1976/2/20,1987/11/11,41141,0,0,0,0,0,,0
41141,大田原,オオタワラ,OTAWARA,,,,36.867,140.045,215,6.6,,,,,,1,1,1,1,0,,0,1987/11/12,2006/12/7,41141,0,0,0,1,0,,0
41141,大田原,オオタワラ,OTAWARA,,,,36.84,140.035,188,10,,,,,,1,1,1,1,0,,0,2006/12/8,2008/12/10,41141,0,0,0,4,0,,0
41141,大田原,オオタワラ,OTAWARA,,,,36.84,140.035,188,10,,,,,,1,1,1,1,0,,0,2008/12/11,2021/3/1,41141,0,4,4,0,0,,0
41141,大田原,オオタワラ,OTAWARA,,,,36.84,140.035,188,10,,,,,,1,1,1,2,0,,0,2021/3/2,2021/11/15,41141,0,0,0,6,0,,0
41141,大田原,オオタワラ,OTAWARA,,,,36.84,140.035,188,9.9,,,,,,1,1,1,2,0,,1,2021/11/16,9999-99-99,41141,0,0,0,0,0,,0
41166,日光,ニッコウ,NIKKO,,,,36.74,139.5,1292,,,,,,,1,0,0,0,0,,0,1974/11/1,1975/11/26,41166,1,1,1,1,1,,1
41166,日光,ニッコウ,NIKKO,,,,36.74,139.5,1292,17.2,,,,,,1,1,1,1,0,,0,1975/11/27,1988/12/31,41166,0,0,0,0,0,,0
41166,日光,ニッコウ,NIKKO,,,,36.74,139.5,1292,17.2,,,,,,1,1,1,1,0,,0,1989/1/1,1997/3/2,41166,0,0,0,1,0,,0
41166,日光,ニッコウ,NIKKO,日光,ニッコウ,NIKKO,36.74,139.5,1292,17.2,,,36.738,139.5,1292,1,1,1,1,1,,0,1997/3/3,1998/3/30,41166,0,0,0,0,0,,0
41166,日光,ニッコウ,NIKKO,日光,ニッコウ,NIKKO,36.738,139.5,1292,11.1,,,36.738,139.5,1292,1,1,1,1,1,,0,1998/3/31,2003/3/31,41166,0,0,0,0,0,,0
41166,奥日光,オクニッコウ,OKUNIKKO,奥日光,オクニッコウ,OKUNIKKO,36.738,139.5,1292,11.1,,,36.738,139.5,1292,1,1,1,1,1,,0,2003/4/1,2008/3/25,41166,0,0,0,0,0,,0
41166,奥日光,オクニッコウ,OKUNIKKO,奥日光,オクニッコウ,OKUNIKKO,36.738,139.5,1292,11.1,,,36.738,139.5,1292,1,1,1,1,1,,0,2008/3/26,2011/6/15,41166,0,4,4,0,0,,0
41166,奥日光,オクニッコウ,OKUNIKKO,奥日光,オクニッコウ,OKUNIKKO,36.738,139.5,1292,11.3,,,36.738,139.5,1292,1,1,1,1,1,,0,2011/6/16,2021/3/1,41166,0,0,0,0,0,,0
41166,奥日光,オクニッコウ,OKUNIKKO,奥日光,オクニッコウ,OKUNIKKO,36.738,139.5,1292,11.3,,,36.738,139.5,1292,1,1,1,1,1,,1,2021/3/2,9999-99-99,41166,0,0,0,0,0,,0
41171,今市,イマイチ,IMAICHI,,,,36.727,139.677,414,9.4,,,,,,1,1,1,1,0,,0,1978/12/21,1987/4/21,41171,1,1,1,1,1,,1
41171,今市,イマイチ,IMAICHI,,,,36.727,139.677,414,9.4,,,,,,1,1,1,1,0,,0,1987/4/22,2008/2/25,41171,0,0,0,1,0,,0
41171,今市,イマイチ,IMAICHI,,,,36.727,139.677,414,9.4,,,,,,1,1,1,1,0,,0,2008/2/26,2008/3/25,41171,0,0,0,4,0,,0
41171,今市,イマイチ,IMAICHI,,,,36.727,139.677,414,9.4,,,,,,1,1,1,1,0,,0,2008/3/26,2010/1/20,41171,0,4,4,0,0,,0
41171,今市,イマイチ,IMAICHI,,,,36.727,139.677,414,10,,,,,,1,1,1,1,0,,0,2010/1/21,2021/3/1,41171,0,0,0,0,0,,0
41171,今市,イマイチ,IMAICHI,,,,36.727,139.677,414,10,,,,,,1,1,1,2,0,,0,2021/3/2,2022/11/15,41171,0,0,0,6,0,,0
41172,日光東町,ニッコウヒガシマチ,NIKKOHIGASHIMACHI,,,,36.75,139.615,561,10.4,,,,,,1,1,1,2,0,,0,2022/11/16,9999-99-99,41172,1,5,5,7,1,,1
41181,塩谷,シオヤ,SHIOYA,,,,36.777,139.85,255,8,,,,,,1,1,1,1,0,,0,1978/12/21,1988/10/24,41181,1,1,1,1,1,,1
41181,塩谷,シオヤ,SHIOYA,,,,36.777,139.85,255,8,,,,,,1,1,1,1,0,,0,1988/10/25,2007/12/18,41181,0,0,0,1,0,,0
41181,塩谷,シオヤ,SHIOYA,,,,36.757,139.883,225,10.5,,,,,,1,1,1,1,0,,0,2007/12/19,2008/3/25,41181,0,0,0,4,0,,0
41181,塩谷,シオヤ,SHIOYA,,,,36.757,139.883,225,10.5,,,,,,1,1,1,1,0,,0,2008/3/26,2021/3/1,41181,0,4,4,0,0,,0
41181,塩谷,シオヤ,SHIOYA,,,,36.757,139.883,225,10.5,,,,,,1,1,1,2,0,,0,2021/3/2,9999-99-99,41181,0,0,0,6,0,,0
41211,足尾,アシオ,ASHIO,,,,36.645,139.45,650,,,,,,,1,0,0,0,0,,0,1975/5/20,1998/3/30,41211,1,1,1,1,1,,1
41211,足尾,アシオ,ASHIO,,,,36.647,139.448,650,,,,,,,1,0,0,0,0,,0,1998/3/31,9999-99-99,41211,0,0,0,0,0,,0
41216,方塞山,ホウサイザン,HOSAIZAN,,,,36.63,139.508,1385,,,,,,,1,0,0,0,0,,0,1974/11/1,2004/11/1,41216,1,1,1,1,1,,1
41241,高根沢,タカネザワ,TAKANEZAWA,,,,36.605,140,146,,,,,,,1,0,0,0,0,,0,1974/11/1,1995/2/14,41241,1,1,1,1,1,,1
41241,高根沢,タカネザワ,TAKANEZAWA,,,,36.607,139.998,148,,,,,,,1,0,0,0,0,,0,1995/2/15,9999-99-99,41241,0,0,0,0,0,,0
41246,烏山,カラスヤマ,KARASUYAMA,,,,36.648,140.148,162,,,,,,,1,0,0,0,0,,0,1975/5/20,1977/12/25,41246,1,1,1,1,1,,1
41246,烏山,カラスヤマ,KARASUYAMA,,,,36.648,140.148,162,6.5,,,,,,1,1,1,1,0,,0,1977/12/26,1986/3/17,41246,0,0,0,0,0,,0
41246,烏山,カラスヤマ,KARASUYAMA,,,,36.648,140.148,162,6.5,,,,,,1,1,1,1,0,,0,1986/3/18,1998/3/30,41246,0,0,0,1,0,,0
41246,烏山,カラスヤマ,KARASUYAMA,,,,36.65,140.147,162,6.6,,,,,,1,1,1,1,0,,0,1998/3/31,2009/2/23,41246,0,0,0,0,0,,0
41247,那須烏山,ナスカラスヤマ,NASU-KARASUYAMA,,,,36.642,140.117,82,10.5,,,,,,1,1,1,1,0,,0,2009/2/24,2021/3/1,41247,1,5,5,5,1,,1
41247,那須烏山,ナスカラスヤマ,NASU-KARASUYAMA,,,,36.642,140.117,82,10.5,,,,,,1,1,1,2,0,,0,2021/3/2,9999-99-99,41247,0,0,0,6,0,,0
41271,鹿沼,カヌマ,KANUMA,,,,36.592,139.737,165,,,,,,,1,0,0,0,0,,0,1974/11/1,1978/1/9,41271,1,1,1,1,1,,1
41271,鹿沼,カヌマ,KANUMA,,,,36.592,139.737,165,6.6,,,,,,1,1,1,1,0,,0,1978/1/10,1985/10/27,41271,0,0,0,0,0,,0
41271,鹿沼,カヌマ,KANUMA,,,,36.592,139.737,165,6.6,,,,,,1,1,1,1,0,,0,1985/10/28,2007/3/22,41271,0,0,0,1,0,,0
41271,鹿沼,カヌマ,KANUMA,,,,36.592,139.735,165,10.5,,,,,,1,1,1,1,0,,0,2007/3/23,2008/3/24,41271,0,0,0,0,0,,0
41271,鹿沼,カヌマ,KANUMA,,,,36.592,139.735,165,10.5,,,,,,1,1,1,1,0,,0,2008/3/25,2008/3/25,41271,0,0,0,4,0,,0
41271,鹿沼,カヌマ,KANUMA,,,,36.592,139.735,165,10.5,,,,,,1,1,1,1,0,,0,2008/3/26,2021/3/1,41271,0,4,4,0,0,,0
41271,鹿沼,カヌマ,KANUMA,,,,36.592,139.735,165,10.5,,,,,,1,1,1,2,0,,0,2021/3/2,9999-99-99,41271,0,0,0,6,0,,0
41276,宇都宮,ウツノミヤ,UTSUNOMIYA,,,,36.548,139.868,119,,,,,,,1,0,0,0,0,,0,1974/11/1,1975/3/2,41276,1,1,1,1,1,,1
41276,宇都宮,ウツノミヤ,UTSUNOMIYA,,,,36.548,139.868,119,15.1,,,,,,1,1,1,1,0,,0,1975/3/3,1985/12/31,41276,0,0,0,0,0,,0
41276,宇都宮,ウツノミヤ,UTSUNOMIYA,,,,36.548,139.868,119,15.1,,,,,,1,1,1,1,0,,0,1986/1/1,1989/12/20,41276,0,0,0,1,0,,0
41277,宇都宮,ウツノミヤ,UTSUNOMIYA,,,,36.548,139.868,119,49.2,,,,,,1,1,1,1,0,,0,1989/12/20,1999/1/14,41276,0,1,0,0,0,,0
41277,宇都宮,ウツノミヤ,UTSUNOMIYA,宇都宮,ウツノミヤ,UTSUNOMIYA,36.548,139.868,119,49.2,,,36.548,139.868,119,1,1,1,1,1,,0,1999/1/15,2008/3/25,41277,0,0,0,0,0,,0
41277,宇都宮,ウツノミヤ,UTSUNOMIYA,宇都宮,ウツノミヤ,UTSUNOMIYA,36.548,139.868,119,49.2,,,36.548,139.868,119,1,1,1,1,1,,0,2008/3/26,2018/10/24,41277,0,4,4,0,0,,0
41277,宇都宮,ウツノミヤ,UTSUNOMIYA,宇都宮,ウツノミヤ,UTSUNOMIYA,36.548,139.868,119,49.4,,,36.548,139.868,119,1,1,1,1,1,,0,2018/10/25,2021/3/1,41277,0,0,0,0,0,,0
41277,宇都宮,ウツノミヤ,UTSUNOMIYA,宇都宮,ウツノミヤ,UTSUNOMIYA,36.548,139.868,119,49.4,,,36.548,139.868,119,1,1,1,1,1,,1,2021/3/2,9999-99-99,41277,0,0,0,0,0,,0
41311,葛生,クズウ,KUZUU,,,,36.433,139.59,120,,,,,,,1,0,0,0,0,,0,1974/11/1,2001/9/7,41311,1,1,1,1,1,,1
41311,葛生,クズウ,KUZUU,,,,36.432,139.59,120,,,,,,,1,0,0,0,0,,0,2001/9/14,9999-99-99,41311,0,0,0,0,0,,0
41331,真岡,モオカ,MOOKA,,,,36.477,139.987,91,,,,,,,1,0,0,0,0,,0,1974/11/1,1978/1/9,41331,1,1,1,1,1,,1
41331,真岡,モオカ,MOOKA,,,,36.477,139.987,91,8,,,,,,1,1,1,1,0,,0,1978/1/10,1986/8/19,41331,0,0,0,0,0,,0
41331,真岡,モオカ,MOOKA,,,,36.477,139.987,91,8,,,,,,1,1,1,1,0,,0,1986/8/20,2009/2/9,41331,0,0,0,1,0,,0
41331,真岡,モオカ,MOOKA,,,,36.477,139.987,91,8,,,,,,1,1,1,1,0,,0,2009/2/10,2010/3/3,41331,0,4,4,4,0,,0
41331,真岡,モオカ,MOOKA,,,,36.477,139.987,91,10,,,,,,1,1,1,1,0,,0,2010/3/4,2021/3/1,41331,0,0,0,0,0,,0
41331,真岡,モオカ,MOOKA,,,,36.477,139.987,91,10,,,,,,1,1,1,2,0,,0,2021/3/2,9999-99-99,41331,0,0,0,6,0,,0
41356,足利,アシカガ,ASHIKAGA,,,,36.358,139.473,42,,,,,,,1,0,0,0,0,,0,1974/11/1,1980/3/20,41356,1,1,1,1,1,,1
41356,足利,アシカガ,ASHIKAGA,,,,36.302,139.473,28,,,,,,,1,0,0,0,0,,0,1980/3/21,2022/3/28,41356,0,0,0,0,0,,0
41356,足利,アシカガ,ASHIKAGA,,,,36.342,139.462,35,,,,,,,1,0,0,0,0,,0,2022/3/29,9999-99-99,41356,0,0,0,0,0,,0
41361,佐野,サノ,SANO,,,,36.333,139.562,39,,,,,,,1,0,0,0,0,,0,1975/5/20,1978/1/9,41361,1,1,1,1,1,,1
41361,佐野,サノ,SANO,,,,36.333,139.562,39,6.6,,,,,,1,1,1,1,0,,0,1978/1/10,1986/4/15,41361,0,0,0,0,0,,0
41361,佐野,サノ,SANO,,,,36.333,139.562,39,6.6,,,,,,1,1,1,1,0,,0,1986/4/16,1998/3/30,41361,0,0,0,1,0,,0
41361,佐野,サノ,SANO,,,,36.335,139.56,39,6.6,,,,,,1,1,1,1,0,,0,1998/3/31,2009/2/12,41361,0,0,0,0,0,,0
41361,佐野,サノ,SANO,,,,36.335,139.56,39,6.6,,,,,,1,1,1,1,0,,0,2009/2/13,2011/3/7,41361,0,4,4,4,0,,0
41361,佐野,サノ,SANO,,,,36.363,139.57,68,10.8,,,,,,1,1,1,1,0,,0,2011/3/8,2021/3/1,41361,0,0,0,0,0,,0
41361,佐野,サノ,SANO,,,,36.363,139.57,68,10.8,,,,,,1,1,1,2,0,,0,2021/3/2,9999-99-99,41361,0,0,0,6,0,,0
41371,栃木,トチギ,TOCHIGI,,,,36.373,139.703,65,,,,,,,1,0,0,0,0,,0,1974/11/1,9999-99-99,41371,1,1,1,1,1,,1
41376,小山,オヤマ,OYAMA,,,,36.338,139.83,44,,,,,,,1,0,0,0,0,,0,1974/11/1,1978/1/9,41376,1,1,1,1,1,,1
41376,小山,オヤマ,OYAMA,,,,36.338,139.83,44,15.8,,,,,,1,1,1,1,0,,0,1978/1/10,1986/6/22,41376,0,0,0,0,0,,0
41376,小山,オヤマ,OYAMA,,,,36.338,139.83,44,15.8,,,,,,1,1,1,1,0,,0,1986/6/23,2008/2/21,41376,0,0,0,1,0,,0
41376,小山,オヤマ,OYAMA,,,,36.338,139.83,44,15.8,,,,,,1,1,1,1,0,,0,2008/2/22,2008/3/25,41376,0,0,0,4,0,,0
41376,小山,オヤマ,OYAMA,,,,36.338,139.83,44,15.8,,,,,,1,1,1,1,0,,0,2008/3/26,2010/2/18,41376,0,4,4,0,0,,0
41376,小山,オヤマ,OYAMA,,,,36.338,139.83,44,15.8,,,,,,1,1,1,1,0,,0,2010/2/19,2021/3/1,41376,0,0,0,0,0,,0
41376,小山,オヤマ,OYAMA,,,,36.338,139.83,44,15.8,,,,,,1,1,1,2,0,,0,2021/3/2,9999-99-99,41376,0,0,0,6,0,,0
42046,藤原,フジワラ,FUJIWARA,,,,36.863,139.058,700,8.5,,,,,,1,1,1,1,0,,0,1977/11/11,1986/6/18,42046,1,1,1,1,1,,1
42046,藤原,フジワラ,FUJIWARA,,,,36.863,139.058,700,8.5,,,,,,1,1,1,1,0,,0,1986/6/19,1989/10/30,42046,0,0,0,1,0,,0
42046,藤原,フジワラ,FUJIWARA,藤原,フジワラ,FUJIWARA,36.863,139.058,700,8.5,,,36.863,139.058,700,1,1,1,1,1,,0,1989/10/31,2006/11/13,42046,0,0,0,0,0,,0
42046,藤原,フジワラ,FUJIWARA,藤原,フジワラ,FUJIWARA,36.863,139.058,700,8.5,,,36.863,139.058,700,1,1,1,1,1,,0,2006/11/14,2008/12/2,42046,0,0,0,4,0,,0
42046,藤原,フジワラ,FUJIWARA,藤原,フジワラ,FUJIWARA,36.863,139.058,700,8.5,,,36.863,139.058,700,1,1,1,1,1,,0,2008/12/3,2011/11/7,42046,0,4,4,0,0,,0
42046,藤原,フジワラ,FUJIWARA,藤原,フジワラ,FUJIWARA,36.863,139.058,700,10,,,36.863,139.058,700,1,1,1,1,1,,0,2011/11/8,2021/3/1,42046,0,0,0,0,0,,0
42046,藤原,フジワラ,FUJIWARA,藤原,フジワラ,FUJIWARA,36.863,139.058,700,10,,,36.863,139.058,700,1,1,1,2,1,,0,2021/3/2,2021/10/27,42046,0,0,0,6,0,,0
42046,藤原,フジワラ,FUJIWARA,藤原,フジワラ,FUJIWARA,36.863,139.058,700,9.9,,,36.863,139.058,700,1,1,1,2,1,,1,2021/10/28,9999-99-99,42046,0,0,0,0,0,,0
42091,水上,ミナカミ,MINAKAMI,,,,36.768,138.968,500,,,,,,,1,0,0,0,0,,0,1975/5/20,1977/12/22,42091,1,1,1,1,1,,1
42091,水上,ミナカミ,MINAKAMI,,,,36.8,138.992,531,8.5,,,,,,1,1,1,1,0,,0,1977/12/23,1986/8/19,42091,0,0,0,0,0,,0
42091,水上,ミナカミ,MINAKAMI,,,,36.8,138.992,531,8.5,,,,,,1,1,1,1,0,,0,1986/8/20,1989/10/30,42091,0,0,0,1,0,,0
42091,水上,ミナカミ,MINAKAMI,水上,ミナカミ,MINAKAMI,36.8,138.992,531,8.5,,,36.8,138.992,531,1,1,1,1,1,,0,1989/10/31,1998/3/30,42091,0,0,0,0,0,,0
42091,水上,ミナカミ,MINAKAMI,水上,ミナカミ,MINAKAMI,36.8,138.992,531,8.5,,,36.8,138.992,531,1,1,1,1,1,,0,1998/3/31,2006/2/28,42091,0,0,0,0,0,,0
42091,みなかみ,ミナカミ,MINAKAMI,みなかみ,ミナカミ,MINAKAMI,36.8,138.992,531,8.5,,,36.8,138.992,531,1,1,1,1,1,,0,2006/3/1,2008/12/4,42091,0,0,0,0,0,,0
42091,みなかみ,ミナカミ,MINAKAMI,みなかみ,ミナカミ,MINAKAMI,36.8,138.992,531,8.5,,,36.8,138.992,531,1,1,1,1,1,,0,2008/12/5,2020/11/25,42091,0,4,4,4,0,,0
42091,みなかみ,ミナカミ,MINAKAMI,みなかみ,ミナカミ,MINAKAMI,36.773,138.965,524,10.2,,,36.773,138.965,524,1,1,1,1,1,,0,2020/11/26,2021/3/1,42091,0,0,0,0,0,,0
42091,みなかみ,ミナカミ,MINAKAMI,みなかみ,ミナカミ,MINAKAMI,36.773,138.965,524,10.2,,,36.773,138.965,524,1,1,1,2,1,,0,2021/3/2,2021/3/15,42091,0,0,0,6,0,,0
42091,みなかみ,ミナカミ,MINAKAMI,みなかみ,ミナカミ,MINAKAMI,36.773,138.965,524,10,,,36.773,138.965,524,1,1,1,2,1,,1,2021/3/16,9999-99-99,42091,0,0,0,0,0,,0
42101,前武尊,マエホタカ,MAEHOTAKA,,,,36.768,139.163,1530,,,,,,,1,0,0,0,0,,0,1974/11/1,1981/7/29,42101,1,1,1,1,1,,1
42102,高手山,タカテヤマ,TAKATEYAMA,,,,36.75,139.098,1115,,,,,,,1,0,0,0,0,,0,1981/7/30,1998/3/30,42102,1,1,1,1,1,,1
42102,高手山,タカテヤマ,TAKATEYAMA,,,,36.75,139.098,1115,,,,,,,1,0,0,0,0,,0,1998/3/31,2009/11/2,42102,0,0,0,0,0,,0
42106,片品,カタシナ,KATASHINA,,,,36.772,139.238,868,,,,,,,1,0,0,0,0,,0,1977/7/19,2016/6/29,42106,1,1,1,1,1,,1
42106,片品,カタシナ,KATASHINA,,,,36.772,139.238,861,,,,,,,1,0,0,0,0,,0,2016/6/30,9999-99-99,42106,0,0,0,0,0,,0
42121,草津,クサツ,KUSATSU,,,,36.617,138.592,1223,,,,,,,1,0,0,0,0,,0,1974/11/1,1977/12/22,42121,1,1,1,1,1,,1
42121,草津,クサツ,KUSATSU,,,,36.617,138.592,1223,6.5,,,,,,1,1,1,1,0,,0,1977/12/23,1986/11/10,42121,0,0,0,0,0,,0
42121,草津,クサツ,KUSATSU,,,,36.617,138.592,1223,6.5,,,,,,1,1,1,1,0,,0,1986/11/11,1989/10/30,42121,0,0,0,1,0,,0
42121,草津,クサツ,KUSATSU,草津,クサツ,KUSATSU,36.617,138.592,1223,6.5,,,36.617,138.592,1223,1,1,1,1,1,,0,1989/10/31,1998/3/30,42121,0,0,0,0,0,,0
42121,草津,クサツ,KUSATSU,草津,クサツ,KUSATSU,36.617,138.592,1223,6.5,,,36.617,138.592,1223,1,1,1,1,1,,0,1998/3/31,2004/9/27,42121,0,0,0,0,0,,0
42121,草津,クサツ,KUSATSU,草津,クサツ,KUSATSU,36.617,138.592,1223,7.5,,,36.617,138.592,1223,1,1,1,1,1,,0,2004/9/28,2004/11/1,42121,0,0,0,0,0,,0
42121,草津,クサツ,KUSATSU,草津,クサツ,KUSATSU,36.617,138.592,1223,7.5,,,36.617,138.592,1223,1,1,1,1,1,,0,2004/11/2,2008/11/25,42121,0,0,0,0,0,,0
42121,草津,クサツ,KUSATSU,草津,クサツ,KUSATSU,36.617,138.592,1223,7.5,,,36.617,138.592,1223,1,1,1,1,1,,0,2008/11/26,2021/3/1,42121,0,4,4,4,0,,0
42121,草津,クサツ,KUSATSU,草津,クサツ,KUSATSU,36.617,138.592,1223,7.5,,,36.617,138.592,1223,1,1,1,2,1,,0,2021/3/2,9999-99-99,42121,0,0,0,6,0,,0
42126,野反湖,ノゾリコ,NOZORIKO,,,,36.69,138.652,1570,,,,,,,1,0,0,0,0,,0,1974/11/1,1998/3/30,42126,1,1,1,1,1,,1
42126,野反湖,ノゾリコ,NOZORIKO,,,,36.69,138.652,1570,,,,,,,1,0,0,0,0,,0,1998/3/31,2009/11/2,42126,0,0,0,0,0,,0
42136,雨見山,アマミヤマ,AMAMIYAMA,,,,36.69,138.863,825,,,,,,,1,0,0,0,0,,0,1974/11/1,1998/3/30,42136,1,1,1,1,1,,1
42136,雨見山,アマミヤマ,AMAMIYAMA,,,,36.69,138.863,825,,,,,,,1,0,0,0,0,,0,1998/3/31,2009/11/2,42136,0,0,0,0,0,,0
42146,沼田,ヌマタ,NUMATA,,,,36.642,139.043,417,,,,,,,1,0,0,0,0,,0,1974/11/1,1977/12/20,42146,1,1,1,1,1,,1
42146,沼田,ヌマタ,NUMATA,,,,36.653,139.06,439,17.5,,,,,,1,1,1,1,0,,0,1977/12/21,1986/11/6,42146,0,0,0,0,0,,0
42146,沼田,ヌマタ,NUMATA,,,,36.653,139.06,439,17.5,,,,,,1,1,1,1,0,,0,1986/11/7,1998/3/30,42146,0,0,0,1,0,,0
42146,沼田,ヌマタ,NUMATA,,,,36.653,139.06,439,17.5,,,,,,1,1,1,1,0,,0,1998/3/31,2006/11/16,42146,0,0,0,0,0,,0
42146,沼田,ヌマタ,NUMATA,,,,36.653,139.06,439,17.5,,,,,,1,1,1,1,0,,0,2006/11/17,2008/12/8,42146,0,0,0,4,0,,0
42146,沼田,ヌマタ,NUMATA,,,,36.653,139.06,439,17.5,,,,,,1,1,1,1,0,,0,2008/12/9,2016/3/17,42146,0,4,4,0,0,,0
42146,沼田,ヌマタ,NUMATA,,,,36.668,139.022,390,10,,,,,,1,1,1,1,0,,0,2016/3/18,2021/3/1,42146,0,0,0,0,0,,0
42146,沼田,ヌマタ,NUMATA,,,,36.668,139.022,390,10,,,,,,1,1,1,2,0,,0,2021/3/2,2021/12/6,42146,0,0,0,6,0,,0
42146,沼田,ヌマタ,NUMATA,,,,36.668,139.022,390,9.9,,,,,,1,1,1,2,0,,1,2021/12/7,9999-99-99,42146,0,0,0,0,0,,0
42186,中之条,ナカノジョウ,NAKANOJO,,,,36.587,138.85,354,,,,,,,1,0,0,0,0,,0,1975/5/20,1977/12/20,42186,1,1,1,1,1,,1
42186,中之条,ナカノジョウ,NAKANOJO,,,,36.587,138.85,354,6.5,,,,,,1,1,1,1,0,,0,1977/12/21,1986/4/10,42186,0,0,0,0,0,,0
42186,中之条,ナカノジョウ,NAKANOJO,,,,36.587,138.85,354,6.5,,,,,,1,1,1,1,0,,0,1986/4/11,1998/3/30,42186,0,0,0,1,0,,0
42186,中之条,ナカノジョウ,NAKANOJO,,,,36.587,138.85,354,6.5,,,,,,1,1,1,1,0,,0,1998/3/31,2008/3/17,42186,0,0,0,0,0,,0
42186,中之条,ナカノジョウ,NAKANOJO,,,,36.587,138.85,354,10,,,,,,1,1,1,1,0,,0,2008/3/18,2008/3/25,42186,0,0,0,4,0,,0
42186,中之条,ナカノジョウ,NAKANOJO,,,,36.587,138.85,354,10,,,,,,1,1,1,1,0,,0,2008/3/26,2021/3/1,42186,0,4,4,0,0,,0
42186,中之条,ナカノジョウ,NAKANOJO,,,,36.587,138.85,354,10,,,,,,1,1,1,2,0,,0,2021/3/2,9999-99-99,42186,0,0,0,6,0,,0
42201,赤城山,アカギヤマ,AKAGIYAMA,,,,36.54,139.175,1660,,,,,,,1,0,0,0,0,,0,1974/11/1,1998/3/30,42201,1,1,1,1,1,,1
42201,赤城山,アカギヤマ,AKAGIYAMA,,,,36.54,139.175,1660,,,,,,,1,0,0,0,0,,0,1998/3/31,2009/11/2,42201,0,0,0,0,0,,0
42221,田代,タシロ,TASHIRO,,,,36.463,138.463,1230,,,,,,,1,0,0,0,0,,0,1974/11/1,1977/12/21,42221,1,1,1,1,1,,1
42221,田代,タシロ,TASHIRO,,,,36.463,138.463,1230,6.5,,,,,,1,1,1,1,0,,0,1977/12/22,1986/10/29,42221,0,0,0,0,0,,0
42221,田代,タシロ,TASHIRO,,,,36.463,138.463,1230,6.5,,,,,,1,1,1,1,0,,0,1986/10/30,1998/3/30,42221,0,0,0,1,0,,0
42221,田代,タシロ,TASHIRO,,,,36.463,138.463,1230,6.5,,,,,,1,1,1,1,0,,0,1998/3/31,2006/11/20,42221,0,0,0,0,0,,0
42221,田代,タシロ,TASHIRO,,,,36.463,138.463,1230,6.5,,,,,,1,1,1,1,0,,0,2006/11/21,2008/12/15,42221,0,0,0,4,0,,0
42221,田代,タシロ,TASHIRO,,,,36.463,138.463,1230,6.5,,,,,,1,1,1,1,0,,0,2008/12/16,2011/11/8,42221,0,4,4,0,0,,0
42221,田代,タシロ,TASHIRO,,,,36.463,138.463,1230,10,,,,,,1,1,1,1,0,,0,2011/11/9,2021/3/1,42221,0,0,0,0,0,,0
42221,田代,タシロ,TASHIRO,,,,36.463,138.463,1230,10,,,,,,1,1,1,2,0,,0,2021/3/2,9999-99-99,42221,0,0,0,6,0,,0
42241,榛名山,ハルナサン,HARUNASAN,,,,36.472,138.873,1088,,,,,,,1,0,0,0,0,,0,1974/11/1,1998/3/30,42241,1,1,1,1,1,,1
42241,榛名山,ハルナサン,HARUNASAN,,,,36.472,138.873,1088,,,,,,,1,0,0,0,0,,0,1998/3/31,2006/9/30,42241,0,0,0,0,0,,0
42241,榛名山,ハルナサン,HARUNASAN,,,,36.472,138.873,1088,,,,,,,1,0,0,0,0,,0,2006/10/1,9999-99-99,42241,0,0,0,0,0,,0
42251,前橋,マエバシ,MAEBASHI,,,,36.405,139.06,112,,,,,,,1,0,0,0,0,,0,1974/11/1,1975/2/26,42251,1,1,1,1,1,,1
42251,前橋,マエバシ,MAEBASHI,,,,36.405,139.06,112,17.3,,,,,,1,1,1,1,0,,0,1975/2/27,1985/12/31,42251,0,0,0,0,0,,0
42251,前橋,マエバシ,MAEBASHI,,,,36.405,139.06,112,17.3,,,,,,1,1,1,1,0,,0,1986/1/1,1998/3/30,42251,0,0,0,1,0,,0
42251,前橋,マエバシ,MAEBASHI,,,,36.405,139.06,112,17.3,,,,,,1,1,1,1,0,,0,1998/3/31,1999/1/11,42251,0,0,0,0,0,,0
42251,前橋,マエバシ,MAEBASHI,前橋,マエバシ,MAEBASHI,36.405,139.06,112,17.3,,,36.405,139.06,112,1,1,1,1,1,,0,1999/1/12,2008/3/25,42251,0,0,0,0,0,,0
42251,前橋,マエバシ,MAEBASHI,前橋,マエバシ,MAEBASHI,36.405,139.06,112,17.3,,,36.405,139.06,112,1,1,1,1,1,,0,2008/3/26,2016/1/27,42251,0,4,4,0,0,,0
42251,前橋,マエバシ,MAEBASHI,前橋,マエバシ,MAEBASHI,36.405,139.06,112,12.6,,,36.405,139.06,112,1,1,1,1,1,,0,2016/1/28,2021/3/1,42251,0,0,0,0,0,,0
42251,前橋,マエバシ,MAEBASHI,前橋,マエバシ,MAEBASHI,36.405,139.06,112,12.6,,,36.405,139.06,112,1,1,1,1,1,,1,2021/3/2,9999-99-99,42251,0,0,0,0,0,,0
42261,黒保根,クロホネ,KUROHONE,,,,36.502,139.283,285,,,,,,,1,0,0,0,0,,0,1978/6/16,1998/3/30,42261,1,1,1,1,1,,1
42261,黒保根,クロホネ,KUROHONE,,,,36.502,139.283,285,,,,,,,1,0,0,0,0,,0,1998/3/31,9999-99-99,42261,0,0,0,0,0,,0
42266,桐生,キリュウ,KIRYU,,,,36.402,139.33,108,,,,,,,1,0,0,0,0,,0,1974/11/1,1976/2/5,42266,1,1,1,1,1,,1
42266,桐生,キリュウ,KIRYU,,,,36.402,139.33,108,16,,,,,,1,1,1,1,0,,0,1976/2/6,1987/11/11,42266,0,0,0,0,0,,0
42266,桐生,キリュウ,KIRYU,,,,36.402,139.33,108,16,,,,,,1,1,1,1,0,,0,1987/11/12,1992/1/15,42266,0,0,0,1,0,,0
42266,桐生,キリュウ,KIRYU,,,,36.383,139.345,87,6.5,,,,,,1,1,1,1,0,,0,1992/1/16,1998/3/30,42266,0,0,0,0,0,,0
42266,桐生,キリュウ,KIRYU,,,,36.383,139.345,87,6.5,,,,,,1,1,1,1,0,,0,1998/3/31,2006/11/27,42266,0,0,0,0,0,,0
42266,桐生,キリュウ,KIRYU,,,,36.383,139.345,87,6.5,,,,,,1,1,1,1,0,,0,2006/11/28,2008/12/10,42266,0,0,0,4,0,,0
42266,桐生,キリュウ,KIRYU,,,,36.383,139.345,87,6.5,,,,,,1,1,1,1,0,,0,2008/12/11,2015/3/25,42266,0,4,4,0,0,,0
42266,桐生,キリュウ,KIRYU,,,,36.41,139.325,117,10,,,,,,1,1,1,1,0,,0,2015/3/26,2021/3/1,42266,0,0,0,0,0,,0
42266,桐生,キリュウ,KIRYU,,,,36.41,139.325,117,10,,,,,,1,1,1,2,0,,0,2021/3/2,9999-99-99,42266,0,0,0,6,0,,0
42276,一の字山,イチノジヤマ,ICHINOJIYAMA,,,,36.378,138.662,1150,,,,,,,1,0,0,0,0,,0,1974/11/1,1980/6/19,42276,1,1,1,1,1,,1
42276,一の字山,イチノジヤマ,ICHINOJIYAMA,,,,36.372,138.658,1170,,,,,,,1,0,0,0,0,,0,1980/6/20,2009/11/2,42276,0,0,0,0,0,,0
42286,上里見,カミサトミ,KAMISATOMI,,,,36.373,138.893,205,,,,,,,1,0,0,0,0,,0,1974/11/1,1975/7/23,42286,1,1,1,1,1,,1
42286,上里見,カミサトミ,KAMISATOMI,,,,36.377,138.895,183,,,,,,,1,0,0,0,0,,0,1975/7/24,1977/12/19,42286,0,0,0,0,0,,0
42286,上里見,カミサトミ,KAMISATOMI,,,,36.377,138.895,183,6.5,,,,,,1,1,1,1,0,,0,1977/12/20,1985/10/23,42286,0,0,0,0,0,,0
42286,上里見,カミサトミ,KAMISATOMI,,,,36.377,138.895,183,6.5,,,,,,1,1,1,1,0,,0,1985/10/24,1998/3/30,42286,0,0,0,1,0,,0
42286,上里見,カミサトミ,KAMISATOMI,,,,36.377,138.895,183,6.5,,,,,,1,1,1,1,0,,0,1998/3/31,2008/1/21,42286,0,0,0,0,0,,0
42286,上里見,カミサトミ,KAMISATOMI,,,,36.377,138.895,183,6.5,,,,,,1,1,1,1,0,,0,2008/1/22,2008/3/25,42286,0,0,0,4,0,,0
42286,上里見,カミサトミ,KAMISATOMI,,,,36.377,138.895,183,6.5,,,,,,1,1,1,1,0,,0,2008/3/26,2021/3/1,42286,0,4,4,0,0,,0
42286,上里見,カミサトミ,KAMISATOMI,,,,36.377,138.895,183,6.5,,,,,,1,1,1,2,0,,0,2021/3/2,9999-99-99,42286,0,0,0,6,0,,0
42301,伊勢崎,イセサキ,ISESAKI,,,,36.342,139.188,74,,,,,,,1,0,0,0,0,,0,1975/5/20,1977/12/19,42301,1,1,1,1,1,,1
42301,伊勢崎,イセサキ,ISESAKI,,,,36.342,139.188,74,6.5,,,,,,1,1,1,1,0,,0,1977/12/20,1987/10/4,42301,0,0,0,0,0,,0
42301,伊勢崎,イセサキ,ISESAKI,,,,36.342,139.188,74,6.5,,,,,,1,1,1,1,0,,0,1987/10/5,1998/3/30,42301,0,0,0,1,0,,0
42301,伊勢崎,イセサキ,ISESAKI,,,,36.342,139.188,74,6.5,,,,,,1,1,1,1,0,,0,1998/3/31,1998/7/21,42301,0,0,0,0,0,,0
42302,伊勢崎,イセサキ,ISESAKI,,,,36.332,139.165,64,12,,,,,,1,1,1,1,0,,0,1998/7/27,2009/2/16,42302,1,1,1,1,1,,1
42302,伊勢崎,イセサキ,ISESAKI,,,,36.332,139.165,64,12,,,,,,1,1,1,1,0,,0,2009/2/17,2021/3/1,42302,0,4,4,4,0,,0
42302,伊勢崎,イセサキ,ISESAKI,,,,36.332,139.165,64,12,,,,,,1,1,1,2,0,,0,2021/3/2,9999-99-99,42302,0,0,0,6,0,,0
42326,西野牧,ニシノマキ,NISHI-NOMAKI,,,,36.245,138.707,375,,,,,,,1,0,0,0,0,,0,1974/11/1,1977/12/19,42326,1,1,1,1,1,,1
42326,西野牧,ニシノマキ,NISHI-NOMAKI,,,,36.245,138.707,375,6.5,,,,,,1,1,1,1,0,,0,1977/12/20,1986/8/20,42326,0,0,0,0,0,,0
42326,西野牧,ニシノマキ,NISHI-NOMAKI,,,,36.245,138.707,375,6.5,,,,,,1,1,1,1,0,,0,1986/8/21,1998/3/30,42326,0,0,0,1,0,,0
42326,西野牧,ニシノマキ,NISHI-NOMAKI,,,,36.245,138.707,375,6.5,,,,,,1,1,1,1,0,,0,1998/3/31,2009/2/18,42326,0,0,0,0,0,,0
42326,西野牧,ニシノマキ,NISHI-NOMAKI,,,,36.245,138.707,375,6.5,,,,,,1,1,1,1,0,,0,2009/2/19,2010/3/25,42326,0,4,4,4,0,,0
42326,西野牧,ニシノマキ,NISHI-NOMAKI,,,,36.245,138.707,375,10,,,,,,1,1,1,1,0,,0,2010/3/26,2021/3/1,42326,0,0,0,0,0,,0
42326,西野牧,ニシノマキ,NISHI-NOMAKI,,,,36.245,138.707,375,10,,,,,,1,1,1,2,0,,0,2021/3/2,9999-99-99,42326,0,0,0,6,0,,0
42341,藤岡,フジオカ,FUJIOKA,,,,36.25,139.073,86,,,,,,,1,0,0,0,0,,0,1974/11/1,1998/3/30,42341,1,1,1,1,1,,1
42341,藤岡,フジオカ,FUJIOKA,,,,36.25,139.073,86,,,,,,,1,0,0,0,0,,0,1998/3/31,2013/3/24,42341,0,0,0,0,0,,0
42341,藤岡,フジオカ,FUJIOKA,,,,36.242,139.07,95,,,,,,,1,0,0,0,0,,0,2013/3/25,9999-99-99,42341,0,0,0,0,0,,0
42366,館林,タテバヤシ,TATEBAYASHI,,,,36.233,139.532,21,,,,,,,1,0,0,0,0,,0,1974/11/1,1978/12/21,42366,1,1,1,1,1,,1
42366,館林,タテバヤシ,TATEBAYASHI,,,,36.233,139.532,21,18,,,,,,1,1,1,1,0,,0,1978/12/22,1987/11/17,42366,0,0,0,0,0,,0
42366,館林,タテバヤシ,TATEBAYASHI,,,,36.233,139.532,21,18,,,,,,1,1,1,1,0,,0,1987/11/18,1998/3/30,42366,0,0,0,1,0,,0
42366,館林,タテバヤシ,TATEBAYASHI,,,,36.233,139.532,21,18,,,,,,1,1,1,1,0,,0,1998/3/31,2008/1/28,42366,0,0,0,0,0,,0
42366,館林,タテバヤシ,TATEBAYASHI,,,,36.233,139.532,21,18,,,,,,1,1,1,1,0,,0,2008/1/29,2008/3/25,42366,0,0,0,4,0,,0
42366,館林,タテバヤシ,TATEBAYASHI,,,,36.233,139.532,21,18,,,,,,1,1,1,1,0,,0,2008/3/26,2018/6/12,42366,0,4,4,0,0,,0
42366,館林,タテバヤシ,TATEBAYASHI,,,,36.24,139.513,23,10.1,,,,,,1,1,1,1,0,,0,2018/6/13,2021/3/1,42366,0,0,0,0,0,,0
42366,館林,タテバヤシ,TATEBAYASHI,,,,36.24,139.513,23,10.1,,,,,,1,1,1,2,0,,0,2021/3/2,9999-99-99,42366,0,0,0,6,0,,0
42391,稲含山,イナフクミヤマ,INAFUKUMIYAMA,,,,36.17,138.863,780,,,,,,,1,0,0,0,0,,0,1974/11/1,2009/11/2,42391,1,1,1,1,1,,1
42396,万場,マンバ,MAMBA,,,,36.115,138.915,338,6.5,,,,,,1,1,1,1,0,,0,1977/11/17,1987/10/14,42396,1,1,1,1,1,,1
42396,万場,マンバ,MAMBA,,,,36.115,138.915,338,6.5,,,,,,1,1,1,1,0,,0,1987/10/15,1996/11/4,42396,0,0,0,1,0,,0
42396,万場,マンバ,MAMBA,,,,36.108,138.897,357,8.5,,,,,,1,1,1,1,0,,0,1996/11/5,2004/5/31,42396,0,0,0,0,0,,0
42396,神流,カンナ,KANNA,,,,36.108,138.897,357,8.5,,,,,,1,1,1,1,0,,0,2004/6/1,2008/1/24,42396,0,0,0,0,0,,0
42396,神流,カンナ,KANNA,,,,36.108,138.897,357,8.5,,,,,,1,1,1,1,0,,0,2008/1/25,2008/3/25,42396,0,0,0,4,0,,0
42396,神流,カンナ,KANNA,,,,36.108,138.897,357,8.5,,,,,,1,1,1,1,0,,0,2008/3/26,2021/3/1,42396,0,4,4,0,0,,0
42396,神流,カンナ,KANNA,,,,36.108,138.897,357,8.5,,,,,,1,1,1,2,0,,0,2021/3/2,9999-99-99,42396,0,0,0,6,0,,0
43051,寄居,ヨリイ,YORII,,,,36.117,139.182,105,,,,,,,1,0,0,0,0,,0,1975/5/17,1977/12/19,43051,1,1,1,1,1,,1
43051,寄居,ヨリイ,YORII,,,,36.117,139.182,105,6.5,,,,,,1,1,1,1,0,,0,1977/12/20,1987/10/13,43051,0,0,0,0,0,,0
43051,寄居,ヨリイ,YORII,,,,36.117,139.182,105,6.5,,,,,,1,1,1,1,0,,0,1987/10/14,2009/2/2,43051,0,0,0,1,0,,0
43051,寄居,ヨリイ,YORII,,,,36.105,139.183,128,10,,,,,,1,1,1,1,0,,0,2009/2/3,2021/3/1,43051,0,4,4,4,0,,0
43051,寄居,ヨリイ,YORII,,,,36.105,139.183,128,10,,,,,,1,1,1,2,0,,0,2021/3/2,9999-99-99,43051,0,0,0,6,0,,0
43056,熊谷,クマガヤ,KUMAGAYA,,,,36.15,139.38,30,,,,,,,1,0,0,0,0,,0,1974/11/1,1975/3/2,43056,1,1,1,1,1,,1
43056,熊谷,クマガヤ,KUMAGAYA,,,,36.15,139.38,30,16.8,,,,,,1,1,1,1,0,,0,1975/3/3,1986/12/31,43056,0,0,0,0,0,,0
43056,熊谷,クマガヤ,KUMAGAYA,,,,36.15,139.38,30,16.8,,,,,,1,1,1,1,0,,0,1987/1/1,1999/1/12,43056,0,0,0,1,0,,0
43056,熊谷,クマガヤ,KUMAGAYA,熊谷,クマガヤ,KUMAGAYA,36.15,139.38,30,16.8,,,36.15,139.38,30,1,1,1,1,1,,0,1999/1/13,2008/3/25,43056,0,0,0,0,0,,0
43056,熊谷,クマガヤ,KUMAGAYA,熊谷,クマガヤ,KUMAGAYA,36.15,139.38,30,16.8,,,36.15,139.38,30,1,1,1,1,1,,0,2008/3/26,2011/3/2,43056,0,4,4,0,0,,0
43056,熊谷,クマガヤ,KUMAGAYA,熊谷,クマガヤ,KUMAGAYA,36.15,139.38,30,16.5,,,36.15,139.38,30,1,1,1,1,1,,0,2011/3/3,2018/10/25,43056,0,0,0,0,0,,0
43056,熊谷,クマガヤ,KUMAGAYA,熊谷,クマガヤ,KUMAGAYA,36.15,139.38,30,16.7,,,36.15,139.38,30,1,1,1,1,1,,0,2018/10/26,2021/3/1,43056,0,0,0,0,0,,0
43056,熊谷,クマガヤ,KUMAGAYA,熊谷,クマガヤ,KUMAGAYA,36.15,139.38,30,16.7,,,36.15,139.38,30,1,1,1,1,1,,1,2021/3/2,9999-99-99,43056,0,0,0,0,0,,0
43091,上吉田,カミヨシダ,KAMIYOSHIDA,,,,36.055,138.98,275,,,,,,,1,0,0,0,0,,0,1977/8/25,2004/3/22,43091,1,1,1,1,1,,1
43091,上吉田,カミヨシダ,KAMIYOSHIDA,,,,36.053,138.98,275,,,,,,,1,0,0,0,0,,0,2004/3/23,9999-99-99,43091,0,0,0,0,0,,0
43121,鴻巣,コウノス,KONOSU,,,,36.065,139.522,15,,,,,,,1,0,0,0,0,,0,1975/6/11,9999-99-99,43121,1,1,1,1,1,,1
43126,久喜,クキ,KUKI,,,,36.087,139.635,12,,,,,,,1,0,0,0,0,,0,1974/11/1,1977/12/19,43126,1,1,1,1,1,,1
43126,久喜,クキ,KUKI,,,,36.087,139.635,12,6.5,,,,,,1,1,1,1,0,,0,1977/12/20,1986/10/22,43126,0,0,0,0,0,,0
43126,久喜,クキ,KUKI,,,,36.087,139.635,12,6.5,,,,,,1,1,1,1,0,,0,1986/10/23,2008/1/31,43126,0,0,0,1,0,,0
43126,久喜,クキ,KUKI,,,,36.087,139.635,12,6.5,,,,,,1,1,1,1,0,,0,2008/2/1,2008/3/25,43126,0,0,0,4,0,,0
43126,久喜,クキ,KUKI,,,,36.087,139.635,12,6.5,,,,,,1,1,1,1,0,,0,2008/3/26,2010/3/10,43126,0,4,4,0,0,,0
43126,久喜,クキ,KUKI,,,,36.087,139.635,12,10,,,,,,1,1,1,1,0,,0,2010/3/11,2021/3/1,43126,0,0,0,0,0,,0
43126,久喜,クキ,KUKI,,,,36.087,139.635,12,10,,,,,,1,1,1,2,0,,0,2021/3/2,9999-99-99,43126,0,0,0,6,0,,0
43151,三峰,ミツミネ,MITSUMINE,,,,35.927,138.93,1101,,,,,,,1,0,0,0,0,,0,1975/5/16,1981/6/8,43151,1,1,1,1,1,,1
43151,三峰,ミツミネ,MITSUMINE,,,,35.927,138.923,975,,,,,,,1,0,0,0,0,,0,1981/6/9,9999-99-99,43151,0,0,0,0,0,,0
43156,秩父,チチブ,CHICHIBU,,,,35.992,139.075,218,,,,,,,1,0,0,0,0,,0,1974/11/1,1975/11/27,43156,1,1,1,1,1,,1
43156,秩父,チチブ,CHICHIBU,,,,35.992,139.075,218,12.5,,,,,,1,1,1,1,0,,0,1975/11/28,1987/12/31,43156,0,0,0,0,0,,0
43156,秩父,チチブ,CHICHIBU,,,,35.992,139.075,218,12.5,,,,,,1,1,1,1,0,,0,1988/1/1,1997/3/2,43156,0,0,0,1,0,,0
43156,秩父,チチブ,CHICHIBU,秩父,チチブ,CHICHIBU,35.992,139.075,218,12.5,,,35.992,139.075,218,1,1,1,1,1,,0,1997/3/3,1998/3/30,43156,0,0,0,0,0,,0
43156,秩父,チチブ,CHICHIBU,秩父,チチブ,CHICHIBU,35.993,139.075,218,12.5,,,35.993,139.075,218,1,1,1,1,1,,0,1998/3/31,1999/7/12,43156,0,0,0,0,0,,0
43156,秩父,チチブ,CHICHIBU,秩父,チチブ,CHICHIBU,35.99,139.073,232,17,,,35.99,139.073,232,1,1,1,1,1,,0,1999/7/13,2008/3/25,43156,0,0,0,0,0,,0
43156,秩父,チチブ,CHICHIBU,秩父,チチブ,CHICHIBU,35.99,139.073,232,17,,,35.99,139.073,232,1,1,1,1,1,,0,2008/3/26,2011/11/9,43156,0,4,4,0,0,,0
43156,秩父,チチブ,CHICHIBU,秩父,チチブ,CHICHIBU,35.99,139.073,232,17.2,,,35.99,139.073,232,1,1,1,1,1,,0,2011/11/10,2021/3/1,43156,0,0,0,0,0,,0
43156,秩父,チチブ,CHICHIBU,秩父,チチブ,CHICHIBU,35.99,139.073,232,17.2,,,35.99,139.073,232,1,1,1,1,1,,1,2021/3/2,9999-99-99,43156,0,0,0,0,0,,0
43157,浦山,ウラヤマ,URAYAMA,,,,35.92,139.07,400,,,,,,,1,0,0,0,0,,0,1977/6/28,9999-99-99,43157,1,1,1,1,1,,1
43161,刈場坂,カバサカ,KABASAKA,,,,36.005,139.192,869,,,,,,,1,0,0,0,0,,0,1974/11/1,1985/6/24,43161,1,1,1,1,1,,1
43161,堂平,ドウダイラ,DODAIRA,,,,36.005,139.19,876,,,,,,,1,0,0,0,0,,0,1985/6/25,2000/6/6,43161,0,0,0,0,0,,0
43162,都幾川,トキガワ,TOKIGAWA,,,,35.99,139.207,295,,,,,,,1,0,0,0,0,,0,2000/4/28,2006/2/28,43162,1,1,1,1,1,,1
43162,ときがわ,トキガワ,TOKIGAWA,,,,35.99,139.207,295,,,,,,,1,0,0,0,0,,0,2006/3/1,9999-99-99,43162,0,0,0,0,0,,0
43171,鳩山,ハトヤマ,HATOYAMA,,,,35.982,139.342,65,6.5,,,,,,1,1,1,1,0,,0,1977/12/22,1987/10/22,43171,1,1,1,1,1,,1
43171,鳩山,ハトヤマ,HATOYAMA,,,,35.982,139.342,65,6.5,,,,,,1,1,1,1,0,,0,1987/10/23,1994/2/2,43171,0,0,0,1,0,,0
43171,鳩山,ハトヤマ,HATOYAMA,,,,35.985,139.335,44,6.5,,,,,,1,1,1,1,0,,0,1994/2/3,2009/2/4,43171,0,0,0,0,0,,0
43171,鳩山,ハトヤマ,HATOYAMA,,,,35.985,139.335,44,6.5,,,,,,1,1,1,1,0,,0,2009/2/5,2021/3/1,43171,0,4,4,4,0,,0
43171,鳩山,ハトヤマ,HATOYAMA,,,,35.985,139.335,44,6.5,,,,,,1,1,1,2,0,,0,2021/3/2,9999-99-99,43171,0,0,0,6,0,,0
43231,飯能,ハンノウ,HANNO,,,,35.838,139.322,84,,,,,,,1,0,0,0,0,,0,1974/11/1,9999-99-99,43231,1,1,1,1,1,,1
43241,浦和,ウラワ,URAWA,,,,35.875,139.587,8,,,,,,,1,0,0,0,0,,0,1974/11/1,1977/12/21,43241,1,1,1,1,1,,1
43241,浦和,ウラワ,URAWA,,,,35.875,139.587,8,6.5,,,,,,1,1,1,1,0,,0,1977/12/22,1986/10/21,43241,0,0,0,0,0,,0
43241,浦和,ウラワ,URAWA,,,,35.875,139.587,8,6.5,,,,,,1,1,1,1,0,,0,1986/10/22,2001/4/30,43241,0,0,0,1,0,,0
43241,さいたま,サイタマ,SAITAMA,,,,35.875,139.587,8,6.5,,,,,,1,1,1,1,0,,0,2001/5/1,2006/12/14,43241,0,0,0,0,0,,0
43241,さいたま,サイタマ,SAITAMA,,,,35.875,139.587,8,6.5,,,,,,1,1,1,1,0,,0,2006/12/15,2008/12/15,43241,0,0,0,4,0,,0
43241,さいたま,サイタマ,SAITAMA,,,,35.875,139.587,8,6.5,,,,,,1,1,1,1,0,,0,2008/12/16,2010/2/23,43241,0,4,4,0,0,,0
43241,さいたま,サイタマ,SAITAMA,,,,35.875,139.587,8,10,,,,,,1,1,1,1,0,,0,2010/2/24,2021/3/1,43241,0,0,0,0,0,,0
43241,さいたま,サイタマ,SAITAMA,,,,35.875,139.587,8,10,,,,,,1,1,1,2,0,,0,2021/3/2,2021/8/23,43241,0,0,0,6,0,,0
43241,さいたま,サイタマ,SAITAMA,,,,35.875,139.587,8,9.9,,,,,,1,1,1,2,0,,1,2021/8/24,2021/11/29,43241,0,0,0,0,0,,0
43241,さいたま,サイタマ,SAITAMA,さいたま,サイタマ,SAITAMA,35.875,139.587,8,9.9,,,35.875,139.587,8,1,1,1,2,1,,1,2021/11/30,9999-99-99,43241,0,0,0,0,0,,0
43256,越谷,コシガヤ,KOSHIGAYA,,,,35.893,139.79,5,,,,,,,1,0,0,0,0,,0,1974/11/1,1977/12/19,43256,1,1,1,1,1,,1
43256,越谷,コシガヤ,KOSHIGAYA,,,,35.893,139.79,5,6.5,,,,,,1,1,1,1,0,,0,1977/12/20,1986/8/25,43256,0,0,0,0,0,,0
43256,越谷,コシガヤ,KOSHIGAYA,,,,35.893,139.79,5,6.5,,,,,,1,1,1,1,0,,0,1986/8/26,2006/12/18,43256,0,0,0,1,0,,0
43256,越谷,コシガヤ,KOSHIGAYA,,,,35.893,139.79,5,6.5,,,,,,1,1,1,1,0,,0,2006/12/19,2009/2/9,43256,0,0,0,4,0,,0
43256,越谷,コシガヤ,KOSHIGAYA,,,,35.883,139.757,3,10,,,,,,1,1,1,1,0,,0,2009/2/10,2021/3/1,43256,0,4,4,0,0,,0
43256,越谷,コシガヤ,KOSHIGAYA,,,,35.883,139.757,3,10,,,,,,1,1,1,2,0,,0,2021/3/2,2021/11/10,43256,0,0,0,6,0,,0
43256,越谷,コシガヤ,KOSHIGAYA,,,,35.883,139.757,3,10,,,,,,1,1,1,2,0,,1,2021/11/11,9999-99-99,43256,0,0,0,0,0,,0
43266,所沢,トコロザワ,TOKOROZAWA,,,,35.773,139.413,119,,,,,,,1,0,0,0,0,,0,1975/6/11,1977/12/20,43266,1,1,1,1,1,,1
43266,所沢,トコロザワ,TOKOROZAWA,,,,35.773,139.413,119,6.5,,,,,,1,1,1,1,0,,0,1977/12/21,1986/4/13,43266,0,0,0,0,0,,0
43266,所沢,トコロザワ,TOKOROZAWA,,,,35.773,139.413,119,6.5,,,,,,1,1,1,1,0,,0,1986/4/14,2008/2/4,43266,0,0,0,1,0,,0
43266,所沢,トコロザワ,TOKOROZAWA,,,,35.773,139.413,119,6.5,,,,,,1,1,1,1,0,,0,2008/2/5,2008/3/25,43266,0,0,0,4,0,,0
43266,所沢,トコロザワ,TOKOROZAWA,,,,35.773,139.413,119,6.5,,,,,,1,1,1,1,0,,0,2008/3/26,2010/2/11,43266,0,4,4,0,0,,0
43266,所沢,トコロザワ,TOKOROZAWA,,,,35.773,139.413,119,10,,,,,,1,1,1,1,0,,0,2010/2/12,2021/3/1,43266,0,0,0,0,0,,0
43266,所沢,トコロザワ,TOKOROZAWA,,,,35.773,139.413,119,10,,,,,,1,1,1,2,0,,0,2021/3/2,9999-99-99,43266,0,0,0,6,0,,0
44046,小河内,オゴウチ,OGOCHI,,,,35.792,139.05,530,,,,,,,1,0,0,0,0,,0,1974/11/1,1976/12/14,44046,1,1,1,1,1,,1
44046,小河内,オゴウチ,OGOCHI,,,,35.792,139.05,530,7.3,,,,,,1,1,1,1,0,,0,1976/12/15,1987/11/5,44046,0,0,0,0,0,,0
44046,小河内,オゴウチ,OGOCHI,,,,35.792,139.05,530,7.3,,,,,,1,1,1,1,0,,0,1987/11/6,2007/1/18,44046,0,0,0,1,0,,0
44046,小河内,オゴウチ,OGOCHI,,,,35.792,139.05,530,9.5,,,,,,1,1,1,1,0,,0,2007/1/19,2008/12/1,44046,0,0,0,4,0,,0
44046,小河内,オゴウチ,OGOCHI,,,,35.792,139.05,530,9.5,,,,,,1,1,1,1,0,,0,2008/12/2,2021/3/1,44046,0,4,4,0,0,,0
44046,小河内,オゴウチ,OGOCHI,,,,35.792,139.05,530,9.5,,,,,,1,1,1,2,0,,0,2021/3/2,2021/11/9,44046,0,0,0,6,0,,0
44046,小河内,オゴウチ,OGOCHI,,,,35.792,139.05,530,9.9,,,,,,1,1,1,2,0,,1,2021/11/10,9999-99-99,44046,0,0,0,0,0,,0
44051,小沢,オザワ,OZAWA,,,,35.735,139.123,420,,,,,,,1,0,0,0,0,,0,1977/8/2,9999-99-99,44051,1,1,1,1,1,,1
44056,青梅,オウメ,OME,,,,35.788,139.247,203,,,,,,,1,0,0,0,0,,0,1975/5/16,1976/12/13,44056,1,1,1,1,1,,1
44056,青梅,オウメ,OME,,,,35.788,139.247,203,7.9,,,,,,1,1,1,1,0,,0,1976/12/14,1982/12/16,44056,0,0,0,0,0,,0
44056,青梅,オウメ,OME,,,,35.788,139.312,155,7.9,,,,,,1,1,1,1,0,,0,1982/12/17,1987/11/10,44056,0,0,0,0,0,,0
44056,青梅,オウメ,OME,,,,35.788,139.312,155,7.9,,,,,,1,1,1,1,0,,0,1987/11/11,2008/2/28,44056,0,0,0,1,0,,0
44056,青梅,オウメ,OME,,,,35.788,139.312,155,7.9,,,,,,1,1,1,1,0,,0,2008/2/29,2008/3/25,44056,0,0,0,4,0,,0
44056,青梅,オウメ,OME,,,,35.788,139.312,155,7.9,,,,,,1,1,1,1,0,,0,2008/3/26,2010/3/11,44056,0,4,4,0,0,,0
44056,青梅,オウメ,OME,,,,35.788,139.312,155,10,,,,,,1,1,1,1,0,,0,2010/3/12,2021/3/1,44056,0,0,0,0,0,,0
44056,青梅,オウメ,OME,,,,35.788,139.312,155,10,,,,,,1,1,1,2,0,,0,2021/3/2,9999-99-99,44056,0,0,0,6,0,,0
44071,練馬,ネリマ,NERIMA,,,,35.738,139.592,51,11.3,,,,,,1,1,1,1,0,,0,2012/12/26,2021/3/1,44071,1,1,1,1,1,,1
44071,練馬,ネリマ,NERIMA,,,,35.738,139.592,51,11.3,,,,,,1,1,1,2,0,,0,2021/3/2,9999-99-99,44071,0,0,0,6,0,,0
44076,練馬,ネリマ,NERIMA,,,,35.735,139.668,38,,,,,,,1,0,0,0,0,,0,1975/5/16,1976/12/16,44076,1,1,1,1,1,,1
44076,練馬,ネリマ,NERIMA,,,,35.735,139.668,38,7.9,,,,,,1,1,1,1,0,,0,1976/12/17,1985/11/5,44076,0,0,0,0,0,,0
44076,練馬,ネリマ,NERIMA,,,,35.735,139.668,38,7.9,,,,,,1,1,1,1,0,,0,1985/11/6,2009/3/2,44076,0,0,0,1,0,,0
44076,練馬,ネリマ,NERIMA,,,,35.735,139.668,38,7.9,,,,,,1,1,1,1,0,,0,2009/3/3,2012/12/25,44076,0,4,4,4,0,,0
44111,八王子,ハチオウジ,HACHIOJI,,,,35.663,139.318,121,,,,,,,1,0,0,0,0,,0,1974/11/1,1976/12/13,44111,1,1,1,1,1,,1
44111,八王子,ハチオウジ,HACHIOJI,,,,35.663,139.318,121,7.9,,,,,,1,1,1,1,0,,0,1976/12/14,1983/9/30,44111,0,0,0,0,0,,0
44112,八王子,ハチオウジ,HACHIOJI,,,,35.667,139.317,123,49.8,,,,,,1,1,1,1,0,,0,1983/10/1,1987/11/24,44111,0,1,0,0,0,,0
44112,八王子,ハチオウジ,HACHIOJI,,,,35.667,139.317,123,49.8,,,,,,1,1,1,1,0,,0,1987/11/25,2008/3/10,44112,0,0,0,1,0,,0
44112,八王子,ハチオウジ,HACHIOJI,,,,35.667,139.317,123,49.8,,,,,,1,1,1,1,0,,0,2008/3/11,2008/3/25,44112,0,0,0,4,0,,0
44112,八王子,ハチオウジ,HACHIOJI,,,,35.667,139.317,123,49.8,,,,,,1,1,1,1,0,,0,2008/3/26,2021/3/1,44112,0,4,4,0,0,,0
44112,八王子,ハチオウジ,HACHIOJI,,,,35.667,139.317,123,49.8,,,,,,1,1,1,2,0,,0,2021/3/2,9999-99-99,44112,0,0,0,6,0,,0
44116,府中,フチュウ,FUCHU,,,,35.683,139.482,58,6.5,,,,,,1,1,1,1,0,,0,1976/12/15,1987/11/16,44116,1,1,1,1,1,,1
44116,府中,フチュウ,FUCHU,,,,35.683,139.482,58,6.5,,,,,,1,1,1,1,0,,0,1987/11/17,1995/11/16,44116,0,0,0,1,0,,0
44116,府中,フチュウ,FUCHU,,,,35.683,139.483,59,9.3,,,,,,1,1,1,1,0,,0,1995/11/17,2008/3/6,44116,0,0,0,0,0,,0
44116,府中,フチュウ,FUCHU,,,,35.683,139.483,59,9.3,,,,,,1,1,1,1,0,,0,2008/3/7,2008/3/25,44116,0,0,0,4,0,,0
44116,府中,フチュウ,FUCHU,,,,35.683,139.483,59,9.3,,,,,,1,1,1,1,0,,0,2008/3/26,2021/3/1,44116,0,4,4,0,0,,0
44116,府中,フチュウ,FUCHU,,,,35.683,139.483,59,9.3,,,,,,1,1,1,2,0,,0,2021/3/2,9999-99-99,44116,0,0,0,6,0,,0
44121,調布,チョウフ,CHOFU,,,,35.668,139.53,41,,,,,,,1,0,0,0,0,,0,1974/11/1,1976/12/13,44121,1,1,1,1,1,,1
44126,世田谷,セタガヤ,SETAGAYA,,,,35.637,139.632,41,,,,,,,1,0,0,0,0,,0,1974/11/1,2003/1/19,44126,1,1,1,1,1,,1
44126,世田谷,セタガヤ,SETAGAYA,,,,35.627,139.62,35,,,,,,,1,0,0,0,0,,0,2003/1/20,9999-99-99,44126,0,0,0,0,0,,0
44131,東京,トウキョウ,TOKYO,,,,35.69,139.76,6,,,,,,,1,0,0,0,0,,0,1974/11/1,1975/3/18,44131,1,1,1,1,1,,1
44131,東京,トウキョウ,TOKYO,,,,35.69,139.76,6,74.5,,,,,,1,1,1,1,0,,0,1975/3/19,1978/12/31,44131,0,0,0,0,0,,0
44131,東京,トウキョウ,TOKYO,,,,35.69,139.76,6,74.6,,,,,,1,1,1,1,0,,0,1979/1/1,1986/12/31,44131,0,0,0,0,0,,0
44131,東京,トウキョウ,TOKYO,,,,35.69,139.76,6,74.6,,,,,,1,1,1,1,0,,0,1987/1/1,1996/2/18,44131,0,0,0,1,0,,0
44131,東京,トウキョウ,TOKYO,,,,35.69,139.76,6,74.5,,,,,,1,1,1,1,0,,0,1996/2/19,1998/12/28,44131,0,0,0,0,0,,0
44131,東京,トウキョウ,TOKYO,東京,トウキョウ,TOKYO,35.69,139.76,6,74.5,,,35.69,139.76,6,1,1,1,1,1,,0,1998/12/29,2007/11/1,44131,0,0,0,0,0,,0
44132,東京,トウキョウ,TOKYO,東京,トウキョウ,TOKYO,35.69,139.76,6,35.1,,,35.69,139.76,6,1,1,1,1,1,,0,2007/11/1,2008/3/25,44131,0,1,0,0,0,,0
44132,東京,トウキョウ,TOKYO,東京,トウキョウ,TOKYO,35.69,139.76,6,35.1,,,35.69,139.76,6,1,1,1,1,1,,0,2008/3/26,2014/12/1,44132,0,4,4,0,0,,0
44132,東京,トウキョウ,TOKYO,東京,トウキョウ,TOKYO,35.692,139.75,25,35.3,,,35.692,139.75,25,1,1,1,1,1,,0,2014/12/2,2021/3/1,44132,0,0,0,0,0,,0
44132,東京,トウキョウ,TOKYO,東京,トウキョウ,TOKYO,35.692,139.75,25,35.3,,,35.692,139.75,25,1,1,1,1,1,,1,2021/3/2,9999-99-99,44132,0,0,0,0,0,,0
44136,新木場,シンキバ,SHIMKIBA,,,,35.635,139.838,5,,,,,,,1,0,0,0,0,,0,1974/11/1,1976/12/12,44136,1,1,1,1,1,,1
44136,新木場,シンキバ,SHIMKIBA,,,,35.635,139.838,5,18.2,,,,,,1,1,1,1,0,,0,1976/12/13,1986/11/14,44136,0,0,0,0,0,,0
44136,新木場,シンキバ,SHIMKIBA,,,,35.635,139.838,5,18.2,,,,,,1,1,1,1,0,,0,1986/11/15,2000/12/11,44136,0,0,0,1,0,,0
44136,新木場,シンキバ,SHIMKIBA,,,,35.635,139.838,5,18.2,,,,,,1,1,1,1,0,,0,2000/12/12,2009/1/29,44136,0,0,0,0,0,,0
44136,新木場,シンキバ,SHIMKIBA,,,,35.635,139.838,5,18.2,,,,,,1,1,1,1,0,,0,2009/1/30,2009/5/28,44136,0,4,4,0,0,,0
44136,江戸川臨海,エドガワリンカイ,EDOGAWA-RINKAI,,,,35.638,139.863,5,5,,,,,,1,1,1,1,0,,0,2009/5/29,2009/9/28,44136,0,0,0,0,0,,0
44136,江戸川臨海,エドガワリンカイ,EDOGAWA-RINKAI,,,,35.638,139.863,5,10.2,,,,,,1,1,1,1,0,,0,2009/9/29,2021/3/1,44136,0,0,0,4,0,,0
44136,江戸川臨海,エドガワリンカイ,EDOGAWA-RINKAI,,,,35.638,139.863,5,10.2,,,,,,1,1,1,2,0,,0,2021/3/2,9999-99-99,44136,0,0,0,6,0,,0
44166,羽田,ハネダ,HANEDA,,,,35.553,139.78,6,,,,,,,1,0,0,0,0,,0,1974/11/1,1993/10/11,44166,1,1,1,1,1,,1
44166,羽田,ハネダ,HANEDA,,,,35.553,139.78,6,10,,,,,,1,1,1,0,0,,0,1993/10/12,2009/1/29,44166,0,0,0,0,0,,0
44166,羽田,ハネダ,HANEDA,,,,35.553,139.78,6,10,,,,,,1,1,1,0,0,,0,2009/1/30,9999-99-99,44166,0,4,4,0,0,,0
44171,大島,オオシマ,OSHIMA,,,,34.765,139.373,190,,,,,,,1,0,0,0,0,,0,1974/11/1,1975/3/30,44171,1,1,1,1,1,,1
44171,大島,オオシマ,OSHIMA,,,,34.765,139.373,190,26.7,,,,,,1,1,1,1,0,,0,1975/3/31,1985/12/31,44171,0,0,0,0,0,,0
44171,大島,オオシマ,OSHIMA,,,,34.765,139.373,190,26.7,,,,,,1,1,1,1,0,,0,1986/1/1,1991/12/18,44171,0,0,0,1,0,,0
44172,大島,オオシマ,OSHIMA,,,,34.748,139.362,74,27.1,,,,,,1,1,1,1,0,,0,1991/12/18,2008/3/25,44172,1,1,1,1,1,,1
44172,大島,オオシマ,OSHIMA,,,,34.748,139.362,74,27.1,,,,,,1,1,1,1,0,,0,2008/3/26,2021/3/1,44172,0,4,4,0,0,,0
44172,大島,オオシマ,OSHIMA,,,,34.748,139.362,74,27.1,,,,,,1,1,1,1,0,,1,2021/3/2,9999-99-99,44172,0,0,0,0,0,,0
44173,大島北ノ山,オオシマキタノヤマ,OSHIMA-KITANOYAMA,,,,34.782,139.36,38,9,,,,,,1,1,1,0,0,,0,2003/1/1,2009/1/28,44173,1,1,1,1,1,,1
44173,大島北ノ山,オオシマキタノヤマ,OSHIMA-KITANOYAMA,,,,34.782,139.36,38,9,,,,,,1,1,1,0,0,,0,2009/1/29,9999-99-99,44173,0,4,4,0,0,,0
44174,大島臨時,オオシマリンジ,OSHIMA-RINJI,,,,34.748,139.362,90,,,,,,,1,0,0,0,0,,0,2013/10/23,2014/11/20,44174,1,1,1,1,1,,1
44176,大島泉津,オオシマセンヅ,OSHIMA-SENZU,,,,34.778,139.422,49,,,,,,,1,0,0,0,0,,0,2013/11/8,2016/11/30,44176,1,1,1,1,1,,1
44186,大島差木地,オオシマサシキジ,OSHIMA-SASHIKIJI,,,,34.683,139.413,41,,,,,,,1,0,0,0,0,,0,2013/11/8,2016/11/30,44186,1,1,1,1,1,,1
44191,利島,トシマ,TOSHIMA,,,,34.528,139.282,100,,,,,,,1,0,0,0,0,,0,2014/7/25,9999-99-99,44191,1,1,1,1,1,,1
44206,新島,ニイジマ,NIIJIMA,,,,34.373,139.252,9,9.3,,,,,,1,1,1,1,0,,0,1976/12/16,1986/4/2,44206,1,1,1,1,1,,1
44206,新島,ニイジマ,NIIJIMA,,,,34.373,139.252,9,9.3,,,,,,1,1,1,1,0,,0,1986/4/3,2000/6/29,44206,0,0,0,1,0,,0
44206,新島,ニイジマ,NIIJIMA,,,,34.373,139.252,9,12.4,,,,,,1,1,1,1,0,,0,2000/6/30,2005/12/15,44206,0,0,0,0,0,,0
44206,新島,ニイジマ,NIIJIMA,,,,34.373,139.252,9,12.4,,,,,,1,1,1,1,0,,0,2005/12/16,2008/11/18,44206,0,0,0,4,0,,0
44207,川原,カワハラ,KAWAHARA,,,,34.368,139.268,29,6,,,,,,1,1,1,0,0,,0,2003/1/1,2008/11/17,44207,1,1,1,1,1,,1
44207,新島,ニイジマ,NIIJIMA,,,,34.368,139.268,29,6,,,,,,1,1,1,0,0,,0,2008/11/18,2009/1/30,44207,0,0,0,0,0,,0
44207,新島,ニイジマ,NIIJIMA,,,,34.368,139.268,29,6,,,,,,1,1,1,0,0,,0,2009/1/31,2017/3/7,44207,0,4,4,0,0,,0
44207,新島,ニイジマ,NIIJIMA,,,,34.368,139.268,29,10,,,,,,1,1,1,0,0,,0,2017/3/8,9999-99-99,44207,0,0,0,0,0,,0
44211,神津島,コウヅシマ,KOZUSHIMA,,,,34.205,139.133,28,,,,,,,1,0,0,0,0,,0,2000/7/5,2006/3/1,44211,1,1,1,1,1,,1
44216,金長,キンナガ,KINNAGA,,,,34.188,139.133,138,9.5,,,,,,1,1,1,0,0,,0,2003/1/1,2006/2/28,44216,1,1,1,1,1,,1
44216,神津島,コウヅシマ,KOZUSHIMA,,,,34.188,139.133,138,9.5,,,,,,1,1,1,0,0,,0,2006/3/1,2009/1/30,44216,0,0,0,0,0,,0
44216,神津島,コウヅシマ,KOZUSHIMA,,,,34.188,139.133,138,9.5,,,,,,1,1,1,0,0,,0,2009/1/31,2017/3/7,44216,0,4,4,0,0,,0
44216,神津島,コウヅシマ,KOZUSHIMA,,,,34.188,139.133,138,10,,,,,,1,1,1,0,0,,0,2017/3/8,9999-99-99,44216,0,0,0,0,0,,0
44226,三宅島,ミヤケジマ,MIYAKEJIMA,,,,34.123,139.522,36,,,,,,,1,0,0,0,0,,0,1974/11/1,1975/12/9,44226,1,1,1,1,1,,1
44226,三宅島,ミヤケジマ,MIYAKEJIMA,,,,34.123,139.522,36,12.9,,,,,,1,1,1,1,0,,0,1975/12/10,1986/12/31,44226,0,0,0,0,0,,0
44226,三宅島,ミヤケジマ,MIYAKEJIMA,,,,34.123,139.522,36,12.9,,,,,,1,1,1,1,0,,0,1987/1/1,1998/3/30,44226,0,0,0,1,0,,0
44226,三宅島,ミヤケジマ,MIYAKEJIMA,,,,34.123,139.522,36,12.9,,,,,,1,1,1,1,0,,0,1998/3/31,2008/3/25,44226,0,0,0,0,0,,0
44226,三宅島,ミヤケジマ,MIYAKEJIMA,,,,34.123,139.522,36,12.9,,,,,,1,1,1,1,0,,0,2008/3/26,2015/1/28,44226,0,4,4,0,0,,0
44226,三宅島,ミヤケジマ,MIYAKEJIMA,,,,34.123,139.52,38,13.2,,,,,,1,1,1,1,0,,0,2015/1/29,2021/3/1,44226,0,0,0,0,0,,0
44226,三宅島,ミヤケジマ,MIYAKEJIMA,,,,34.123,139.52,38,13.2,,,,,,1,1,1,1,0,,1,2021/3/2,9999-99-99,44226,0,0,0,0,0,,0
44227,三宅島阿古,ミヤケジマアコ,MIYAKEJIMAAKO,,,,34.077,139.475,10,2,,,,,,1,1,0,0,0,,0,2000/11/29,2002/10/2,44227,1,1,1,1,1,,1
44227,三宅島阿古,ミヤケジマアコ,MIYAKEJIMAAKO,,,,34.08,139.482,30,2,,,,,,1,1,0,0,0,,0,2002/10/3,2008/2/20,44227,0,0,0,0,0,,0
44228,三宅坪田,ミヤケツボタ,MIYAKETSUBOTA,,,,34.073,139.56,20,,,,,,,1,0,0,0,0,,0,2000/9/11,2001/3/15,44228,1,1,1,1,1,,1
44228,三宅坪田,ミヤケツボタ,MIYAKETSUBOTA,,,,34.073,139.56,20,6.5,,,,,,1,1,1,0,0,,0,2001/3/16,2009/1/30,44228,0,0,0,0,0,,0
44228,三宅坪田,ミヤケツボタ,MIYAKETSUBOTA,,,,34.073,139.56,20,6.5,,,,,,1,1,1,0,0,,0,2009/1/31,9999-99-99,44228,0,4,4,0,0,,0
44229,三宅伊豆,ミヤケイズ,MIYAKEIZU,,,,34.12,139.503,50,10,,,,,,1,1,0,0,0,,0,2001/6/29,2008/2/20,44229,1,1,1,1,1,,1
44261,八丈島,ハチジョウジマ,HACHIJOJIMA,,,,33.103,139.783,79,,,,,,,1,0,0,0,0,,0,1974/11/1,1975/3/12,44261,1,1,1,1,1,,1
44261,八丈島,ハチジョウジマ,HACHIJOJIMA,,,,33.103,139.783,79,13.6,,,,,,1,1,1,1,0,,0,1975/3/13,1985/12/31,44261,0,0,0,0,0,,0
44261,八丈島,ハチジョウジマ,HACHIJOJIMA,,,,33.103,139.783,79,13.6,,,,,,1,1,1,1,0,,0,1986/1/1,2003/8/28,44261,0,0,0,1,0,,0
44262,八重見ヶ原,ヤエミガハラ,YAEMIGAHARA,,,,33.115,139.785,92,8.8,,,,,,1,1,1,0,0,,0,2003/1/1,2009/1/28,44262,1,1,1,1,1,,1
44262,八重見ヶ原,ヤエミガハラ,YAEMIGAHARA,,,,33.115,139.785,92,8.8,,,,,,1,1,1,0,0,,0,2009/1/29,2019/11/6,44262,0,4,4,0,0,,0
44262,八重見ヶ原,ヤエミガハラ,YAEMIGAHARA,,,,33.115,139.785,92,10.3,,,,,,1,1,1,0,0,,0,2019/11/7,9999-99-99,44262,0,0,0,0,0,,0
44263,八丈島,ハチジョウジマ,HACHIJOJIMA,,,,33.122,139.778,151,13.6,,,,,,1,1,1,1,0,,0,2003/8/28,2003/12/2,44261,1,0,1,1,0,,0
44263,八丈島,ハチジョウジマ,HACHIJOJIMA,,,,33.122,139.778,151,18.8,,,,,,1,1,1,1,0,,0,2003/12/3,2005/5/16,44263,0,0,0,0,0,,0
44263,八丈島,ハチジョウジマ,HACHIJOJIMA,,,,33.122,139.778,151,18.1,,,,,,1,1,1,1,0,,0,2005/5/17,2008/3/25,44263,0,0,0,0,0,,0
44263,八丈島,ハチジョウジマ,HACHIJOJIMA,,,,33.122,139.778,151,18.1,,,,,,1,1,1,1,0,,0,2008/3/26,2021/3/1,44263,0,4,4,0,0,,0
44263,八丈島,ハチジョウジマ,HACHIJOJIMA,,,,33.122,139.778,151,18.1,,,,,,1,1,1,1,0,,1,2021/3/2,9999-99-99,44263,0,0,0,0,0,,0
44281,青ヶ島,アオガシマ,AOGASHIMA,,,,32.467,139.76,272,,,,,,,1,0,0,0,0,,0,2014/7/31,9999-99-99,44281,1,1,1,1,1,,1
44301,父島,チチジマ,CHICHIJIMA,,,,27.092,142.19,3,15.8,,,,,,1,1,1,1,0,,0,1986/3/18,2008/3/25,44301,1,1,1,1,1,,1
44301,父島,チチジマ,CHICHIJIMA,,,,27.092,142.19,3,15.8,,,,,,1,1,1,1,0,,0,2008/3/26,2021/3/1,44301,0,4,4,0,0,,0
44301,父島,チチジマ,CHICHIJIMA,,,,27.092,142.19,3,15.8,,,,,,1,1,1,1,0,,1,2021/3/2,9999-99-99,44301,0,0,0,0,0,,0
44316,母島,ハハジマ,HAHAJIMA,,,,26.635,142.162,32,,,,,,,1,0,0,0,0,,0,2007/8/29,9999-99-99,44316,1,1,1,1,1,,1
44356,南鳥島,ミナミトリシマ,MINAMITORISHIMA,,,,24.288,153.983,7,15.8,,,,,,1,1,1,1,0,,0,2010/6/1,2021/3/1,44356,1,5,5,5,1,,1
44356,南鳥島,ミナミトリシマ,MINAMITORISHIMA,,,,24.288,153.983,7,15.8,,,,,,1,1,1,1,0,,1,2021/3/2,9999-99-99,44356,0,0,0,0,0,,0
45036,佐原,サワラ,SAWARA,,,,35.91,140.492,7,,,,,,,1,0,0,0,0,,0,1974/11/1,1978/1/9,45036,1,1,1,1,1,,1
45036,佐原,サワラ,SAWARA,,,,35.91,140.492,7,6.5,,,,,,1,1,1,1,0,,0,1978/1/10,1987/10/13,45036,0,0,0,0,0,,0
45036,佐原,サワラ,SAWARA,,,,35.91,140.492,7,6.5,,,,,,1,1,1,1,0,,0,1987/10/14,1999/8/31,45036,0,0,0,1,0,,0
45056,我孫子,アビコ,ABIKO,,,,35.877,140.025,20,,,,,,,1,0,0,0,0,,0,1974/11/1,1978/1/9,45056,1,1,1,1,1,,1
45056,我孫子,アビコ,ABIKO,,,,35.877,140.025,20,7.9,,,,,,1,1,1,1,0,,0,1978/1/10,1987/10/17,45056,0,0,0,0,0,,0
45056,我孫子,アビコ,ABIKO,,,,35.877,140.025,20,7.9,,,,,,1,1,1,1,0,,0,1987/10/18,2008/1/28,45056,0,0,0,1,0,,0
45056,我孫子,アビコ,ABIKO,,,,35.877,140.025,20,7.9,,,,,,1,1,1,1,0,,0,2008/1/29,2008/3/25,45056,0,0,0,4,0,,0
45056,我孫子,アビコ,ABIKO,,,,35.877,140.025,20,7.9,,,,,,1,1,1,1,0,,0,2008/3/26,2010/3/11,45056,0,4,4,0,0,,0
45061,我孫子,アビコ,ABIKO,,,,35.863,140.11,20,10,,,,,,1,1,1,1,0,,0,2010/3/11,2021/3/1,45061,1,5,5,5,1,,1
45061,我孫子,アビコ,ABIKO,,,,35.863,140.11,20,10,,,,,,1,1,1,2,0,,0,2021/3/2,9999-99-99,45061,0,0,0,6,0,,0
45081,佐原,サワラ,SAWARA,,,,35.858,140.502,37,7.9,,,,,,1,1,1,1,0,,0,1999/10/12,2006/4/2,45081,1,1,1,1,1,,1
45081,香取,カトリ,KATORI,,,,35.858,140.502,37,7.9,,,,,,1,1,1,1,0,,0,2006/4/3,2006/12/11,45081,0,0,0,0,0,,0
45081,香取,カトリ,KATORI,,,,35.858,140.502,37,7.9,,,,,,1,1,1,1,0,,0,2006/12/12,2008/12/4,45081,0,0,0,4,0,,0
45081,香取,カトリ,KATORI,,,,35.858,140.502,37,7.9,,,,,,1,1,1,1,0,,0,2008/12/5,2021/3/1,45081,0,4,4,0,0,,0
45081,香取,カトリ,KATORI,,,,35.858,140.502,37,7.9,,,,,,1,1,1,2,0,,0,2021/3/2,2022/11/14,45081,0,0,0,6,0,,0
45081,香取,カトリ,KATORI,,,,35.858,140.502,37,7.8,,,,,,1,1,1,2,0,,1,2022/11/15,9999-99-99,45081,0,0,0,0,0,,0
45086,東庄,トウノショウ,TONOSHO,,,,35.822,140.685,52,,,,,,,1,0,0,0,0,,0,1974/11/1,2017/2/22,45086,1,1,1,1,1,,1
45086,東庄,トウノショウ,TONOSHO,,,,35.795,140.682,52,,,,,,,1,0,0,0,0,,0,2017/2/23,9999-99-99,45086,0,0,0,0,0,,0
45101,船橋,フナバシ,FUNABASHI,,,,35.73,139.993,24,6.5,,,,,,1,1,1,1,0,,0,1978/1/10,1987/10/19,45101,1,1,1,1,1,,1
45101,船橋,フナバシ,FUNABASHI,,,,35.73,139.993,24,6.5,,,,,,1,1,1,1,0,,0,1987/10/20,1999/8/2,45101,0,0,0,1,0,,0
45106,船橋,フナバシ,FUNABASHI,,,,35.712,140.043,28,7.9,,,,,,1,1,1,1,0,,0,1999/8/3,2008/1/31,45106,1,1,1,1,1,,1
45106,船橋,フナバシ,FUNABASHI,,,,35.712,140.043,28,7.9,,,,,,1,1,1,1,0,,0,2008/2/1,2008/3/25,45106,0,0,0,4,0,,0
45106,船橋,フナバシ,FUNABASHI,,,,35.712,140.043,28,7.9,,,,,,1,1,1,1,0,,0,2008/3/26,2021/3/1,45106,0,4,4,0,0,,0
45106,船橋,フナバシ,FUNABASHI,,,,35.712,140.043,28,7.9,,,,,,1,1,1,2,0,,0,2021/3/2,9999-99-99,45106,0,0,0,6,0,,0
45116,佐倉,サクラ,SAKURA,,,,35.728,140.212,5,,,,,,,1,0,0,0,0,,0,1975/4/16,1978/12/18,45116,1,1,1,1,1,,1
45116,佐倉,サクラ,SAKURA,,,,35.728,140.212,5,7.9,,,,,,1,1,1,1,0,,0,1978/12/19,1987/10/21,45116,0,0,0,0,0,,0
45116,佐倉,サクラ,SAKURA,,,,35.728,140.212,5,7.9,,,,,,1,1,1,1,0,,0,1987/10/22,1992/2/9,45116,0,0,0,1,0,,0
45116,佐倉,サクラ,SAKURA,,,,35.728,140.212,5,10.4,,,,,,1,1,1,1,0,,0,1992/2/10,2006/12/7,45116,0,0,0,0,0,,0
45116,佐倉,サクラ,SAKURA,,,,35.728,140.212,5,10.4,,,,,,1,1,1,1,0,,0,2006/12/8,2008/12/2,45116,0,0,0,4,0,,0
45116,佐倉,サクラ,SAKURA,,,,35.728,140.212,5,10.4,,,,,,1,1,1,1,0,,0,2008/12/3,2021/3/1,45116,0,4,4,0,0,,0
45116,佐倉,サクラ,SAKURA,,,,35.728,140.212,5,10.4,,,,,,1,1,1,2,0,,0,2021/3/2,2021/11/24,45116,0,0,0,6,0,,0
45116,佐倉,サクラ,SAKURA,,,,35.728,140.212,5,10.3,,,,,,1,1,1,2,0,,1,2021/11/25,9999-99-99,45116,0,0,0,0,0,,0
45121,成田,ナリタ,NARITA,,,,35.765,140.388,41,,,,,,,1,0,0,0,0,,0,1974/11/1,1978/1/9,45121,1,1,1,1,1,,1
45121,成田,ナリタ,NARITA,,,,35.763,140.385,41,11.1,,,,,,1,1,1,0,0,,0,2003/1/1,2009/1/28,45121,0,0,0,0,0,,0
45121,成田,ナリタ,NARITA,,,,35.763,140.385,41,11.1,,,,,,1,1,1,0,0,,0,2009/1/29,2018/2/28,45121,0,4,4,0,0,,0
45121,成田,ナリタ,NARITA,,,,35.763,140.385,41,10,,,,,,1,1,1,0,0,,0,2018/3/1,9999-99-99,45121,0,0,0,0,0,,0
45146,銚子,チョウシ,CHOSHI,,,,35.727,140.838,27,,,,,,,1,0,0,0,0,,0,1974/11/1,1975/3/9,45146,1,1,1,1,1,,1
45146,銚子,チョウシ,CHOSHI,,,,35.727,140.838,27,12.2,,,,,,1,1,1,1,0,,0,1975/3/10,1985/12/31,45146,0,0,0,0,0,,0
45146,銚子,チョウシ,CHOSHI,,,,35.727,140.838,27,12.2,,,,,,1,1,1,1,0,,0,1986/1/1,1986/8/21,45146,0,0,0,1,0,,0
45147,銚子,チョウシ,CHOSHI,,,,35.738,140.857,19,28.2,,,,,,1,1,1,1,0,,0,1986/8/21,1998/3/30,45146,0,1,0,0,0,,0
45147,銚子,チョウシ,CHOSHI,,,,35.738,140.857,20,28.2,,,,,,1,1,1,1,0,,0,1998/3/31,2008/3/25,45147,0,0,0,0,0,,0
45147,銚子,チョウシ,CHOSHI,,,,35.738,140.857,20,28.2,,,,,,1,1,1,1,0,,0,2008/3/26,2011/3/31,45147,0,4,4,0,0,,0
45147,銚子,チョウシ,CHOSHI,銚子,チョウシ,CHOSHI,35.738,140.857,20,28.2,,,35.738,140.857,20,1,1,1,1,1,,0,2011/4/1,2021/3/1,45147,0,0,0,0,0,,0
45147,銚子,チョウシ,CHOSHI,銚子,チョウシ,CHOSHI,35.738,140.857,20,28.2,,,35.738,140.857,20,1,1,1,1,1,,1,2021/3/2,9999-99-99,45147,0,0,0,0,0,,0
45181,横芝,ヨコシバ,YOKOSHIBA,,,,35.657,140.48,6,,,,,,,1,0,0,0,0,,0,1975/5/16,1978/1/9,45181,1,1,1,1,1,,1
45181,横芝,ヨコシバ,YOKOSHIBA,,,,35.657,140.48,6,7.9,,,,,,1,1,1,1,0,,0,1978/1/10,1986/11/6,45181,0,0,0,0,0,,0
45181,横芝,ヨコシバ,YOKOSHIBA,,,,35.657,140.48,6,7.9,,,,,,1,1,1,1,0,,0,1986/11/7,2006/4/2,45181,0,0,0,1,0,,0
45181,横芝光,ヨコシバヒカリ,YOKOSHIBAHIKARI,,,,35.657,140.48,6,7.9,,,,,,1,1,1,1,0,,0,2006/4/3,2008/2/4,45181,0,0,0,0,0,,0
45181,横芝光,ヨコシバヒカリ,YOKOSHIBAHIKARI,,,,35.657,140.48,6,7.9,,,,,,1,1,1,1,0,,0,2008/2/5,2008/3/25,45181,0,0,0,4,0,,0
45181,横芝光,ヨコシバヒカリ,YOKOSHIBAHIKARI,,,,35.657,140.48,6,7.9,,,,,,1,1,1,1,0,,0,2008/3/26,2010/2/17,45181,0,4,4,0,0,,0
45181,横芝光,ヨコシバヒカリ,YOKOSHIBAHIKARI,,,,35.657,140.48,6,10,,,,,,1,1,1,1,0,,0,2010/2/18,2021/3/1,45181,0,0,0,0,0,,0
45181,横芝光,ヨコシバヒカリ,YOKOSHIBAHIKARI,,,,35.657,140.48,6,10,,,,,,1,1,1,2,0,,0,2021/3/2,2021/10/4,45181,0,0,0,6,0,,0
45181,横芝光,ヨコシバヒカリ,YOKOSHIBAHIKARI,,,,35.655,140.505,5,5.4,,,,,,1,1,1,2,0,,0,2021/10/5,2022/3/15,45181,0,0,0,0,0,,0
45181,横芝光,ヨコシバヒカリ,YOKOSHIBAHIKARI,,,,35.655,140.505,5,10,,,,,,1,1,1,2,0,,0,2022/3/16,2023/6/12,45181,0,0,0,0,0,,0
45181,横芝光,ヨコシバヒカリ,YOKOSHIBA-HIKARI,,,,35.655,140.505,5,10,,,,,,1,1,1,2,0,,1,2023/6/13,9999-99-99,45181,0,0,0,0,0,,0
45211,千葉,チバ,CHIBA,,,,35.595,140.117,16,,,,,,,1,0,0,0,0,,0,1974/11/1,1975/3/8,45211,1,1,1,1,1,,1
45211,千葉,チバ,CHIBA,,,,35.595,140.117,16,12.5,,,,,,1,1,1,1,0,,0,1975/3/9,1981/3/30,45211,0,0,0,0,0,,0
45212,千葉,チバ,CHIBA,,,,35.602,140.103,3,47.8,,,,,,1,1,1,1,0,,0,1981/3/30,1986/12/31,45211,0,1,0,0,0,,0
45212,千葉,チバ,CHIBA,,,,35.602,140.103,3,47.8,,,,,,1,1,1,1,0,,0,1987/1/1,1998/2/11,45212,0,0,0,1,0,,0
45212,千葉,チバ,CHIBA,,,,35.602,140.103,3,47.9,,,,,,1,1,1,1,0,,0,1998/2/12,1998/3/30,45212,0,0,0,0,0,,0
45212,千葉,チバ,CHIBA,,,,35.602,140.103,3,47.9,,,,,,1,1,1,1,0,,0,1998/3/31,2008/3/25,45212,0,0,0,0,0,,0
45212,千葉,チバ,CHIBA,,,,35.602,140.103,3,47.9,,,,,,1,1,1,1,0,,0,2008/3/26,2010/9/30,45212,0,4,4,0,0,,0
45212,千葉,チバ,CHIBA,千葉,チバ,CHIBA,35.602,140.103,3,47.9,,,35.602,140.103,3,1,1,1,1,1,,0,2010/10/1,2021/3/1,45212,0,0,0,0,0,,0
45212,千葉,チバ,CHIBA,千葉,チバ,CHIBA,35.602,140.103,3,47.9,,,35.602,140.103,3,1,1,1,1,1,,1,2021/3/2,9999-99-99,45212,0,0,0,0,0,,0
45261,茂原,モバラ,MOBARA,,,,35.417,140.31,9,,,,,,,1,0,0,0,0,,0,1974/11/1,1978/1/10,45261,1,1,1,1,1,,1
45261,茂原,モバラ,MOBARA,,,,35.417,140.31,9,6.5,,,,,,1,1,1,1,0,,0,1978/1/11,1986/6/26,45261,0,0,0,0,0,,0
45261,茂原,モバラ,MOBARA,,,,35.417,140.31,9,6.5,,,,,,1,1,1,1,0,,0,1986/6/27,2008/2/7,45261,0,0,0,1,0,,0
45261,茂原,モバラ,MOBARA,,,,35.417,140.31,9,6.5,,,,,,1,1,1,1,0,,0,2008/2/8,2008/3/25,45261,0,0,0,4,0,,0
45261,茂原,モバラ,MOBARA,,,,35.417,140.31,9,6.5,,,,,,1,1,1,1,0,,0,2008/3/26,2010/2/28,45261,0,4,4,0,0,,0
45261,茂原,モバラ,MOBARA,,,,35.417,140.31,9,10,,,,,,1,1,1,1,0,,0,2010/3/1,2019/11/13,45261,0,0,0,0,0,,0
45261,茂原,モバラ,MOBARA,,,,35.437,140.295,11,5.4,,,,,,1,1,1,1,0,,0,2019/11/14,2021/3/1,45261,0,0,0,0,0,,0
45261,茂原,モバラ,MOBARA,,,,35.437,140.295,11,5.4,,,,,,1,1,1,2,0,,0,2021/3/2,2021/3/8,45261,0,0,0,6,0,,0
45261,茂原,モバラ,MOBARA,,,,35.437,140.293,11,10,,,,,,1,1,1,2,0,,0,2021/3/9,2023/6/11,45261,0,0,0,0,0,,0
45261,茂原,モバラ,MOBARA,,,,35.437,140.293,11,10,,,,,,1,1,1,2,0,,1,2023/6/12,9999-99-99,45261,0,0,0,0,0,,0
45281,木更津,キサラヅ,KISARAZU,,,,35.375,139.915,5,,,,,,,1,0,0,0,0,,0,1974/11/1,1978/1/11,45281,1,1,1,1,1,,1
45281,木更津,キサラヅ,KISARAZU,,,,35.375,139.915,5,7.9,,,,,,1,1,1,1,0,,0,1978/1/12,1986/10/14,45281,0,0,0,0,0,,0
45281,木更津,キサラヅ,KISARAZU,,,,35.375,139.915,5,7.9,,,,,,1,1,1,1,0,,0,1986/10/15,2006/9/21,45281,0,0,0,1,0,,0
45282,木更津,キサラヅ,KISARAZU,,,,35.362,139.94,60,10.1,,,,,,1,1,1,1,0,,0,2006/9/22,2008/2/18,45282,1,1,1,1,1,,1
45282,木更津,キサラヅ,KISARAZU,,,,35.362,139.94,60,10.1,,,,,,1,1,1,1,0,,0,2008/2/19,2008/3/25,45282,0,0,0,4,0,,0
45282,木更津,キサラヅ,KISARAZU,,,,35.362,139.94,60,10.1,,,,,,1,1,1,1,0,,0,2008/3/26,2021/3/1,45282,0,4,4,0,0,,0
45282,木更津,キサラヅ,KISARAZU,,,,35.362,139.94,60,10.1,,,,,,1,1,1,2,0,,0,2021/3/2,2022/11/15,45282,0,0,0,6,0,,0
45282,木更津,キサラヅ,KISARAZU,,,,35.362,139.94,60,10,,,,,,1,1,1,2,0,,1,2022/11/16,9999-99-99,45282,0,0,0,0,0,,0
45291,牛久,ウシク,USHIKU,,,,35.397,140.148,30,6.5,,,,,,1,1,1,1,0,,0,1978/1/11,1985/11/12,45291,1,1,1,1,1,,1
45291,牛久,ウシク,USHIKU,,,,35.397,140.148,30,6.5,,,,,,1,1,1,1,0,,0,1985/11/13,2002/12/23,45291,0,0,0,1,0,,0
45291,牛久,ウシク,USHIKU,,,,35.397,140.148,30,9.4,,,,,,1,1,1,1,0,,0,2002/12/24,2008/2/14,45291,0,0,0,0,0,,0
45291,牛久,ウシク,USHIKU,,,,35.397,140.148,30,9.4,,,,,,1,1,1,1,0,,0,2008/2/15,2008/3/25,45291,0,0,0,4,0,,0
45291,牛久,ウシク,USHIKU,,,,35.397,140.148,30,9.4,,,,,,1,1,1,1,0,,0,2008/3/26,2021/3/1,45291,0,4,4,0,0,,0
45291,牛久,ウシク,USHIKU,,,,35.397,140.148,30,9.4,,,,,,1,1,1,2,0,,0,2021/3/2,2023/6/18,45291,0,0,0,6,0,,0
45291,牛久,ウシク,USHIKU,,,,35.397,140.148,30,9.4,,,,,,1,1,1,2,0,,1,2023/6/19,9999-99-99,45291,0,0,0,0,0,,0
45326,坂畑,サカハタ,SAKAHATA,,,,35.235,140.098,120,6.5,,,,,,1,1,1,1,0,,0,1978/1/12,1986/10/8,45326,1,1,1,1,1,,1
45326,坂畑,サカハタ,SAKAHATA,,,,35.235,140.098,120,6.5,,,,,,1,1,1,1,0,,0,1986/10/9,2008/2/12,45326,0,0,0,1,0,,0
45326,坂畑,サカハタ,SAKAHATA,,,,35.235,140.098,120,6.5,,,,,,1,1,1,1,0,,0,2008/2/13,2008/3/25,45326,0,0,0,4,0,,0
45326,坂畑,サカハタ,SAKAHATA,,,,35.235,140.098,120,6.5,,,,,,1,1,1,1,0,,0,2008/3/26,2010/3/24,45326,0,4,4,0,0,,0
45326,坂畑,サカハタ,SAKAHATA,,,,35.235,140.098,120,10,,,,,,1,1,1,1,0,,0,2010/3/25,2021/3/1,45326,0,0,0,0,0,,0
45326,坂畑,サカハタ,SAKAHATA,,,,35.235,140.098,120,10,,,,,,1,1,1,2,0,,0,2021/3/2,2023/6/19,45326,0,0,0,6,0,,0
45326,坂畑,サカハタ,SAKAHATA,,,,35.235,140.098,120,10,,,,,,1,1,1,2,0,,1,2023/6/20,9999-99-99,45326,0,0,0,0,0,,0
45331,黒原,クロハラ,KUROHARA,,,,35.243,140.24,60,,,,,,,1,0,0,0,0,,0,1975/5/16,2004/3/17,45331,1,1,1,1,1,,1
45331,大多喜,オオタキ,OOTAKI,,,,35.252,140.215,70,,,,,,,1,0,0,0,0,,0,2004/3/17,9999-99-99,45331,0,0,0,0,0,,0
45346,佐久間,サクマ,SAKUMA,,,,35.117,139.875,26,,,,,,,1,0,0,0,0,,0,1974/11/1,2006/7/12,45346,1,1,1,1,1,,1
45346,鋸南,キョナン,KYONAN,,,,35.122,139.837,10,,,,,,,1,0,0,0,0,,0,2006/7/13,9999-99-99,45346,0,0,0,0,0,,0
45361,鴨川,カモガワ,KAMOGAWA,,,,35.11,140.115,40,,,,,,,1,0,0,0,0,,0,1974/11/1,1978/1/12,45361,1,1,1,1,1,,1
45361,鴨川,カモガワ,KAMOGAWA,,,,35.11,140.115,40,7.9,,,,,,1,1,1,1,0,,0,1978/1/13,1986/4/13,45361,0,0,0,0,0,,0
45361,鴨川,カモガワ,KAMOGAWA,,,,35.11,140.115,40,7.9,,,,,,1,1,1,1,0,,0,1986/4/14,1987/3/26,45361,0,0,0,1,0,,0
45361,鴨川,カモガワ,KAMOGAWA,,,,35.112,140.1,5,7.9,,,,,,1,1,1,1,0,,0,1987/3/27,2006/12/4,45361,0,0,0,0,0,,0
45361,鴨川,カモガワ,KAMOGAWA,,,,35.112,140.1,5,7.9,,,,,,1,1,1,1,0,,0,2006/12/5,2008/12/8,45361,0,0,0,4,0,,0
45361,鴨川,カモガワ,KAMOGAWA,,,,35.112,140.1,5,7.9,,,,,,1,1,1,1,0,,0,2008/12/9,2010/2/3,45361,0,4,4,0,0,,0
45361,鴨川,カモガワ,KAMOGAWA,,,,35.112,140.1,5,10,,,,,,1,1,1,1,0,,0,2010/2/4,2021/3/1,45361,0,0,0,0,0,,0
45361,鴨川,カモガワ,KAMOGAWA,,,,35.112,140.1,5,10,,,,,,1,1,1,2,0,,0,2021/3/2,2021/12/1,45361,0,0,0,6,0,,0
45361,鴨川,カモガワ,KAMOGAWA,,,,35.112,140.1,5,9.9,,,,,,1,1,1,2,0,,1,2021/12/2,9999-99-99,45361,0,0,0,0,0,,0
45371,勝浦,カツウラ,KATSUURA,,,,35.15,140.312,12,,,,,,,1,0,0,0,0,,0,1974/11/1,1975/12/6,45371,1,1,1,1,1,,1
45371,勝浦,カツウラ,KATSUURA,,,,35.15,140.312,12,12.3,,,,,,1,1,1,1,0,,0,1975/12/7,1988/12/31,45371,0,0,0,0,0,,0
45371,勝浦,カツウラ,KATSUURA,,,,35.15,140.312,12,12.3,,,,,,1,1,1,1,0,,0,1989/1/1,2008/3/25,45371,0,0,0,1,0,,0
45371,勝浦,カツウラ,KATSUURA,,,,35.15,140.312,12,12.3,,,,,,1,1,1,1,0,,0,2008/3/26,2013/12/4,45371,0,4,4,0,0,,0
45371,勝浦,カツウラ,KATSUURA,,,,35.15,140.312,12,15.2,,,,,,1,1,1,1,0,,0,2013/12/5,2021/3/1,45371,0,0,0,0,0,,0
45371,勝浦,カツウラ,KATSUURA,,,,35.15,140.312,12,15.2,,,,,,1,1,1,1,0,,1,2021/3/2,9999-99-99,45371,0,0,0,0,0,,0
45401,館山,タテヤマ,TATEYAMA,,,,34.987,139.865,6,,,,,,,1,0,0,0,0,,0,1974/11/1,1975/3/11,45401,1,1,1,1,1,,1
45401,館山,タテヤマ,TATEYAMA,,,,34.987,139.865,6,14.7,,,,,,1,1,1,1,0,,0,1975/3/12,1981/3/26,45401,0,0,0,0,0,,0
45401,館山,タテヤマ,TATEYAMA,,,,34.987,139.865,6,14.8,,,,,,1,1,1,1,0,,0,1981/3/27,1985/12/31,45401,0,0,0,0,0,,0
45401,館山,タテヤマ,TATEYAMA,,,,34.987,139.865,6,14.8,,,,,,1,1,1,1,0,,0,1986/1/1,1996/2/26,45401,0,0,0,1,0,,0
45401,館山,タテヤマ,TATEYAMA,,,,34.987,139.865,6,14.7,,,,,,1,1,1,1,0,,0,1996/2/27,2008/3/25,45401,0,0,0,0,0,,0
45401,館山,タテヤマ,TATEYAMA,,,,34.987,139.865,6,14.7,,,,,,1,1,1,1,0,,0,2008/3/26,2009/3/17,45401,0,4,4,0,0,,0
45401,館山,タテヤマ,TATEYAMA,,,,34.987,139.865,6,21.8,,,,,,1,1,1,1,0,,0,2009/3/18,2021/3/1,45401,0,0,0,0,0,,0
45401,館山,タテヤマ,TATEYAMA,,,,34.987,139.865,6,21.8,,,,,,1,1,1,1,0,,1,2021/3/2,9999-99-99,45401,0,0,0,0,0,,0
46001,相模湖,サガミコ,SAGAMIKO,,,,35.61,139.195,171,,,,,,,1,0,0,0,0,,0,1974/11/1,1986/8/27,46001,1,1,1,1,1,,1
46001,相模湖,サガミコ,SAGAMIKO,,,,35.613,139.193,188,,,,,,,1,0,0,0,0,,0,1986/8/28,9999-99-99,46001,0,0,0,0,0,,0
46046,相模原,サガミハラ,SAGAMIHARA,,,,35.572,139.37,138,,,,,,,1,0,0,0,0,,0,1975/5/16,1990/3/6,46046,1,1,1,1,1,,1
46046,相模原,サガミハラ,SAGAMIHARA,,,,35.572,139.37,149,,,,,,,1,0,0,0,0,,0,1990/3/7,2006/4/2,46046,0,0,0,0,0,,0
46046,相模原中央,サガミハラチュウオウ,SAGAMIHARACHUO,,,,35.572,139.37,149,,,,,,,1,0,0,0,0,,0,2006/4/3,9999-99-99,46046,0,0,0,0,0,,0
46061,日吉,ヒヨシ,HIYOSHI,,,,35.552,139.65,57,,,,,,,1,0,0,0,0,,0,1975/5/16,9999-99-99,46061,1,1,1,1,1,,1
46076,玄倉,クロクラ,KUROKURA,,,,35.438,139.103,640,,,,,,,1,0,0,0,0,,0,1976/5/26,1984/3/25,46076,1,1,1,1,1,,1
46076,丹沢湖,タンザワコ,TANZAWAKO,,,,35.41,139.043,330,,,,,,,1,0,0,0,0,,0,1984/3/26,9999-99-99,46076,0,0,0,0,0,,0
46091,厚木,アツギ,ATSUGI,,,,35.437,139.378,17,,,,,,,1,0,0,0,0,,0,1974/11/1,1978/1/16,46091,1,1,1,1,1,,1
46091,厚木,アツギ,ATSUGI,,,,35.437,139.378,17,6.5,,,,,,1,1,1,1,0,,0,1978/1/17,1985/1/8,46091,0,0,0,0,0,,0
46091,海老名,エビナ,EBINA,,,,35.437,139.378,17,6.5,,,,,,1,1,1,1,0,,0,1985/1/9,1986/8/11,46091,0,0,0,0,0,,0
46091,海老名,エビナ,EBINA,,,,35.437,139.378,17,6.5,,,,,,1,1,1,1,0,,0,1986/8/12,1994/1/19,46091,0,0,0,1,0,,0
46091,海老名,エビナ,EBINA,,,,35.433,139.387,18,6.5,,,,,,1,1,1,1,0,,0,1994/1/20,2008/3/3,46091,0,0,0,0,0,,0
46091,海老名,エビナ,EBINA,,,,35.433,139.387,18,6.5,,,,,,1,1,1,1,0,,0,2008/3/4,2008/3/25,46091,0,0,0,4,0,,0
46091,海老名,エビナ,EBINA,,,,35.433,139.387,18,6.5,,,,,,1,1,1,1,0,,0,2008/3/26,2021/3/1,46091,0,4,4,0,0,,0
46091,海老名,エビナ,EBINA,,,,35.433,139.387,18,6.5,,,,,,1,1,1,2,0,,0,2021/3/2,9999-99-99,46091,0,0,0,6,0,,0
46106,横浜,ヨコハマ,YOKOHAMA,,,,35.438,139.652,39,,,,,,,1,0,0,0,0,,0,1974/11/1,1975/3/7,46106,1,1,1,1,1,,1
46106,横浜,ヨコハマ,YOKOHAMA,,,,35.438,139.652,39,19.5,,,,,,1,1,1,1,0,,0,1975/3/8,1986/12/31,46106,0,0,0,0,0,,0
46106,横浜,ヨコハマ,YOKOHAMA,,,,35.438,139.652,39,19.5,,,,,,1,1,1,1,0,,0,1987/1/1,1999/1/13,46106,0,0,0,1,0,,0
46106,横浜,ヨコハマ,YOKOHAMA,横浜,ヨコハマ,YOKOHAMA,35.438,139.652,39,19.5,,,35.438,139.652,39,1,1,1,1,1,,0,1999/1/14,2008/3/25,46106,0,0,0,0,0,,0
46106,横浜,ヨコハマ,YOKOHAMA,横浜,ヨコハマ,YOKOHAMA,35.438,139.652,39,19.5,,,35.438,139.652,39,1,1,1,1,1,,0,2008/3/26,2011/3/1,46106,0,4,4,0,0,,0
46106,横浜,ヨコハマ,YOKOHAMA,横浜,ヨコハマ,YOKOHAMA,35.438,139.652,39,19.8,,,35.438,139.652,39,1,1,1,1,1,,0,2011/3/2,2021/3/1,46106,0,0,0,0,0,,0
46106,横浜,ヨコハマ,YOKOHAMA,横浜,ヨコハマ,YOKOHAMA,35.438,139.652,39,19.8,,,35.438,139.652,39,1,1,1,1,1,,1,2021/3/2,9999-99-99,46106,0,0,0,0,0,,0
46136,平塚,ヒラツカ,HIRATSUKA,,,,35.357,139.305,10,,,,,,,1,0,0,0,0,,0,1975/5/16,1994/10/11,46136,1,1,1,1,1,,1
46136,平塚,ヒラツカ,HIRATSUKA,,,,35.345,139.305,20,,,,,,,1,0,0,0,0,,0,1994/10/12,9999-99-99,46136,0,0,0,0,0,,0
46141,辻堂,ツジドウ,TSUJIDO,,,,35.32,139.45,5,9.5,,,,,,1,1,1,1,0,,0,1992/2/10,1992/6/25,46141,1,1,1,1,1,,1
46141,辻堂,ツジドウ,TSUJIDO,,,,35.32,139.45,5,9.5,,,,,,1,1,1,1,0,,0,1992/6/26,2006/12/14,46141,0,0,0,1,0,,0
46141,辻堂,ツジドウ,TSUJIDO,,,,35.32,139.45,5,9.5,,,,,,1,1,1,1,0,,0,2006/12/15,2008/12/10,46141,0,0,0,4,0,,0
46141,辻堂,ツジドウ,TSUJIDO,,,,35.32,139.45,5,9.5,,,,,,1,1,1,1,0,,0,2008/12/11,2010/3/2,46141,0,4,4,0,0,,0
46141,辻堂,ツジドウ,TSUJIDO,,,,35.32,139.45,5,10,,,,,,1,1,1,1,0,,0,2010/3/3,2021/3/1,46141,0,0,0,0,0,,0
46141,辻堂,ツジドウ,TSUJIDO,,,,35.32,139.45,5,10,,,,,,1,1,1,2,0,,0,2021/3/2,2021/11/7,46141,0,0,0,6,0,,0
46141,辻堂,ツジドウ,TSUJIDO,,,,35.32,139.45,5,9.9,,,,,,1,1,1,2,0,,1,2021/11/8,9999-99-99,46141,0,0,0,0,0,,0
46161,箱根,ハコネ,HAKONE,,,,35.22,139.042,850,,,,,,,1,0,0,0,0,,0,1974/11/1,2009/1/19,46161,1,1,1,1,1,,1
46161,箱根,ハコネ,HAKONE,,,,35.222,139.042,855,,,,,,,1,0,0,0,0,,0,2009/1/20,9999-99-99,46161,0,0,0,0,0,,0
46166,小田原,オダワラ,ODAWARA,,,,35.255,139.152,28,,,,,,,1,0,0,0,0,,0,1975/5/16,1978/1/16,46166,1,1,1,1,1,,1
46166,小田原,オダワラ,ODAWARA,,,,35.255,139.152,28,9.5,,,,,,1,1,1,1,0,,0,1978/1/17,1986/10/23,46166,0,0,0,0,0,,0
46166,小田原,オダワラ,ODAWARA,,,,35.255,139.152,28,9.5,,,,,,1,1,1,1,0,,0,1986/10/24,2006/12/11,46166,0,0,0,1,0,,0
46166,小田原,オダワラ,ODAWARA,,,,35.255,139.152,28,9.5,,,,,,1,1,1,1,0,,0,2006/12/12,2008/12/8,46166,0,0,0,4,0,,0
46166,小田原,オダワラ,ODAWARA,,,,35.255,139.152,28,9.5,,,,,,1,1,1,1,0,,0,2008/12/9,2010/3/23,46166,0,4,4,0,0,,0
46166,小田原,オダワラ,ODAWARA,,,,35.277,139.155,14,10,,,,,,1,1,1,1,0,,0,2010/3/24,2021/3/1,46166,0,0,0,0,0,,0
46166,小田原,オダワラ,ODAWARA,,,,35.277,139.155,14,10,,,,,,1,1,1,2,0,,0,2021/3/2,2021/11/29,46166,0,0,0,6,0,,0
46166,小田原,オダワラ,ODAWARA,,,,35.277,139.155,14,9.9,,,,,,1,1,1,2,0,,1,2021/11/30,9999-99-99,46166,0,0,0,0,0,,0
46181,江ノ島,エノシマ,ENOSHIMA,,,,35.298,139.48,60,,,,,,,1,0,0,0,0,,0,1974/11/1,1978/1/19,46181,1,1,1,1,1,,1
46181,江ノ島,エノシマ,ENOSHIMA,,,,35.298,139.48,60,9.5,,,,,,1,1,1,1,0,,0,1978/1/20,1986/4/15,46181,0,0,0,0,0,,0
46181,江ノ島,エノシマ,ENOSHIMA,,,,35.298,139.48,60,9.5,,,,,,1,1,1,1,0,,0,1986/4/16,1992/2/8,46181,0,0,0,1,0,,0
46211,三浦,ミウラ,MIURA,,,,35.178,139.63,42,,,,,,,1,0,0,0,0,,0,1974/11/1,1978/1/19,46211,1,1,1,1,1,,1
46211,三浦,ミウラ,MIURA,,,,35.178,139.63,42,6.5,,,,,,1,1,1,1,0,,0,1978/1/20,1987/10/28,46211,0,0,0,0,0,,0
46211,三浦,ミウラ,MIURA,,,,35.178,139.63,42,6.5,,,,,,1,1,1,1,0,,0,1987/10/29,2007/2/13,46211,0,0,0,1,0,,0
46211,三浦,ミウラ,MIURA,,,,35.178,139.63,42,6.5,,,,,,1,1,1,1,0,,0,2007/2/14,2008/12/4,46211,0,0,0,4,0,,0
46211,三浦,ミウラ,MIURA,,,,35.178,139.63,42,6.5,,,,,,1,1,1,1,0,,0,2008/12/5,2010/2/8,46211,0,4,4,0,0,,0
46211,三浦,ミウラ,MIURA,,,,35.178,139.63,42,10,,,,,,1,1,1,1,0,,0,2010/2/9,2021/3/1,46211,0,0,0,0,0,,0
46211,三浦,ミウラ,MIURA,,,,35.178,139.63,42,10,,,,,,1,1,1,2,0,,0,2021/3/2,2022/11/16,46211,0,0,0,6,0,,0
46211,三浦,ミウラ,MIURA,,,,35.178,139.63,42,9.9,,,,,,1,1,1,2,0,,1,2022/11/17,9999-99-99,46211,0,0,0,0,0,,0
48031,野沢温泉,ノザワオンセン,NOZAWAONSEN,,,,36.92,138.447,571,,,,,,,1,0,0,0,0,,0,1974/11/1,1978/11/15,48031,1,1,1,1,1,,1
48031,野沢温泉,ノザワオンセン,NOZAWAONSEN,,,,36.92,138.447,571,8.5,,,,,,1,1,1,1,0,,0,1978/11/16,1980/10/30,48031,0,0,0,0,0,,0
48031,野沢温泉,ノザワオンセン,NOZAWAONSEN,野沢温泉,ノザワオンセン,NOZAWAONSEN,36.92,138.447,571,8.5,,,36.92,138.447,571,1,1,1,1,1,,0,1980/10/31,1987/8/19,48031,0,0,0,0,0,,0
48031,野沢温泉,ノザワオンセン,NOZAWAONSEN,野沢温泉,ノザワオンセン,NOZAWAONSEN,36.92,138.447,571,8.5,,,36.92,138.447,571,1,1,1,1,1,,0,1987/8/20,2007/12/18,48031,0,0,0,1,0,,0
48031,野沢温泉,ノザワオンセン,NOZAWAONSEN,野沢温泉,ノザワオンセン,NOZAWAONSEN,36.912,138.442,576,10,,,36.912,138.442,576,1,1,1,1,1,,0,2007/12/19,2008/3/25,48031,0,0,0,4,0,,0
48031,野沢温泉,ノザワオンセン,NOZAWAONSEN,野沢温泉,ノザワオンセン,NOZAWAONSEN,36.912,138.442,576,10,,,36.912,138.442,576,1,1,1,1,1,,0,2008/3/26,2021/3/1,48031,0,4,4,0,0,,0
48031,野沢温泉,ノザワオンセン,NOZAWAONSEN,野沢温泉,ノザワオンセン,NOZAWAONSEN,36.912,138.442,576,10,,,36.912,138.442,576,1,1,1,2,1,,0,2021/3/2,9999-99-99,48031,0,0,0,6,0,,0
48061,信濃町,シナノマチ,SHINANOMACHI,,,,36.803,138.193,675,,,,,,,1,0,0,0,0,,0,1974/11/1,1978/11/16,48061,1,1,1,1,1,,1
48061,信濃町,シナノマチ,SHINANOMACHI,,,,36.803,138.193,675,8.5,,,,,,1,1,1,1,0,,0,1978/11/17,1981/10/15,48061,0,0,0,0,0,,0
48061,信濃町,シナノマチ,SHINANOMACHI,,,,36.812,138.2,676,8.5,,,,,,1,1,1,1,0,,0,1981/10/16,1981/10/30,48061,0,0,0,0,0,,0
48061,信濃町,シナノマチ,SHINANOMACHI,信濃町,シナノマチ,SHINANOMACHI,36.812,138.2,676,8.5,,,36.812,138.2,676,1,1,1,1,1,,0,1981/10/31,1986/8/19,48061,0,0,0,0,0,,0
48061,信濃町,シナノマチ,SHINANOMACHI,信濃町,シナノマチ,SHINANOMACHI,36.812,138.2,676,8.5,,,36.812,138.2,676,1,1,1,1,1,,0,1986/8/20,1998/7/21,48061,0,0,0,1,0,,0
48061,信濃町,シナノマチ,SHINANOMACHI,信濃町,シナノマチ,SHINANOMACHI,36.808,138.197,685,9.5,,,36.808,138.197,685,1,1,1,1,1,,0,1998/7/22,2009/8/31,48061,0,0,0,0,0,,0
48061,信濃町,シナノマチ,SHINANOMACHI,信濃町,シナノマチ,SHINANOMACHI,36.808,138.197,685,9.5,,,36.808,138.197,685,1,1,1,1,1,,0,2009/9/1,2021/3/1,48061,0,4,4,4,0,,0
48061,信濃町,シナノマチ,SHINANOMACHI,信濃町,シナノマチ,SHINANOMACHI,36.808,138.197,685,9.5,,,36.808,138.197,685,1,1,1,2,1,,0,2021/3/2,9999-99-99,48061,0,0,0,6,0,,0
48066,飯山,イイヤマ,IIYAMA,,,,36.875,138.375,313,,,,,,,1,0,0,0,0,,0,1974/11/1,1978/11/15,48066,1,1,1,1,1,,1
48066,飯山,イイヤマ,IIYAMA,,,,36.875,138.375,313,8.5,,,,,,1,1,1,1,0,,0,1978/11/16,1983/9/29,48066,0,0,0,0,0,,0
48066,飯山,イイヤマ,IIYAMA,飯山,イイヤマ,IIYAMA,36.875,138.375,313,8.5,,,36.875,138.375,313,1,1,1,1,1,,0,1983/9/30,1987/8/18,48066,0,0,0,0,0,,0
48066,飯山,イイヤマ,IIYAMA,飯山,イイヤマ,IIYAMA,36.875,138.375,313,8.5,,,36.875,138.375,313,1,1,1,1,1,,0,1987/8/19,2005/11/9,48066,0,0,0,1,0,,0
48066,飯山,イイヤマ,IIYAMA,飯山,イイヤマ,IIYAMA,36.875,138.375,313,8.5,,,36.875,138.375,313,1,1,1,1,1,,0,2005/11/10,2008/10/8,48066,0,0,0,4,0,,0
48066,飯山,イイヤマ,IIYAMA,飯山,イイヤマ,IIYAMA,36.875,138.375,313,8.5,,,36.875,138.375,313,1,1,1,1,1,,0,2008/10/9,2011/11/3,48066,0,4,4,0,0,,0
48066,飯山,イイヤマ,IIYAMA,飯山,イイヤマ,IIYAMA,36.875,138.375,313,10,,,36.875,138.375,313,1,1,1,1,1,,0,2011/11/4,2021/3/1,48066,0,0,0,0,0,,0
48066,飯山,イイヤマ,IIYAMA,飯山,イイヤマ,IIYAMA,36.875,138.375,313,10,,,36.875,138.375,313,1,1,1,2,1,,0,2021/3/2,2021/10/26,48066,0,0,0,6,0,,0
48066,飯山,イイヤマ,IIYAMA,飯山,イイヤマ,IIYAMA,36.875,138.375,313,9.9,,,36.875,138.375,313,1,1,1,2,1,,1,2021/10/27,9999-99-99,48066,0,0,0,0,0,,0
48096,南小谷,ミナミオタリ,MINAMIOTARI,,,,36.8,137.905,467,,,,,,,1,0,0,0,0,,0,1976/5/11,1983/10/13,48096,1,1,1,1,1,,1
48097,小谷,オタリ,OTARI,小谷,オタリ,OTARI,36.822,137.93,550,,,,36.822,137.93,550,1,0,0,0,1,,0,1983/10/13,9999-99-99,48097,1,1,1,1,1,,1
48141,白馬,ハクバ,HAKUBA,,,,36.698,137.862,703,,,,,,,1,0,0,0,0,,0,1974/11/1,1978/11/20,48141,1,1,1,1,1,,1
48141,白馬,ハクバ,HAKUBA,,,,36.698,137.862,703,8.5,,,,,,1,1,1,1,0,,0,1978/11/21,1980/10/30,48141,0,0,0,0,0,,0
48141,白馬,ハクバ,HAKUBA,白馬,ハクバ,HAKUBA,36.698,137.862,703,8.5,,,36.698,137.862,703,1,1,1,1,1,,0,1980/10/31,1987/4/15,48141,0,0,0,0,0,,0
48141,白馬,ハクバ,HAKUBA,白馬,ハクバ,HAKUBA,36.698,137.862,703,8.5,,,36.698,137.862,703,1,1,1,1,1,,0,1987/4/16,2007/12/13,48141,0,0,0,1,0,,0
48141,白馬,ハクバ,HAKUBA,白馬,ハクバ,HAKUBA,36.698,137.862,703,8.5,,,36.698,137.862,703,1,1,1,1,1,,0,2007/12/14,2008/3/25,48141,0,0,0,4,0,,0
48141,白馬,ハクバ,HAKUBA,白馬,ハクバ,HAKUBA,36.698,137.862,703,8.5,,,36.698,137.862,703,1,1,1,1,1,,0,2008/3/26,2016/11/15,48141,0,4,4,0,0,,0
48141,白馬,ハクバ,HAKUBA,白馬,ハクバ,HAKUBA,36.698,137.862,703,10,,,36.698,137.862,703,1,1,1,1,1,,0,2016/11/16,2021/3/1,48141,0,0,0,0,0,,0
48141,白馬,ハクバ,HAKUBA,白馬,ハクバ,HAKUBA,36.698,137.862,703,10,,,36.698,137.862,703,1,1,1,2,1,,0,2021/3/2,9999-99-99,48141,0,0,0,6,0,,0
48146,鬼無里,キナサ,KINASA,,,,36.688,137.965,778,,,,,,,1,0,0,0,0,,0,1977/6/29,9999-99-99,48146,1,1,1,1,1,,1
48156,長野,ナガノ,NAGANO,,,,36.662,138.192,418,,,,,,,1,0,0,0,0,,0,1974/11/1,1975/3/23,48156,1,1,1,1,1,,1
48156,長野,ナガノ,NAGANO,,,,36.662,138.192,418,19,,,,,,1,1,1,1,0,,0,1975/3/24,1986/12/31,48156,0,0,0,0,0,,0
48156,長野,ナガノ,NAGANO,,,,36.662,138.192,418,19,,,,,,1,1,1,1,0,,0,1987/1/1,1997/2/28,48156,0,0,0,1,0,,0
48156,長野,ナガノ,NAGANO,長野,ナガノ,NAGANO,36.662,138.192,418,19,,,36.662,138.192,418,1,1,1,1,1,,0,1997/3/1,2008/3/25,48156,0,0,0,0,0,,0
48156,長野,ナガノ,NAGANO,長野,ナガノ,NAGANO,36.662,138.192,418,19,,,36.662,138.192,418,1,1,1,1,1,,0,2008/3/26,2011/3/15,48156,0,4,4,0,0,,0
48156,長野,ナガノ,NAGANO,長野,ナガノ,NAGANO,36.662,138.192,418,18.8,,,36.662,138.192,418,1,1,1,1,1,,0,2011/3/16,2021/3/1,48156,0,0,0,0,0,,0
48156,長野,ナガノ,NAGANO,長野,ナガノ,NAGANO,36.662,138.192,418,18.8,,,36.662,138.192,418,1,1,1,1,1,,1,2021/3/2,9999-99-99,48156,0,0,0,0,0,,0
48171,笠岳,カサダケ,KASADAKE,,,,36.675,138.473,1964,,,,,,,1,0,0,0,0,,0,1974/11/1,1978/7/15,48171,1,1,1,1,1,,1
48172,笠岳,カサダケ,KASADAKE,,,,36.667,138.457,1490,,,,,,,1,0,0,0,0,,0,1979/7/12,2020/8/18,48172,1,1,1,1,1,,1
48172,笠岳,カサダケ,KASADAKE,,,,36.665,138.458,1473,,,,,,,1,0,0,0,0,,0,2020/8/19,9999-99-99,48172,0,0,0,0,0,,0
48191,大町,オオマチ,OMACHI,,,,36.53,137.835,789,,,,,,,1,0,0,0,0,,0,1974/11/1,1978/11/19,48191,1,1,1,1,1,,1
48191,大町,オオマチ,OMACHI,,,,36.502,137.852,726,6.5,,,,,,1,1,1,1,0,,0,1978/11/20,1981/10/5,48191,0,0,0,0,0,,0
48191,大町,オオマチ,OMACHI,,,,36.523,137.832,784,6.5,,,,,,1,1,1,1,0,,0,1981/10/6,1981/10/20,48191,0,0,0,0,0,,0
48191,大町,オオマチ,OMACHI,大町,オオマチ,OMACHI,36.523,137.832,784,6.5,,,36.523,137.832,784,1,1,1,1,1,,0,1981/10/21,1986/10/21,48191,0,0,0,0,0,,0
48191,大町,オオマチ,OMACHI,大町,オオマチ,OMACHI,36.523,137.832,784,6.5,,,36.523,137.832,784,1,1,1,1,1,,0,1986/10/22,2007/12/17,48191,0,0,0,1,0,,0
48191,大町,オオマチ,OMACHI,大町,オオマチ,OMACHI,36.523,137.832,784,6.5,,,36.523,137.832,784,1,1,1,1,1,,0,2007/12/18,2008/3/25,48191,0,0,0,4,0,,0
48191,大町,オオマチ,OMACHI,大町,オオマチ,OMACHI,36.523,137.832,784,6.5,,,36.523,137.832,784,1,1,1,1,1,,0,2008/3/26,2010/8/25,48191,0,4,4,0,0,,0
48191,大町,オオマチ,OMACHI,大町,オオマチ,OMACHI,36.523,137.832,784,10,,,36.523,137.832,784,1,1,1,1,1,,0,2010/8/26,2021/3/1,48191,0,0,0,0,0,,0
48191,大町,オオマチ,OMACHI,大町,オオマチ,OMACHI,36.523,137.832,784,10,,,36.523,137.832,784,1,1,1,2,1,,0,2021/3/2,9999-99-99,48191,0,0,0,6,0,,0
48196,信州新町,シンシュウシンマチ,SHINSHUSHIMMACHI,,,,36.58,137.995,437,,,,,,,1,0,0,0,0,,0,1974/11/1,1978/11/16,48196,1,1,1,1,1,,1
48196,信州新町,シンシュウシンマチ,SHINSHUSHIMMACHI,,,,36.58,137.995,437,6.5,,,,,,1,1,1,1,0,,0,1978/11/17,1987/10/27,48196,0,0,0,0,0,,0
48196,信州新町,シンシュウシンマチ,SHINSHUSHIMMACHI,,,,36.58,137.995,437,6.5,,,,,,1,1,1,1,0,,0,1987/10/28,1990/11/20,48196,0,0,0,1,0,,0
48196,信州新町,シンシュウシンマチ,SHINSHUSHIMMACHI,,,,36.548,137.997,509,9.5,,,,,,1,1,1,1,0,,0,1990/11/21,2009/1/28,48196,0,0,0,0,0,,0
48196,信州新町,シンシュウシンマチ,SHINSHUSHIMMACHI,,,,36.548,137.997,509,9.5,,,,,,1,1,1,1,0,,0,2009/1/29,2021/3/1,48196,0,4,4,4,0,,0
48196,信州新町,シンシュウシンマチ,SHINSHUSHIMMACHI,,,,36.548,137.997,509,9.5,,,,,,1,1,1,2,0,,0,2021/3/2,9999-99-99,48196,0,0,0,6,0,,0
48216,菅平,スガダイラ,SUGADAIRA,,,,36.532,138.325,1253,,,,,,,1,0,0,0,0,,0,1975/5/14,1978/11/14,48216,1,1,1,1,1,,1
48216,菅平,スガダイラ,SUGADAIRA,,,,36.532,138.325,1253,8.5,,,,,,1,1,1,1,0,,0,1978/11/15,1981/10/20,48216,0,0,0,0,0,,0
48216,菅平,スガダイラ,SUGADAIRA,菅平,スガダイラ,SUGADAIRA,36.532,138.325,1253,8.5,,,36.532,138.325,1253,1,1,1,1,1,,0,1981/10/21,1986/10/19,48216,0,0,0,0,0,,0
48216,菅平,スガダイラ,SUGADAIRA,菅平,スガダイラ,SUGADAIRA,36.532,138.325,1253,8.5,,,36.532,138.325,1253,1,1,1,1,1,,0,1986/10/20,2007/12/10,48216,0,0,0,1,0,,0
48216,菅平,スガダイラ,SUGADAIRA,菅平,スガダイラ,SUGADAIRA,36.532,138.325,1253,8.5,,,36.532,138.325,1253,1,1,1,1,1,,0,2007/12/11,2008/3/25,48216,0,0,0,4,0,,0
48216,菅平,スガダイラ,SUGADAIRA,菅平,スガダイラ,SUGADAIRA,36.532,138.325,1253,8.5,,,36.532,138.325,1253,1,1,1,1,1,,0,2008/3/26,2010/11/1,48216,0,4,4,0,0,,0
48216,菅平,スガダイラ,SUGADAIRA,菅平,スガダイラ,SUGADAIRA,36.532,138.325,1253,10,,,36.532,138.325,1253,1,1,1,1,1,,0,2010/11/2,2021/3/1,48216,0,0,0,0,0,,0
48216,菅平,スガダイラ,SUGADAIRA,菅平,スガダイラ,SUGADAIRA,36.532,138.325,1253,10,,,36.532,138.325,1253,1,1,1,2,1,,0,2021/3/2,9999-99-99,48216,0,0,0,6,0,,0
48246,四阿屋山,アズマヤサン,AZUNAYASAM,,,,36.418,138.055,1387,,,,,,,1,0,0,0,0,,0,1974/11/1,1978/10/13,48246,1,1,1,1,1,,1
48247,聖高原,ヒジリコウゲン,HIJIRI-KOGEN,,,,36.488,138.067,970,,,,,,,1,0,0,0,0,,0,1979/7/19,1990/6/18,48247,1,1,1,1,1,,1
48247,聖高原,ヒジリコウゲン,HIJIRI-KOGEN,,,,36.487,138.068,985,,,,,,,1,0,0,0,0,,0,1990/6/19,9999-99-99,48247,0,0,0,0,0,,0
48256,上田,ウエダ,UEDA,,,,36.408,138.267,501,,,,,,,1,0,0,0,0,,0,1974/11/1,1976/3/15,48256,1,1,1,1,1,,1
48256,上田,ウエダ,UEDA,,,,36.403,138.248,455,20.3,,,,,,1,1,1,1,0,,0,1976/3/16,1987/10/4,48256,0,0,0,0,0,,0
48256,上田,ウエダ,UEDA,,,,36.403,138.248,455,20.3,,,,,,1,1,1,1,0,,0,1987/10/5,1991/2/26,48256,0,0,0,1,0,,0
48256,上田,ウエダ,UEDA,,,,36.4,138.265,502,6.5,,,,,,1,1,1,1,0,,0,1991/2/27,2005/11/8,48256,0,0,0,0,0,,0
48256,上田,ウエダ,UEDA,,,,36.4,138.265,502,6.5,,,,,,1,1,1,1,0,,0,2005/11/9,2008/10/6,48256,0,0,0,4,0,,0
48256,上田,ウエダ,UEDA,,,,36.4,138.265,502,6.5,,,,,,1,1,1,1,0,,0,2008/10/7,2021/3/1,48256,0,4,4,0,0,,0
48256,上田,ウエダ,UEDA,,,,36.4,138.265,502,6.5,,,,,,1,1,1,2,0,,0,2021/3/2,2021/3/18,48256,0,0,0,6,0,,0
48256,上田,ウエダ,UEDA,,,,36.4,138.265,502,6.5,,,,,,1,1,1,2,0,,1,2021/3/19,9999-99-99,48256,0,0,0,0,0,,0
48291,燕岳,ツバクロダケ,TSUBAKURODAKE,,,,36.397,137.712,2695,,,,,,,1,0,0,0,0,,0,1974/11/1,1978/9/19,48291,1,1,1,1,1,,1
48292,燕岳,ツバクロダケ,TSUBAKURODAKE,,,,36.388,137.738,1840,,,,,,,1,0,0,0,0,,0,1979/7/5,2009/5/20,48292,1,1,1,1,1,,1
48296,穂高,ホタカ,HOTAKA,,,,36.343,137.882,540,,,,,,,1,0,0,0,0,,0,1974/11/1,1978/11/20,48296,1,1,1,1,1,,1
48296,穂高,ホタカ,HOTAKA,,,,36.343,137.882,540,8.5,,,,,,1,1,1,1,0,,0,1978/11/21,1987/6/18,48296,0,0,0,0,0,,0
48296,穂高,ホタカ,HOTAKA,,,,36.343,137.882,540,8.5,,,,,,1,1,1,1,0,,0,1987/6/19,2008/1/15,48296,0,0,0,1,0,,0
48296,穂高,ホタカ,HOTAKA,,,,36.343,137.882,540,8.5,,,,,,1,1,1,1,0,,0,2008/1/16,2008/3/25,48296,0,0,0,4,0,,0
48296,穂高,ホタカ,HOTAKA,,,,36.343,137.882,540,8.5,,,,,,1,1,1,1,0,,0,2008/3/26,2010/3/4,48296,0,4,4,0,0,,0
48296,穂高,ホタカ,HOTAKA,,,,36.343,137.882,540,10,,,,,,1,1,1,1,0,,0,2010/3/5,2021/3/1,48296,0,0,0,0,0,,0
48296,穂高,ホタカ,HOTAKA,,,,36.343,137.882,540,10,,,,,,1,1,1,2,0,,0,2021/3/2,9999-99-99,48296,0,0,0,6,0,,0
48321,東部町,トウブマチ,TOBUMACHI,,,,36.383,138.383,958,,,,,,,1,0,0,0,0,,0,1975/5/14,1978/11/14,48321,1,1,1,1,1,,1
48321,東部町,トウブマチ,TOBUMACHI,,,,36.383,138.383,958,6.5,,,,,,1,1,1,1,0,,0,1978/11/15,1988/4/14,48321,0,0,0,0,0,,0
48321,東部町,トウブマチ,TOBUMACHI,,,,36.383,138.383,958,6.5,,,,,,1,1,1,1,0,,0,1988/4/15,2004/3/31,48321,0,0,0,1,0,,0
48321,東御,トウミ,TOMI,,,,36.383,138.383,958,6.5,,,,,,1,1,1,1,0,,0,2004/4/1,2008/1/17,48321,0,0,0,0,0,,0
48321,東御,トウミ,TOMI,,,,36.383,138.383,958,6.5,,,,,,1,1,1,1,0,,0,2008/1/18,2008/3/25,48321,0,0,0,4,0,,0
48321,東御,トウミ,TOMI,,,,36.383,138.383,958,6.5,,,,,,1,1,1,1,0,,0,2008/3/26,2010/3/14,48321,0,4,4,0,0,,0
48321,東御,トウミ,TOMI,,,,36.383,138.383,958,10,,,,,,1,1,1,1,0,,0,2010/3/15,2021/3/1,48321,0,0,0,0,0,,0
48321,東御,トウミ,TOMI,,,,36.383,138.383,958,10,,,,,,1,1,1,2,0,,0,2021/3/2,9999-99-99,48321,0,0,0,6,0,,0
48331,軽井沢,カルイザワ,KARUIZAWA,,,,36.342,138.547,999,,,,,,,1,0,0,0,0,,0,1974/11/1,1975/12/1,48331,1,1,1,1,1,,1
48331,軽井沢,カルイザワ,KARUIZAWA,,,,36.342,138.547,999,15.1,,,,,,1,1,1,1,0,,0,1975/12/2,1988/12/31,48331,0,0,0,0,0,,0
48331,軽井沢,カルイザワ,KARUIZAWA,,,,36.342,138.547,999,15.1,,,,,,1,1,1,1,0,,0,1989/1/1,2008/3/25,48331,0,0,0,1,0,,0
48331,軽井沢,カルイザワ,KARUIZAWA,,,,36.342,138.547,999,15.1,,,,,,1,1,1,1,0,,0,2008/3/26,2009/9/30,48331,0,4,4,0,0,,0
48331,軽井沢,カルイザワ,KARUIZAWA,軽井沢,カルイザワ,KARUIZAWA,36.342,138.547,999,15.1,,,36.342,138.547,999,1,1,1,1,1,,0,2009/10/1,2014/11/26,48331,0,0,0,0,0,,0
48331,軽井沢,カルイザワ,KARUIZAWA,軽井沢,カルイザワ,KARUIZAWA,36.342,138.547,999,18.5,,,36.342,138.547,999,1,1,1,1,1,,0,2014/11/27,2021/3/1,48331,0,0,0,0,0,,0
48331,軽井沢,カルイザワ,KARUIZAWA,軽井沢,カルイザワ,KARUIZAWA,36.342,138.547,999,18.5,,,36.342,138.547,999,1,1,1,1,1,,1,2021/3/2,9999-99-99,48331,0,0,0,0,0,,0
48346,上高地,カミコウチ,KAMIKOCHI,,,,36.242,137.622,1520,,,,,,,1,0,0,0,0,,0,1975/5/14,1991/10/29,48346,1,1,1,1,1,,1
48346,上高地,カミコウチ,KAMIKOCHI,,,,36.248,137.633,1510,,,,,,,1,0,0,0,0,,0,1991/10/30,9999-99-99,48346,0,0,0,0,0,,0
48361,松本,マツモト,MATSUMOTO,,,,36.247,137.97,610,,,,,,,1,0,0,0,0,,0,1974/11/1,1975/3/11,48361,1,1,1,1,1,,1
48361,松本,マツモト,MATSUMOTO,,,,36.247,137.97,610,16.1,,,,,,1,1,1,1,0,,0,1975/3/12,1985/12/31,48361,0,0,0,0,0,,0
48361,松本,マツモト,MATSUMOTO,,,,36.247,137.97,610,16.1,,,,,,1,1,1,1,0,,0,1986/1/1,2007/9/30,48361,0,0,0,1,0,,0
48361,松本,マツモト,MATSUMOTO,松本,マツモト,MATSUMOTO,36.247,137.97,610,16.1,,,36.247,137.97,610,1,1,1,1,1,,0,2007/10/1,2008/3/25,48361,0,0,0,0,0,,0
48361,松本,マツモト,MATSUMOTO,松本,マツモト,MATSUMOTO,36.247,137.97,610,16.1,,,36.247,137.97,610,1,1,1,1,1,,0,2008/3/26,2009/11/4,48361,0,4,4,0,0,,0
48361,松本,マツモト,MATSUMOTO,松本,マツモト,MATSUMOTO,36.247,137.97,610,17.3,,,36.247,137.97,610,1,1,1,1,1,,0,2009/11/5,2011/6/8,48361,0,0,0,0,0,,0
48361,松本,マツモト,MATSUMOTO,松本,マツモト,MATSUMOTO,36.247,137.97,610,17.6,,,36.247,137.97,610,1,1,1,1,1,,0,2011/6/9,2021/3/1,48361,0,0,0,0,0,,0
48361,松本,マツモト,MATSUMOTO,松本,マツモト,MATSUMOTO,36.247,137.97,610,17.6,,,36.247,137.97,610,1,1,1,1,1,,1,2021/3/2,9999-99-99,48361,0,0,0,0,0,,0
48363,松本今井,マツモトイマイ,MATSUMOTO-IMAI,,,,36.167,137.922,658,9,,,,,,1,1,1,0,0,,0,2003/1/1,2009/1/28,48363,1,1,1,1,1,,1
48363,松本今井,マツモトイマイ,MATSUMOTO-IMAI,,,,36.167,137.922,658,9,,,,,,1,1,1,0,0,,0,2009/1/29,2020/1/29,48363,0,4,4,0,0,,0
48363,松本今井,マツモトイマイ,MATSUMOTO-IMAI,,,,36.167,137.922,658,10,,,,,,1,1,1,0,0,,0,2020/1/30,9999-99-99,48363,0,0,0,0,0,,0
48371,鹿教湯,カケユ,KAKEYU,,,,36.302,138.137,721,,,,,,,1,0,0,0,0,,0,1974/11/1,9999-99-99,48371,1,1,1,1,1,,1
48381,立科,タテシナ,TATESHINA,,,,36.272,138.313,715,6.5,,,,,,1,1,1,1,0,,0,1978/11/14,1986/10/16,48381,1,1,1,1,1,,1
48381,立科,タテシナ,TATESHINA,,,,36.272,138.313,715,6.5,,,,,,1,1,1,1,0,,0,1986/10/17,2009/1/26,48381,0,0,0,1,0,,0
48381,立科,タテシナ,TATESHINA,,,,36.272,138.313,715,6.5,,,,,,1,1,1,1,0,,0,2009/1/27,2010/2/2,48381,0,4,4,4,0,,0
48381,立科,タテシナ,TATESHINA,,,,36.272,138.313,715,10,,,,,,1,1,1,1,0,,0,2010/2/3,2021/3/1,48381,0,0,0,0,0,,0
48381,立科,タテシナ,TATESHINA,,,,36.272,138.313,715,10,,,,,,1,1,1,2,0,,0,2021/3/2,9999-99-99,48381,0,0,0,6,0,,0
48386,佐久,サク,SAKU,,,,36.247,138.477,683,,,,,,,1,0,0,0,0,,0,1974/11/1,1978/11/13,48386,1,1,1,1,1,,1
48386,佐久,サク,SAKU,,,,36.247,138.477,683,6.5,,,,,,1,1,1,1,0,,0,1978/11/14,1988/6/26,48386,0,0,0,0,0,,0
48386,佐久,サク,SAKU,,,,36.247,138.477,683,6.5,,,,,,1,1,1,1,0,,0,1988/6/27,2009/3/23,48386,0,0,0,1,0,,0
48386,佐久,サク,SAKU,,,,36.247,138.477,683,6.5,,,,,,1,1,1,1,0,,0,2009/3/24,2010/3/1,48386,0,4,4,4,0,,0
48386,佐久,サク,SAKU,,,,36.247,138.477,683,10,,,,,,1,1,1,1,0,,0,2010/3/2,2021/3/1,48386,0,0,0,0,0,,0
48386,佐久,サク,SAKU,,,,36.247,138.477,683,10,,,,,,1,1,1,2,0,,0,2021/3/2,9999-99-99,48386,0,0,0,6,0,,0
48426,高ボッチ,タカボッチ,TAKABOTCHI,,,,36.15,138.043,1670,,,,,,,1,0,0,0,0,,0,1974/11/1,2009/5/20,48426,1,1,1,1,1,,1
48436,白樺湖,シラカバコ,SHIRAKABAKO,,,,36.105,138.228,1440,,,,,,,1,0,0,0,0,,0,2004/9/9,9999-99-99,48436,1,1,1,1,1,,1
48451,茂来山,モライサン,MORAISAN,,,,36.108,138.533,1450,,,,,,,1,0,0,0,0,,0,1974/11/1,1982/11/5,48451,1,1,1,1,1,,1
48456,十石峠,ジッコクトウゲ,JIKKOKUTOGE,,,,36.103,138.643,1330,,,,,,,1,0,0,0,0,,0,1983/6/30,1990/8/8,48456,1,1,1,1,1,,1
48456,十石峠,ジッコクトウゲ,JIKKOKUTOGE,,,,36.108,138.645,1370,,,,,,,1,0,0,0,0,,0,1990/8/9,2003/10/6,48456,0,0,0,0,0,,0
48466,奈川,ナガワ,NAGAWA,,,,36.088,137.683,1068,6.5,,,,,,1,1,1,1,0,,0,1978/11/22,1987/4/26,48466,1,1,1,1,1,,1
48466,奈川,ナガワ,NAGAWA,,,,36.088,137.683,1068,6.5,,,,,,1,1,1,1,0,,0,1987/4/27,2008/1/10,48466,0,0,0,1,0,,0
48466,奈川,ナガワ,NAGAWA,,,,36.088,137.683,1068,6.5,,,,,,1,1,1,1,0,,0,2008/1/11,2008/3/25,48466,0,0,0,4,0,,0
48466,奈川,ナガワ,NAGAWA,,,,36.088,137.683,1068,6.5,,,,,,1,1,1,1,0,,0,2008/3/26,2010/1/10,48466,0,4,4,0,0,,0
48466,奈川,ナガワ,NAGAWA,,,,36.088,137.683,1068,10,,,,,,1,1,1,1,0,,0,2010/1/11,2021/3/1,48466,0,0,0,0,0,,0
48466,奈川,ナガワ,NAGAWA,,,,36.088,137.683,1068,10,,,,,,1,1,1,2,0,,0,2021/3/2,9999-99-99,48466,0,0,0,6,0,,0
48491,諏訪,スワ,SUWA,,,,36.045,138.108,760,,,,,,,1,0,0,0,0,,0,1974/11/1,1975/12/3,48491,1,1,1,1,1,,1
48491,諏訪,スワ,SUWA,,,,36.045,138.108,760,12.5,,,,,,1,1,1,1,0,,0,1975/12/4,1985/12/31,48491,0,0,0,0,0,,0
48491,諏訪,スワ,SUWA,,,,36.045,138.108,760,12.5,,,,,,1,1,1,1,0,,0,1986/1/1,1998/12/24,48491,0,0,0,1,0,,0
48491,諏訪,スワ,SUWA,諏訪,スワ,SUWA,36.045,138.108,760,12.5,,,36.045,138.108,760,1,1,1,1,1,,0,1998/12/25,2000/3/20,48491,0,0,0,0,0,,0
48491,諏訪,スワ,SUWA,諏訪,スワ,SUWA,36.045,138.108,760,14.9,,,36.045,138.108,760,1,1,1,1,1,,0,2000/3/21,2003/10/21,48491,0,0,0,0,0,,0
48491,諏訪,スワ,SUWA,諏訪,スワ,SUWA,36.045,138.108,760,10.6,,,36.045,138.108,760,1,1,1,1,1,,0,2003/10/22,2008/3/25,48491,0,0,0,0,0,,0
48491,諏訪,スワ,SUWA,諏訪,スワ,SUWA,36.045,138.108,760,10.6,,,36.045,138.108,760,1,1,1,1,1,,0,2008/3/26,2011/7/6,48491,0,4,4,0,0,,0
48491,諏訪,スワ,SUWA,諏訪,スワ,SUWA,36.045,138.108,760,10.8,,,36.045,138.108,760,1,1,1,1,1,,0,2011/7/7,2021/3/1,48491,0,0,0,0,0,,0
48491,諏訪,スワ,SUWA,諏訪,スワ,SUWA,36.045,138.108,760,10.8,,,36.045,138.108,760,1,1,1,1,1,,1,2021/3/2,9999-99-99,48491,0,0,0,0,0,,0
48501,八ケ岳,ヤツガタケ,YATSUGATAKE,,,,36.027,138.312,1830,,,,,,,1,0,0,0,0,,0,1974/11/1,2003/10/6,48501,1,1,1,1,1,,1
48516,北相木,キタアイキ,KITAAIKI,,,,36.072,138.612,1185,,,,,,,1,0,0,0,0,,0,2004/9/8,9999-99-99,48516,1,1,1,1,1,,1
48531,開田,カイダ,KAIDA,,,,35.938,137.602,1130,8.5,,,,,,1,1,1,1,0,,0,1978/11/24,1988/8/24,48531,1,1,1,1,1,,1
48531,開田,カイダ,KAIDA,,,,35.938,137.602,1130,8.5,,,,,,1,1,1,1,0,,0,1988/8/25,1991/11/19,48531,0,0,0,1,0,,0
48531,開田,カイダ,KAIDA,開田,カイダ,KAIDA,35.938,137.602,1130,8.5,,,35.938,137.602,1130,1,1,1,1,1,,0,1991/11/20,2006/1/4,48531,0,0,0,0,0,,0
48531,開田高原,カイダコウゲン,KAIDAKOGEN,開田高原,カイダコウゲン,KAIDAKOGEN,35.938,137.602,1130,8.5,,,35.938,137.602,1130,1,1,1,1,1,,0,2006/1/5,2006/11/20,48531,0,0,0,0,0,,0
48531,開田高原,カイダコウゲン,KAIDAKOGEN,開田高原,カイダコウゲン,KAIDAKOGEN,35.938,137.602,1130,8.5,,,35.938,137.602,1130,1,1,1,1,1,,0,2006/11/21,2008/9/25,48531,0,0,0,4,0,,0
48531,開田高原,カイダコウゲン,KAIDAKOGEN,開田高原,カイダコウゲン,KAIDAKOGEN,35.938,137.602,1130,8.5,,,35.938,137.602,1130,1,1,1,1,1,,0,2008/9/26,2011/10/13,48531,0,4,4,0,0,,0
48531,開田高原,カイダコウゲン,KAIDAKOGEN,開田高原,カイダコウゲン,KAIDAKOGEN,35.938,137.602,1130,10,,,35.938,137.602,1130,1,1,1,1,1,,0,2011/10/14,2021/3/1,48531,0,0,0,0,0,,0
48531,開田高原,カイダコウゲン,KAIDAKOGEN,開田高原,カイダコウゲン,KAIDAKOGEN,35.938,137.602,1130,10,,,35.938,137.602,1130,1,1,1,2,1,,0,2021/3/2,2021/10/17,48531,0,0,0,7,0,,0
48531,開田高原,カイダコウゲン,KAIDAKOGEN,開田高原,カイダコウゲン,KAIDAKOGEN,35.938,137.602,1130,9.9,,,35.938,137.602,1130,1,1,1,2,1,,1,2021/10/18,9999-99-99,48531,0,0,0,0,0,,0
48536,木祖薮原,キソヤブハラ,KISO-YABUHARA,,,,35.937,137.787,985,11.3,,,,,,1,1,1,1,0,,0,2019/9/5,2021/3/1,48536,1,5,5,5,1,,1
48536,木祖薮原,キソヤブハラ,KISO-YABUHARA,,,,35.937,137.787,985,11.3,,,,,,1,1,1,2,0,,0,2021/3/2,9999-99-99,48536,0,0,0,6,0,,0
48541,奈良井,ナライ,NARAI,,,,35.962,137.808,940,,,,,,,1,0,0,0,0,,0,1974/11/1,1977/6/1,48541,1,1,1,1,1,,1
48541,楢川,ナラカワ,NARAKAWA,,,,35.962,137.808,940,,,,,,,1,0,0,0,0,,0,1977/6/2,1978/11/21,48541,0,0,0,0,0,,0
48541,楢川,ナラカワ,NARAKAWA,,,,35.983,137.835,900,24.5,,,,,,1,1,1,1,0,,0,1978/11/22,1988/10/30,48541,0,0,0,0,0,,0
48541,楢川,ナラカワ,NARAKAWA,,,,35.983,137.835,900,24.5,,,,,,1,1,1,1,0,,0,1988/10/31,2005/3/31,48541,0,0,0,1,0,,0
48541,木曽平沢,キソヒラサワ,KISOHIRASAWA,,,,35.983,137.835,900,24.5,,,,,,1,1,1,1,0,,0,2005/4/1,2009/3/3,48541,0,0,0,0,0,,0
48541,木曽平沢,キソヒラサワ,KISOHIRASAWA,,,,35.983,137.835,900,24.5,,,,,,1,1,1,1,0,,0,2009/3/4,2019/9/5,48541,0,4,4,4,0,,0
48546,辰野,タツノ,TATSUNO,,,,35.983,137.983,732,6.5,,,,,,1,1,1,1,0,,0,1978/11/30,1988/6/22,48546,1,1,1,1,1,,1
48546,辰野,タツノ,TATSUNO,,,,35.983,137.983,732,6.5,,,,,,1,1,1,1,0,,0,1988/6/23,2009/3/5,48546,0,0,0,1,0,,0
48546,辰野,タツノ,TATSUNO,,,,35.983,137.983,732,6.5,,,,,,1,1,1,1,0,,0,2009/3/6,2010/3/10,48546,0,4,4,4,0,,0
48546,辰野,タツノ,TATSUNO,,,,35.983,137.983,732,10,,,,,,1,1,1,1,0,,0,2010/3/11,2021/3/1,48546,0,0,0,0,0,,0
48546,辰野,タツノ,TATSUNO,,,,35.983,137.983,732,10,,,,,,1,1,1,2,0,,0,2021/3/2,9999-99-99,48546,0,0,0,6,0,,0
48556,高遠,タカトオ,TAKATO,,,,35.953,138.108,1075,,,,,,,1,0,0,0,0,,0,2004/9/9,9999-99-99,48556,1,1,1,1,1,,1
48561,原村,ハラムラ,HARAMURA,,,,35.97,138.22,1017,,,,,,,1,0,0,0,0,,0,1974/11/1,1978/11/26,48561,1,1,1,1,1,,1
48561,原村,ハラムラ,HARAMURA,,,,35.97,138.22,1017,6.5,,,,,,1,1,1,1,0,,0,1978/11/27,1985/10/30,48561,0,0,0,0,0,,0
48561,原村,ハラムラ,HARAMURA,,,,35.97,138.22,1017,6.5,,,,,,1,1,1,1,0,,0,1985/10/31,2009/3/9,48561,0,0,0,1,0,,0
48561,原村,ハラムラ,HARAMURA,,,,35.97,138.22,1017,6.5,,,,,,1,1,1,1,0,,0,2009/3/10,2010/2/18,48561,0,4,4,4,0,,0
48561,原村,ハラムラ,HARAMURA,,,,35.97,138.22,1017,10,,,,,,1,1,1,1,0,,0,2010/2/19,2021/3/1,48561,0,0,0,0,0,,0
48561,原村,ハラムラ,HARAMURA,,,,35.97,138.22,1017,10,,,,,,1,1,1,2,0,,0,2021/3/2,9999-99-99,48561,0,0,0,6,0,,0
48571,野辺山,ノベヤマ,NOBEYAMA,,,,35.948,138.472,1350,,,,,,,1,0,0,0,0,,0,1974/11/1,1978/11/14,48571,1,1,1,1,1,,1
48571,野辺山,ノベヤマ,NOBEYAMA,,,,35.948,138.472,1350,6.5,,,,,,1,1,1,1,0,,0,1978/11/15,1988/3/17,48571,0,0,0,0,0,,0
48571,野辺山,ノベヤマ,NOBEYAMA,,,,35.948,138.472,1350,6.5,,,,,,1,1,1,1,0,,0,1988/3/18,2009/3/12,48571,0,0,0,1,0,,0
48571,野辺山,ノベヤマ,NOBEYAMA,,,,35.948,138.472,1350,6.5,,,,,,1,1,1,1,0,,0,2009/3/13,2010/3/25,48571,0,4,4,4,0,,0
48571,野辺山,ノベヤマ,NOBEYAMA,,,,35.948,138.472,1350,10,,,,,,1,1,1,1,0,,0,2010/3/26,2021/3/1,48571,0,0,0,0,0,,0
48571,野辺山,ノベヤマ,NOBEYAMA,,,,35.948,138.472,1350,10,,,,,,1,1,1,2,0,,0,2021/3/2,9999-99-99,48571,0,0,0,6,0,,0
48596,御嶽山,オンタケサン,ONTAKESAN,,,,35.895,137.495,2420,,,,,,,1,0,0,0,0,,0,1974/11/1,1976/7/4,48596,1,1,1,1,1,,1
48601,御嶽山,オンタケサン,ONTAKESAN,,,,35.875,137.502,2180,,,,,,,1,0,0,0,0,,0,1976/7/5,1990/11/7,48601,1,1,1,1,1,,1
48601,御嶽山,オンタケサン,ONTAKESAN,,,,35.872,137.503,2195,,,,,,,1,0,0,0,0,,0,1990/11/8,9999-99-99,48601,0,0,0,0,0,,0
48602,王滝大又,オウタキオオマタ,OUTAKI-OMATA,,,,35.827,137.552,1035,,,,,,,1,0,0,0,0,,0,2014/10/3,2015/10/30,48602,1,1,1,1,1,,1
48606,木曽福島,キソフクシマ,KISOFUKUSHIMA,,,,35.84,137.688,750,,,,,,,1,0,0,0,0,,0,1974/11/1,1976/3/24,48606,1,1,1,1,1,,1
48606,木曽福島,キソフクシマ,KISOFUKUSHIMA,,,,35.84,137.688,750,6.5,,,,,,1,1,1,1,0,,0,1976/3/25,1987/10/11,48606,0,0,0,0,0,,0
48606,木曽福島,キソフクシマ,KISOFUKUSHIMA,,,,35.84,137.688,750,6.5,,,,,,1,1,1,1,0,,0,1987/10/12,2005/11/6,48606,0,0,0,1,0,,0
48606,木曽福島,キソフクシマ,KISOFUKUSHIMA,,,,35.84,137.688,750,8.2,,,,,,1,1,1,1,0,,0,2005/11/7,2008/10/2,48606,0,0,0,4,0,,0
48606,木曽福島,キソフクシマ,KISOFUKUSHIMA,,,,35.84,137.688,750,8.2,,,,,,1,1,1,1,0,,0,2008/10/3,2021/3/1,48606,0,4,4,0,0,,0
48606,木曽福島,キソフクシマ,KISOFUKUSHIMA,,,,35.84,137.688,750,8.2,,,,,,1,1,1,2,0,,0,2021/3/2,2021/3/3,48606,0,0,0,6,0,,0
48606,木曽福島,キソフクシマ,KISOFUKUSHIMA,,,,35.84,137.688,750,8.2,,,,,,1,1,1,2,0,,1,2021/3/4,9999-99-99,48606,0,0,0,0,0,,0
48621,伊那,イナ,INA,,,,35.808,137.975,674,6.5,,,,,,1,1,1,1,0,,0,1993/1/27,1993/2/4,48621,1,1,1,1,1,,1
48621,伊那,イナ,INA,,,,35.808,137.975,674,6.5,,,,,,1,1,1,1,0,,0,1993/2/5,2007/12/25,48621,0,0,0,1,0,,0
48621,伊那,イナ,INA,,,,35.827,137.953,633,12,,,,,,1,1,1,1,0,,0,2007/12/26,2009/3/16,48621,0,0,0,0,0,,0
48621,伊那,イナ,INA,,,,35.827,137.953,633,12,,,,,,1,1,1,1,0,,0,2009/3/17,2016/12/7,48621,0,4,4,4,0,,0
48621,伊那,イナ,INA,,,,35.825,137.955,633,10,,,,,,1,1,1,1,0,,0,2016/12/8,2021/3/1,48621,0,0,0,0,0,,0
48621,伊那,イナ,INA,,,,35.825,137.955,633,10,,,,,,1,1,1,2,0,,0,2021/3/2,9999-99-99,48621,0,0,0,6,0,,0
48626,高遠,タカトウ,TAKATO,,,,35.838,138.057,780,,,,,,,1,0,0,0,0,,0,1974/11/1,1976/3/11,48626,1,1,1,1,1,,1
48626,高遠,タカトウ,TAKATO,,,,35.838,138.057,780,6.5,,,,,,1,1,1,1,0,,0,1976/3/12,1987/10/15,48626,0,0,0,0,0,,0
48626,高遠,タカトウ,TAKATO,,,,35.838,138.057,780,6.5,,,,,,1,1,1,1,0,,0,1987/10/16,1993/2/4,48626,0,0,0,1,0,,0
48631,入笠山,ニュウカサヤマ,NYUKASAYAMA,,,,35.89,138.155,1795,,,,,,,1,0,0,0,0,,0,1974/11/1,2003/10/6,48631,1,1,1,1,1,,1
48681,宮田高原,ミヤダコウゲン,MIYADA-KOGEN,,,,35.773,137.885,1660,,,,,,,1,0,0,0,0,,0,1974/11/1,9999-99-99,48681,1,1,1,1,1,,1
48686,宮田,ミヤダ,MIYADA,,,,35.752,137.912,717,,,,,,,1,0,0,0,0,,0,2006/9/5,2007/11/5,48686,1,1,1,1,1,,1
48691,杉島,スギシマ,SUGISHIMA,,,,35.727,138.093,905,,,,,,,1,0,0,0,0,,0,1983/6/23,9999-99-99,48691,1,1,1,1,1,,1
48696,松峯,マツミネ,MATSUMINE,,,,35.74,138.118,1920,,,,,,,1,0,0,0,0,,0,1974/11/1,1981/10/1,48696,1,1,1,1,1,,1
48716,須原,スハラ,SUHARA,,,,35.697,137.682,540,,,,,,,1,0,0,0,0,,0,1974/11/1,2007/1/15,48716,1,1,1,1,1,,1
48716,須原,スハラ,SUHARA,,,,35.698,137.692,535,,,,,,,1,0,0,0,0,,0,2007/1/16,9999-99-99,48716,0,0,0,0,0,,0
48717,南木曽,ナギソ,NAGISO,,,,35.61,137.62,560,,,,,,,1,0,0,0,0,,0,1975/5/20,1978/11/23,48717,1,1,1,1,1,,1
48717,南木曽,ナギソ,NAGISO,,,,35.61,137.62,560,6.5,,,,,,1,1,1,1,0,,0,1978/11/24,1986/10/22,48717,0,0,0,0,0,,0
48717,南木曽,ナギソ,NAGISO,,,,35.61,137.62,560,6.5,,,,,,1,1,1,1,0,,0,1986/10/23,2006/12/6,48717,0,0,0,1,0,,0
48717,南木曽,ナギソ,NAGISO,,,,35.61,137.62,560,6.5,,,,,,1,1,1,1,0,,0,2006/12/7,2008/9/29,48717,0,0,0,4,0,,0
48717,南木曽,ナギソ,NAGISO,,,,35.61,137.62,560,6.5,,,,,,1,1,1,1,0,,0,2008/9/30,2010/2/23,48717,0,4,4,0,0,,0
48717,南木曽,ナギソ,NAGISO,,,,35.61,137.62,560,10,,,,,,1,1,1,1,0,,0,2010/2/24,2021/3/1,48717,0,0,0,0,0,,0
48717,南木曽,ナギソ,NAGISO,,,,35.61,137.62,560,10,,,,,,1,1,1,2,0,,0,2021/3/2,9999-99-99,48717,0,0,0,6,0,,0
48721,摺古木山,スリコギヤマ,SURIKOGIYAMA,,,,35.617,137.727,2182,,,,,,,1,0,0,0,0,,0,1974/11/1,1982/10/27,48721,1,1,1,1,1,,1
48731,飯島,イイジマ,IIJIMA,,,,35.653,137.898,728,,,,,,,1,0,0,0,0,,0,1974/11/1,1978/11/27,48731,1,1,1,1,1,,1
48731,飯島,イイジマ,IIJIMA,,,,35.653,137.898,728,6.5,,,,,,1,1,1,1,0,,0,1978/11/28,1988/8/22,48731,0,0,0,0,0,,0
48731,飯島,イイジマ,IIJIMA,,,,35.653,137.898,728,6.5,,,,,,1,1,1,1,0,,0,1988/8/23,2008/1/21,48731,0,0,0,1,0,,0
48731,飯島,イイジマ,IIJIMA,,,,35.653,137.898,728,6.5,,,,,,1,1,1,1,0,,0,2008/1/22,2008/3/25,48731,0,0,0,4,0,,0
48731,飯島,イイジマ,IIJIMA,,,,35.653,137.898,728,6.5,,,,,,1,1,1,1,0,,0,2008/3/26,2010/3/22,48731,0,4,4,0,0,,0
48731,飯島,イイジマ,IIJIMA,,,,35.653,137.898,728,10,,,,,,1,1,1,1,0,,0,2010/3/23,2021/3/1,48731,0,0,0,0,0,,0
48731,飯島,イイジマ,IIJIMA,,,,35.653,137.898,728,10,,,,,,1,1,1,2,0,,0,2021/3/2,9999-99-99,48731,0,0,0,6,0,,0
48736,笹山,ササヤマ,SASAYAMA,,,,35.608,138.085,1732,,,,,,,1,0,0,0,0,,0,1974/11/1,1982/11/9,48736,1,1,1,1,1,,1
48737,大鹿,オオシカ,OSHIKA,,,,35.557,138.04,718,,,,,,,1,0,0,0,0,,0,1983/6/14,9999-99-99,48737,1,1,1,1,1,,1
48761,摺古木山,スリコギヤマ,SURIKOGIYAMA,,,,35.593,137.733,1700,,,,,,,1,0,0,0,0,,0,1983/6/17,2005/5/10,48761,1,1,1,1,1,,1
48766,飯田,イイダ,IIDA,,,,35.512,137.835,482,,,,,,,1,0,0,0,0,,0,1974/11/1,1975/3/14,48766,1,1,1,1,1,,1
48766,飯田,イイダ,IIDA,,,,35.512,137.835,482,12.6,,,,,,1,1,1,1,0,,0,1975/3/15,1986/12/31,48766,0,0,0,0,0,,0
48766,飯田,イイダ,IIDA,,,,35.512,137.835,482,12.6,,,,,,1,1,1,1,0,,0,1987/1/1,2002/5/27,48766,0,0,0,1,0,,0
48767,飯田,イイダ,IIDA,,,,35.523,137.822,516,36,,,,,,1,1,1,1,0,,0,2002/5/27,2006/9/30,48766,0,1,0,0,0,,0
48767,飯田,イイダ,IIDA,飯田,イイダ,IIDA,35.523,137.822,516,36,,,35.523,137.822,516,1,1,1,1,1,,0,2006/10/1,2008/3/25,48767,0,0,0,0,0,,0
48767,飯田,イイダ,IIDA,飯田,イイダ,IIDA,35.523,137.822,516,36,,,35.523,137.822,516,1,1,1,1,1,,0,2008/3/26,2011/11/23,48767,0,4,4,0,0,,0
48767,飯田,イイダ,IIDA,飯田,イイダ,IIDA,35.523,137.822,516,36.1,,,35.523,137.822,516,1,1,1,1,1,,0,2011/11/24,2021/3/1,48767,0,0,0,0,0,,0
48767,飯田,イイダ,IIDA,飯田,イイダ,IIDA,35.523,137.822,516,36.1,,,35.523,137.822,516,1,1,1,1,1,,1,2021/3/2,9999-99-99,48767,0,0,0,0,0,,0
48791,恵那山,エナサン,ENASAN,,,,35.428,137.62,1602,,,,,,,1,0,0,0,0,,0,1974/11/1,1981/10/21,48791,1,1,1,1,1,,1
48796,網掛山,アミカケヤマ,AMIKAKEYAMA,,,,35.448,137.697,1120,,,,,,,1,0,0,0,0,,0,1982/7/16,2007/3/28,48796,1,1,1,1,1,,1
48826,浪合,ナミアイ,NAMIAI,,,,35.373,137.692,940,6.5,,,,,,1,1,1,1,0,,0,1978/11/28,1987/10/18,48826,1,1,1,1,1,,1
48826,浪合,ナミアイ,NAMIAI,,,,35.373,137.692,940,6.5,,,,,,1,1,1,1,0,,0,1987/10/19,2009/3/18,48826,0,0,0,1,0,,0
48826,浪合,ナミアイ,NAMIAI,,,,35.373,137.692,940,6.5,,,,,,1,1,1,1,0,,0,2009/3/19,2010/2/11,48826,0,4,4,4,0,,0
48826,浪合,ナミアイ,NAMIAI,,,,35.373,137.692,940,10,,,,,,1,1,1,1,0,,0,2010/2/12,2021/3/1,48826,0,0,0,0,0,,0
48826,浪合,ナミアイ,NAMIAI,,,,35.373,137.692,940,10,,,,,,1,1,1,2,0,,0,2021/3/2,9999-99-99,48826,0,0,0,6,0,,0
48836,阿南,アナン,ANAN,,,,35.313,137.812,610,,,,,,,1,0,0,0,0,,0,1978/12/26,9999-99-99,48836,1,1,1,1,1,,1
48841,南信濃,ミナミシナノ,MINAMISHINANO,,,,35.322,137.932,410,6.5,,,,,,1,1,1,1,0,,0,1978/12/1,1986/4/17,48841,1,1,1,1,1,,1
48841,南信濃,ミナミシナノ,MINAMISHINANO,,,,35.322,137.932,410,6.5,,,,,,1,1,1,1,0,,0,1986/4/18,2001/11/8,48841,0,0,0,1,0,,0
48841,南信濃,ミナミシナノ,MINAMISHINANO,,,,35.322,137.932,407,9.5,,,,,,1,1,1,1,0,,0,2001/11/9,2008/1/24,48841,0,0,0,0,0,,0
48841,南信濃,ミナミシナノ,MINAMISHINANO,,,,35.322,137.932,407,9.5,,,,,,1,1,1,1,0,,0,2008/1/25,2008/3/25,48841,0,0,0,4,0,,0
48841,南信濃,ミナミシナノ,MINAMISHINANO,,,,35.322,137.932,407,9.5,,,,,,1,1,1,1,0,,0,2008/3/26,2021/3/1,48841,0,4,4,0,0,,0
48841,南信濃,ミナミシナノ,MINAMISHINANO,,,,35.322,137.932,407,9.5,,,,,,1,1,1,2,0,,0,2021/3/2,9999-99-99,48841,0,0,0,6,0,,0
48871,鶯巣,ウグス,UGUSU,,,,35.263,137.83,265,,,,,,,1,0,0,0,0,,0,1974/11/1,1978/10/16,48871,1,1,1,1,1,,1
49036,大泉,オオイズミ,OIZUMI,,,,35.862,138.387,867,,,,,,,1,0,0,0,0,,0,1975/5/20,1977/12/22,49036,1,1,1,1,1,,1
49036,大泉,オオイズミ,OIZUMI,,,,35.862,138.387,867,6.5,,,,,,1,1,1,1,0,,0,1977/12/23,1987/10/27,49036,0,0,0,0,0,,0
49036,大泉,オオイズミ,OIZUMI,,,,35.862,138.387,867,6.5,,,,,,1,1,1,1,0,,0,1987/10/28,2009/3/5,49036,0,0,0,1,0,,0
49036,大泉,オオイズミ,OIZUMI,,,,35.862,138.387,867,6.5,,,,,,1,1,1,1,0,,0,2009/3/6,2009/12/21,49036,0,4,4,4,0,,0
49036,大泉,オオイズミ,OIZUMI,,,,35.862,138.387,867,10,,,,,,1,1,1,1,0,,0,2009/12/22,2021/3/1,49036,0,0,0,0,0,,0
49036,大泉,オオイズミ,OIZUMI,,,,35.862,138.387,867,10,,,,,,1,1,1,2,0,,0,2021/3/2,9999-99-99,49036,0,0,0,6,0,,0
49051,剣ノ峰,ケンノミネ,KENNOMINE,,,,35.828,138.64,1735,,,,,,,1,0,0,0,0,,0,1974/11/1,2008/10/21,49051,1,1,1,1,1,,1
49052,乙女湖,オトメコ,OTOMEKO,,,,35.807,138.655,1465,,,,,,,1,0,0,0,0,,0,2008/10/21,9999-99-99,49052,1,1,1,1,1,,1
49076,日向山,ヒナタヤマ,HINATAYAMA,,,,35.798,138.283,1153,,,,,,,1,0,0,0,0,,0,1974/11/1,1983/6/29,49076,1,1,1,1,1,,1
49076,日向山,ヒナタヤマ,HINATAYAMA,,,,35.798,138.287,1180,,,,,,,1,0,0,0,0,,0,1983/6/30,2009/11/2,49076,0,0,0,0,0,,0
49086,韮崎,ニラサキ,NIRASAKI,,,,35.712,138.452,351,,,,,,,1,0,0,0,0,,0,1975/5/20,1977/12/22,49086,1,1,1,1,1,,1
49086,韮崎,ニラサキ,NIRASAKI,,,,35.712,138.452,351,6.5,,,,,,1,1,1,1,0,,0,1977/12/23,1987/10/27,49086,0,0,0,0,0,,0
49086,韮崎,ニラサキ,NIRASAKI,,,,35.712,138.452,351,6.5,,,,,,1,1,1,1,0,,0,1987/10/28,2005/3/16,49086,0,0,0,1,0,,0
49086,韮崎,ニラサキ,NIRASAKI,,,,35.693,138.448,341,6.6,,,,,,1,1,1,1,0,,0,2005/3/17,2008/2/7,49086,0,0,0,0,0,,0
49086,韮崎,ニラサキ,NIRASAKI,,,,35.693,138.448,341,6.6,,,,,,1,1,1,1,0,,0,2008/2/8,2008/3/25,49086,0,0,0,4,0,,0
49086,韮崎,ニラサキ,NIRASAKI,,,,35.693,138.448,341,6.6,,,,,,1,1,1,1,0,,0,2008/3/26,2021/3/1,49086,0,4,4,0,0,,0
49086,韮崎,ニラサキ,NIRASAKI,,,,35.693,138.448,341,6.6,,,,,,1,1,1,2,0,,0,2021/3/2,9999-99-99,49086,0,0,0,6,0,,0
49106,大菩薩,ダイボサツ,DAIBOSATSU,,,,35.735,138.837,1684,,,,,,,1,0,0,0,0,,0,1974/11/1,2008/3/19,49106,1,1,1,1,1,,1
49141,甲府,コウフ,KOFU,,,,35.667,138.553,273,,,,,,,1,0,0,0,0,,0,1974/11/1,1975/3/11,49141,1,1,1,1,1,,1
49141,甲府,コウフ,KOFU,,,,35.667,138.553,273,17.8,,,,,,1,1,1,1,0,,0,1975/3/12,1985/12/31,49141,0,0,0,0,0,,0
49141,甲府,コウフ,KOFU,,,,35.667,138.553,273,17.8,,,,,,1,1,1,1,0,,0,1986/1/1,1993/3/18,49141,0,0,0,1,0,,0
49142,甲府,コウフ,KOFU,,,,35.667,138.553,273,26.9,,,,,,1,1,1,1,0,,0,1993/3/18,1998/12/25,49141,0,0,0,0,0,,0
49142,甲府,コウフ,KOFU,甲府,コウフ,KOFU,35.667,138.553,273,26.9,,,35.667,138.553,273,1,1,1,1,1,,0,1998/12/26,2008/3/25,49142,0,0,0,0,0,,0
49142,甲府,コウフ,KOFU,甲府,コウフ,KOFU,35.667,138.553,273,26.9,,,35.667,138.553,273,1,1,1,1,1,,0,2008/3/26,2021/3/1,49142,0,4,4,0,0,,0
49142,甲府,コウフ,KOFU,甲府,コウフ,KOFU,35.667,138.553,273,26.9,,,35.667,138.553,273,1,1,1,1,1,,1,2021/3/2,9999-99-99,49142,0,0,0,0,0,,0
49151,勝沼,カツヌマ,KATSUNUMA,,,,35.663,138.723,382,,,,,,,1,0,0,0,0,,0,1974/11/1,1977/12/21,49151,1,1,1,1,1,,1
49151,勝沼,カツヌマ,KATSUNUMA,,,,35.663,138.723,382,6.5,,,,,,1,1,1,1,0,,0,1977/12/22,1986/4/13,49151,0,0,0,0,0,,0
49151,勝沼,カツヌマ,KATSUNUMA,,,,35.663,138.723,382,6.5,,,,,,1,1,1,1,0,,0,1986/4/14,1996/6/17,49151,0,0,0,1,0,,0
49151,勝沼,カツヌマ,KATSUNUMA,,,,35.663,138.725,394,9.5,,,,,,1,1,1,1,0,,0,1996/6/18,2009/3/9,49151,0,0,0,0,0,,0
49151,勝沼,カツヌマ,KATSUNUMA,,,,35.663,138.725,394,9.5,,,,,,1,1,1,1,0,,0,2009/3/10,2021/3/1,49151,0,4,4,4,0,,0
49151,勝沼,カツヌマ,KATSUNUMA,,,,35.663,138.725,394,9.5,,,,,,1,1,1,2,0,,0,2021/3/2,9999-99-99,49151,0,0,0,6,0,,0
49161,大月,オオツキ,OTSUKI,,,,35.608,138.938,364,,,,,,,1,0,0,0,0,,0,1974/11/1,1977/12/21,49161,1,1,1,1,1,,1
49161,大月,オオツキ,OTSUKI,,,,35.608,138.938,364,6.5,,,,,,1,1,1,1,0,,0,1977/12/22,1986/10/30,49161,0,0,0,0,0,,0
49161,大月,オオツキ,OTSUKI,,,,35.608,138.938,364,6.5,,,,,,1,1,1,1,0,,0,1986/10/31,2006/12/11,49161,0,0,0,1,0,,0
49161,大月,オオツキ,OTSUKI,,,,35.608,138.938,364,6.5,,,,,,1,1,1,1,0,,0,2006/12/12,2008/12/10,49161,0,0,0,4,0,,0
49161,大月,オオツキ,OTSUKI,,,,35.608,138.938,364,6.5,,,,,,1,1,1,1,0,,0,2008/12/11,2010/2/15,49161,0,4,4,0,0,,0
49161,大月,オオツキ,OTSUKI,,,,35.608,138.938,364,10,,,,,,1,1,1,1,0,,0,2010/2/16,2021/3/1,49161,0,0,0,0,0,,0
49161,大月,オオツキ,OTSUKI,,,,35.608,138.938,364,10,,,,,,1,1,1,2,0,,0,2021/3/2,2021/12/20,49161,0,0,0,6,0,,0
49161,大月,オオツキ,OTSUKI,,,,35.608,138.938,364,9.9,,,,,,1,1,1,2,0,,1,2021/12/21,9999-99-99,49161,0,0,0,0,0,,0
49171,上野原,ウエノハラ,UENOHARA,,,,35.622,139.113,251,,,,,,,1,0,0,0,0,,0,1977/7/1,2015/2/18,49171,1,1,1,1,1,,1
49172,上野原,ウエノハラ,UENOHARA,,,,35.62,139.105,187,,,,,,,1,0,0,0,0,,0,2015/2/18,9999-99-99,49172,1,1,1,1,1,,1
49186,八町山,ハッチョウヤマ,HATCHOYAMA,,,,35.543,138.412,930,,,,,,,1,0,0,0,0,,0,1974/11/1,2013/3/13,49186,1,1,1,1,1,,1
49187,富士川,フジカワ,FUJIKAWA,,,,35.562,138.448,295,,,,,,,1,0,0,0,0,,0,2013/3/14,9999-99-99,49187,1,1,1,1,1,,1
49196,上九一色,カミクイシキ,KAMIKUISHIKI,,,,35.528,138.615,552,,,,,,,1,0,0,0,0,,0,1974/11/1,1978/11/12,49196,1,1,1,1,1,,1
49196,上九一色,カミクイシキ,KAMIKUISHIKI,,,,35.528,138.615,552,8.5,,,,,,1,1,1,1,0,,0,1978/11/13,1987/8/24,49196,0,0,0,0,0,,0
49196,上九一色,カミクイシキ,KAMIKUISHIKI,,,,35.528,138.615,552,8.5,,,,,,1,1,1,1,0,,0,1987/8/25,2006/2/28,49196,0,0,0,1,0,,0
49196,古関,フルセキ,FURUSEKI,,,,35.528,138.615,552,8.5,,,,,,1,1,1,1,0,,0,2006/3/1,2008/2/14,49196,0,0,0,0,0,,0
49196,古関,フルセキ,FURUSEKI,,,,35.528,138.615,552,8.5,,,,,,1,1,1,1,0,,0,2008/2/15,2008/3/25,49196,0,0,0,4,0,,0
49196,古関,フルセキ,FURUSEKI,,,,35.528,138.615,552,8.5,,,,,,1,1,1,1,0,,0,2008/3/26,2009/12/25,49196,0,4,4,0,0,,0
49196,古関,フルセキ,FURUSEKI,,,,35.528,138.615,552,10,,,,,,1,1,1,1,0,,0,2009/12/26,2021/3/1,49196,0,0,0,0,0,,0
49196,古関,フルセキ,FURUSEKI,,,,35.528,138.615,552,10,,,,,,1,1,1,2,0,,0,2021/3/2,2022/6/15,49196,0,0,0,6,0,,0
49196,古関,フルセキ,FURUSEKI,,,,35.528,138.615,552,10.3,,,,,,1,1,1,2,0,,0,2022/6/16,9999-99-99,49196,0,0,0,0,0,,0
49236,中富,ナカトミ,NAKATOMI,,,,35.467,138.442,226,6.5,,,,,,1,1,1,1,0,,0,1977/12/26,1986/10/23,49236,1,1,1,1,1,,1
49236,中富,ナカトミ,NAKATOMI,,,,35.467,138.442,226,6.5,,,,,,1,1,1,1,0,,0,1986/10/24,2004/9/30,49236,0,0,0,1,0,,0
49236,切石,キリイシ,KIRIISHI,,,,35.467,138.442,226,6.5,,,,,,1,1,1,1,0,,0,2004/10/1,2008/2/12,49236,0,0,0,0,0,,0
49236,切石,キリイシ,KIRIISHI,,,,35.467,138.442,226,6.5,,,,,,1,1,1,1,0,,0,2008/2/13,2008/3/25,49236,0,0,0,4,0,,0
49236,切石,キリイシ,KIRIISHI,,,,35.467,138.442,226,6.5,,,,,,1,1,1,1,0,,0,2008/3/26,2010/2/2,49236,0,4,4,0,0,,0
49236,切石,キリイシ,KIRIISHI,,,,35.467,138.442,226,10,,,,,,1,1,1,1,0,,0,2010/2/3,2021/3/1,49236,0,0,0,0,0,,0
49236,切石,キリイシ,KIRIISHI,,,,35.467,138.442,226,10,,,,,,1,1,1,2,0,,0,2021/3/2,9999-99-99,49236,0,0,0,6,0,,0
49251,河口湖,カワグチコ,KAWAGUCHI-KO,,,,35.5,138.76,860,,,,,,,1,0,0,0,0,,0,1974/11/1,1975/12/5,49251,1,1,1,1,1,,1
49251,河口湖,カワグチコ,KAWAGUCHI-KO,,,,35.5,138.76,860,12.8,,,,,,1,1,1,1,0,,0,1975/12/6,1987/12/31,49251,0,0,0,0,0,,0
49251,河口湖,カワグチコ,KAWAGUCHI-KO,,,,35.5,138.76,860,12.8,,,,,,1,1,1,1,0,,0,1988/1/1,2003/10/30,49251,0,0,0,1,0,,0
49251,河口湖,カワグチコ,KAWAGUCHI-KO,河口湖,カワグチコ,KAWAGUCHI-KO,35.5,138.76,860,12.8,,,35.5,138.76,860,1,1,1,1,1,,0,2003/10/31,2005/11/1,49251,0,0,0,0,0,,0
49251,河口湖,カワグチコ,KAWAGUCHI-KO,河口湖,カワグチコ,KAWAGUCHI-KO,35.5,138.76,860,14.9,,,35.5,138.76,860,1,1,1,1,1,,0,2005/11/2,2008/3/25,49251,0,0,0,0,0,,0
49251,河口湖,カワグチコ,KAWAGUCHI-KO,河口湖,カワグチコ,KAWAGUCHI-KO,35.5,138.76,860,14.9,,,35.5,138.76,860,1,1,1,1,1,,0,2008/3/26,2014/10/22,49251,0,4,4,0,0,,0
49251,河口湖,カワグチコ,KAWAGUCHI-KO,河口湖,カワグチコ,KAWAGUCHI-KO,35.5,138.76,860,15.1,,,35.5,138.76,860,1,1,1,1,1,,0,2014/10/23,2021/3/1,49251,0,0,0,0,0,,0
49251,河口湖,カワグチコ,KAWAGUCHI-KO,河口湖,カワグチコ,KAWAGUCHI-KO,35.5,138.76,860,15.1,,,35.5,138.76,860,1,1,1,1,1,,1,2021/3/2,9999-99-99,49251,0,0,0,0,0,,0
49256,山中,ヤマナカ,YAMANAKA,,,,35.437,138.837,992,,,,,,,1,0,0,0,0,,0,1974/11/1,1977/12/26,49256,1,1,1,1,1,,1
49256,山中,ヤマナカ,YAMANAKA,,,,35.437,138.837,992,6.5,,,,,,1,1,1,1,0,,0,1977/12/27,1986/8/25,49256,0,0,0,0,0,,0
49256,山中,ヤマナカ,YAMANAKA,,,,35.437,138.837,992,6.5,,,,,,1,1,1,1,0,,0,1986/8/26,2009/3/11,49256,0,0,0,1,0,,0
49256,山中,ヤマナカ,YAMANAKA,,,,35.437,138.837,992,6.5,,,,,,1,1,1,1,0,,0,2009/3/12,2021/3/1,49256,0,4,4,4,0,,0
49256,山中,ヤマナカ,YAMANAKA,,,,35.437,138.837,992,6.5,,,,,,1,1,1,2,0,,0,2021/3/2,9999-99-99,49256,0,0,0,6,0,,0
49316,南部,ナンブ,NAMBU,,,,35.282,138.462,135,,,,,,,1,0,0,0,0,,0,1974/11/1,1977/12/25,49316,1,1,1,1,1,,1
49316,南部,ナンブ,NAMBU,,,,35.282,138.462,135,9.5,,,,,,1,1,1,1,0,,0,1977/12/26,1986/10/23,49316,0,0,0,0,0,,0
49316,南部,ナンブ,NAMBU,,,,35.282,138.462,135,9.5,,,,,,1,1,1,1,0,,0,1986/10/24,1991/2/14,49316,0,0,0,1,0,,0
49316,南部,ナンブ,NAMBU,,,,35.288,138.445,141,9.3,,,,,,1,1,1,1,0,,0,1991/2/15,2005/11/1,49316,0,0,0,0,0,,0
49316,南部,ナンブ,NAMBU,,,,35.288,138.445,141,9.3,,,,,,1,1,1,1,0,,0,2005/11/2,2008/12/8,49316,0,0,0,4,0,,0
49316,南部,ナンブ,NAMBU,,,,35.288,138.445,141,9.3,,,,,,1,1,1,1,0,,0,2008/12/9,2021/3/1,49316,0,4,4,0,0,,0
49316,南部,ナンブ,NAMBU,,,,35.288,138.445,141,9.3,,,,,,1,1,1,2,0,,0,2021/3/2,2021/11/25,49316,0,0,0,6,0,,0
49316,南部,ナンブ,NAMBU,,,,35.288,138.445,141,9.2,,,,,,1,1,1,2,0,,1,2021/11/26,9999-99-99,49316,0,0,0,0,0,,0
50056,白糸,シライト,SHIRAITO,,,,35.312,138.578,530,,,,,,,1,0,0,0,0,,0,1974/11/1,9999-99-99,50056,1,1,1,1,1,,1
50066,富士山,フジサン,FUJISAN,,,,35.36,138.727,3775,,,,,,,0,0,1,1,0,,0,2004/8/26,2021/3/1,50066,1,1,1,1,1,,1
50066,富士山,フジサン,FUJISAN,,,,35.36,138.727,3775,,,,,,,0,0,1,1,0,,1,2021/3/2,9999-99-99,50066,0,0,0,0,0,,0
50106,井川,イカワ,IKAWA,,,,35.218,138.235,770,6.5,,,,,,1,1,1,1,0,,0,1978/12/25,1986/4/10,50106,1,1,1,1,1,,1
50106,井川,イカワ,IKAWA,,,,35.218,138.235,770,6.5,,,,,,1,1,1,1,0,,0,1986/4/11,2008/3/3,50106,0,0,0,1,0,,0
50106,井川,イカワ,IKAWA,,,,35.218,138.235,770,6.5,,,,,,1,1,1,1,0,,0,2008/3/4,2008/3/25,50106,0,0,0,4,0,,0
50106,井川,イカワ,IKAWA,,,,35.218,138.235,770,6.5,,,,,,1,1,1,1,0,,0,2008/3/26,2009/12/24,50106,0,4,4,0,0,,0
50106,井川,イカワ,IKAWA,,,,35.217,138.222,755,10,,,,,,1,1,1,1,0,,0,2009/12/25,2021/3/1,50106,0,0,0,0,0,,0
50106,井川,イカワ,IKAWA,,,,35.217,138.222,755,10,,,,,,1,1,1,2,0,,0,2021/3/2,2022/11/14,50106,0,0,0,6,0,,0
50106,井川,イカワ,IKAWA,,,,35.217,138.222,755,10,,,,,,1,1,1,2,0,,1,2022/11/15,9999-99-99,50106,0,0,0,0,0,,0
50111,梅ケ島,ウメガシマ,UMEGASHIMA,,,,35.237,138.342,430,,,,,,,1,0,0,0,0,,0,1976/9/20,2020/1/28,50111,1,1,1,1,1,,1
50112,有東木,ウトウギ,UTOUGI,,,,35.207,138.368,585,,,,,,,1,0,0,0,0,,0,2020/1/28,9999-99-99,50112,1,1,1,1,1,,1
50136,御殿場,ゴテンバ,GOTEMBA,,,,35.302,138.927,468,,,,,,,1,0,0,0,0,,0,1974/11/1,1976/11/28,50136,1,1,1,1,1,,1
50136,御殿場,ゴテンバ,GOTEMBA,,,,35.302,138.927,468,13,,,,,,1,1,1,1,0,,0,1976/11/29,1987/10/20,50136,0,0,0,0,0,,0
50136,御殿場,ゴテンバ,GOTEMBA,,,,35.302,138.927,468,13,,,,,,1,1,1,1,0,,0,1987/10/21,2008/2/18,50136,0,0,0,1,0,,0
50136,御殿場,ゴテンバ,GOTEMBA,,,,35.302,138.927,468,13,,,,,,1,1,1,1,0,,0,2008/2/19,2008/3/25,50136,0,0,0,4,0,,0
50136,御殿場,ゴテンバ,GOTEMBA,,,,35.302,138.927,468,13,,,,,,1,1,1,1,0,,0,2008/3/26,2009/9/17,50136,0,4,4,0,0,,0
50136,御殿場,ゴテンバ,GOTEMBA,,,,35.305,138.927,472,10,,,,,,1,1,1,1,0,,0,2009/9/18,2021/3/1,50136,0,0,0,0,0,,0
50136,御殿場,ゴテンバ,GOTEMBA,,,,35.305,138.927,472,10,,,,,,1,1,1,2,0,,0,2021/3/2,2023/5/23,50136,0,0,0,6,0,,0
50136,御殿場,ゴテンバ,GOTEMBA,,,,35.305,138.927,472,10.1,,,,,,1,1,1,2,0,,1,2023/5/24,9999-99-99,50136,0,0,0,0,0,,0
50196,吉原,ヨシワラ,YOSHIWARA,,,,35.182,138.685,65,,,,,,,1,0,0,0,0,,0,1974/11/1,1978/12/25,50196,1,1,1,1,1,,1
50196,吉原,ヨシワラ,YOSHIWARA,,,,35.182,138.685,65,6.5,,,,,,1,1,1,1,0,,0,1978/12/26,1987/6/17,50196,0,0,0,0,0,,0
50196,吉原,ヨシワラ,YOSHIWARA,,,,35.182,138.685,65,6.5,,,,,,1,1,1,1,0,,0,1987/6/18,2007/3/26,50196,0,0,0,1,0,,0
50196,富士,フジ,FUJI,,,,35.185,138.663,66,10,,,,,,1,1,1,1,0,,0,2007/3/27,2008/2/25,50196,0,0,0,0,0,,0
50196,富士,フジ,FUJI,,,,35.185,138.663,66,10,,,,,,1,1,1,1,0,,0,2008/2/26,2008/3/25,50196,0,0,0,4,0,,0
50196,富士,フジ,FUJI,,,,35.185,138.663,66,10,,,,,,1,1,1,1,0,,0,2008/3/26,2021/3/1,50196,0,4,4,0,0,,0
50196,富士,フジ,FUJI,,,,35.185,138.663,66,10,,,,,,1,1,1,2,0,,0,2021/3/2,2022/11/13,50196,0,0,0,6,0,,0
50196,富士,フジ,FUJI,,,,35.185,138.663,66,9.9,,,,,,1,1,1,2,0,,1,2022/11/14,9999-99-99,50196,0,0,0,0,0,,0
50206,三島,ミシマ,MISHIMA,,,,35.113,138.925,21,,,,,,,1,0,0,0,0,,0,1974/11/1,1975/12/12,50206,1,1,1,1,1,,1
50206,三島,ミシマ,MISHIMA,,,,35.113,138.925,21,12.6,,,,,,1,1,1,1,0,,0,1975/12/13,1988/12/31,50206,0,0,0,0,0,,0
50206,三島,ミシマ,MISHIMA,,,,35.113,138.925,21,12.6,,,,,,1,1,1,1,0,,0,1989/1/1,2004/2/16,50206,0,0,0,1,0,,0
50206,三島,ミシマ,MISHIMA,,,,35.113,138.925,21,15.8,,,,,,1,1,1,1,0,,0,2004/2/17,2008/3/25,50206,0,0,0,0,0,,0
50206,三島,ミシマ,MISHIMA,,,,35.113,138.925,21,15.8,,,,,,1,1,1,1,0,,0,2008/3/26,2021/3/1,50206,0,4,4,0,0,,0
50206,三島,ミシマ,MISHIMA,,,,35.113,138.925,21,15.8,,,,,,1,1,1,1,0,,1,2021/3/2,9999-99-99,50206,0,0,0,0,0,,0
50211,熱海伊豆山,アタミイズサン,ATAMIIZUSAN,,,,35.115,139.083,144,5.5,,,,,,1,1,1,0,0,,0,2021/7/7,9999-99-99,50211,1,1,1,1,1,,1
50226,佐久間,サクマ,SAKUMA,,,,35.092,137.807,141,,,,,,,1,0,0,0,0,,0,1975/5/13,1978/12/19,50226,1,1,1,1,1,,1
50226,佐久間,サクマ,SAKUMA,,,,35.092,137.807,141,13.9,,,,,,1,1,1,1,0,,0,1978/12/20,1986/10/27,50226,0,0,0,0,0,,0
50226,佐久間,サクマ,SAKUMA,,,,35.092,137.807,141,13.9,,,,,,1,1,1,1,0,,0,1986/10/28,1996/3/28,50226,0,0,0,1,0,,0
50226,佐久間,サクマ,SAKUMA,,,,35.088,137.805,135,9.4,,,,,,1,1,1,1,0,,0,1996/3/29,2008/3/10,50226,0,0,0,0,0,,0
50226,佐久間,サクマ,SAKUMA,,,,35.088,137.805,135,9.4,,,,,,1,1,1,1,0,,0,2008/3/11,2008/3/25,50226,0,0,0,4,0,,0
50226,佐久間,サクマ,SAKUMA,,,,35.088,137.805,135,9.4,,,,,,1,1,1,1,0,,0,2008/3/26,2009/3/24,50226,0,4,4,0,0,,0
50226,佐久間,サクマ,SAKUMA,,,,35.057,137.762,150,10,,,,,,1,1,1,1,0,,0,2009/3/25,2021/3/1,50226,0,0,0,0,0,,0
50226,佐久間,サクマ,SAKUMA,,,,35.057,137.762,150,10,,,,,,1,1,1,2,0,,0,2021/3/2,2023/5/15,50226,0,0,0,6,0,,0
50226,佐久間,サクマ,SAKUMA,,,,35.057,137.762,150,10,,,,,,1,1,1,2,0,,1,2023/5/16,9999-99-99,50226,0,0,0,0,0,,0
50231,越木平,コシキダイラ,KOSHIKIDAIRA,,,,35.01,137.98,552,,,,,,,1,0,0,0,0,,0,1974/11/1,2016/9/28,50231,1,1,1,1,1,,1
50232,春野,ハルノ,HARUNO,,,,35.012,137.945,486,,,,,,,1,0,0,0,0,,0,2016/9/28,9999-99-99,50232,1,1,1,1,1,,1
50241,本川根,ホンカワネ,HONKAWANE,,,,35.102,138.128,290,,,,,,,1,0,0,0,0,,0,1974/11/1,1978/12/21,50241,1,1,1,1,1,,1
50241,本川根,ホンカワネ,HONKAWANE,,,,35.102,138.128,290,8.5,,,,,,1,1,1,1,0,,0,1978/12/22,1987/4/16,50241,0,0,0,0,0,,0
50241,本川根,ホンカワネ,HONKAWANE,,,,35.102,138.128,290,8.5,,,,,,1,1,1,1,0,,0,1987/4/17,2005/10/2,50241,0,0,0,1,0,,0
50241,川根本町,カワネホンチョウ,KAWANEHONCHO,,,,35.102,138.128,290,8.5,,,,,,1,1,1,1,0,,0,2005/10/3,2008/3/6,50241,0,0,0,0,0,,0
50241,川根本町,カワネホンチョウ,KAWANEHONCHO,,,,35.102,138.128,290,8.5,,,,,,1,1,1,1,0,,0,2008/3/7,2008/3/25,50241,0,0,0,4,0,,0
50241,川根本町,カワネホンチョウ,KAWANEHONCHO,,,,35.102,138.128,290,8.5,,,,,,1,1,1,1,0,,0,2008/3/26,2020/12/6,50241,0,4,4,0,0,,0
50241,川根本町,カワネホンチョウ,KAWANEHONCHO,,,,35.102,138.128,290,10,,,,,,1,1,1,1,0,,0,2020/12/7,2021/3/1,50241,0,0,0,0,0,,0
50241,川根本町,カワネホンチョウ,KAWANEHONCHO,,,,35.102,138.128,290,10,,,,,,1,1,1,2,0,,0,2021/3/2,2022/11/15,50241,0,0,0,6,0,,0
50241,川根本町,カワネホンチョウ,KAWANEHONCHO,,,,35.102,138.128,290,9.9,,,,,,1,1,1,2,0,,1,2022/11/16,9999-99-99,50241,0,0,0,0,0,,0
50246,大山,オオヤマ,OYAMA,,,,35.052,138.282,880,,,,,,,1,0,0,0,0,,0,1974/11/1,1991/3/14,50246,1,1,1,1,1,,1
50247,鍵穴,カギアナ,KAGIANA,,,,35.048,138.247,160,,,,,,,1,0,0,0,0,,0,1991/3/14,9999-99-99,50247,1,1,1,1,1,,1
50261,清水,シミズ,SHIMIZU,,,,35.053,138.522,3,8.5,,,,,,1,1,1,1,0,,0,1978/1/18,1987/10/13,50261,1,1,1,1,1,,1
50261,清水,シミズ,SHIMIZU,,,,35.053,138.522,3,8.5,,,,,,1,1,1,1,0,,0,1987/10/14,2008/2/28,50261,0,0,0,1,0,,0
50261,清水,シミズ,SHIMIZU,,,,35.053,138.522,3,8.5,,,,,,1,1,1,1,0,,0,2008/2/29,2008/3/25,50261,0,0,0,4,0,,0
50261,清水,シミズ,SHIMIZU,,,,35.053,138.522,3,8.5,,,,,,1,1,1,1,0,,0,2008/3/26,2021/3/1,50261,0,4,4,0,0,,0
50261,清水,シミズ,SHIMIZU,,,,35.053,138.522,3,8.5,,,,,,1,1,1,2,0,,0,2021/3/2,2023/5/16,50261,0,0,0,6,0,,0
50261,清水,シミズ,SHIMIZU,,,,35.053,138.522,3,8.4,,,,,,1,1,1,2,0,,1,2023/5/17,9999-99-99,50261,0,0,0,0,0,,0
50281,網代,アジロ,AJIRO,,,,35.045,139.092,67,,,,,,,1,0,0,0,0,,0,1974/11/1,1975/12/15,50281,1,1,1,1,1,,1
50281,網代,アジロ,AJIRO,,,,35.045,139.092,67,12.5,,,,,,1,1,1,1,0,,0,1975/12/16,1988/12/31,50281,0,0,0,0,0,,0
50281,網代,アジロ,AJIRO,,,,35.045,139.092,67,12.5,,,,,,1,1,1,1,0,,0,1989/1/1,2008/3/25,50281,0,0,0,1,0,,0
50281,網代,アジロ,AJIRO,,,,35.045,139.092,67,12.5,,,,,,1,1,1,1,0,,0,2008/3/26,2021/3/1,50281,0,4,4,0,0,,0
50281,網代,アジロ,AJIRO,,,,35.045,139.092,67,12.5,,,,,,1,1,1,1,0,,1,2021/3/2,9999-99-99,50281,0,0,0,0,0,,0
50296,熊,クマ,KUMA,,,,34.96,137.732,350,,,,,,,1,0,0,0,0,,0,1976/6/25,1997/8/21,50296,1,1,1,1,1,,1
50296,熊,クマ,KUMA,,,,34.957,137.733,375,,,,,,,1,0,0,0,0,,0,1997/8/22,1998/3/30,50296,0,0,0,0,0,,0
50296,熊,クマ,KUMA,,,,34.958,137.733,375,,,,,,,1,0,0,0,0,,0,1998/3/31,9999-99-99,50296,0,0,0,0,0,,0
50306,三倉,ミクラ,MIKURA,,,,34.96,137.943,121,,,,,,,1,0,0,0,0,,0,1976/6/25,1978/1/9,50306,1,1,1,1,1,,1
50316,高根山,タカネサン,TAKANESAN,,,,34.98,138.188,680,,,,,,,1,0,0,0,0,,0,1974/11/1,2009/12/18,50316,1,1,1,1,1,,1
50317,高根山,タカネサン,TAKANESAN,,,,34.975,138.197,415,,,,,,,1,0,0,0,0,,0,2009/12/18,9999-99-99,50317,1,1,1,1,1,,1
50331,静岡,シズオカ,SHIZUOKA,,,,34.975,138.403,14,,,,,,,1,0,0,0,0,,0,1974/11/1,1975/3/22,50331,1,1,1,1,1,,1
50331,静岡,シズオカ,SHIZUOKA,,,,34.975,138.403,14,16.3,,,,,,1,1,1,1,0,,0,1975/3/23,1985/12/31,50331,0,0,0,0,0,,0
50331,静岡,シズオカ,SHIZUOKA,,,,34.975,138.403,14,16.3,,,,,,1,1,1,1,0,,0,1986/1/1,2008/3/25,50331,0,0,0,1,0,,0
50331,静岡,シズオカ,SHIZUOKA,,,,34.975,138.403,14,16.3,,,,,,1,1,1,1,0,,0,2008/3/26,2011/3/9,50331,0,4,4,0,0,,0
50331,静岡,シズオカ,SHIZUOKA,,,,34.975,138.403,14,16,,,,,,1,1,1,1,0,,0,2011/3/10,2020/2/2,50331,0,0,0,0,0,,0
50331,静岡,シズオカ,SHIZUOKA,静岡,シズオカ,SHIZUOKA,34.975,138.403,14,16,,,34.975,138.403,14,1,1,1,1,1,,0,2020/2/3,2021/3/1,50331,0,0,0,0,0,,0
50331,静岡,シズオカ,SHIZUOKA,静岡,シズオカ,SHIZUOKA,34.975,138.403,14,16,,,34.975,138.403,14,1,1,1,1,1,,1,2021/3/2,9999-99-99,50331,0,0,0,0,0,,0
50341,土肥,トイ,TOI,,,,34.91,138.795,6,,,,,,,1,0,0,0,0,,0,1975/5/13,1990/7/10,50341,1,1,1,1,1,,1
50371,三ケ日,ミッカビ,MIKKABI,,,,34.778,137.593,15,,,,,,,1,0,0,0,0,,0,1975/5/13,1984/5/1,50371,1,1,1,1,1,,1
50371,三ケ日,ミッカビ,MIKKABI,,,,34.802,137.557,2,,,,,,,1,0,0,0,0,,0,1984/5/2,2007/3/31,50371,0,0,0,0,0,,0
50371,三ヶ日,ミッカビ,MIKKABI,,,,34.802,137.557,2,,,,,,,1,0,0,0,0,,0,2007/4/1,9999-99-99,50371,0,0,0,0,0,,0
50376,霧山,キリヤマ,KIRIYAMA,,,,34.875,137.692,405,,,,,,,1,0,0,0,0,,0,1974/11/1,1981/11/19,50376,1,1,1,1,1,,1
50386,天竜,テンリュウ,TENRYU,,,,34.872,137.815,53,,,,,,,1,0,0,0,0,,0,1974/11/1,1978/12/20,50386,1,1,1,1,1,,1
50386,天竜,テンリュウ,TENRYU,,,,34.872,137.815,53,18.8,,,,,,1,1,1,1,0,,0,1978/12/21,1987/10/26,50386,0,0,0,0,0,,0
50386,天竜,テンリュウ,TENRYU,,,,34.872,137.815,53,18.8,,,,,,1,1,1,1,0,,0,1987/10/27,2008/3/13,50386,0,0,0,1,0,,0
50386,天竜,テンリュウ,TENRYU,,,,34.872,137.815,53,18.8,,,,,,1,1,1,1,0,,0,2008/3/14,2008/3/25,50386,0,0,0,4,0,,0
50386,天竜,テンリュウ,TENRYU,,,,34.872,137.815,53,18.8,,,,,,1,1,1,1,0,,0,2008/3/26,2008/12/3,50386,0,4,4,0,0,,0
50386,天竜,テンリュウ,TENRYU,,,,34.89,137.813,61,10,,,,,,1,1,1,1,0,,0,2008/12/4,2021/3/1,50386,0,0,0,0,0,,0
50386,天竜,テンリュウ,TENRYU,,,,34.89,137.813,61,10,,,,,,1,1,1,2,0,,0,2021/3/2,2022/11/16,50386,0,0,0,6,0,,0
50386,天竜,テンリュウ,TENRYU,,,,34.89,137.813,61,10,,,,,,1,1,1,2,0,,1,2022/11/17,9999-99-99,50386,0,0,0,0,0,,0
50391,三倉,ミクラ,MIKURA,,,,34.897,137.943,121,,,,,,,1,0,0,0,0,,0,1982/9/29,1995/9/5,50391,1,1,1,1,1,,1
50391,三倉,ミクラ,MIKURA,,,,34.895,137.94,114,,,,,,,1,0,0,0,0,,0,1995/9/6,9999-99-99,50391,0,0,0,0,0,,0
50401,島田,シマダ,SHIMADA,,,,34.84,138.143,80,,,,,,,1,0,0,0,0,,0,1974/11/1,1978/12/18,50401,1,1,1,1,1,,1
50416,土肥,トイ,TOI,,,,34.877,138.76,103,,,,,,,1,0,0,0,0,,0,1990/7/10,2015/2/18,50416,1,1,1,1,1,,1
50416,土肥,トイ,TOI,,,,34.877,138.762,92,,,,,,,1,0,0,0,0,,0,2015/2/19,9999-99-99,50416,0,0,0,0,0,,0
50426,湯ケ島,ユガシマ,YUGASHIMA,,,,34.9,138.925,165,,,,,,,1,0,0,0,0,,0,1974/11/1,9999-99-99,50426,1,1,1,1,1,,1
50427,天城山,アマギサン,AMAGISAN,,,,34.84,138.968,1237,,,,,,,1,0,0,0,0,,0,1974/11/1,1978/11/14,50427,1,1,1,1,1,,1
50427,天城山,アマギサン,AMAGISAN,,,,34.872,139.023,1070,,,,,,,1,0,0,0,0,,0,1978/11/15,2015/6/15,50427,0,0,0,0,0,,0
50427,天城山,アマギサン,AMAGISAN,,,,34.872,139.023,1066,,,,,,,1,0,0,0,0,,0,2015/6/16,9999-99-99,50427,0,0,0,0,0,,0
50456,浜松,ハママツ,HAMAMATSU,,,,34.708,137.718,32,,,,,,,1,0,0,0,0,,0,1974/11/1,1975/3/18,50456,1,1,1,1,1,,1
50456,浜松,ハママツ,HAMAMATSU,,,,34.708,137.718,32,13.7,,,,,,1,1,1,1,0,,0,1975/3/19,1986/12/31,50456,0,0,0,0,0,,0
50456,浜松,ハママツ,HAMAMATSU,,,,34.708,137.718,32,13.7,,,,,,1,1,1,1,0,,0,1987/1/1,2008/3/25,50456,0,0,0,1,0,,0
50456,浜松,ハママツ,HAMAMATSU,,,,34.708,137.718,32,13.7,,,,,,1,1,1,1,0,,0,2008/3/26,2012/11/14,50456,0,4,4,0,0,,0
50456,浜松,ハママツ,HAMAMATSU,,,,34.753,137.712,46,16.8,,,,,,1,1,1,1,0,,0,2012/11/15,2021/3/1,50456,0,0,0,0,0,,0
50456,浜松,ハママツ,HAMAMATSU,,,,34.753,137.712,46,16.8,,,,,,1,1,1,1,0,,1,2021/3/2,9999-99-99,50456,0,0,0,0,0,,0
50466,掛川,カケガワ,KAKEGAWA,,,,34.778,137.98,18,,,,,,,1,0,0,0,0,,0,1975/5/13,1995/12/26,50466,1,1,1,1,1,,1
50466,掛川,カケガワ,KAKEGAWA,,,,34.78,137.967,23,,,,,,,1,0,0,0,0,,0,1995/12/27,2016/3/15,50466,0,0,0,0,0,,0
50466,掛川,カケガワ,KAKEGAWA,,,,34.768,137.995,32,,,,,,,1,0,0,0,0,,0,2016/3/16,9999-99-99,50466,0,0,0,0,0,,0
50476,牧の原,マキノハラ,MAKINOHARA,,,,34.785,138.138,191,6.5,,,,,,1,1,1,1,0,,0,1978/12/21,1988/11/2,50476,1,1,1,1,1,,1
50476,牧の原,マキノハラ,MAKINOHARA,,,,34.785,138.138,191,6.5,,,,,,1,1,1,1,0,,0,1988/11/3,2005/10/2,50476,0,0,0,1,0,,0
50476,菊川牧之原,キクガワマキノハラ,KIKUGAWA-MAKINOHARA,,,,34.785,138.138,191,6.5,,,,,,1,1,1,1,0,,0,2005/10/3,2006/12/11,50476,0,0,0,0,0,,0
50476,菊川牧之原,キクガワマキノハラ,KIKUGAWA-MAKINOHARA,,,,34.785,138.138,191,6.5,,,,,,1,1,1,1,0,,0,2006/12/12,2008/12/4,50476,0,0,0,4,0,,0
50476,菊川牧之原,キクガワマキノハラ,KIKUGAWA-MAKINOHARA,,,,34.785,138.138,191,6.5,,,,,,1,1,1,1,0,,0,2008/12/5,2020/12/7,50476,0,4,4,0,0,,0
50476,菊川牧之原,キクガワマキノハラ,KIKUGAWA-MAKINOHARA,,,,34.785,138.138,191,10,,,,,,1,1,1,1,0,,0,2020/12/8,2021/3/1,50476,0,0,0,0,0,,0
50476,菊川牧之原,キクガワマキノハラ,KIKUGAWA-MAKINOHARA,,,,34.785,138.138,191,10,,,,,,1,1,1,2,0,,0,2021/3/2,2021/11/23,50476,0,0,0,6,0,,0
50476,菊川牧之原,キクガワマキノハラ,KIKUGAWA-MAKINOHARA,,,,34.785,138.138,191,10.1,,,,,,1,1,1,2,0,,1,2021/11/24,9999-99-99,50476,0,0,0,0,0,,0
50477,静岡空港,シズオカクウコウ,SHIZUOKA-KUKO,,,,34.795,138.188,132,9.5,,,,,,1,1,1,0,0,,0,2009/6/4,2012/5/31,50477,1,5,5,1,1,,1
50477,静岡空港,シズオカクウコウ,SHIZUOKA-KUKO,,,,34.795,138.188,132,10,,,,,,1,1,1,0,0,,0,2012/6/1,9999-99-99,50477,0,0,0,0,0,,0
50491,松崎,マツザキ,MATSUZAKI,,,,34.755,138.783,4,,,,,,,1,0,0,0,0,,0,1974/11/1,1978/12/26,50491,1,1,1,1,1,,1
50491,松崎,マツザキ,MATSUZAKI,,,,34.755,138.783,4,6.5,,,,,,1,1,1,1,0,,0,1978/12/27,1988/4/11,50491,0,0,0,0,0,,0
50491,松崎,マツザキ,MATSUZAKI,,,,34.755,138.783,4,6.5,,,,,,1,1,1,1,0,,0,1988/4/12,2005/12/12,50491,0,0,0,1,0,,0
50491,松崎,マツザキ,MATSUZAKI,,,,34.755,138.783,4,6.5,,,,,,1,1,1,1,0,,0,2005/12/13,2008/12/2,50491,0,0,0,4,0,,0
50491,松崎,マツザキ,MATSUZAKI,,,,34.755,138.783,4,6.5,,,,,,1,1,1,1,0,,0,2008/12/3,2010/12/16,50491,0,4,4,0,0,,0
50491,松崎,マツザキ,MATSUZAKI,,,,34.755,138.783,4,10,,,,,,1,1,1,1,0,,0,2010/12/17,2021/3/1,50491,0,0,0,0,0,,0
50491,松崎,マツザキ,MATSUZAKI,,,,34.755,138.783,4,10,,,,,,1,1,1,2,0,,0,2021/3/2,2021/11/24,50491,0,0,0,6,0,,0
50491,松崎,マツザキ,MATSUZAKI,,,,34.755,138.783,4,10,,,,,,1,1,1,2,0,,1,2021/11/25,9999-99-99,50491,0,0,0,0,0,,0
50506,稲取,イナトリ,INATORI,,,,34.782,139.048,130,,,,,,,1,0,0,0,0,,0,1974/11/1,1978/12/26,50506,1,1,1,1,1,,1
50506,稲取,イナトリ,INATORI,,,,34.782,139.048,130,8.5,,,,,,1,1,1,1,0,,0,1978/12/27,1988/8/30,50506,0,0,0,0,0,,0
50506,稲取,イナトリ,INATORI,,,,34.782,139.048,130,8.5,,,,,,1,1,1,1,0,,0,1988/8/31,2008/2/21,50506,0,0,0,1,0,,0
50506,稲取,イナトリ,INATORI,,,,34.782,139.048,130,8.5,,,,,,1,1,1,1,0,,0,2008/2/22,2008/3/25,50506,0,0,0,4,0,,0
50506,稲取,イナトリ,INATORI,,,,34.782,139.048,130,8.5,,,,,,1,1,1,1,0,,0,2008/3/26,2021/3/1,50506,0,4,4,0,0,,0
50506,稲取,イナトリ,INATORI,,,,34.782,139.048,130,8.5,,,,,,1,1,1,2,0,,0,2021/3/2,2022/6/30,50506,0,0,0,6,0,,0
50506,稲取,イナトリ,INATORI,,,,34.782,139.048,130,10.2,,,,,,1,1,1,2,0,,0,2022/7/1,2023/5/21,50506,0,0,0,0,0,,0
50506,稲取,イナトリ,INATORI,,,,34.782,139.048,130,10,,,,,,1,1,1,2,0,,1,2023/5/22,9999-99-99,50506,0,0,0,0,0,,0
50536,福田,フクデ,FUKUDE,,,,34.668,137.902,3,6.5,,,,,,1,1,1,1,0,,0,1978/1/19,1986/11/9,50536,1,1,1,1,1,,1
50536,福田,フクデ,FUKUDE,,,,34.668,137.902,3,6.5,,,,,,1,1,1,1,0,,0,1986/11/10,2005/7/6,50536,0,0,0,1,0,,0
50536,磐田,イワタ,IWATA,,,,34.668,137.902,3,6.5,,,,,,1,1,1,1,0,,0,2005/7/7,2008/3/17,50536,0,0,0,0,0,,0
50536,磐田,イワタ,IWATA,,,,34.668,137.902,3,6.5,,,,,,1,1,1,1,0,,0,2008/3/18,2008/3/25,50536,0,0,0,4,0,,0
50536,磐田,イワタ,IWATA,,,,34.668,137.902,3,6.5,,,,,,1,1,1,1,0,,0,2008/3/26,2009/1/26,50536,0,4,4,0,0,,0
50536,磐田,イワタ,IWATA,,,,34.692,137.88,1,10,,,,,,1,1,1,1,0,,0,2009/1/27,2021/3/1,50536,0,0,0,0,0,,0
50536,磐田,イワタ,IWATA,,,,34.692,137.88,1,10,,,,,,1,1,1,2,0,,0,2021/3/2,2023/5/9,50536,0,0,0,6,0,,0
50536,磐田,イワタ,IWATA,,,,34.692,137.88,1,10.2,,,,,,1,1,1,2,0,,1,2023/5/10,9999-99-99,50536,0,0,0,0,0,,0
50551,御前崎,オマエザキ,OMAEZAKI,,,,34.603,138.212,45,,,,,,,1,0,0,0,0,,0,1974/11/1,1975/12/10,50551,1,1,1,1,1,,1
50551,御前崎,オマエザキ,OMAEZAKI,,,,34.603,138.212,45,16.3,,,,,,1,1,1,1,0,,0,1975/12/11,1985/12/31,50551,0,0,0,0,0,,0
50551,御前崎,オマエザキ,OMAEZAKI,,,,34.603,138.212,45,16.3,,,,,,1,1,1,1,0,,0,1986/1/1,2008/3/25,50551,0,0,0,1,0,,0
50551,御前崎,オマエザキ,OMAEZAKI,,,,34.603,138.212,45,16.3,,,,,,1,1,1,1,0,,0,2008/3/26,2011/8/3,50551,0,4,4,0,0,,0
50551,御前崎,オマエザキ,OMAEZAKI,,,,34.603,138.212,45,15.8,,,,,,1,1,1,1,0,,0,2011/8/4,2018/10/17,50551,0,0,0,0,0,,0
50551,御前崎,オマエザキ,OMAEZAKI,,,,34.603,138.213,45,15.8,,,,,,1,1,1,1,0,,0,2018/10/18,2018/12/18,50551,0,0,0,0,0,,0
50551,御前崎,オマエザキ,OMAEZAKI,,,,34.603,138.213,45,16,,,,,,1,1,1,1,0,,0,2018/12/19,2021/3/1,50551,0,0,0,0,0,,0
50551,御前崎,オマエザキ,OMAEZAKI,,,,34.603,138.213,45,16,,,,,,1,1,1,1,0,,1,2021/3/2,9999-99-99,50551,0,0,0,0,0,,0
50561,石廊崎,イロウザキ,IROZAKI,,,,34.603,138.842,55,,,,,,,1,0,0,0,0,,0,1974/11/1,1975/3/25,50561,1,1,1,1,1,,1
50561,石廊崎,イロウザキ,IROZAKI,,,,34.603,138.842,55,12.4,,,,,,1,1,1,1,0,,0,1975/3/26,1986/12/31,50561,0,0,0,0,0,,0
50561,石廊崎,イロウザキ,IROZAKI,,,,34.603,138.842,55,12.4,,,,,,1,1,1,1,0,,0,1987/1/1,2002/1/7,50561,0,0,0,1,0,,0
50561,石廊崎,イロウザキ,IROZAKI,,,,34.603,138.842,55,12.3,,,,,,1,1,1,1,0,,0,2002/1/8,2008/3/25,50561,0,0,0,0,0,,0
50561,石廊崎,イロウザキ,IROZAKI,,,,34.603,138.842,55,12.3,,,,,,1,1,1,1,0,,0,2008/3/26,2014/3/18,50561,0,4,4,0,0,,0
50561,石廊崎,イロウザキ,IROZAKI,,,,34.603,138.842,52,15,,,,,,1,1,1,1,0,,0,2014/3/19,2021/3/1,50561,0,0,0,0,0,,0
50561,石廊崎,イロウザキ,IROZAKI,,,,34.603,138.842,52,15,,,,,,1,1,1,1,0,,1,2021/3/2,9999-99-99,50561,0,0,0,0,0,,0
51011,一宮,イチノミヤ,ICHINOMIYA,,,,35.333,136.803,10,,,,,,,1,0,0,0,0,,0,1974/11/1,2002/3/31,51011,1,1,1,1,1,,1
51011,一宮,イチノミヤ,ICHINOMIYA,,,,35.298,136.853,11,,,,,,,1,0,0,0,0,,0,2002/4/1,9999-99-99,51011,0,0,0,0,0,,0
51031,八開,ハチカイ,HACHIKAI,,,,35.217,136.698,5,6.5,,,,,,1,1,1,1,0,,0,1979/1/11,1987/11/9,51031,1,1,1,1,1,,1
51031,八開,ハチカイ,HACHIKAI,,,,35.217,136.698,5,6.5,,,,,,1,1,1,1,0,,0,1987/11/10,2005/3/31,51031,0,0,0,1,0,,0
51031,愛西,アイサイ,AISAI,,,,35.217,136.698,5,6.5,,,,,,1,1,1,1,0,,0,2005/4/1,2007/1/16,51031,0,0,0,0,0,,0
51031,愛西,アイサイ,AISAI,,,,35.217,136.698,5,10.4,,,,,,1,1,1,1,0,,0,2007/1/17,2008/12/9,51031,0,0,0,4,0,,0
51031,愛西,アイサイ,AISAI,,,,35.217,136.698,5,10.4,,,,,,1,1,1,1,0,,0,2008/12/10,2021/3/1,51031,0,4,4,0,0,,0
51031,愛西,アイサイ,AISAI,,,,35.217,136.698,5,10.4,,,,,,1,1,1,2,0,,0,2021/3/2,2023/4/17,51031,0,0,0,6,0,,0
51031,愛西,アイサイ,AISAI,,,,35.217,136.698,5,10.4,,,,,,1,1,1,2,0,,1,2023/4/18,9999-99-99,51031,0,0,0,0,0,,0
51041,豊山,トヨヤマ,TOYOYAMA,,,,35.253,136.925,14,,,,,,,1,0,0,0,0,,0,1974/11/1,1979/1/8,51041,1,1,1,1,1,,1
51041,豊山,トヨヤマ,TOYOYAMA,,,,35.255,136.923,14,7,,,,,,1,1,1,0,0,,0,2003/1/1,2005/2/17,51041,0,0,0,0,0,,0
51056,小原,オバラ,OBARA,,,,35.228,137.285,290,,,,,,,1,0,0,0,0,,0,1977/7/1,9999-99-99,51056,1,1,1,1,1,,1
51071,稲武,イナブ,INABU,,,,35.212,137.507,505,,,,,,,1,0,0,0,0,,0,1975/5/12,1979/1/8,51071,1,1,1,1,1,,1
51071,稲武,イナブ,INABU,,,,35.212,137.507,505,6.5,,,,,,1,1,1,1,0,,0,1979/1/9,1987/4/13,51071,0,0,0,0,0,,0
51071,稲武,イナブ,INABU,,,,35.212,137.507,505,6.5,,,,,,1,1,1,1,0,,0,1987/4/14,2006/12/7,51071,0,0,0,1,0,,0
51071,稲武,イナブ,INABU,,,,35.212,137.507,505,6.7,,,,,,1,1,1,1,0,,0,2006/12/8,2008/12/11,51071,0,0,0,4,0,,0
51071,稲武,イナブ,INABU,,,,35.212,137.507,505,6.7,,,,,,1,1,1,1,0,,0,2008/12/12,2010/3/16,51071,0,4,4,0,0,,0
51071,稲武,イナブ,INABU,,,,35.212,137.507,505,10,,,,,,1,1,1,1,0,,0,2010/3/17,2021/3/1,51071,0,0,0,0,0,,0
51071,稲武,イナブ,INABU,,,,35.212,137.507,505,10,,,,,,1,1,1,2,0,,0,2021/3/2,2023/4/16,51071,0,0,0,6,0,,0
51071,稲武,イナブ,INABU,,,,35.212,137.507,505,10,,,,,,1,1,1,2,0,,1,2023/4/17,9999-99-99,51071,0,0,0,0,0,,0
51076,茶臼山,チャウスヤマ,CHAUSUYAMA,,,,35.215,137.655,1330,,,,,,,1,0,0,0,0,,0,1974/11/1,2005/12/8,51076,1,1,1,1,1,,1
51077,茶臼山,チャウスヤマ,CHAUSUYAMA,,,,35.22,137.66,1216,,,,,,,1,0,0,0,0,,0,2005/12/8,9999-99-99,51077,1,1,1,1,1,,1
51096,蟹江,カニエ,KANIE,,,,35.137,136.792,2,,,,,,,1,0,0,0,0,,0,1975/5/12,9999-99-99,51096,1,1,1,1,1,,1
51106,名古屋,ナゴヤ,NAGOYA,,,,35.167,136.965,51,,,,,,,1,0,0,0,0,,0,1974/11/1,1975/3/18,51106,1,1,1,1,1,,1
51106,名古屋,ナゴヤ,NAGOYA,,,,35.167,136.965,51,17.9,,,,,,1,1,1,1,0,,0,1975/3/19,1985/12/31,51106,0,0,0,0,0,,0
51106,名古屋,ナゴヤ,NAGOYA,,,,35.167,136.965,51,17.9,,,,,,1,1,1,1,0,,0,1986/1/1,1999/1/19,51106,0,0,0,1,0,,0
51106,名古屋,ナゴヤ,NAGOYA,名古屋,ナゴヤ,NAGOYA,35.167,136.965,51,17.9,,,35.167,136.965,51,1,1,1,1,1,,0,1999/1/20,2008/3/25,51106,0,0,0,0,0,,0
51106,名古屋,ナゴヤ,NAGOYA,名古屋,ナゴヤ,NAGOYA,35.167,136.965,51,17.9,,,35.167,136.965,51,1,1,1,1,1,,0,2008/3/26,2011/3/23,51106,0,4,4,0,0,,0
51106,名古屋,ナゴヤ,NAGOYA,名古屋,ナゴヤ,NAGOYA,35.167,136.965,51,17.8,,,35.167,136.965,51,1,1,1,1,1,,0,2011/3/24,2021/3/1,51106,0,0,0,0,0,,0
51106,名古屋,ナゴヤ,NAGOYA,名古屋,ナゴヤ,NAGOYA,35.167,136.965,51,17.8,,,35.167,136.965,51,1,1,1,1,1,,1,2021/3/2,9999-99-99,51106,0,0,0,0,0,,0
51116,豊田,トヨタ,TOYOTA,,,,35.12,137.19,70,,,,,,,1,0,0,0,0,,0,1974/11/1,1979/1/8,51116,1,1,1,1,1,,1
51116,豊田,トヨタ,TOYOTA,,,,35.12,137.19,70,6.5,,,,,,1,1,1,1,0,,0,1979/1/9,1987/6/15,51116,0,0,0,0,0,,0
51116,豊田,トヨタ,TOYOTA,,,,35.12,137.19,70,6.5,,,,,,1,1,1,1,0,,0,1987/6/16,1991/2/18,51116,0,0,0,1,0,,0
51116,豊田,トヨタ,TOYOTA,,,,35.132,137.177,75,6.4,,,,,,1,1,1,1,0,,0,1991/2/19,2005/11/30,51116,0,0,0,0,0,,0
51116,豊田,トヨタ,TOYOTA,,,,35.132,137.177,75,6.7,,,,,,1,1,1,1,0,,0,2005/12/1,2008/12/2,51116,0,0,0,4,0,,0
51116,豊田,トヨタ,TOYOTA,,,,35.132,137.177,75,6.7,,,,,,1,1,1,1,0,,0,2008/12/3,2021/3/1,51116,0,4,4,0,0,,0
51116,豊田,トヨタ,TOYOTA,,,,35.132,137.177,75,6.7,,,,,,1,1,1,2,0,,0,2021/3/2,2021/11/28,51116,0,0,0,6,0,,0
51116,豊田,トヨタ,TOYOTA,,,,35.132,137.177,75,6.6,,,,,,1,1,1,2,0,,1,2021/11/29,9999-99-99,51116,0,0,0,0,0,,0
51161,東海,トウカイ,TOKAI,,,,35.023,136.902,10,,,,,,,1,0,0,0,0,,0,1974/11/1,1979/3/21,51161,1,1,1,1,1,,1
51161,東海,トウカイ,TOKAI,,,,35.023,136.902,10,6.5,,,,,,1,1,1,1,0,,0,1979/3/22,1985/10/29,51161,0,0,0,0,0,,0
51161,東海,トウカイ,TOKAI,,,,35.023,136.902,10,6.5,,,,,,1,1,1,1,0,,0,1985/10/30,2008/2/28,51161,0,0,0,1,0,,0
51161,東海,トウカイ,TOKAI,,,,35.023,136.902,10,6.5,,,,,,1,1,1,1,0,,0,2008/2/29,2008/3/25,51161,0,0,0,4,0,,0
51161,東海,トウカイ,TOKAI,,,,35.023,136.902,10,6.5,,,,,,1,1,1,1,0,,0,2008/3/26,2012/10/17,51161,0,4,4,0,0,,0
51191,出来山,デキヤマ,DEKIYAMA,,,,35.095,137.417,946,,,,,,,1,0,0,0,0,,0,1974/11/1,2005/12/5,51191,1,1,1,1,1,,1
51192,阿蔵,アゾウ,AZO,,,,35.078,137.413,613,,,,,,,1,0,0,0,0,,0,2005/12/5,9999-99-99,51192,1,1,1,1,1,,1
51216,大府,オオブ,OBU,,,,34.995,136.943,32,10,,,,,,1,1,1,1,0,,0,2012/10/17,2021/3/1,51216,1,5,5,5,1,,1
51216,大府,オオブ,OBU,,,,34.995,136.943,32,10,,,,,,1,1,1,2,0,,0,2021/3/2,2023/4/24,51216,0,0,0,6,0,,0
51216,大府,オオブ,OBU,,,,34.995,136.943,32,10,,,,,,1,1,1,2,0,,1,2023/4/25,9999-99-99,51216,0,0,0,0,0,,0
51226,岡崎,オカザキ,OKAZAKI,,,,34.918,137.193,47,,,,,,,1,0,0,0,0,,0,1974/11/1,1979/1/8,51226,1,1,1,1,1,,1
51226,岡崎,オカザキ,OKAZAKI,,,,34.918,137.193,47,6.4,,,,,,1,1,1,1,0,,0,1979/1/9,1988/4/13,51226,0,0,0,0,0,,0
51226,岡崎,オカザキ,OKAZAKI,,,,34.918,137.193,47,6.4,,,,,,1,1,1,1,0,,0,1988/4/14,2008/2/21,51226,0,0,0,1,0,,0
51226,岡崎,オカザキ,OKAZAKI,,,,34.918,137.193,47,6.4,,,,,,1,1,1,1,0,,0,2008/2/22,2008/3/25,51226,0,0,0,4,0,,0
51226,岡崎,オカザキ,OKAZAKI,,,,34.918,137.193,47,6.4,,,,,,1,1,1,1,0,,0,2008/3/26,2021/3/1,51226,0,4,4,0,0,,0
51226,岡崎,オカザキ,OKAZAKI,,,,34.918,137.193,47,6.4,,,,,,1,1,1,2,0,,0,2021/3/2,2023/5/7,51226,0,0,0,6,0,,0
51226,岡崎,オカザキ,OKAZAKI,,,,34.918,137.193,47,6.4,,,,,,1,1,1,2,0,,1,2023/5/8,9999-99-99,51226,0,0,0,0,0,,0
51241,作手,ツクデ,TSUKUDE,,,,34.977,137.425,532,,,,,,,1,0,0,0,0,,0,1974/11/1,9999-99-99,51241,1,1,1,1,1,,1
51246,鳳来,ホウライ,HORAI,,,,34.932,137.575,81,6.5,,,,,,1,1,1,1,0,,0,1979/1/9,1988/11/8,51246,1,1,1,1,1,,1
51246,鳳来,ホウライ,HORAI,,,,34.932,137.575,81,6.5,,,,,,1,1,1,1,0,,0,1988/11/9,2002/12/24,51246,0,0,0,1,0,,0
51247,新城,シンシロ,SHINSHIRO,,,,34.907,137.518,53,6.4,,,,,,1,1,1,1,0,,0,2002/12/25,2008/2/14,51247,1,1,1,1,1,,1
51247,新城,シンシロ,SHINSHIRO,,,,34.907,137.518,53,6.4,,,,,,1,1,1,1,0,,0,2008/2/15,2008/3/25,51247,0,0,0,4,0,,0
51247,新城,シンシロ,SHINSHIRO,,,,34.907,137.518,53,6.4,,,,,,1,1,1,1,0,,0,2008/3/26,2021/3/1,51247,0,4,4,0,0,,0
51247,新城,シンシロ,SHINSHIRO,,,,34.907,137.518,53,6.4,,,,,,1,1,1,2,0,,0,2021/3/2,2023/5/14,51247,0,0,0,6,0,,0
51247,新城,シンシロ,SHINSHIRO,,,,34.907,137.518,53,6.4,,,,,,1,1,1,2,0,,1,2023/5/15,9999-99-99,51247,0,0,0,0,0,,0
51261,セントレア,セントレア,SENTOREA,,,,34.858,136.805,4,10,,,,,,1,1,1,0,0,,0,2005/2/17,2009/1/29,51261,1,1,1,1,1,,1
51261,セントレア,セントレア,SENTOREA,,,,34.858,136.805,4,10,,,,,,1,1,1,0,0,,0,2009/1/30,9999-99-99,51261,0,4,4,0,0,,0
51271,西尾,ニシオ,NISHIO,,,,34.862,137.058,3,,,,,,,1,0,0,0,0,,0,1974/11/1,1995/12/25,51271,1,1,1,1,1,,1
51271,一色,イッシキ,ISSHIKI,,,,34.812,137.028,12,,,,,,,1,0,0,0,0,,0,1995/12/26,9999-99-99,51271,0,0,0,0,0,,0
51281,蒲郡,ガマゴオリ,GAMAGOORI,,,,34.845,137.217,55,6.5,,,,,,1,1,1,1,0,,0,1979/1/10,1988/8/25,51281,1,1,1,1,1,,1
51281,蒲郡,ガマゴオリ,GAMAGOORI,,,,34.845,137.217,55,6.5,,,,,,1,1,1,1,0,,0,1988/8/26,2008/2/18,51281,0,0,0,1,0,,0
51281,蒲郡,ガマゴオリ,GAMAGOORI,,,,34.845,137.217,55,6.5,,,,,,1,1,1,1,0,,0,2008/2/19,2008/3/25,51281,0,0,0,4,0,,0
51281,蒲郡,ガマゴオリ,GAMAGOORI,,,,34.845,137.217,55,6.5,,,,,,1,1,1,1,0,,0,2008/3/26,2010/2/8,51281,0,4,4,0,0,,0
51281,蒲郡,ガマゴオリ,GAMAGOORI,,,,34.845,137.217,55,10,,,,,,1,1,1,1,0,,0,2010/2/9,2021/3/1,51281,0,0,0,0,0,,0
51281,蒲郡,ガマゴオリ,GAMAGOORI,,,,34.845,137.217,55,10,,,,,,1,1,1,2,0,,0,2021/3/2,2023/5/8,51281,0,0,0,6,0,,0
51281,蒲郡,ガマゴオリ,GAMAGORI,,,,34.845,137.217,55,10,,,,,,1,1,1,2,0,,1,2023/5/9,9999-99-99,51281,0,0,0,0,0,,0
51311,南知多,ミナミチタ,MINAMICHITA,,,,34.755,136.897,39,,,,,,,1,0,0,0,0,,0,1975/5/12,1979/1/9,51311,1,1,1,1,1,,1
51311,南知多,ミナミチタ,MINAMICHITA,,,,34.755,136.897,39,6.5,,,,,,1,1,1,1,0,,0,1979/1/10,1986/10/29,51311,0,0,0,0,0,,0
51311,南知多,ミナミチタ,MINAMICHITA,,,,34.755,136.897,39,6.5,,,,,,1,1,1,1,0,,0,1986/10/30,2000/11/20,51311,0,0,0,1,0,,0
51311,南知多,ミナミチタ,MINAMICHITA,,,,34.74,136.938,16,6.5,,,,,,1,1,1,1,0,,0,2000/11/21,2008/2/25,51311,0,0,0,0,0,,0
51311,南知多,ミナミチタ,MINAMICHITA,,,,34.74,136.938,16,6.5,,,,,,1,1,1,1,0,,0,2008/2/26,2008/3/25,51311,0,0,0,4,0,,0
51311,南知多,ミナミチタ,MINAMICHITA,,,,34.74,136.938,16,6.5,,,,,,1,1,1,1,0,,0,2008/3/26,2021/3/1,51311,0,4,4,0,0,,0
51311,南知多,ミナミチタ,MINAMICHITA,,,,34.74,136.938,16,6.5,,,,,,1,1,1,2,0,,0,2021/3/2,2023/4/23,51311,0,0,0,6,0,,0
51311,南知多,ミナミチタ,MINAMICHITA,,,,34.74,136.938,16,6.5,,,,,,1,1,1,2,0,,1,2023/4/24,9999-99-99,51311,0,0,0,0,0,,0
51331,豊橋,トヨハシ,TOYOHASHI,,,,34.75,137.342,3,6.6,,,,,,1,1,1,1,0,,0,2005/12/6,2008/12/4,51331,1,1,1,5,1,,1
51331,豊橋,トヨハシ,TOYOHASHI,,,,34.75,137.342,3,6.6,,,,,,1,1,1,1,0,,0,2008/12/5,2021/3/1,51331,0,4,4,0,0,,0
51331,豊橋,トヨハシ,TOYOHASHI,,,,34.75,137.342,3,6.6,,,,,,1,1,1,2,0,,0,2021/3/2,2021/11/29,51331,0,0,0,6,0,,0
51331,豊橋,トヨハシ,TOYOHASHI,,,,34.75,137.342,3,6.5,,,,,,1,1,1,2,0,,1,2021/11/30,9999-99-99,51331,0,0,0,0,0,,0
51336,豊橋,トヨハシ,TOYOHASHI,,,,34.718,137.455,23,,,,,,,1,0,0,0,0,,0,1974/11/1,1976/12/6,51336,1,1,1,1,1,,1
51336,豊橋,トヨハシ,TOYOHASHI,,,,34.718,137.455,23,6.5,,,,,,1,1,1,1,0,,0,1976/12/7,1987/11/11,51336,0,0,0,0,0,,0
51336,豊橋,トヨハシ,TOYOHASHI,,,,34.718,137.455,23,6.5,,,,,,1,1,1,1,0,,0,1987/11/12,2005/12/6,51336,0,0,0,1,0,,0
51346,伊良湖,イラコ,IRAKO,,,,34.628,137.093,6,,,,,,,1,0,0,0,0,,0,1974/11/1,1975/12/15,51346,1,1,1,1,1,,1
51346,伊良湖,イラコ,IRAKO,,,,34.628,137.093,6,10.7,,,,,,1,1,1,1,0,,0,1975/12/16,1988/12/31,51346,0,0,0,0,0,,0
51346,伊良湖,イラコ,IRAKO,,,,34.628,137.093,6,10.7,,,,,,1,1,1,1,0,,0,1989/1/1,2008/3/25,51346,0,0,0,1,0,,0
51346,伊良湖,イラコ,IRAKO,,,,34.628,137.093,6,10.7,,,,,,1,1,1,1,0,,0,2008/3/26,2021/3/1,51346,0,4,4,0,0,,0
51346,伊良湖,イラコ,IRAKO,,,,34.628,137.093,6,10.7,,,,,,1,1,1,1,0,,1,2021/3/2,9999-99-99,51346,0,0,0,0,0,,0
51356,田原,タハラ,TAHARA,,,,34.663,137.257,25,,,,,,,1,0,0,0,0,,0,1974/11/1,2011/7/27,51356,1,1,1,1,1,,1
51356,田原,タハラ,TAHARA,,,,34.627,137.222,45,,,,,,,1,0,0,0,0,,0,2011/7/28,9999-99-99,51356,0,0,0,0,0,,0
52041,河合,カワイ,KAWAI,,,,36.305,137.1,471,9.4,,,,,,1,1,1,1,0,,0,1978/11/18,1980/10/30,52041,1,1,1,1,1,,1
52041,河合,カワイ,KAWAI,河合,カワイ,KAWAI,36.305,137.1,471,9.4,,,36.305,137.1,471,1,1,1,1,1,,0,1980/10/31,1987/8/19,52041,0,0,0,0,0,,0
52041,河合,カワイ,KAWAI,河合,カワイ,KAWAI,36.305,137.1,471,9.4,,,36.305,137.1,471,1,1,1,1,1,,0,1987/8/20,2009/9/3,52041,0,0,0,1,0,,0
52041,河合,カワイ,KAWAI,河合,カワイ,KAWAI,36.305,137.1,471,10,,,36.305,137.1,471,1,1,1,1,1,,0,2009/9/4,2021/3/1,52041,0,4,4,4,0,,0
52041,河合,カワイ,KAWAI,河合,カワイ,KAWAI,36.305,137.1,471,10,,,36.305,137.1,471,1,1,1,2,1,,0,2021/3/2,9999-99-99,52041,0,0,0,6,0,,0
52046,神岡,カミオカ,KAMIOKA,,,,36.348,137.293,386,,,,,,,1,0,0,0,0,,0,1974/11/1,1978/12/1,52046,1,1,1,1,1,,1
52047,流葉山,ナガレハヤマ,NAGAREHAYAMA,,,,36.327,137.248,1280,,,,,,,1,0,0,0,0,,0,1974/11/1,1982/10/19,52047,1,1,1,1,1,,1
52051,神岡,カミオカ,KAMIOKA,,,,36.322,137.308,455,9.4,,,,,,1,1,1,1,0,,0,1978/11/20,1983/10/31,52051,1,1,1,1,1,,1
52051,神岡,カミオカ,KAMIOKA,神岡,カミオカ,KAMIOKA,36.322,137.308,455,9.4,,,36.322,137.308,455,1,1,1,1,1,,0,1983/11/1,1987/6/17,52051,0,0,0,0,0,,0
52051,神岡,カミオカ,KAMIOKA,神岡,カミオカ,KAMIOKA,36.322,137.308,455,9.4,,,36.322,137.308,455,1,1,1,1,1,,0,1987/6/18,2007/12/20,52051,0,0,0,1,0,,0
52051,神岡,カミオカ,KAMIOKA,神岡,カミオカ,KAMIOKA,36.322,137.308,455,9.4,,,36.322,137.308,455,1,1,1,1,1,,0,2007/12/21,2008/3/25,52051,0,0,0,4,0,,0
52051,神岡,カミオカ,KAMIOKA,神岡,カミオカ,KAMIOKA,36.322,137.308,455,9.4,,,36.322,137.308,455,1,1,1,1,1,,0,2008/3/26,2010/2/21,52051,0,4,4,0,0,,0
52051,神岡,カミオカ,KAMIOKA,神岡,カミオカ,KAMIOKA,36.322,137.308,455,10,,,36.322,137.308,455,1,1,1,1,1,,0,2010/2/22,2021/3/1,52051,0,0,0,0,0,,0
52051,神岡,カミオカ,KAMIOKA,神岡,カミオカ,KAMIOKA,36.322,137.308,455,10,,,36.322,137.308,455,1,1,1,2,1,,0,2021/3/2,9999-99-99,52051,0,0,0,6,0,,0
52081,白川,シラカワ,SHIRAKAWA,,,,36.273,136.897,478,9.4,,,,,,1,1,1,1,0,,0,1978/11/17,1983/10/31,52081,1,1,1,1,1,,1
52081,白川,シラカワ,SHIRAKAWA,白川,シラカワ,SHIRAKAWA,36.273,136.897,478,9.4,,,36.273,136.897,478,1,1,1,1,1,,0,1983/11/1,1986/6/18,52081,0,0,0,0,0,,0
52081,白川,シラカワ,SHIRAKAWA,白川,シラカワ,SHIRAKAWA,36.273,136.897,478,9.4,,,36.273,136.897,478,1,1,1,1,1,,0,1986/6/19,2008/11/20,52081,0,0,0,1,0,,0
52081,白川,シラカワ,SHIRAKAWA,白川,シラカワ,SHIRAKAWA,36.273,136.897,478,9.4,,,36.273,136.897,478,1,1,1,1,1,,0,2008/11/21,2010/3/18,52081,0,4,4,4,0,,0
52081,白川,シラカワ,SHIRAKAWA,白川,シラカワ,SHIRAKAWA,36.273,136.897,478,10,,,36.273,136.897,478,1,1,1,1,1,,0,2010/3/19,2021/3/1,52081,0,0,0,0,0,,0
52081,白川,シラカワ,SHIRAKAWA,白川,シラカワ,SHIRAKAWA,36.273,136.897,478,10,,,36.273,136.897,478,1,1,1,2,1,,0,2021/3/2,9999-99-99,52081,0,0,0,6,0,,0
52111,栃尾,トチオ,TOCHIO,,,,36.248,137.503,765,,,,,,,1,0,0,0,0,,0,1975/5/30,1978/11/19,52111,1,1,1,1,1,,1
52111,栃尾,トチオ,TOCHIO,,,,36.248,137.503,765,8.4,,,,,,1,1,1,1,0,,0,1978/11/20,1987/4/15,52111,0,0,0,0,0,,0
52111,栃尾,トチオ,TOCHIO,,,,36.248,137.503,765,8.4,,,,,,1,1,1,1,0,,0,1987/4/16,2009/1/15,52111,0,0,0,1,0,,0
52111,栃尾,トチオ,TOCHIO,,,,36.248,137.503,765,8.4,,,,,,1,1,1,1,0,,0,2009/1/16,2010/2/25,52111,0,4,4,4,0,,0
52111,栃尾,トチオ,TOCHIO,,,,36.248,137.503,765,10,,,,,,1,1,1,1,0,,0,2010/2/26,2021/3/1,52111,0,0,0,0,0,,0
52111,栃尾,トチオ,TOCHIO,,,,36.248,137.503,765,10,,,,,,1,1,1,2,0,,0,2021/3/2,9999-99-99,52111,0,0,0,6,0,,0
52131,御母衣,ミボロ,MIBORO,,,,36.147,136.908,640,,,,,,,1,0,0,0,0,,0,1982/6/22,9999-99-99,52131,1,1,1,1,1,,1
52136,森茂,モリモ,MORIMO,,,,36.175,137.025,1262,,,,,,,1,0,0,0,0,,0,1974/11/1,1990/10/11,52136,1,1,1,1,1,,1
52137,清見,キヨミ,KIYOMI,,,,36.18,137.045,740,,,,,,,1,0,0,0,0,,0,1990/12/21,9999-99-99,52137,1,1,1,1,1,,1
52146,高山,タカヤマ,TAKAYAMA,,,,36.155,137.253,560,,,,,,,1,0,0,0,0,,0,1974/11/1,1975/3/31,52146,1,1,1,1,1,,1
52146,高山,タカヤマ,TAKAYAMA,,,,36.155,137.253,560,15.1,,,,,,1,1,1,1,0,,0,1975/4/1,1986/12/31,52146,0,0,0,0,0,,0
52146,高山,タカヤマ,TAKAYAMA,,,,36.155,137.253,560,15.1,,,,,,1,1,1,1,0,,0,1987/1/1,1998/2/28,52146,0,0,0,1,0,,0
52146,高山,タカヤマ,TAKAYAMA,高山,タカヤマ,TAKAYAMA,36.155,137.253,560,15.1,,,36.155,137.253,560,1,1,1,1,1,,0,1998/3/1,2008/2/27,52146,0,0,0,0,0,,0
52146,高山,タカヤマ,TAKAYAMA,高山,タカヤマ,TAKAYAMA,36.155,137.253,560,17.7,,,36.155,137.253,560,1,1,1,1,1,,0,2008/2/28,2008/3/25,52146,0,0,0,0,0,,0
52146,高山,タカヤマ,TAKAYAMA,高山,タカヤマ,TAKAYAMA,36.155,137.253,560,17.7,,,36.155,137.253,560,1,1,1,1,1,,0,2008/3/26,2011/11/16,52146,0,4,4,0,0,,0
52146,高山,タカヤマ,TAKAYAMA,高山,タカヤマ,TAKAYAMA,36.155,137.253,560,18.1,,,36.155,137.253,560,1,1,1,1,1,,0,2011/11/17,2021/3/1,52146,0,0,0,0,0,,0
52146,高山,タカヤマ,TAKAYAMA,高山,タカヤマ,TAKAYAMA,36.155,137.253,560,18.1,,,36.155,137.253,560,1,1,1,1,1,,1,2021/3/2,9999-99-99,52146,0,0,0,0,0,,0
52151,十二岳,ジュウニダケ,JUNIDAKE,,,,36.188,137.368,1010,,,,,,,1,0,0,0,0,,0,1983/6/17,1990/10/16,52151,1,1,1,1,1,,1
52152,丹生川,ニュウカワ,NYUKAWA,,,,36.187,137.372,910,,,,,,,1,0,0,0,0,,0,1990/12/26,9999-99-99,52152,1,1,1,1,1,,1
52161,乗鞍岳,ノリクラダケ,NORIKURADAKE,,,,36.122,137.557,2730,,,,,,,1,0,0,0,0,,0,1974/11/1,2005/5/10,52161,1,1,1,1,1,,1
52171,大日岳,ダイニチダケ,DAINICHIDAKE,,,,36.022,136.853,1280,,,,,,,1,0,0,0,0,,0,1974/11/1,1979/10/24,52171,1,1,1,1,1,,1
52172,大日,ダイニチ,DAINICHI,,,,36.018,136.882,1178,,,,,,,1,0,0,0,0,,0,1980/5/14,1990/10/15,52172,1,1,1,1,1,,1
52173,蛭ヶ野,ヒルガノ,HIRUGANO,,,,36.01,136.893,885,,,,,,,1,0,0,0,0,,0,1990/12/20,2004/9/30,52173,1,1,1,1,1,,1
52173,ひるがの,ヒルガノ,HIRUGANO,,,,36.01,136.893,885,,,,,,,1,0,0,0,0,,0,2004/10/1,9999-99-99,52173,0,0,0,0,0,,0
52176,新渕山,アラブチヤマ,ARABUCHIYAMA,,,,36.032,136.975,1145,,,,,,,1,0,0,0,0,,0,1974/11/1,1981/10/16,52176,1,1,1,1,1,,1
52181,六厩,ムマイ,MUMAI,,,,36.06,137.035,1015,8,,,,,,1,1,1,1,0,,0,1978/11/16,1986/11/11,52181,1,1,1,1,1,,1
52181,六厩,ムマイ,MUMAI,,,,36.06,137.035,1015,8,,,,,,1,1,1,1,0,,0,1986/11/12,2005/3/31,52181,0,0,0,1,0,,0
52181,六厩,ムマヤ,MUMAYA,,,,36.06,137.035,1015,8,,,,,,1,1,1,1,0,,0,2005/4/1,2009/1/19,52181,0,0,0,0,0,,0
52181,六厩,ムマヤ,MUMAYA,,,,36.06,137.035,1015,8,,,,,,1,1,1,1,0,,0,2009/1/20,2010/3/30,52181,0,4,4,4,0,,0
52181,六厩,ムマヤ,MUMAYA,,,,36.06,137.035,1015,10,,,,,,1,1,1,1,0,,0,2010/3/31,2021/3/1,52181,0,0,0,0,0,,0
52181,六厩,ムマヤ,MUMAYA,,,,36.06,137.035,1015,10,,,,,,1,1,1,2,0,,0,2021/3/2,9999-99-99,52181,0,0,0,6,0,,0
52191,船山,フナヤマ,FUNAYAMA,,,,36.023,137.238,1478,,,,,,,1,0,0,0,0,,0,1974/11/1,2002/10/8,52191,1,1,1,1,1,,1
52192,船山,フナヤマ,FUNAYAMA,,,,36.035,137.26,880,,,,,,,1,0,0,0,0,,0,2002/10/8,9999-99-99,52192,1,1,1,1,1,,1
52196,宮之前,ミヤノマエ,MIYANOMAE,,,,36.015,137.388,930,9.4,,,,,,1,1,1,1,0,,0,1978/11/21,1988/10/27,52196,1,1,1,1,1,,1
52196,宮之前,ミヤノマエ,MIYANOMAE,,,,36.015,137.388,930,9.4,,,,,,1,1,1,1,0,,0,1988/10/28,2009/1/21,52196,0,0,0,1,0,,0
52196,宮之前,ミヤノマエ,MIYANOMAE,,,,36.015,137.388,930,9.4,,,,,,1,1,1,1,0,,0,2009/1/22,2021/3/1,52196,0,4,4,4,0,,0
52196,宮之前,ミヤノマエ,MIYANOMAE,,,,36.015,137.388,930,9.4,,,,,,1,1,1,2,0,,0,2021/3/2,9999-99-99,52196,0,0,0,6,0,,0
52221,長滝,ナガタキ,NAGATAKI,,,,35.923,136.832,430,7.5,,,,,,1,1,1,1,0,,0,1978/11/11,1981/10/31,52221,1,1,1,1,1,,1
52221,長滝,ナガタキ,NAGATAKI,長滝,ナガタキ,NAGATAKI,35.923,136.832,430,7.5,,,35.923,136.832,430,1,1,1,1,1,,0,1981/11/1,1987/10/27,52221,0,0,0,0,0,,0
52221,長滝,ナガタキ,NAGATAKI,長滝,ナガタキ,NAGATAKI,35.923,136.832,430,7.5,,,35.923,136.832,430,1,1,1,1,1,,0,1987/10/28,2005/11/24,52221,0,0,0,1,0,,0
52221,長滝,ナガタキ,NAGATAKI,長滝,ナガタキ,NAGATAKI,35.923,136.832,430,7.5,,,35.923,136.832,430,1,1,1,1,1,,0,2005/11/25,2008/10/14,52221,0,0,0,4,0,,0
52221,長滝,ナガタキ,NAGATAKI,長滝,ナガタキ,NAGATAKI,35.923,136.832,430,7.5,,,35.923,136.832,430,1,1,1,1,1,,0,2008/10/15,2010/3/25,52221,0,4,4,0,0,,0
52221,長滝,ナガタキ,NAGATAKI,長滝,ナガタキ,NAGATAKI,35.923,136.832,430,10,,,35.923,136.832,430,1,1,1,1,1,,0,2010/3/26,2021/3/1,52221,0,0,0,0,0,,0
52221,長滝,ナガタキ,NAGATAKI,長滝,ナガタキ,NAGATAKI,35.923,136.832,430,10,,,35.923,136.832,430,1,1,1,2,1,,0,2021/3/2,2021/10/20,52221,0,0,0,6,0,,0
52221,長滝,ナガタキ,NAGATAKI,長滝,ナガタキ,NAGATAKI,35.923,136.832,430,9.9,,,35.923,136.832,430,1,1,1,2,1,,1,2021/10/21,9999-99-99,52221,0,0,0,0,0,,0
52226,白尾山,シラオサン,SHIRAOSAN,,,,35.903,136.948,1272,,,,,,,1,0,0,0,0,,0,1974/11/1,1976/11/1,52226,1,1,1,1,1,,1
52266,白鳥,シロトリ,SHIROTORI,,,,35.868,136.863,372,,,,,,,1,0,0,0,0,,0,1974/11/1,1976/3/4,52266,1,1,1,1,1,,1
52266,白鳥,シロトリ,SHIROTORI,,,,35.868,136.863,372,/////,,,,,,1,1,1,1,0,,0,1976/3/5,1978/11/1,52266,0,0,0,0,0,,0
52286,萩原,ハギワラ,HAGIWARA,,,,35.873,137.217,431,,,,,,,1,0,0,0,0,,0,1974/11/1,1976/3/2,52286,1,1,1,1,1,,1
52286,萩原,ハギワラ,HAGIWARA,,,,35.873,137.217,431,8,,,,,,1,1,1,1,0,,0,1976/3/3,1978/3/24,52286,0,0,0,0,0,,0
52286,萩原,ハギワラ,HAGIWARA,,,,35.888,137.207,425,8,,,,,,1,1,1,1,0,,0,1978/3/25,1987/11/8,52286,0,0,0,0,0,,0
52286,萩原,ハギワラ,HAGIWARA,,,,35.888,137.207,425,8,,,,,,1,1,1,1,0,,0,1987/11/9,2005/11/28,52286,0,0,0,1,0,,0
52286,萩原,ハギワラ,HAGIWARA,,,,35.888,137.207,425,8,,,,,,1,1,1,1,0,,0,2005/11/29,2008/10/16,52286,0,0,0,4,0,,0
52286,萩原,ハギワラ,HAGIWARA,,,,35.888,137.207,425,8,,,,,,1,1,1,1,0,,0,2008/10/17,2010/2/16,52286,0,4,4,0,0,,0
52286,萩原,ハギワラ,HAGIWARA,,,,35.888,137.207,425,10,,,,,,1,1,1,1,0,,0,2010/2/17,2021/3/1,52286,0,0,0,0,0,,0
52286,萩原,ハギワラ,HAGIWARA,,,,35.888,137.207,425,10,,,,,,1,1,1,2,0,,0,2021/3/2,2021/3/10,52286,0,0,0,6,0,,0
52286,萩原,ハギワラ,HAGIWARA,,,,35.888,137.207,425,10.1,,,,,,1,1,1,2,0,,1,2021/3/11,9999-99-99,52286,0,0,0,0,0,,0
52321,関市板取,セキシイタドリ,SEKISHIITADORI,,,,35.723,136.783,351,,,,,,,1,0,0,0,0,,0,2005/12/5,9999-99-99,52321,1,1,1,1,1,,1
52326,蕪山,カブラヤマ,KABURAYAMA,,,,35.735,136.798,1069,,,,,,,1,0,0,0,0,,0,1974/11/1,2005/12/5,52326,1,1,1,1,1,,1
52331,八幡,ハチマン,HACHIMAN,,,,35.757,136.978,271,,,,,,,1,0,0,0,0,,0,1974/11/1,1978/11/15,52331,1,1,1,1,1,,1
52331,八幡,ハチマン,HACHIMAN,,,,35.757,136.978,271,6.8,,,,,,1,1,1,1,0,,0,1978/11/16,1987/8/26,52331,0,0,0,0,0,,0
52331,八幡,ハチマン,HACHIMAN,,,,35.757,136.978,271,6.8,,,,,,1,1,1,1,0,,0,1987/8/27,2009/1/26,52331,0,0,0,1,0,,0
52331,八幡,ハチマン,HACHIMAN,,,,35.757,136.978,271,6.8,,,,,,1,1,1,1,0,,0,2009/1/27,2010/1/27,52331,0,4,4,4,0,,0
52331,八幡,ハチマン,HACHIMAN,,,,35.757,136.978,271,10,,,,,,1,1,1,1,0,,0,2010/1/28,2021/3/1,52331,0,0,0,0,0,,0
52331,八幡,ハチマン,HACHIMAN,,,,35.757,136.978,271,10,,,,,,1,1,1,2,0,,0,2021/3/2,9999-99-99,52331,0,0,0,6,0,,0
52346,宮地,ミヤジ,MIYAJI,,,,35.767,137.287,420,,,,,,,1,0,0,0,0,,0,1975/6/1,1978/11/20,52346,1,1,1,1,1,,1
52346,宮地,ミヤジ,MIYAJI,,,,35.767,137.287,420,9.4,,,,,,1,1,1,1,0,,0,1978/11/21,1988/8/22,52346,0,0,0,0,0,,0
52346,宮地,ミヤジ,MIYAJI,,,,35.767,137.287,420,9.4,,,,,,1,1,1,1,0,,0,1988/8/23,2009/1/28,52346,0,0,0,1,0,,0
52346,宮地,ミヤジ,MIYAJI,,,,35.763,137.288,450,10,,,,,,1,1,1,1,0,,0,2009/1/29,2021/3/1,52346,0,4,4,4,0,,0
52346,宮地,ミヤジ,MIYAJI,,,,35.763,137.288,450,10,,,,,,1,1,1,2,0,,0,2021/3/2,9999-99-99,52346,0,0,0,6,0,,0
52381,樽見,タルミ,TARUMI,,,,35.637,136.615,240,,,,,,,1,0,0,0,0,,0,1974/11/1,1978/11/13,52381,1,1,1,1,1,,1
52381,樽見,タルミ,TARUMI,,,,35.638,136.602,190,7.5,,,,,,1,1,1,1,0,,0,1978/11/14,1980/10/30,52381,0,0,0,0,0,,0
52381,樽見,タルミ,TARUMI,樽見,タルミ,TARUMI,35.638,136.602,190,7.5,,,35.638,136.602,190,1,1,1,1,1,,0,1980/10/31,1986/8/11,52381,0,0,0,0,0,,0
52381,樽見,タルミ,TARUMI,樽見,タルミ,TARUMI,35.638,136.602,190,7.5,,,35.638,136.602,190,1,1,1,1,1,,0,1986/8/12,2006/11/27,52381,0,0,0,1,0,,0
52381,樽見,タルミ,TARUMI,樽見,タルミ,TARUMI,35.638,136.602,190,7.5,,,35.638,136.602,190,1,1,1,1,1,,0,2006/11/28,2008/9/16,52381,0,0,0,4,0,,0
52381,樽見,タルミ,TARUMI,樽見,タルミ,TARUMI,35.638,136.602,190,7.5,,,35.638,136.602,190,1,1,1,1,1,,0,2008/9/17,2010/3/2,52381,0,4,4,0,0,,0
52381,樽見,タルミ,TARUMI,樽見,タルミ,TARUMI,35.638,136.602,190,10,,,35.638,136.602,190,1,1,1,1,1,,0,2010/3/3,2021/3/1,52381,0,0,0,0,0,,0
52381,樽見,タルミ,TARUMI,樽見,タルミ,TARUMI,35.638,136.602,190,10,,,35.638,136.602,190,1,1,1,2,1,,0,2021/3/2,2021/10/19,52381,0,0,0,6,0,,0
52381,樽見,タルミ,TARUMI,樽見,タルミ,TARUMI,35.638,136.602,190,9.9,,,35.638,136.602,190,1,1,1,2,1,,1,2021/10/20,9999-99-99,52381,0,0,0,0,0,,0
52406,金山,カナヤマ,KANAYAMA,,,,35.662,137.16,233,,,,,,,1,0,0,0,0,,0,1974/11/1,1978/11/21,52406,1,1,1,1,1,,1
52406,金山,カナヤマ,KANAYAMA,,,,35.662,137.16,233,7,,,,,,1,1,1,1,0,,0,1978/11/22,1986/10/27,52406,0,0,0,0,0,,0
52406,金山,カナヤマ,KANAYAMA,,,,35.662,137.16,233,7,,,,,,1,1,1,1,0,,0,1986/10/28,2008/1/31,52406,0,0,0,1,0,,0
52406,金山,カナヤマ,KANAYAMA,,,,35.662,137.16,233,7,,,,,,1,1,1,1,0,,0,2008/2/1,2008/3/25,52406,0,0,0,4,0,,0
52406,金山,カナヤマ,KANAYAMA,,,,35.662,137.16,233,7,,,,,,1,1,1,1,0,,0,2008/3/26,2010/2/9,52406,0,4,4,0,0,,0
52406,金山,カナヤマ,KANAYAMA,,,,35.662,137.16,233,10,,,,,,1,1,1,1,0,,0,2010/2/10,2021/3/1,52406,0,0,0,0,0,,0
52406,金山,カナヤマ,KANAYAMA,,,,35.662,137.16,233,10,,,,,,1,1,1,2,0,,0,2021/3/2,9999-99-99,52406,0,0,0,6,0,,0
52421,付知,ツケチ,TSUKECHI,,,,35.658,137.425,465,,,,,,,1,0,0,0,0,,0,1982/6/11,2013/3/20,52421,1,1,1,1,1,,1
52421,付知,ツケチ,TSUKECHI,,,,35.662,137.427,461,,,,,,,1,0,0,0,0,,0,2013/3/21,9999-99-99,52421,0,0,0,0,0,,0
52426,三界山,サンガイヤマ,SANGAIYAMA,,,,35.65,137.517,1117,,,,,,,1,0,0,0,0,,0,1974/11/1,1981/10/26,52426,1,1,1,1,1,,1
52441,権現山,ゴンゲンヤマ,GONGENYAMA,,,,35.582,136.502,750,,,,,,,1,0,0,0,0,,0,1974/11/1,1981/10/30,52441,1,1,1,1,1,,1
52442,小津,オヅ,OZU,,,,35.562,136.54,573,,,,,,,1,0,0,0,0,,0,1982/6/25,2009/11/2,52442,1,1,1,1,1,,1
52451,平井,ヒライ,HIRAI,,,,35.567,136.728,325,,,,,,,1,0,0,0,0,,0,1977/4/22,2009/11/2,52451,1,1,1,1,1,,1
52461,美濃,ミノ,MINO,,,,35.555,136.91,68,,,,,,,1,0,0,0,0,,0,1975/5/29,1978/11/14,52461,1,1,1,1,1,,1
52461,美濃,ミノ,MINO,,,,35.555,136.91,68,6.5,,,,,,1,1,1,1,0,,0,1978/11/15,1987/6/11,52461,0,0,0,0,0,,0
52461,美濃,ミノ,MINO,,,,35.555,136.91,68,6.5,,,,,,1,1,1,1,0,,0,1987/6/12,2008/2/4,52461,0,0,0,1,0,,0
52461,美濃,ミノ,MINO,,,,35.555,136.91,68,6.5,,,,,,1,1,1,1,0,,0,2008/2/5,2008/3/25,52461,0,0,0,4,0,,0
52461,美濃,ミノ,MINO,,,,35.555,136.91,68,6.5,,,,,,1,1,1,1,0,,0,2008/3/26,2010/2/7,52461,0,4,4,0,0,,0
52461,美濃,ミノ,MINO,,,,35.555,136.91,68,10,,,,,,1,1,1,1,0,,0,2010/2/8,2021/3/1,52461,0,0,0,0,0,,0
52461,美濃,ミノ,MINO,,,,35.555,136.91,68,10,,,,,,1,1,1,2,0,,0,2021/3/2,9999-99-99,52461,0,0,0,6,0,,0
52476,伽藍,ガラン,GARAN,,,,35.515,137.23,650,,,,,,,1,0,0,0,0,,0,1974/11/1,9999-99-99,52476,1,1,1,1,1,,1
52481,黒川,クロカワ,KUROKAWA,,,,35.595,137.317,460,6.5,,,,,,1,1,1,1,0,,0,1978/11/22,1986/10/22,52481,1,1,1,1,1,,1
52481,黒川,クロカワ,KUROKAWA,,,,35.595,137.317,460,6.5,,,,,,1,1,1,1,0,,0,1986/10/23,1998/9/28,52481,0,0,0,1,0,,0
52482,黒川,クロカワ,KUROKAWA,,,,35.598,137.318,517,9.4,,,,,,1,1,1,1,0,,0,1998/9/29,2009/3/16,52482,1,1,1,1,1,,1
52482,黒川,クロカワ,KUROKAWA,,,,35.598,137.318,517,9.4,,,,,,1,1,1,1,0,,0,2009/3/17,2021/3/1,52482,0,4,4,4,0,,0
52482,黒川,クロカワ,KUROKAWA,,,,35.598,137.318,517,9.4,,,,,,1,1,1,2,0,,0,2021/3/2,9999-99-99,52482,0,0,0,6,0,,0
52511,揖斐川,イビガワ,IBIGAWA,,,,35.487,136.567,45,6.5,,,,,,1,1,1,1,0,,0,1978/11/14,1988/6/21,52511,1,1,1,1,1,,1
52511,揖斐川,イビガワ,IBIGAWA,,,,35.487,136.567,45,6.5,,,,,,1,1,1,1,0,,0,1988/6/22,2008/2/7,52511,0,0,0,1,0,,0
52511,揖斐川,イビガワ,IBIGAWA,,,,35.487,136.567,45,6.5,,,,,,1,1,1,1,0,,0,2008/2/8,2008/3/25,52511,0,0,0,4,0,,0
52511,揖斐川,イビガワ,IBIGAWA,,,,35.487,136.567,45,6.5,,,,,,1,1,1,1,0,,0,2008/3/26,2009/3/30,52511,0,4,4,0,0,,0
52511,揖斐川,イビガワ,IBIGAWA,,,,35.485,136.567,45,10,,,,,,1,1,1,1,0,,0,2009/3/31,2021/3/1,52511,0,0,0,0,0,,0
52511,揖斐川,イビガワ,IBIGAWA,,,,35.485,136.567,45,10,,,,,,1,1,1,2,0,,0,2021/3/2,9999-99-99,52511,0,0,0,6,0,,0
52536,美濃加茂,ミノカモ,MINOKAMO,,,,35.445,137.005,74,,,,,,,1,0,0,0,0,,0,1974/11/1,1978/11/14,52536,1,1,1,1,1,,1
52536,美濃加茂,ミノカモ,MINOKAMO,,,,35.445,137.005,74,6.8,,,,,,1,1,1,1,0,,0,1978/11/15,1987/4/16,52536,0,0,0,0,0,,0
52536,美濃加茂,ミノカモ,MINOKAMO,,,,35.445,137.005,74,6.8,,,,,,1,1,1,1,0,,0,1987/4/17,2006/11/30,52536,0,0,0,1,0,,0
52536,美濃加茂,ミノカモ,MINOKAMO,,,,35.445,137.005,74,6.8,,,,,,1,1,1,1,0,,0,2006/12/1,2008/9/18,52536,0,0,0,4,0,,0
52536,美濃加茂,ミノカモ,MINOKAMO,,,,35.445,137.005,74,6.8,,,,,,1,1,1,1,0,,0,2008/9/19,2010/3/10,52536,0,4,4,0,0,,0
52536,美濃加茂,ミノカモ,MINOKAMO,,,,35.445,137.005,74,10,,,,,,1,1,1,1,0,,0,2010/3/11,2021/3/1,52536,0,0,0,0,0,,0
52536,美濃加茂,ミノカモ,MINOKAMO,,,,35.445,137.005,74,10,,,,,,1,1,1,2,0,,0,2021/3/2,9999-99-99,52536,0,0,0,6,0,,0
52546,柄石峠,ガライシトウゲ,GARAISHITOGE,,,,35.403,137.207,365,,,,,,,1,0,0,0,0,,0,1974/11/1,2009/11/2,52546,1,1,1,1,1,,1
52556,恵那,エナ,ENA,,,,35.447,137.403,315,,,,,,,1,0,0,0,0,,0,1974/11/1,1976/3/7,52556,1,1,1,1,1,,1
52556,恵那,エナ,ENA,,,,35.447,137.403,315,6.5,,,,,,1,1,1,1,0,,0,1976/3/8,1987/11/11,52556,0,0,0,0,0,,0
52556,恵那,エナ,ENA,,,,35.447,137.403,315,6.5,,,,,,1,1,1,1,0,,0,1987/11/12,2006/12/4,52556,0,0,0,1,0,,0
52556,恵那,エナ,ENA,,,,35.447,137.403,315,6.5,,,,,,1,1,1,1,0,,0,2006/12/5,2008/9/11,52556,0,0,0,4,0,,0
52556,恵那,エナ,ENA,,,,35.447,137.403,315,6.5,,,,,,1,1,1,1,0,,0,2008/9/12,2010/2/11,52556,0,4,4,0,0,,0
52556,恵那,エナ,ENA,,,,35.447,137.403,315,10,,,,,,1,1,1,1,0,,0,2010/2/12,2021/3/1,52556,0,0,0,0,0,,0
52556,恵那,エナ,ENA,,,,35.447,137.403,315,10,,,,,,1,1,1,2,0,,0,2021/3/2,9999-99-99,52556,0,0,0,6,0,,0
52557,中津川,ナカツガワ,NAKATSUGAWA,,,,35.477,137.487,378,10,,,,,,1,1,1,1,0,,0,2010/3/25,2021/3/1,52557,1,5,5,5,1,,1
52557,中津川,ナカツガワ,NAKATSUGAWA,,,,35.477,137.487,378,10,,,,,,1,1,1,2,0,,0,2021/3/2,9999-99-99,52557,0,0,0,6,0,,0
52561,中津川,ナカツガワ,NAKATSUGAWA,,,,35.488,137.5,320,,,,,,,1,0,0,0,0,,0,1974/11/1,1978/11/23,52561,1,1,1,1,1,,1
52561,中津川,ナカツガワ,NAKATSUGAWA,,,,35.488,137.5,320,6.5,,,,,,1,1,1,1,0,,0,1978/11/24,1985/11/17,52561,0,0,0,0,0,,0
52561,中津川,ナカツガワ,NAKATSUGAWA,,,,35.488,137.5,320,6.5,,,,,,1,1,1,1,0,,0,1985/11/18,2008/1/28,52561,0,0,0,1,0,,0
52561,中津川,ナカツガワ,NAKATSUGAWA,,,,35.488,137.5,320,6.5,,,,,,1,1,1,1,0,,0,2008/1/29,2008/3/25,52561,0,0,0,4,0,,0
52561,中津川,ナカツガワ,NAKATSUGAWA,,,,35.488,137.5,320,6.5,,,,,,1,1,1,1,0,,0,2008/3/26,2010/3/24,52561,0,4,4,0,0,,0
52571,関ケ原,セキガハラ,SEKIGAHARA,,,,35.358,136.47,120,,,,,,,1,0,0,0,0,,0,1974/11/1,1978/11/12,52571,1,1,1,1,1,,1
52571,関ケ原,セキガハラ,SEKIGAHARA,,,,35.358,136.47,120,6.5,,,,,,1,1,1,1,0,,0,1978/11/13,1981/10/30,52571,0,0,0,0,0,,0
52571,関ケ原,セキガハラ,SEKIGAHARA,関ケ原,セキガハラ,SEKIGAHARA,35.358,136.47,120,6.5,,,35.348,136.442,180,1,1,1,1,1,,0,1981/10/31,1988/11/7,52571,0,0,0,0,0,,0
52571,関ケ原,セキガハラ,SEKIGAHARA,関ケ原,セキガハラ,SEKIGAHARA,35.358,136.47,120,6.5,,,35.348,136.442,180,1,1,1,1,1,,0,1988/11/8,1997/10/30,52571,0,0,0,1,0,,0
52571,関ケ原,セキガハラ,SEKIGAHARA,関ケ原,セキガハラ,SEKIGAHARA,35.358,136.47,120,6.5,,,35.358,136.47,120,1,1,1,1,1,,0,1997/10/31,2008/11/17,52571,0,0,0,0,1,,0
52571,関ケ原,セキガハラ,SEKIGAHARA,関ケ原,セキガハラ,SEKIGAHARA,35.358,136.47,120,6.5,,,35.358,136.47,120,1,1,1,1,1,,0,2008/11/18,2009/10/29,52571,0,4,4,4,0,,0
52571,関ケ原,セキガハラ,SEKIGAHARA,関ケ原,セキガハラ,SEKIGAHARA,35.363,136.467,130,10,,,35.363,136.467,130,1,1,1,1,1,,0,2009/10/30,2021/3/1,52571,0,0,0,0,0,,0
52571,関ケ原,セキガハラ,SEKIGAHARA,関ケ原,セキガハラ,SEKIGAHARA,35.363,136.467,130,10,,,35.363,136.467,130,1,1,1,2,1,,0,2021/3/2,2021/3/8,52571,0,0,0,6,0,,0
52571,関ケ原,セキガハラ,SEKIGAHARA,関ケ原,セキガハラ,SEKIGAHARA,35.363,136.467,130,10.1,,,35.363,136.467,130,1,1,1,2,1,,1,2021/3/9,9999-99-99,52571,0,0,0,0,0,,0
52581,大垣,オオガキ,OGAKI,,,,35.358,136.613,6,,,,,,,1,0,0,0,0,,0,1974/11/1,1978/11/12,52581,1,1,1,1,1,,1
52581,大垣,オオガキ,OGAKI,,,,35.358,136.613,6,7.5,,,,,,1,1,1,1,0,,0,1978/11/13,1988/4/13,52581,0,0,0,0,0,,0
52581,大垣,オオガキ,OGAKI,,,,35.358,136.613,6,7.5,,,,,,1,1,1,1,0,,0,1988/4/14,2009/3/18,52581,0,0,0,1,0,,0
52581,大垣,オオガキ,OGAKI,,,,35.347,136.62,6,10,,,,,,1,1,1,1,0,,0,2009/3/19,2021/3/1,52581,0,4,4,4,0,,0
52581,大垣,オオガキ,OGAKI,,,,35.347,136.62,6,10,,,,,,1,1,1,2,0,,0,2021/3/2,9999-99-99,52581,0,0,0,6,0,,0
52586,岐阜,ギフ,GIFU,,,,35.4,136.762,13,,,,,,,1,0,0,0,0,,0,1974/11/1,1975/3/31,52586,1,1,1,1,1,,1
52586,岐阜,ギフ,GIFU,,,,35.4,136.762,13,22.8,,,,,,1,1,1,1,0,,0,1975/4/1,1986/12/31,52586,0,0,0,0,0,,0
52586,岐阜,ギフ,GIFU,,,,35.4,136.762,13,22.8,,,,,,1,1,1,1,0,,0,1987/1/1,1999/1/20,52586,0,0,0,1,0,,0
52586,岐阜,ギフ,GIFU,岐阜,ギフ,GIFU,35.4,136.762,13,22.8,,,35.4,136.762,13,1,1,1,1,1,,0,1999/1/21,2008/3/25,52586,0,0,0,0,0,,0
52586,岐阜,ギフ,GIFU,岐阜,ギフ,GIFU,35.4,136.762,13,22.8,,,35.4,136.762,13,1,1,1,1,1,,0,2008/3/26,2011/8/17,52586,0,4,4,0,0,,0
52586,岐阜,ギフ,GIFU,岐阜,ギフ,GIFU,35.4,136.762,13,23,,,35.4,136.762,13,1,1,1,1,1,,0,2011/8/18,2021/3/1,52586,0,0,0,0,0,,0
52586,岐阜,ギフ,GIFU,岐阜,ギフ,GIFU,35.4,136.762,13,23,,,35.4,136.762,13,1,1,1,1,1,,1,2021/3/2,9999-99-99,52586,0,0,0,0,0,,0
52606,多治見,タジミ,TAJIMI,,,,35.347,137.108,120,,,,,,,1,0,0,0,0,,0,1975/5/29,1978/11/23,52606,1,1,1,1,1,,1
52606,多治見,タジミ,TAJIMI,,,,35.347,137.108,120,6.9,,,,,,1,1,1,1,0,,0,1978/11/24,1988/6/22,52606,0,0,0,0,0,,0
52606,多治見,タジミ,TAJIMI,,,,35.347,137.108,120,6.9,,,,,,1,1,1,1,0,,0,1988/6/23,2008/2/12,52606,0,0,0,1,0,,0
52606,多治見,タジミ,TAJIMI,,,,35.347,137.108,120,6.9,,,,,,1,1,1,1,0,,0,2008/2/13,2008/3/25,52606,0,0,0,4,0,,0
52606,多治見,タジミ,TAJIMI,,,,35.347,137.108,120,6.9,,,,,,1,1,1,1,0,,0,2008/3/26,2010/1/28,52606,0,4,4,0,0,,0
52606,多治見,タジミ,TAJIMI,,,,35.347,137.108,120,10,,,,,,1,1,1,1,0,,0,2010/1/29,2021/3/1,52606,0,0,0,0,0,,0
52606,多治見,タジミ,TAJIMI,,,,35.347,137.108,120,10,,,,,,1,1,1,2,0,,0,2021/3/2,9999-99-99,52606,0,0,0,6,0,,0
52626,三森山,ミツモリサン,MITSUMORISAN,,,,35.377,137.543,1130,,,,,,,1,0,0,0,0,,0,1974/11/1,1981/6/30,52626,1,1,1,1,1,,1
52626,三森山,ミツモリサン,MITSUMORISAN,,,,35.377,137.527,1130,,,,,,,1,0,0,0,0,,0,1981/7/1,2009/11/2,52626,0,0,0,0,0,,0
52641,上石津,カミイシヅ,KAMIISHIZU,,,,35.295,136.473,100,,,,,,,1,0,0,0,0,,0,1975/5/29,2016/3/29,52641,1,1,1,1,1,,1
52642,上石津,カミイシヅ,KAMIISHIZU,,,,35.247,136.458,193,,,,,,,1,0,0,0,0,,0,2016/3/29,9999-99-99,52642,1,1,1,1,1,,1
53016,阿下喜,アゲキ,AGEKI,,,,35.153,136.525,110,,,,,,,1,0,0,0,0,,0,1974/11/1,2001/7/15,53016,1,1,1,1,1,,1
53016,北勢,ホクセイ,HOKUSEI,,,,35.192,136.517,193,,,,,,,1,0,0,0,0,,0,2001/7/16,2002/3/19,53016,0,0,0,0,0,,0
53016,北勢,ホクセイ,HOKUSEI,,,,35.143,136.538,125,,,,,,,1,0,0,0,0,,0,2002/3/20,9999-99-99,53016,0,0,0,0,0,,0
53041,桑名,クワナ,KUWANA,,,,35.05,136.693,3,,,,,,,1,0,0,0,0,,0,1974/11/1,1979/1/11,53041,1,1,1,1,1,,1
53041,桑名,クワナ,KUWANA,,,,35.05,136.693,3,6.5,,,,,,1,1,1,1,0,,0,1979/1/12,1986/10/13,53041,0,0,0,0,0,,0
53041,桑名,クワナ,KUWANA,,,,35.05,136.693,3,6.5,,,,,,1,1,1,1,0,,0,1986/10/14,2006/12/4,53041,0,0,0,1,0,,0
53041,桑名,クワナ,KUWANA,,,,35.05,136.693,3,6.5,,,,,,1,1,1,1,0,,0,2006/12/5,2009/2/6,53041,0,0,0,4,0,,0
53041,桑名,クワナ,KUWANA,,,,35.05,136.693,3,6.5,,,,,,1,1,1,1,0,,0,2009/2/7,2010/2/4,53041,0,4,4,0,0,,0
53041,桑名,クワナ,KUWANA,,,,35.05,136.693,3,10,,,,,,1,1,1,1,0,,0,2010/2/5,2021/3/1,53041,0,0,0,0,0,,0
53041,桑名,クワナ,KUWANA,,,,35.05,136.693,3,10,,,,,,1,1,1,2,0,,0,2021/3/2,2021/11/30,53041,0,0,0,6,0,,0
53041,桑名,クワナ,KUWANA,,,,35.05,136.693,3,9.9,,,,,,1,1,1,2,0,,1,2021/12/1,9999-99-99,53041,0,0,0,0,0,,0
53056,雲母峰,キララミネ,KIRARAMINE,,,,34.995,136.46,430,,,,,,,1,0,0,0,0,,0,1974/11/1,1982/5/18,53056,1,1,1,1,1,,1
53056,雲母峰,キララミネ,KIRARAMINE,,,,34.998,136.458,590,,,,,,,1,0,0,0,0,,0,1982/5/19,2009/11/2,53056,0,0,0,0,0,,0
53061,四日市,ヨッカイチ,YOKKAICHI,,,,34.93,136.587,47,,,,,,,1,0,0,0,0,,0,1974/11/1,1975/12/12,53061,1,1,1,1,1,,1
53061,四日市,ヨッカイチ,YOKKAICHI,,,,34.93,136.587,47,12.2,,,,,,1,1,1,1,0,,0,1975/12/13,1988/12/31,53061,0,0,0,0,0,,0
53061,四日市,ヨッカイチ,YOKKAICHI,,,,34.93,136.587,47,12.2,,,,,,1,1,1,1,0,,0,1989/1/1,2000/3/22,53061,0,0,0,1,0,,0
53061,四日市,ヨッカイチ,YOKKAICHI,,,,34.94,136.58,55,10.7,,,,,,1,1,1,1,0,,0,2000/3/23,2008/3/25,53061,0,0,0,0,0,,0
53061,四日市,ヨッカイチ,YOKKAICHI,,,,34.94,136.58,55,10.7,,,,,,1,1,1,1,0,,0,2008/3/26,2021/3/1,53061,0,4,4,0,0,,0
53061,四日市,ヨッカイチ,YOKKAICHI,,,,34.94,136.58,55,10.7,,,,,,1,1,1,1,0,,1,2021/3/2,9999-99-99,53061,0,0,0,0,0,,0
53091,亀山,カメヤマ,KAMEYAMA,,,,34.87,136.453,70,,,,,,,1,0,0,0,0,,0,1974/11/1,1979/1/11,53091,1,1,1,1,1,,1
53091,亀山,カメヤマ,KAMEYAMA,,,,34.87,136.453,70,6.5,,,,,,1,1,1,1,0,,0,1979/1/12,1986/4/16,53091,0,0,0,0,0,,0
53091,亀山,カメヤマ,KAMEYAMA,,,,34.87,136.453,70,6.5,,,,,,1,1,1,1,0,,0,1986/4/17,2007/3/15,53091,0,0,0,1,0,,0
53091,亀山,カメヤマ,KAMEYAMA,,,,34.87,136.453,70,6.5,,,,,,1,1,1,1,0,,0,2007/3/16,2009/2/5,53091,0,0,0,4,0,,0
53091,亀山,カメヤマ,KAMEYAMA,,,,34.87,136.453,70,6.5,,,,,,1,1,1,1,0,,0,2009/2/6,2010/1/26,53091,0,4,4,0,0,,0
53091,亀山,カメヤマ,KAMEYAMA,,,,34.87,136.453,70,10,,,,,,1,1,1,1,0,,0,2010/1/27,2021/3/1,53091,0,0,0,0,0,,0
53091,亀山,カメヤマ,KAMEYAMA,,,,34.87,136.453,70,10,,,,,,1,1,1,2,0,,0,2021/3/2,2022/11/20,53091,0,0,0,6,0,,0
53091,亀山,カメヤマ,KAMEYAMA,,,,34.87,136.453,70,10,,,,,,1,1,1,2,0,,1,2022/11/21,9999-99-99,53091,0,0,0,0,0,,0
53111,上野,ウエノ,UENO,,,,34.762,136.142,159,,,,,,,1,0,0,0,0,,0,1974/11/1,1975/12/10,53111,1,1,1,1,1,,1
53111,上野,ウエノ,UENO,,,,34.762,136.142,159,11.2,,,,,,1,1,1,1,0,,0,1975/12/11,1985/1/29,53111,0,0,0,0,0,,0
53112,上野,ウエノ,UENO,,,,34.762,136.142,159,21.9,,,,,,1,1,1,1,0,,0,1985/1/30,1985/12/31,53111,0,1,0,0,0,,0
53112,上野,ウエノ,UENO,,,,34.762,136.142,159,21.9,,,,,,1,1,1,1,0,,0,1986/1/1,1998/3/30,53112,0,0,0,1,0,,0
53112,上野,ウエノ,UENO,,,,34.762,136.142,159,21.9,,,,,,1,1,1,1,0,,0,1998/3/31,2008/3/25,53112,0,0,0,0,0,,0
53112,上野,ウエノ,UENO,,,,34.762,136.142,159,21.9,,,,,,1,1,1,1,0,,0,2008/3/26,2011/5/18,53112,0,4,4,0,0,,0
53112,上野,ウエノ,UENO,,,,34.762,136.142,159,22.1,,,,,,1,1,1,1,0,,0,2011/5/19,2021/3/1,53112,0,0,0,0,0,,0
53112,上野,ウエノ,UENO,,,,34.762,136.142,159,22.1,,,,,,1,1,1,1,0,,1,2021/3/2,9999-99-99,53112,0,0,0,0,0,,0
53121,笠取山,カサトリヤマ,KASATORIYAMA,,,,34.725,136.308,810,,,,,,,1,0,0,0,0,,0,1974/11/1,9999-99-99,53121,1,1,1,1,1,,1
53131,津,ツ,TSU,,,,34.703,136.515,2,,,,,,,1,0,0,0,0,,0,1974/11/1,1975/3/20,53131,1,1,1,1,1,,1
53131,津,ツ,TSU,,,,34.703,136.515,2,15.4,,,,,,1,1,1,1,0,,0,1975/3/21,1986/12/31,53131,0,0,0,0,0,,0
53131,津,ツ,TSU,,,,34.703,136.515,2,15.4,,,,,,1,1,1,1,0,,0,1987/1/1,1987/9/1,53131,0,0,0,1,0,,0
53132,津,ツ,TSU,,,,34.733,136.518,3,39.6,,,,,,1,1,1,1,0,,0,1987/9/1,1998/3/30,53131,0,1,0,0,0,,0
53132,津,ツ,TSU,,,,34.733,136.518,3,39.6,,,,,,1,1,1,1,0,,0,1998/3/31,2008/3/25,53132,0,0,0,0,0,,0
53132,津,ツ,TSU,,,,34.733,136.518,3,39.6,,,,,,1,1,1,1,0,,0,2008/3/26,2011/10/20,53132,0,4,4,0,0,,0
53133,津,ツ,TSU,,,,34.733,136.518,3,15,,,,,,1,1,1,1,0,,0,2011/10/20,2011/11/16,53132,0,1,0,0,0,,0
53133,津,ツ,TSU,津,ツ,TSU,34.733,136.518,3,15,,,34.733,136.518,3,1,1,1,1,1,,0,2011/11/17,2021/3/1,53133,0,0,0,0,0,,0
53133,津,ツ,TSU,津,ツ,TSU,34.733,136.518,3,15,,,34.733,136.518,3,1,1,1,1,1,,1,2021/3/2,9999-99-99,53133,0,0,0,0,0,,0
53141,名張,ナバリ,NABARI,,,,34.635,136.112,199,,,,,,,1,0,0,0,0,,0,1974/11/1,2014/3/23,53141,1,1,1,1,1,,1
53141,名張,ナバリ,NABARI,,,,34.628,136.107,222,,,,,,,1,0,0,0,0,,0,2014/3/24,2014/5/21,53141,0,0,0,0,0,,0
53141,名張,ナバリ,NABARI,,,,34.627,136.108,226,,,,,,,1,0,0,0,0,,0,2014/5/22,9999-99-99,53141,0,0,0,0,0,,0
53151,白山,ハクサン,HAKUSAN,,,,34.64,136.338,53,,,,,,,1,0,0,0,0,,0,1979/3/30,2004/12/8,53151,1,1,1,1,1,,1
53151,白山,ハクサン,HAKUSAN,,,,34.625,136.322,60,,,,,,,1,0,0,0,0,,0,2004/12/9,9999-99-99,53151,0,0,0,0,0,,0
53171,国見山,クニミヤマ,KUNIMIYAMA,,,,34.565,136.157,680,,,,,,,1,0,0,0,0,,0,1974/11/1,1981/11/9,53171,1,1,1,1,1,,1
53191,松阪,マツザカ,MATSUZAKA,,,,34.56,136.537,6,,,,,,,1,0,0,0,0,,0,1975/5/13,1979/4/1,53191,1,1,1,1,1,,1
53196,小俣,オバタ,OBATA,,,,34.528,136.665,10,,,,,,,1,0,0,0,0,,0,1974/11/1,1979/1/15,53196,1,1,1,1,1,,1
53196,小俣,オバタ,OBATA,,,,34.528,136.665,10,6.5,,,,,,1,1,1,1,0,,0,1979/1/16,1987/9/8,53196,0,0,0,0,0,,0
53196,小俣,オバタ,OBATA,,,,34.528,136.665,10,6.5,,,,,,1,1,1,1,0,,0,1987/9/9,2008/3/13,53196,0,0,0,1,0,,0
53196,小俣,オバタ,OBATA,,,,34.528,136.665,10,6.5,,,,,,1,1,1,1,0,,0,2008/3/14,2008/3/25,53196,0,0,0,4,0,,0
53196,小俣,オバタ,OBATA,,,,34.528,136.665,10,6.5,,,,,,1,1,1,1,0,,0,2008/3/26,2010/3/8,53196,0,4,4,0,0,,0
53196,小俣,オバタ,OBATA,,,,34.528,136.665,10,10,,,,,,1,1,1,1,0,,0,2010/3/9,2021/3/1,53196,0,0,0,0,0,,0
53196,小俣,オバタ,OBATA,,,,34.528,136.665,10,10,,,,,,1,1,1,2,0,,0,2021/3/2,2023/4/25,53196,0,0,0,6,0,,0
53196,小俣,オバタ,OBATA,,,,34.528,136.665,10,10,,,,,,1,1,1,2,0,,1,2023/4/26,9999-99-99,53196,0,0,0,0,0,,0
53231,粥見,カユミ,KAYUMI,,,,34.448,136.39,120,,,,,,,1,0,0,0,0,,0,1974/11/1,1979/1/15,53231,1,1,1,1,1,,1
53231,粥見,カユミ,KAYUMI,,,,34.448,136.39,120,6.5,,,,,,1,1,1,1,0,,0,1979/1/16,1988/4/18,53231,0,0,0,0,0,,0
53231,粥見,カユミ,KAYUMI,,,,34.448,136.39,120,6.5,,,,,,1,1,1,1,0,,0,1988/4/19,2008/3/6,53231,0,0,0,1,0,,0
53231,粥見,カユミ,KAYUMI,,,,34.448,136.39,120,6.5,,,,,,1,1,1,1,0,,0,2008/3/7,2008/3/25,53231,0,0,0,4,0,,0
53231,粥見,カユミ,KAYUMI,,,,34.448,136.39,120,6.5,,,,,,1,1,1,1,0,,0,2008/3/26,2010/3/7,53231,0,4,4,0,0,,0
53231,粥見,カユミ,KAYUMI,,,,34.448,136.39,120,10,,,,,,1,1,1,1,0,,0,2010/3/8,2021/3/1,53231,0,0,0,0,0,,0
53231,粥見,カユミ,KAYUMI,,,,34.448,136.39,120,10,,,,,,1,1,1,2,0,,0,2021/3/2,2023/4/18,53231,0,0,0,6,0,,0
53231,粥見,カユミ,KAYUMI,,,,34.448,136.39,120,10,,,,,,1,1,1,2,0,,1,2023/4/19,9999-99-99,53231,0,0,0,0,0,,0
53256,鳥羽,トバ,TOBA,,,,34.477,136.845,2,17,,,,,,1,1,1,1,0,,0,1977/12/21,1987/11/4,53256,1,1,1,1,1,,1
53256,鳥羽,トバ,TOBA,,,,34.477,136.845,2,17,,,,,,1,1,1,1,0,,0,1987/11/5,1994/2/7,53256,0,0,0,1,0,,0
53257,鳥羽,トバ,TOBA,,,,34.482,136.825,2,9,,,,,,1,1,1,1,0,,0,1994/2/7,2008/3/10,53256,0,1,0,0,0,,0
53257,鳥羽,トバ,TOBA,,,,34.482,136.825,2,9,,,,,,1,1,1,1,0,,0,2008/3/11,2008/3/25,53257,0,0,0,4,0,,0
53257,鳥羽,トバ,TOBA,,,,34.482,136.825,2,9,,,,,,1,1,1,1,0,,0,2008/3/26,2021/3/1,53257,0,4,4,0,0,,0
53257,鳥羽,トバ,TOBA,,,,34.482,136.825,2,9,,,,,,1,1,1,2,0,,0,2021/3/2,2023/4/26,53257,0,0,0,6,0,,0
53257,鳥羽,トバ,TOBA,,,,34.482,136.825,2,9,,,,,,1,1,1,2,0,,1,2023/4/27,9999-99-99,53257,0,0,0,0,0,,0
53286,大台,オオダイ,ODAI,,,,34.392,136.408,80,,,,,,,1,0,0,0,0,,0,1975/4/18,1978/5/31,53286,1,1,1,1,1,,1
53287,藤坂峠,フジサカトウゲ,FUJISAKATOGE,,,,34.323,136.488,560,,,,,,,1,0,0,0,0,,0,1974/11/1,9999-99-99,53287,1,1,1,1,1,,1
53296,南勢,ナンセイ,NANSEI,,,,34.345,136.682,6,,,,,,,1,0,0,0,0,,0,1978/6/15,1979/1/16,53296,1,1,1,1,1,,1
53296,南勢,ナンセイ,NANSEI,,,,34.345,136.682,6,6.5,,,,,,1,1,1,1,0,,0,1979/1/17,1988/6/22,53296,0,0,0,0,0,,0
53296,南勢,ナンセイ,NANSEI,,,,34.345,136.682,6,6.5,,,,,,1,1,1,1,0,,0,1988/6/23,2006/2/28,53296,0,0,0,1,0,,0
53296,南伊勢,ミナミイセ,MINAMIISE,,,,34.345,136.682,6,6.5,,,,,,1,1,1,1,0,,0,2006/3/1,2008/3/3,53296,0,0,0,0,0,,0
53296,南伊勢,ミナミイセ,MINAMIISE,,,,34.345,136.682,6,6.5,,,,,,1,1,1,1,0,,0,2008/3/4,2008/3/25,53296,0,0,0,4,0,,0
53296,南伊勢,ミナミイセ,MINAMIISE,,,,34.345,136.682,6,6.5,,,,,,1,1,1,1,0,,0,2008/3/26,2010/2/15,53296,0,4,4,0,0,,0
53296,南伊勢,ミナミイセ,MINAMIISE,,,,34.345,136.682,6,10,,,,,,1,1,1,1,0,,0,2010/2/16,2021/3/1,53296,0,0,0,0,0,,0
53296,南伊勢,ミナミイセ,MINAMIISE,,,,34.345,136.682,6,10,,,,,,1,1,1,2,0,,0,2021/3/2,2023/4/19,53296,0,0,0,6,0,,0
53296,南伊勢,ミナミイセ,MINAMI-ISE,,,,34.345,136.682,6,10,,,,,,1,1,1,2,0,,1,2023/4/20,9999-99-99,53296,0,0,0,0,0,,0
53306,磯部,イソベ,ISOBE,,,,34.373,136.805,3,,,,,,,1,0,0,0,0,,0,1975/5/13,1977/12/19,53306,1,1,1,1,1,,1
53307,阿児,アゴ,AGO,,,,34.328,136.832,15,,,,,,,1,0,0,0,0,,0,1982/6/1,2015/3/8,53307,1,1,1,1,1,,1
53307,阿児,アゴ,AGO,,,,34.308,136.873,31,,,,,,,1,0,0,0,0,,0,2015/3/9,9999-99-99,53307,0,0,0,0,0,,0
53321,宮川,ミヤガワ,MIYAGAWA,,,,34.288,136.225,180,,,,,,,1,0,0,0,0,,0,1978/6/1,1994/6/22,53321,1,1,1,1,1,,1
53321,宮川,ミヤガワ,MIYAGAWA,,,,34.278,136.208,205,,,,,,,1,0,0,0,0,,0,1994/6/23,9999-99-99,53321,0,0,0,0,0,,0
53326,紀伊長島,キイナガシマ,KII-NAGASHIMA,,,,34.208,136.327,3,6.5,,,,,,1,1,1,1,0,,0,1979/1/17,1987/4/22,53326,1,1,1,1,1,,1
53326,紀伊長島,キイナガシマ,KII-NAGASHIMA,,,,34.208,136.327,3,6.5,,,,,,1,1,1,1,0,,0,1987/4/23,2005/12/19,53326,0,0,0,1,0,,0
53326,紀伊長島,キイナガシマ,KII-NAGASHIMA,,,,34.208,136.327,3,6.5,,,,,,1,1,1,1,0,,0,2005/12/20,2008/12/15,53326,0,0,0,4,0,,0
53326,紀伊長島,キイナガシマ,KII-NAGASHIMA,,,,34.208,136.327,3,6.5,,,,,,1,1,1,1,0,,0,2008/12/16,2010/3/16,53326,0,4,4,0,0,,0
53326,紀伊長島,キイナガシマ,KII-NAGASHIMA,,,,34.208,136.327,3,10,,,,,,1,1,1,1,0,,0,2010/3/17,2021/3/1,53326,0,0,0,0,0,,0
53326,紀伊長島,キイナガシマ,KII-NAGASHIMA,,,,34.208,136.327,3,10,,,,,,1,1,1,2,0,,0,2021/3/2,2021/12/1,53326,0,0,0,6,0,,0
53326,紀伊長島,キイナガシマ,KII-NAGASHIMA,,,,34.208,136.327,3,9.9,,,,,,1,1,1,2,0,,1,2021/12/2,9999-99-99,53326,0,0,0,0,0,,0
53376,尾鷲,オワセ,OWASE,,,,34.07,136.192,15,,,,,,,1,0,0,0,0,,0,1974/11/1,1975/3/26,53376,1,1,1,1,1,,1
53376,尾鷲,オワセ,OWASE,,,,34.07,136.192,15,16.4,,,,,,1,1,1,1,0,,0,1975/3/27,1985/5/27,53376,0,0,0,0,0,,0
53377,八幡峠,ハチマントウゲ,HACHIMANTOGE,,,,34.06,136.11,800,,,,,,,1,0,0,0,0,,0,1974/11/1,1984/11/20,53377,1,1,1,1,1,,1
53378,尾鷲,オワセ,OWASE,,,,34.068,136.193,15,28.4,,,,,,1,1,1,1,0,,0,1985/5/28,1986/12/31,53376,0,1,0,0,0,,0
53378,尾鷲,オワセ,OWASE,,,,34.068,136.193,15,28.4,,,,,,1,1,1,1,0,,0,1987/1/1,1998/3/30,53378,0,0,0,1,0,,0
53378,尾鷲,オワセ,OWASE,,,,34.068,136.193,15,28.4,,,,,,1,1,1,1,0,,0,1998/3/31,2008/3/25,53378,0,0,0,0,0,,0
53378,尾鷲,オワセ,OWASE,,,,34.068,136.193,15,28.4,,,,,,1,1,1,1,0,,0,2008/3/26,2021/3/1,53378,0,4,4,0,0,,0
53378,尾鷲,オワセ,OWASE,,,,34.068,136.193,15,28.4,,,,,,1,1,1,1,0,,1,2021/3/2,9999-99-99,53378,0,0,0,0,0,,0
53401,熊野新鹿,クマノアタシカ,KUMANOATASHIKA,,,,33.932,136.138,23,6.4,,,,,,1,1,1,1,0,,0,2001/12/18,2007/3/13,53401,1,1,1,1,1,,1
53401,熊野新鹿,クマノアタシカ,KUMANOATASHIKA,,,,33.932,136.138,23,6.4,,,,,,1,1,1,1,0,,0,2007/3/14,2008/12/17,53401,0,0,0,4,0,,0
53401,熊野新鹿,クマノアタシカ,KUMANOATASHIKA,,,,33.932,136.138,23,6.4,,,,,,1,1,1,1,0,,0,2008/12/18,2021/3/1,53401,0,4,4,0,0,,0
53401,熊野新鹿,クマノアタシカ,KUMANOATASHIKA,,,,33.932,136.138,23,6.4,,,,,,1,1,1,2,0,,0,2021/3/2,2022/11/21,53401,0,0,0,6,0,,0
53401,熊野新鹿,クマノアタシカ,KUMANOATASHIKA,,,,33.932,136.138,23,6.4,,,,,,1,1,1,2,0,,1,2022/11/22,9999-99-99,53401,0,0,0,0,0,,0
53416,御浜,ミハマ,MIHAMA,,,,33.852,135.98,130,,,,,,,1,0,0,0,0,,0,1985/6/11,9999-99-99,53416,1,1,1,1,1,,1
53421,熊野,クマノ,KUMANO,,,,33.892,136.093,40,,,,,,,1,0,0,0,0,,0,1974/11/1,1979/1/17,53421,1,1,1,1,1,,1
53421,熊野,クマノ,KUMANO,,,,33.892,136.093,40,6.5,,,,,,1,1,1,1,0,,0,1979/1/18,1988/10/30,53421,0,0,0,0,0,,0
53421,熊野,クマノ,KUMANO,,,,33.892,136.093,40,6.5,,,,,,1,1,1,1,0,,0,1988/10/31,2001/12/17,53421,0,0,0,1,0,,0
54011,粟島,アワシマ,AWASHIMA,,,,38.462,139.252,4,,,,,,,1,0,0,0,0,,0,1975/5/14,1978/11/30,54011,1,1,1,1,1,,1
54011,粟島,アワシマ,AWASHIMA,,,,38.462,139.252,4,22,,,,,,1,1,1,1,0,,0,1978/12/1,1986/10/23,54011,0,0,0,0,0,,0
54011,粟島,アワシマ,AWASHIMA,,,,38.462,139.252,4,22,,,,,,1,1,1,1,0,,0,1986/10/24,2009/1/27,54011,0,0,0,1,0,,0
54011,粟島,アワシマ,AWASHIMA,,,,38.462,139.252,4,22,,,,,,1,1,1,1,0,,0,2009/1/28,2016/5/31,54011,0,4,4,4,0,,0
54012,粟島,アワシマ,AWASHIMA,,,,38.465,139.253,4,10.4,,,,,,1,1,1,1,0,,0,2016/5/31,2021/3/1,54011,0,5,0,0,0,,0
54012,粟島,アワシマ,AWASHIMA,,,,38.465,139.253,4,10.4,,,,,,1,1,1,2,0,,0,2021/3/2,9999-99-99,54012,0,0,0,6,0,,0
54036,二ツ亀,フタツカメ,FUTATSUKAME,,,,38.328,138.487,80,6,,,,,,1,1,1,1,0,,0,1978/11/25,1986/8/19,54036,1,1,1,1,1,,1
54036,二ツ亀,フタツカメ,FUTATSUKAME,,,,38.328,138.487,80,6,,,,,,1,1,1,1,0,,0,1986/8/20,1997/3/31,54036,0,0,0,1,0,,0
54041,弾崎,ハジキザキ,HAGIKIZAKI,,,,38.33,138.512,58,8.1,,,,,,1,1,1,1,0,,0,1997/4/4,2006/12/14,54036,0,1,0,0,0,,0
54041,弾崎,ハジキザキ,HAGIKIZAKI,,,,38.33,138.512,58,8.1,,,,,,1,1,1,1,0,,0,2006/12/15,2008/9/24,54041,0,0,0,4,0,,0
54041,弾崎,ハジキザキ,HAGIKIZAKI,,,,38.33,138.512,58,8.1,,,,,,1,1,1,1,0,,0,2008/9/25,2021/3/1,54041,0,4,4,0,0,,0
54041,弾崎,ハジキザキ,HAGIKIZAKI,,,,38.33,138.512,58,8.1,,,,,,1,1,1,2,0,,0,2021/3/2,2023/10/18,54041,0,0,0,6,0,,0
54041,弾崎,ハジキザキ,HAJIKIZAKI,,,,38.33,138.512,58,8.1,,,,,,1,1,1,2,0,,1,2023/10/19,9999-99-99,54041,0,0,0,0,0,,0
54056,高根,タカネ,TAKANE,,,,38.33,139.605,80,,,,,,,1,0,0,0,0,,0,1978/6/1,2016/11/20,54056,1,1,1,1,1,,1
54056,高根,タカネ,TAKANE,,,,38.33,139.603,85,,,,,,,1,0,0,0,0,,0,2016/11/21,9999-99-99,54056,0,0,0,0,0,,0
54086,村上,ムラカミ,MURAKAMI,,,,38.213,139.485,10,,,,,,,1,0,0,0,0,,0,1974/11/1,1978/11/27,54086,1,1,1,1,1,,1
54086,村上,ムラカミ,MURAKAMI,,,,38.213,139.485,10,8.4,,,,,,1,1,1,1,0,,0,1978/11/28,1986/6/18,54086,0,0,0,0,0,,0
54086,村上,ムラカミ,MURAKAMI,,,,38.213,139.485,10,8.4,,,,,,1,1,1,1,0,,0,1986/6/19,1997/12/14,54086,0,0,0,1,0,,0
54086,村上,ムラカミ,MURAKAMI,,,,38.227,139.478,10,8.4,,,,,,1,1,1,1,0,,0,1997/12/15,2006/11/9,54086,0,0,0,0,0,,0
54086,村上,ムラカミ,MURAKAMI,,,,38.227,139.478,10,8.4,,,,,,1,1,1,1,0,,0,2006/11/10,2008/9/26,54086,0,0,0,4,0,,0
54086,村上,ムラカミ,MURAKAMI,,,,38.227,139.478,10,8.4,,,,,,1,1,1,1,0,,0,2008/9/27,2021/3/1,54086,0,4,4,0,0,,0
54086,村上,ムラカミ,MURAKAMI,,,,38.227,139.478,10,8.4,,,,,,1,1,1,2,0,,0,2021/3/2,2021/11/11,54086,0,0,0,6,0,,0
54086,村上,ムラカミ,MURAKAMI,,,,38.227,139.478,10,8.3,,,,,,1,1,1,2,0,,1,2021/11/12,9999-99-99,54086,0,0,0,0,0,,0
54096,鷲ケ巣山,ワシガスヤマ,WASHIGASUYAMA,,,,38.228,139.638,695,,,,,,,1,0,0,0,0,,0,1974/11/1,1980/11/7,54096,1,1,1,1,1,,1
54097,三面,ミオモテ,MIOMOTE,,,,38.247,139.605,50,,,,,,,1,0,0,0,0,,0,1981/6/1,2005/12/6,54097,1,1,1,1,1,,1
54097,三面,ミオモテ,MIOMOTE,,,,38.247,139.605,45,,,,,,,1,0,0,0,0,,0,2005/12/7,9999-99-99,54097,0,0,0,0,0,,0
54156,相川,アイカワ,AIKAWA,,,,38.023,138.24,35,,,,,,,1,0,0,0,0,,0,1974/11/1,1975/3/14,54156,1,1,1,1,1,,1
54156,相川,アイカワ,AIKAWA,,,,38.023,138.24,35,13.7,,,,,,1,1,1,1,0,,0,1975/3/15,1986/12/31,54156,0,0,0,0,0,,0
54156,相川,アイカワ,AIKAWA,,,,38.023,138.24,35,13.7,,,,,,1,1,1,1,0,,0,1987/1/1,1995/7/7,54156,0,0,0,1,0,,0
54157,相川,アイカワ,AIKAWA,,,,38.028,138.24,6,33.6,,,,,,1,1,1,1,0,,0,1995/7/7,1997/2/7,54156,0,1,0,0,0,,0
54157,相川,アイカワ,AIKAWA,相川,アイカワ,AIKAWA,38.028,138.24,6,33.6,,,38.028,138.24,6,1,1,1,1,1,,0,1997/2/8,2008/3/25,54157,0,0,0,0,0,,0
54157,相川,アイカワ,AIKAWA,相川,アイカワ,AIKAWA,38.028,138.24,6,33.6,,,38.028,138.24,6,1,1,1,1,1,,0,2008/3/26,2011/5/25,54157,0,4,4,0,0,,0
54157,相川,アイカワ,AIKAWA,相川,アイカワ,AIKAWA,38.028,138.24,6,33.8,,,38.028,138.24,6,1,1,1,1,1,,0,2011/5/26,2021/3/1,54157,0,0,0,0,0,,0
54157,相川,アイカワ,AIKAWA,相川,アイカワ,AIKAWA,38.028,138.24,6,33.8,,,38.028,138.24,6,1,1,1,1,1,,1,2021/3/2,9999-99-99,54157,0,0,0,0,0,,0
54166,両津,リョウツ,RYOTSU,,,,38.062,138.408,30,,,,,,,1,0,0,0,0,,0,1974/11/1,1978/11/23,54166,1,1,1,1,1,,1
54166,両津,リョウツ,RYOTSU,,,,38.062,138.408,30,14.7,,,,,,1,1,1,1,0,,0,1978/11/24,1987/6/16,54166,0,0,0,0,0,,0
54166,両津,リョウツ,RYOTSU,,,,38.062,138.408,30,14.7,,,,,,1,1,1,1,0,,0,1987/6/17,1992/10/25,54166,0,0,0,1,0,,0
54166,両津,リョウツ,RYOTSU,,,,38.073,138.44,2,18.8,,,,,,1,1,1,1,0,,0,1992/10/26,2009/1/13,54166,0,0,0,0,0,,0
54166,両津,リョウツ,RYOTSU,,,,38.073,138.44,2,18.8,,,,,,1,1,1,1,0,,0,2009/1/14,2021/3/1,54166,0,4,4,4,0,,0
54166,両津,リョウツ,RYOTSU,,,,38.073,138.44,2,18.8,,,,,,1,1,1,2,0,,0,2021/3/2,9999-99-99,54166,0,0,0,6,0,,0
54167,秋津,アキツ,AKITSU,,,,38.06,138.413,30,8,,,,,,1,1,1,0,0,,0,2003/1/1,2009/1/28,54167,1,1,1,1,1,,1
54167,秋津,アキツ,AKITSU,,,,38.06,138.413,30,8,,,,,,1,1,1,0,0,,0,2009/1/29,2017/12/6,54167,0,4,4,0,0,,0
54167,秋津,アキツ,AKITSU,,,,38.06,138.413,30,10,,,,,,1,1,1,0,0,,0,2017/12/7,2020/10/7,54167,0,0,0,0,0,,0
54181,中条,ナカジョウ,NAKAJO,,,,38.052,139.393,17,6.5,,,,,,1,1,1,1,0,,0,1978/11/28,1984/5/9,54181,1,1,1,1,1,,1
54181,中条,ナカジョウ,NAKAJO,,,,38.06,139.408,27,11.9,,,,,,1,1,1,1,0,,0,1984/5/10,1987/4/9,54181,0,0,0,0,0,,0
54181,中条,ナカジョウ,NAKAJO,,,,38.06,139.408,27,11.9,,,,,,1,1,1,1,0,,0,1987/4/10,2009/1/8,54181,0,0,0,1,0,,0
54181,中条,ナカジョウ,NAKAJO,,,,38.06,139.408,27,11.9,,,,,,1,1,1,1,0,,0,2009/1/9,2021/1/25,54181,0,4,4,4,0,,0
54181,中条,ナカジョウ,NAKAJO,,,,38.077,139.388,14,10,,,,,,1,1,1,1,0,,0,2021/1/26,2021/3/1,54181,0,0,0,0,0,,0
54181,中条,ナカジョウ,NAKAJO,,,,38.077,139.388,14,10,,,,,,1,1,1,2,0,,0,2021/3/2,9999-99-99,54181,0,0,0,6,0,,0
54191,下関,シモセキ,SHIMOSEKI,,,,38.09,139.563,36,,,,,,,1,0,0,0,0,,0,1975/5/29,1978/11/26,54191,1,1,1,1,1,,1
54191,下関,シモセキ,SHIMOSEKI,,,,38.09,139.563,36,6.5,,,,,,1,1,1,1,0,,0,1978/11/27,1980/10/28,54191,0,0,0,0,0,,0
54191,下関,シモセキ,SHIMOSEKI,下関,シモセキ,SHIMOSEKI,38.09,139.563,36,6.5,,,38.09,139.563,36,1,1,1,1,1,,0,1980/10/29,1986/6/19,54191,0,0,0,0,0,,0
54191,下関,シモセキ,SHIMOSEKI,下関,シモセキ,SHIMOSEKI,38.09,139.563,36,6.5,,,38.09,139.563,36,1,1,1,1,1,,0,1986/6/20,2007/12/10,54191,0,0,0,1,0,,0
54191,下関,シモセキ,SHIMOSEKI,下関,シモセキ,SHIMOSEKI,38.09,139.563,36,6.5,,,38.09,139.563,36,1,1,1,1,1,,0,2007/12/11,2008/3/25,54191,0,0,0,4,0,,0
54191,下関,シモセキ,SHIMOSEKI,下関,シモセキ,SHIMOSEKI,38.09,139.563,36,6.5,,,38.09,139.563,36,1,1,1,1,1,,0,2008/3/26,2008/7/1,54191,0,4,4,0,0,,0
54191,下関,シモセキ,SHIMOSEKI,下関,シモセキ,SHIMOSEKI,38.092,139.563,33,10,,,38.092,139.563,33,1,1,1,1,1,,0,2008/7/2,2021/3/1,54191,0,0,0,0,0,,0
54191,下関,シモセキ,SHIMOSEKI,下関,シモセキ,SHIMOSEKI,38.092,139.563,33,10,,,38.092,139.563,33,1,1,1,2,1,,0,2021/3/2,9999-99-99,54191,0,0,0,6,0,,0
54231,新潟,ニイガタ,NIIGATA,,,,37.913,139.048,2,,,,,,,1,0,0,0,0,,0,1974/11/1,1975/3/10,54231,1,1,1,1,1,,1
54231,新潟,ニイガタ,NIIGATA,,,,37.913,139.048,2,15.9,,,,,,1,1,1,1,0,,0,1975/3/11,1981/4/1,54231,0,0,0,0,0,,0
54232,新潟,ニイガタ,NIIGATA,,,,37.912,139.047,2,18.5,,,,,,1,1,1,1,0,,0,1981/4/1,1985/12/31,54231,0,0,0,0,0,,0
54232,新潟,ニイガタ,NIIGATA,,,,37.912,139.047,2,18.5,,,,,,1,1,1,1,0,,0,1986/1/1,1997/2/5,54232,0,0,0,1,0,,0
54232,新潟,ニイガタ,NIIGATA,新潟,ニイガタ,NIIGATA,37.912,139.047,2,18.5,,,37.912,139.047,2,1,1,1,1,1,,0,1997/2/6,2002/11/20,54232,0,0,0,0,0,,0
54232,新潟,ニイガタ,NIIGATA,新潟,ニイガタ,NIIGATA,37.912,139.047,2,15,,,37.912,139.047,2,1,1,1,1,1,,0,2002/11/21,2008/3/25,54232,0,0,0,0,0,,0
54232,新潟,ニイガタ,NIIGATA,新潟,ニイガタ,NIIGATA,37.912,139.047,2,15,,,37.912,139.047,2,1,1,1,1,1,,0,2008/3/26,2012/6/27,54232,0,4,4,0,0,,0
54232,新潟,ニイガタ,NIIGATA,新潟,ニイガタ,NIIGATA,37.893,139.018,4,15.1,,,37.893,139.018,4,1,1,1,1,1,,0,2012/6/28,2021/3/1,54232,0,0,0,0,0,,0
54232,新潟,ニイガタ,NIIGATA,新潟,ニイガタ,NIIGATA,37.893,139.018,4,15.1,,,37.893,139.018,4,1,1,1,1,1,,1,2021/3/2,9999-99-99,54232,0,0,0,0,0,,0
54236,松浜,マツハマ,MATSUHAMA,,,,37.955,139.112,1,8.4,,,,,,1,1,1,0,0,,0,2003/1/1,2009/1/28,54236,1,1,1,1,1,,1
54236,松浜,マツハマ,MATSUHAMA,,,,37.955,139.112,1,8.4,,,,,,1,1,1,0,0,,0,2009/1/29,2021/11/29,54236,0,4,4,0,0,,0
54236,松浜,マツハマ,MATSUHAMA,松浜,マツハマ,MATSUHAMA,37.955,139.112,1,10,,,37.955,139.112,1,1,1,1,0,1,,0,2021/11/30,9999-99-99,54236,0,0,0,0,0,,0
54251,二王子岳,ニノウジダケ,NINOJIDAKE,,,,37.907,139.452,382,,,,,,,1,0,0,0,0,,0,1974/11/1,2009/11/2,54251,1,1,1,1,1,,1
54271,羽茂,ハモチ,HAMOCHI,,,,37.862,138.315,17,,,,,,,1,0,0,0,0,,0,1975/5/14,1978/11/23,54271,1,1,1,1,1,,1
54271,羽茂,ハモチ,HAMOCHI,,,,37.862,138.315,17,6.5,,,,,,1,1,1,1,0,,0,1978/11/24,1981/6/17,54271,0,0,0,0,0,,0
54271,羽茂,ハモチ,HAMOCHI,,,,37.842,138.313,11,6.5,,,,,,1,1,1,1,0,,0,1981/6/18,1985/11/18,54271,0,0,0,0,0,,0
54271,羽茂,ハモチ,HAMOCHI,,,,37.842,138.313,11,6.5,,,,,,1,1,1,1,0,,0,1985/11/19,2008/1/15,54271,0,0,0,1,0,,0
54271,羽茂,ハモチ,HAMOCHI,,,,37.842,138.313,11,6.5,,,,,,1,1,1,1,0,,0,2008/1/16,2008/3/25,54271,0,0,0,4,0,,0
54271,羽茂,ハモチ,HAMOCHI,,,,37.842,138.313,11,6.5,,,,,,1,1,1,1,0,,0,2008/3/26,2010/3/2,54271,0,4,4,0,0,,0
54271,羽茂,ハモチ,HAMOCHI,,,,37.842,138.313,11,10,,,,,,1,1,1,1,0,,0,2010/3/3,2021/3/1,54271,0,0,0,0,0,,0
54271,羽茂,ハモチ,HAMOCHI,,,,37.842,138.313,11,10,,,,,,1,1,1,2,0,,0,2021/3/2,9999-99-99,54271,0,0,0,6,0,,0
54296,新津,ニイツ,NIITSU,,,,37.792,139.087,3,,,,,,,1,0,0,0,0,,0,1974/11/1,1978/11/20,54296,1,1,1,1,1,,1
54296,新津,ニイツ,NIITSU,,,,37.792,139.087,3,6.5,,,,,,1,1,1,1,0,,0,1978/11/21,1982/10/4,54296,0,0,0,0,0,,0
54296,新津,ニイツ,NIITSU,村松,ムラマツ,MURAMATSU,37.792,139.087,3,6.5,,,37.663,139.26,70,1,1,1,1,1,,0,1982/10/5,1986/11/5,54296,0,0,0,0,0,,0
54296,新津,ニイツ,NIITSU,村松,ムラマツ,MURAMATSU,37.792,139.087,3,6.5,,,37.663,139.26,70,1,1,1,1,1,,0,1986/11/6,1995/10/5,54296,0,0,0,1,0,,0
54296,新津,ニイツ,NIITSU,,,,37.792,139.087,3,6.5,,,,,,1,1,1,1,0,,0,1995/10/6,1995/10/31,54296,0,0,0,0,0,,0
54296,新津,ニイツ,NIITSU,新津,ニイツ,NIITSU,37.792,139.087,3,6.5,,,37.792,139.087,3,1,1,1,1,1,,0,1995/11/1,2007/12/13,54296,0,0,0,0,0,,0
54296,新津,ニイツ,NIITSU,新津,ニイツ,NIITSU,37.792,139.087,3,6.5,,,37.792,139.087,3,1,1,1,1,1,,0,2007/12/14,2008/3/25,54296,0,0,0,4,0,,0
54296,新津,ニイツ,NIITSU,新津,ニイツ,NIITSU,37.792,139.087,3,6.5,,,37.792,139.087,3,1,1,1,1,1,,0,2008/3/26,2011/11/15,54296,0,4,4,0,0,,0
54296,新津,ニイツ,NIITSU,新津,ニイツ,NIITSU,37.792,139.087,3,10,,,37.792,139.087,3,1,1,1,1,1,,0,2011/11/16,2021/3/1,54296,0,0,0,0,0,,0
54296,新津,ニイツ,NIITSU,新津,ニイツ,NIITSU,37.792,139.087,3,10,,,37.792,139.087,3,1,1,1,2,1,,0,2021/3/2,2021/3/16,54296,0,0,0,6,0,,0
54296,新津,ニイツ,NIITSU,新津,ニイツ,NIITSU,37.792,139.087,3,10,,,37.792,139.087,3,1,1,1,2,1,,1,2021/3/17,9999-99-99,54296,0,0,0,0,0,,0
54301,瓢湖,ヒョウコ,HYOKO,,,,37.833,139.237,9,,,,,,,1,0,0,0,0,,0,2014/7/23,9999-99-99,54301,1,1,1,1,1,,1
54311,赤谷,アカダニ,AKADANI,,,,37.835,139.418,120,,,,,,,1,0,0,0,0,,0,1976/7/30,1987/12/6,54311,1,1,1,1,1,,1
54311,赤谷,アカダニ,AKADANI,,,,37.835,139.415,135,,,,,,,1,0,0,0,0,,0,1987/12/7,9999-99-99,54311,0,0,0,0,0,,0
54341,巻,マキ,MAKI,,,,37.763,138.91,2,,,,,,,1,0,0,0,0,,0,1974/11/1,1978/11/21,54341,1,1,1,1,1,,1
54341,巻,マキ,MAKI,,,,37.763,138.91,2,6.5,,,,,,1,1,1,1,0,,0,1978/11/22,1987/10/8,54341,0,0,0,0,0,,0
54341,巻,マキ,MAKI,,,,37.763,138.91,2,6.5,,,,,,1,1,1,1,0,,0,1987/10/9,2009/1/19,54341,0,0,0,1,0,,0
54341,巻,マキ,MAKI,,,,37.768,138.913,2,10,,,,,,1,1,1,1,0,,0,2009/1/20,2021/3/1,54341,0,4,4,4,0,,0
54341,巻,マキ,MAKI,,,,37.768,138.913,2,10,,,,,,1,1,1,2,0,,0,2021/3/2,9999-99-99,54341,0,0,0,6,0,,0
54356,宝珠山,ホウシュサン,HOSHUSAN,,,,37.778,139.288,200,,,,,,,1,0,0,0,0,,0,1974/11/1,2009/11/2,54356,1,1,1,1,1,,1
54386,寺泊,テラドマリ,TERADOMARI,,,,37.643,138.768,2,,,,,,,1,0,0,0,0,,0,1974/11/1,1978/12/21,54386,1,1,1,1,1,,1
54386,寺泊,テラドマリ,TERADOMARI,,,,37.643,138.768,2,6.5,,,,,,1,1,1,1,0,,0,1978/12/22,1987/10/8,54386,0,0,0,0,0,,0
54386,寺泊,テラドマリ,TERADOMARI,,,,37.643,138.768,2,6.5,,,,,,1,1,1,1,0,,0,1987/10/9,2001/8/10,54386,0,0,0,1,0,,0
54387,寺泊,テラドマリ,TERADOMARI,,,,37.638,138.767,44,7.9,,,,,,1,1,1,1,0,,0,2001/8/10,2005/12/31,54387,1,1,1,1,1,,1
54387,寺泊,テラドマリ,TERADOMARI,,,,37.64,138.767,44,7.9,,,,,,1,1,1,1,0,,0,2006/1/1,2009/1/21,54387,0,0,0,0,0,,0
54387,寺泊,テラドマリ,TERADOMARI,,,,37.64,138.767,44,7.9,,,,,,1,1,1,1,0,,0,2009/1/22,2021/3/1,54387,0,4,4,4,0,,0
54387,寺泊,テラドマリ,TERADOMARI,,,,37.64,138.767,44,7.9,,,,,,1,1,1,2,0,,0,2021/3/2,9999-99-99,54387,0,0,0,6,0,,0
54396,三条,サンジョウ,SANJO,,,,37.64,138.955,9,,,,,,,1,0,0,0,0,,0,1974/11/1,1978/11/19,54396,1,1,1,1,1,,1
54396,三条,サンジョウ,SANJO,,,,37.64,138.955,9,12.5,,,,,,1,1,1,1,0,,0,1978/11/20,1987/11/8,54396,0,0,0,0,0,,0
54396,三条,サンジョウ,SANJO,,,,37.64,138.955,9,12.5,,,,,,1,1,1,1,0,,0,1987/11/9,2006/11/1,54396,0,0,0,1,0,,0
54396,三条,サンジョウ,SANJO,,,,37.64,138.955,9,12.5,,,,,,1,1,1,1,0,,0,2006/11/2,2008/11/4,54396,0,0,0,4,0,,0
54396,三条,サンジョウ,SANJO,,,,37.64,138.955,9,12.5,,,,,,1,1,1,1,0,,0,2008/11/5,2021/3/1,54396,0,4,4,0,0,,0
54396,三条,サンジョウ,SANJO,,,,37.64,138.955,9,12.5,,,,,,1,1,1,2,0,,0,2021/3/2,2023/10/25,54396,0,0,0,6,0,,0
54396,三条,サンジョウ,SANJO,,,,37.64,138.955,9,12.5,,,,,,1,1,1,2,0,,1,2023/10/26,9999-99-99,54396,0,0,0,0,0,,0
54406,村松,ムラマツ,MURAMATSU,,,,37.697,139.188,25,,,,,,,1,0,0,0,0,,0,1974/11/1,9999-99-99,54406,1,1,1,1,1,,1
54421,津川,ツガワ,TSUGAWA,,,,37.673,139.463,62,,,,,,,1,0,0,0,0,,0,1974/11/1,1978/11/20,54421,1,1,1,1,1,,1
54421,津川,ツガワ,TSUGAWA,,,,37.673,139.463,62,11.7,,,,,,1,1,1,1,0,,0,1978/11/21,1980/10/29,54421,0,0,0,0,0,,0
54421,津川,ツガワ,TSUGAWA,津川,ツガワ,TSUGAWA,37.673,139.463,62,11.7,,,37.672,139.462,62,1,1,1,1,1,,0,1980/10/30,1986/11/3,54421,0,0,0,0,0,,0
54421,津川,ツガワ,TSUGAWA,津川,ツガワ,TSUGAWA,37.673,139.463,62,11.7,,,37.672,139.462,62,1,1,1,1,1,,0,1986/11/4,1995/12/6,54421,0,0,0,1,0,,0
54421,津川,ツガワ,TSUGAWA,津川,ツガワ,TSUGAWA,37.672,139.447,100,9.6,,,37.672,139.462,62,1,1,1,1,1,,0,1995/12/7,1996/10/24,54421,0,0,0,0,0,,0
54421,津川,ツガワ,TSUGAWA,津川,ツガワ,TSUGAWA,37.672,139.447,100,9.6,,,37.672,139.447,100,1,1,1,1,1,,0,1996/10/25,1998/3/30,54421,0,0,0,0,0,,0
54421,津川,ツガワ,TSUGAWA,津川,ツガワ,TSUGAWA,37.672,139.447,100,9.6,,,37.672,139.447,100,1,1,1,1,1,,0,1998/3/31,2007/12/17,54421,0,0,0,0,0,,0
54421,津川,ツガワ,TSUGAWA,津川,ツガワ,TSUGAWA,37.672,139.447,100,9.6,,,37.672,139.447,100,1,1,1,1,1,,0,2007/12/18,2008/3/25,54421,0,0,0,4,0,,0
54421,津川,ツガワ,TSUGAWA,津川,ツガワ,TSUGAWA,37.672,139.447,100,9.6,,,37.672,139.447,100,1,1,1,1,1,,0,2008/3/26,2021/3/1,54421,0,4,4,0,0,,0
54421,津川,ツガワ,TSUGAWA,津川,ツガワ,TSUGAWA,37.672,139.447,100,9.6,,,37.672,139.447,100,1,1,1,2,1,,0,2021/3/2,9999-99-99,54421,0,0,0,6,0,,0
54461,粟ヶ岳,アワガタケ,AWAGATAKE,,,,37.58,139.135,242,,,,,,,1,0,0,0,0,,0,1974/11/1,1982/11/5,54461,1,1,1,1,1,,1
54462,宮寄上,ミヤヨリカミ,MIYAYORIKAMI,,,,37.58,139.14,125,,,,,,,1,0,0,0,0,,0,1983/6/29,9999-99-99,54462,1,1,1,1,1,,1
54471,鍵取,カギトリ,KAGITORI,,,,37.57,139.383,150,,,,,,,1,0,0,0,0,,0,1976/6/15,1993/1/27,54471,1,1,1,1,1,,1
54472,室谷,ムロヤ,MUROYA,,,,37.55,139.37,200,,,,,,,1,0,0,0,0,,0,1993/1/2,9999-99-99,54472,1,1,1,1,1,,1
54501,長岡,ナガオカ,NAGAOKA,,,,37.455,138.843,23,,,,,,,1,0,0,0,0,,0,1974/11/1,1976/2/23,54501,1,1,1,1,1,,1
54501,長岡,ナガオカ,NAGAOKA,,,,37.455,138.843,23,8.5,,,,,,1,1,1,1,0,,0,1976/2/24,1980/10/30,54501,0,0,0,0,0,,0
54501,長岡,ナガオカ,NAGAOKA,長岡,ナガオカ,NAGAOKA,37.455,138.843,23,8.5,,,37.455,138.843,23,1,1,1,1,1,,0,1980/10/31,1987/11/5,54501,0,0,0,0,0,,0
54501,長岡,ナガオカ,NAGAOKA,長岡,ナガオカ,NAGAOKA,37.455,138.843,23,8.5,,,37.455,138.843,23,1,1,1,1,1,,0,1987/11/6,1999/12/9,54501,0,0,0,1,0,,0
54501,長岡,ナガオカ,NAGAOKA,長岡,ナガオカ,NAGAOKA,37.45,138.823,23,9.5,,,37.45,138.823,23,1,1,1,1,1,,0,1999/12/9,2006/10/30,54501,0,0,0,0,0,,0
54501,長岡,ナガオカ,NAGAOKA,長岡,ナガオカ,NAGAOKA,37.45,138.823,23,9.5,,,37.45,138.823,23,1,1,1,1,1,,0,2006/10/31,2008/11/6,54501,0,0,0,4,0,,0
54501,長岡,ナガオカ,NAGAOKA,長岡,ナガオカ,NAGAOKA,37.45,138.823,23,9.5,,,37.45,138.823,23,1,1,1,1,1,,0,2008/11/7,2021/3/1,54501,0,4,4,0,0,,0
54501,長岡,ナガオカ,NAGAOKA,長岡,ナガオカ,NAGAOKA,37.45,138.823,23,9.5,,,37.45,138.823,23,1,1,1,2,1,,0,2021/3/2,2023/10/23,54501,0,0,0,6,0,,0
54501,長岡,ナガオカ,NAGAOKA,長岡,ナガオカ,NAGAOKA,37.45,138.823,23,9.5,,,37.45,138.823,23,1,1,1,2,1,,1,2023/10/24,9999-99-99,54501,0,0,0,0,0,,0
54506,栃尾,トチオ,TOCHIO,,,,37.475,138.992,83,,,,,,,1,0,0,0,0,,0,1974/11/1,9999-99-99,54506,1,1,1,1,1,,1
54511,守門岳,スモンダケ,SUMONDAKE,,,,37.405,139.09,737,,,,,,,1,0,0,0,0,,0,1974/11/1,2009/11/2,54511,1,1,1,1,1,,1
54541,柏崎,カシワザキ,KASHIWAZAKI,,,,37.352,138.553,7,,,,,,,1,0,0,0,0,,0,1974/11/1,1978/11/14,54541,1,1,1,1,1,,1
54541,柏崎,カシワザキ,KASHIWAZAKI,,,,37.352,138.553,7,6.5,,,,,,1,1,1,1,0,,0,1978/11/15,1980/10/30,54541,0,0,0,0,0,,0
54541,柏崎,カシワザキ,KASHIWAZAKI,柏崎,カシワザキ,KASHIWAZAKI,37.352,138.553,7,6.5,,,37.352,138.553,7,1,1,1,1,1,,0,1980/10/31,1988/6/21,54541,0,0,0,0,0,,0
54541,柏崎,カシワザキ,KASHIWAZAKI,柏崎,カシワザキ,KASHIWAZAKI,37.352,138.553,7,6.5,,,37.352,138.553,7,1,1,1,1,1,,0,1988/6/22,2007/12/20,54541,0,0,0,1,0,,0
54541,柏崎,カシワザキ,KASHIWAZAKI,柏崎,カシワザキ,KASHIWAZAKI,37.352,138.553,7,6.5,,,37.352,138.553,7,1,1,1,1,1,,0,2007/12/21,2008/3/25,54541,0,0,0,4,0,,0
54541,柏崎,カシワザキ,KASHIWAZAKI,柏崎,カシワザキ,KASHIWAZAKI,37.352,138.553,7,6.5,,,37.352,138.553,7,1,1,1,1,1,,0,2008/3/26,2010/3/25,54541,0,4,4,0,0,,0
54541,柏崎,カシワザキ,KASHIWAZAKI,柏崎,カシワザキ,KASHIWAZAKI,37.352,138.553,7,10,,,37.352,138.553,7,1,1,1,1,1,,0,2010/3/26,2021/3/1,54541,0,0,0,0,0,,0
54541,柏崎,カシワザキ,KASHIWAZAKI,柏崎,カシワザキ,KASHIWAZAKI,37.352,138.553,7,10,,,37.352,138.553,7,1,1,1,2,1,,0,2021/3/2,2021/3/15,54541,0,0,0,6,0,,0
54541,柏崎,カシワザキ,KASHIWAZAKI,柏崎,カシワザキ,KASHIWAZAKI,37.352,138.553,7,10,,,37.352,138.553,7,1,1,1,2,1,,1,2021/3/16,9999-99-99,54541,0,0,0,0,0,,0
54566,入広瀬,イリヒロセ,IRIHIROSE,,,,37.357,139.072,230,,,,,,,1,0,0,0,0,,0,1975/5/14,1978/11/16,54566,1,1,1,1,1,,1
54566,入広瀬,イリヒロセ,IRIHIROSE,,,,37.357,139.072,230,16.7,,,,,,1,1,1,1,0,,0,1978/11/17,1980/10/30,54566,0,0,0,0,0,,0
54566,入広瀬,イリヒロセ,IRIHIROSE,入広瀬,イリヒロセ,IRIHIROSE,37.357,139.072,230,16.7,,,37.357,139.072,230,1,1,1,1,1,,0,1980/10/31,1986/3/6,54566,0,0,0,0,0,,0
54566,入広瀬,イリヒロセ,IRIHIROSE,入広瀬,イリヒロセ,IRIHIROSE,37.357,139.072,230,16.7,,,37.357,139.072,230,1,1,1,1,1,,0,1986/3/7,2009/9/28,54566,0,0,0,1,0,,0
54566,入広瀬,イリヒロセ,IRIHIROSE,入広瀬,イリヒロセ,IRIHIROSE,37.357,139.072,230,16.7,,,37.357,139.072,230,1,1,1,1,1,,0,2009/9/29,2013/12/16,54566,0,4,4,4,0,,0
54566,守門,スモン,SUMON,守門,スモン,SUMON,37.347,139.043,222,10,,,37.347,139.043,222,1,1,1,1,1,,0,2013/12/17,2021/3/1,54566,0,0,0,0,0,,0
54566,守門,スモン,SUMON,守門,スモン,SUMON,37.347,139.043,222,10,,,37.347,139.043,222,1,1,1,2,1,,0,2021/3/2,9999-99-99,54566,0,0,0,6,0,,0
54586,大潟,オオガタ,OGATA,,,,37.23,138.33,20,6.5,,,,,,1,1,1,1,0,,0,1978/11/14,1987/4/5,54586,1,1,1,1,1,,1
54586,大潟,オオガタ,OGATA,,,,37.23,138.33,20,6.5,,,,,,1,1,1,1,0,,0,1987/4/6,1995/3/19,54586,0,0,0,1,0,,0
54586,大潟,オオガタ,OGATA,,,,37.232,138.333,33,15.4,,,,,,1,1,1,1,0,,0,1995/3/20,1998/3/30,54586,0,0,0,0,0,,0
54586,大潟,オオガタ,OGATA,,,,37.232,138.333,34,15.4,,,,,,1,1,1,1,0,,0,1998/3/31,2009/3/3,54586,0,0,0,0,0,,0
54586,大潟,オオガタ,OGATA,,,,37.232,138.333,34,15.4,,,,,,1,1,1,1,0,,0,2009/3/4,2011/1/17,54586,0,4,4,4,0,,0
54586,大潟,オオガタ,OGATA,,,,37.225,138.325,13,10,,,,,,1,1,1,1,0,,0,2011/1/18,2021/3/1,54586,0,0,0,0,0,,0
54586,大潟,オオガタ,OGATA,,,,37.225,138.325,13,10,,,,,,1,1,1,2,0,,0,2021/3/2,2021/11/18,54586,0,0,0,6,0,,0
54586,大潟,オオガタ,OGATA,,,,37.225,138.325,13,10,,,,,,1,1,1,2,0,,1,2021/11/19,9999-99-99,54586,0,0,0,0,0,,0
54596,桜坂峠,サクラザカトウゲ,SAKURAZAKATOGE,,,,37.212,138.527,470,,,,,,,1,0,0,0,0,,0,1974/11/1,1984/10/29,54596,1,1,1,1,1,,1
54606,小国,オグニ,OGUNI,,,,37.292,138.702,83,,,,,,,1,0,0,0,0,,0,1977/6/21,9999-99-99,54606,1,1,1,1,1,,1
54616,小出,コイデ,KOIDE,,,,37.238,138.962,98,,,,,,,1,0,0,0,0,,0,1974/11/1,1978/11/16,54616,1,1,1,1,1,,1
54616,小出,コイデ,KOIDE,,,,37.238,138.962,98,8.5,,,,,,1,1,1,1,0,,0,1978/11/17,1980/10/30,54616,0,0,0,0,0,,0
54616,小出,コイデ,KOIDE,小出,コイデ,KOIDE,37.238,138.962,98,8.5,,,37.238,138.962,98,1,1,1,1,1,,0,1980/10/31,1988/8/24,54616,0,0,0,0,0,,0
54616,小出,コイデ,KOIDE,小出,コイデ,KOIDE,37.238,138.962,98,8.5,,,37.238,138.962,98,1,1,1,1,1,,0,1988/8/25,2009/9/3,54616,0,0,0,1,0,,0
54616,小出,コイデ,KOIDE,小出,コイデ,KOIDE,37.238,138.962,98,8.5,,,37.238,138.962,98,1,1,1,1,1,,0,2009/9/4,2013/12/18,54616,0,4,4,4,0,,0
54616,小出,コイデ,KOIDE,小出,コイデ,KOIDE,37.227,138.963,98,10,,,37.227,138.963,98,1,1,1,1,1,,0,2013/12/19,2021/3/1,54616,0,0,0,0,0,,0
54616,小出,コイデ,KOIDE,小出,コイデ,KOIDE,37.227,138.963,98,10,,,37.227,138.963,98,1,1,1,2,1,,0,2021/3/2,9999-99-99,54616,0,0,0,6,0,,0
54621,大湯,オオユ,OYU,,,,37.205,139.062,240,,,,,,,1,0,0,0,0,,0,1981/6/1,9999-99-99,54621,1,1,1,1,1,,1
54651,高田,タカダ,TAKADA,,,,37.107,138.247,13,,,,,,,1,0,0,0,0,,0,1974/11/1,1975/3/10,54651,1,1,1,1,1,,1
54651,高田,タカダ,TAKADA,,,,37.107,138.247,13,12.2,,,,,,1,1,1,1,0,,0,1975/3/11,1985/12/31,54651,0,0,0,0,0,,0
54651,高田,タカダ,TAKADA,,,,37.107,138.247,13,12.2,,,,,,1,1,1,1,0,,0,1986/1/1,1998/2/28,54651,0,0,0,1,0,,0
54651,高田,タカダ,TAKADA,高田,タカダ,TAKADA,37.107,138.247,13,12.2,,,37.107,138.247,13,1,1,1,1,1,,0,1998/3/1,1998/3/30,54651,0,0,0,0,0,,0
54651,高田,タカダ,TAKADA,高田,タカダ,TAKADA,37.107,138.247,13,16.6,,,37.107,138.247,13,1,1,1,1,1,,0,1998/3/31,2008/3/25,54651,0,0,0,0,0,,0
54651,高田,タカダ,TAKADA,高田,タカダ,TAKADA,37.107,138.247,13,16.6,,,37.107,138.247,13,1,1,1,1,1,,0,2008/3/26,2011/11/23,54651,0,4,4,0,0,,0
54651,高田,タカダ,TAKADA,高田,タカダ,TAKADA,37.107,138.247,13,17,,,37.107,138.247,13,1,1,1,1,1,,0,2011/11/24,2014/10/21,54651,0,0,0,0,0,,0
54651,高田,タカダ,TAKADA,高田,タカダ,TAKADA,37.107,138.247,13,18,,,37.107,138.247,13,1,1,1,1,1,,0,2014/10/22,2021/3/1,54651,0,0,0,0,0,,0
54651,高田,タカダ,TAKADA,高田,タカダ,TAKADA,37.107,138.247,13,18,,,37.107,138.247,13,1,1,1,1,1,,1,2021/3/2,9999-99-99,54651,0,0,0,0,0,,0
54661,安塚,ヤスヅカ,YASUZUKA,,,,37.108,138.462,135,,,,,,,1,0,0,0,0,,0,1974/11/1,1978/11/14,54661,1,1,1,1,1,,1
54661,安塚,ヤスヅカ,YASUZUKA,,,,37.108,138.462,135,17.8,,,,,,1,1,1,1,0,,0,1978/11/15,1980/10/30,54661,0,0,0,0,0,,0
54661,安塚,ヤスヅカ,YASUZUKA,安塚,ヤスヅカ,YASUZUKA,37.108,138.462,135,17.8,,,37.108,138.462,135,1,1,1,1,1,,0,1980/10/31,1988/8/23,54661,0,0,0,0,0,,0
54661,安塚,ヤスヅカ,YASUZUKA,安塚,ヤスヅカ,YASUZUKA,37.108,138.462,135,17.8,,,37.108,138.462,135,1,1,1,1,1,,0,1988/8/24,1996/12/2,54661,0,0,0,1,0,,0
54661,安塚,ヤスヅカ,YASUZUKA,安塚,ヤスヅカ,YASUZUKA,37.107,138.457,126,6.5,,,37.108,138.462,135,1,1,1,1,1,,0,1996/12/3,1996/12/12,54661,0,0,0,0,0,,0
54661,安塚,ヤスヅカ,YASUZUKA,安塚,ヤスヅカ,YASUZUKA,37.107,138.457,126,6.5,,,37.107,138.457,126,1,1,1,1,1,,0,1996/12/13,2009/9/7,54661,0,0,0,0,0,,0
54661,安塚,ヤスヅカ,YASUZUKA,安塚,ヤスヅカ,YASUZUKA,37.107,138.457,126,6.5,,,37.107,138.457,126,1,1,1,1,1,,0,2009/9/8,2021/3/1,54661,0,4,4,4,0,,0
54661,安塚,ヤスヅカ,YASUZUKA,安塚,ヤスヅカ,YASUZUKA,37.107,138.457,126,6.5,,,37.107,138.457,126,1,1,1,2,1,,0,2021/3/2,9999-99-99,54661,0,0,0,6,0,,0
54666,川谷,カワダニ,KAWADANI,,,,37.2,138.517,215,,,,,,,1,0,0,0,0,,0,1985/6/14,1990/7/16,54666,1,1,1,1,1,,1
54666,川谷,カワダニ,KAWADANI,,,,37.2,138.517,206,,,,,,,1,0,0,0,0,,0,1990/7/17,9999-99-99,54666,0,0,0,0,0,,0
54671,松代,マツダイ,MATSUDAI,,,,37.132,138.607,210,,,,,,,1,0,0,0,0,,0,1977/6/21,9999-99-99,54671,1,1,1,1,1,,1
54676,十日町,トオカマチ,TOKAMACHI,,,,37.143,138.727,170,,,,,,,1,0,0,0,0,,0,1974/11/1,1978/11/15,54676,1,1,1,1,1,,1
54676,十日町,トオカマチ,TOKAMACHI,,,,37.143,138.727,170,8.5,,,,,,1,1,1,1,0,,0,1978/11/16,1980/10/30,54676,0,0,0,0,0,,0
54676,十日町,トオカマチ,TOKAMACHI,十日町,トオカマチ,TOKAMACHI,37.143,138.727,170,8.5,,,37.143,138.727,170,1,1,1,1,1,,0,1980/10/31,1988/4/10,54676,0,0,0,0,0,,0
54676,十日町,トオカマチ,TOKAMACHI,十日町,トオカマチ,TOKAMACHI,37.143,138.727,170,8.5,,,37.143,138.727,170,1,1,1,1,1,,0,1988/4/11,2009/9/14,54676,0,0,0,1,0,,0
54676,十日町,トオカマチ,TOKAMACHI,十日町,トオカマチ,TOKAMACHI,37.143,138.727,170,10,,,37.143,138.727,170,1,1,1,1,1,,0,2009/9/15,2021/3/1,54676,0,4,4,4,0,,0
54676,十日町,トオカマチ,TOKAMACHI,十日町,トオカマチ,TOKAMACHI,37.143,138.727,170,10,,,37.143,138.727,170,1,1,1,2,1,,0,2021/3/2,9999-99-99,54676,0,0,0,6,0,,0
54696,枝折峠,シオリトウゲ,SHIORITOGE,,,,37.155,139.13,1060,,,,,,,1,0,0,0,0,,0,1974/11/1,1980/10/24,54696,1,1,1,1,1,,1
54711,糸魚川,イトイガワ,ITOIGAWA,,,,37.008,137.887,70,,,,,,,1,0,0,0,0,,0,1974/11/1,1978/11/12,54711,1,1,1,1,1,,1
54711,糸魚川,イトイガワ,ITOIGAWA,,,,37.008,137.887,70,14.3,,,,,,1,1,1,1,0,,0,1978/11/13,1987/12/2,54711,0,0,0,0,0,,0
54711,糸魚川,イトイガワ,ITOIGAWA,,,,37.038,137.862,10,18.3,,,,,,1,1,1,1,0,,0,1987/12/3,2009/3/5,54711,0,0,0,1,0,,0
54711,糸魚川,イトイガワ,ITOIGAWA,,,,37.038,137.862,10,18.3,,,,,,1,1,1,1,0,,0,2009/3/6,2013/6/24,54711,0,4,4,4,0,,0
54711,糸魚川,イトイガワ,ITOIGAWA,,,,37.043,137.875,8,10,,,,,,1,1,1,1,0,,0,2013/6/25,2021/3/1,54711,0,0,0,0,0,,0
54711,糸魚川,イトイガワ,ITOIGAWA,,,,37.043,137.875,8,10,,,,,,1,1,1,2,0,,0,2021/3/2,9999-99-99,54711,0,0,0,6,0,,0
54721,能生,ノウ,NO,,,,37.083,138.023,55,,,,,,,1,0,0,0,0,,0,1974/11/1,1978/11/12,54721,1,1,1,1,1,,1
54721,能生,ノウ,NO,,,,37.083,138.023,55,6.5,,,,,,1,1,1,1,0,,0,1978/11/13,1980/10/30,54721,0,0,0,0,0,,0
54721,能生,ノウ,NO,能生,ノウ,NO,37.083,138.023,55,6.5,,,37.083,138.023,55,1,1,1,1,1,,0,1980/10/31,1987/8/16,54721,0,0,0,0,0,,0
54721,能生,ノウ,NO,能生,ノウ,NO,37.083,138.023,55,6.5,,,37.083,138.023,55,1,1,1,1,1,,0,1987/8/17,2007/12/25,54721,0,0,0,1,0,,0
54721,能生,ノウ,NO,能生,ノウ,NO,37.083,138.023,55,6.5,,,37.083,138.023,55,1,1,1,1,1,,0,2007/12/26,2008/3/25,54721,0,0,0,4,0,,0
54721,能生,ノウ,NO,能生,ノウ,NO,37.083,138.023,55,6.5,,,37.083,138.023,55,1,1,1,1,1,,0,2008/3/26,2011/11/17,54721,0,4,4,0,0,,0
54721,能生,ノウ,NO,能生,ノウ,NO,37.083,138.023,55,10.2,,,37.083,138.023,55,1,1,1,1,1,,0,2011/11/18,2021/3/1,54721,0,0,0,0,0,,0
54721,能生,ノウ,NO,能生,ノウ,NO,37.083,138.023,55,10.2,,,37.083,138.023,55,1,1,1,2,1,,0,2021/3/2,2022/8/21,54721,0,0,0,6,0,,0
54721,能生,ノウ,NO,能生,ノウ,NO,37.083,138.023,55,10.3,,,37.083,138.023,55,1,1,1,2,1,,0,2022/8/22,9999-99-99,54721,0,0,0,0,0,,0
54736,光ケ原,ヒカリガハラ,HIKARIGAHARA,,,,37.005,138.372,805,,,,,,,1,0,0,0,0,,0,1974/11/1,1984/10/24,54736,1,1,1,1,1,,1
54737,筒方,ドウガタ,DOGATA,,,,37.03,138.343,255,,,,,,,1,0,0,0,0,,0,1985/6/14,9999-99-99,54737,1,1,1,1,1,,1
54756,大沢峠,オオサワトウゲ,OSAWATOGE,,,,37.038,138.787,673,,,,,,,1,0,0,0,0,,0,1974/11/1,1982/10/27,54756,1,1,1,1,1,,1
54761,塩沢,シオザワ,SHIOZAWA,,,,37.038,138.847,195,,,,,,,1,0,0,0,0,,0,1983/6/14,9999-99-99,54761,1,1,1,1,1,,1
54816,関山,セキヤマ,SEKIYAMA,,,,36.933,138.228,335,,,,,,,1,0,0,0,0,,0,1975/5/14,1978/11/13,54816,1,1,1,1,1,,1
54816,関山,セキヤマ,SEKIYAMA,,,,36.933,138.228,335,6.5,,,,,,1,1,1,1,0,,0,1978/11/14,1980/10/30,54816,0,0,0,0,0,,0
54816,関山,セキヤマ,SEKIYAMA,関山,セキヤマ,SEKIYAMA,36.933,138.228,335,6.5,,,36.933,138.228,335,1,1,1,1,1,,0,1980/10/31,1987/8/23,54816,0,0,0,0,0,,0
54816,関山,セキヤマ,SEKIYAMA,関山,セキヤマ,SEKIYAMA,36.933,138.228,335,6.5,,,36.933,138.228,335,1,1,1,1,1,,0,1987/8/24,1993/10/24,54816,0,0,0,1,0,,0
54816,関山,セキヤマ,SEKIYAMA,関山,セキヤマ,SEKIYAMA,36.933,138.222,350,6.5,,,36.933,138.222,350,1,1,1,1,1,,0,1993/10/25,2009/9/10,54816,0,0,0,0,0,,0
54816,関山,セキヤマ,SEKIYAMA,関山,セキヤマ,SEKIYAMA,36.933,138.222,350,10,,,36.933,138.222,350,1,1,1,1,1,,0,2009/9/11,2021/3/1,54816,0,4,4,4,0,,0
54816,関山,セキヤマ,SEKIYAMA,関山,セキヤマ,SEKIYAMA,36.933,138.222,350,10,,,36.933,138.222,350,1,1,1,2,1,,0,2021/3/2,9999-99-99,54816,0,0,0,6,0,,0
54836,津南,ツナン,TSUNAN,,,,36.997,138.683,452,,,,,,,1,0,0,0,0,,0,1974/11/1,1978/11/15,54836,1,1,1,1,1,,1
54836,津南,ツナン,TSUNAN,,,,36.997,138.683,452,8.5,,,,,,1,1,1,1,0,,0,1978/11/16,1987/4/15,54836,0,0,0,0,0,,0
54836,津南,ツナン,TSUNAN,,,,36.997,138.683,452,8.5,,,,,,1,1,1,1,0,,0,1987/4/16,1989/10/19,54836,0,0,0,1,0,,0
54836,津南,ツナン,TSUNAN,津南,ツナン,TSUNAN,36.997,138.683,452,8.5,,,36.997,138.683,452,1,1,1,1,1,,0,1989/10/20,2008/11/10,54836,0,0,0,0,0,,0
54836,津南,ツナン,TSUNAN,津南,ツナン,TSUNAN,36.997,138.683,452,8.5,,,36.997,138.683,452,1,1,1,1,1,,0,2008/11/11,2010/8/25,54836,0,4,4,4,0,,0
54836,津南,ツナン,TSUNAN,津南,ツナン,TSUNAN,36.997,138.683,452,10,,,36.997,138.683,452,1,1,1,1,1,,0,2010/8/26,2021/3/1,54836,0,0,0,0,0,,0
54836,津南,ツナン,TSUNAN,津南,ツナン,TSUNAN,36.997,138.683,452,10,,,36.997,138.683,452,1,1,1,2,1,,0,2021/3/2,9999-99-99,54836,0,0,0,6,0,,0
54841,湯沢,ユザワ,YUZAWA,,,,36.942,138.81,340,,,,,,,1,0,0,0,0,,0,1974/11/1,1978/11/17,54841,1,1,1,1,1,,1
54841,湯沢,ユザワ,YUZAWA,,,,36.942,138.81,340,8.5,,,,,,1,1,1,1,0,,0,1978/11/18,1982/10/14,54841,0,0,0,0,0,,0
54841,湯沢,ユザワ,YUZAWA,湯沢,ユザワ,YUZAWA,36.942,138.81,340,8.5,,,36.942,138.81,340,1,1,1,1,1,,0,1982/10/15,1988/11/9,54841,0,0,0,0,0,,0
54841,湯沢,ユザワ,YUZAWA,湯沢,ユザワ,YUZAWA,36.942,138.81,340,8.5,,,36.942,138.81,340,1,1,1,1,1,,0,1988/11/10,2009/9/17,54841,0,0,0,1,0,,0
54841,湯沢,ユザワ,YUZAWA,湯沢,ユザワ,YUZAWA,36.942,138.81,340,10,,,36.942,138.81,340,1,1,1,1,1,,0,2009/9/18,2021/3/1,54841,0,4,4,4,0,,0
54841,湯沢,ユザワ,YUZAWA,湯沢,ユザワ,YUZAWA,36.942,138.81,340,10,,,36.942,138.81,340,1,1,1,2,1,,0,2021/3/2,9999-99-99,54841,0,0,0,6,0,,0
54876,平岩,ヒライワ,HIRAIWA,,,,36.887,137.863,260,,,,,,,1,0,0,0,0,,0,1978/11/10,2022/11/20,54876,1,1,1,1,1,,1
54876,平岩,ヒライワ,HIRAIWA,,,,36.88,137.867,281,,,,,,,1,0,0,0,0,,0,2022/11/21,9999-99-99,54876,0,0,0,0,0,,0
54891,袴岳,ハカマダケ,HAKAMADAKE,,,,36.87,138.277,850,,,,,,,1,0,0,0,0,,0,1974/11/1,1984/10/31,54891,1,1,1,1,1,,1
54892,樽本,タルモト,TARUMOTO,,,,36.89,138.275,625,,,,,,,1,0,0,0,0,,0,1985/6/13,2019/10/23,54892,1,1,1,1,1,,1
54892,樽本,タルモト,TARUMOTO,,,,36.883,138.275,639,,,,,,,1,0,0,0,0,,0,2019/10/24,2020/1/27,54892,0,0,0,0,0,,0
54892,樽本,タルモト,TARUMOTO,,,,36.89,138.275,633,,,,,,,1,0,0,0,0,,0,2020/1/28,9999-99-99,54892,0,0,0,0,0,,0
55021,泊,トマリ,TOMARI,,,,36.952,137.552,13,,,,,,,1,0,0,0,0,,0,1974/11/1,1978/11/15,55021,1,1,1,1,1,,1
55021,泊,トマリ,TOMARI,,,,36.952,137.552,13,20.8,,,,,,1,1,1,1,0,,0,1978/11/16,1980/10/28,55021,0,0,0,0,0,,0
55021,泊,トマリ,TOMARI,泊,トマリ,TOMARI,36.952,137.552,13,20.8,,,36.952,137.552,13,1,1,1,1,1,,0,1980/10/29,1987/8/19,55021,0,0,0,0,0,,0
55021,泊,トマリ,TOMARI,泊,トマリ,TOMARI,36.952,137.552,13,20.8,,,36.952,137.552,13,1,1,1,1,1,,0,1987/8/20,2006/11/27,55021,0,0,0,1,0,,0
55021,泊,トマリ,TOMARI,泊,トマリ,TOMARI,36.952,137.552,13,20.8,,,36.952,137.552,13,1,1,1,1,1,,0,2006/11/28,2008/11/10,55021,0,0,0,4,0,,0
55021,泊,トマリ,TOMARI,泊,トマリ,TOMARI,36.952,137.552,13,20.8,,,36.952,137.552,13,1,1,1,1,1,,0,2008/11/11,2017/9/26,55021,0,4,4,0,0,,0
55022,朝日,アサヒ,ASAHI,朝日,アサヒ,ASAHI,36.937,137.563,43,10.1,,,36.937,137.563,43,1,1,1,1,1,,0,2017/9/27,2021/3/1,55021,0,5,0,0,0,,0
55022,朝日,アサヒ,ASAHI,朝日,アサヒ,ASAHI,36.937,137.563,43,10.1,,,36.937,137.563,43,1,1,1,2,1,,0,2021/3/2,2021/3/14,55022,0,0,0,6,0,,0
55022,朝日,アサヒ,ASAHI,朝日,アサヒ,ASAHI,36.937,137.563,43,10.1,,,36.937,137.563,43,1,1,1,2,1,,1,2021/3/15,9999-99-99,55022,0,0,0,0,0,,0
55041,氷見,ヒミ,HIMI,,,,36.865,136.942,8,6.5,,,,,,1,1,1,1,0,,0,1978/11/18,1981/9/9,55041,1,1,1,1,1,,1
55041,氷見,ヒミ,HIMI,,,,36.863,136.96,7,6.5,,,,,,1,1,1,1,0,,0,1981/9/10,1986/8/6,55041,0,0,0,0,0,,0
55041,氷見,ヒミ,HIMI,,,,36.863,136.96,7,6.5,,,,,,1,1,1,1,0,,0,1986/8/7,1989/10/30,55041,0,0,0,1,0,,0
55041,氷見,ヒミ,HIMI,氷見,ヒミ,HIMI,36.863,136.96,7,6.5,,,36.863,136.96,7,1,1,1,1,1,,0,1989/10/31,2008/1/10,55041,0,0,0,0,0,,0
55041,氷見,ヒミ,HIMI,氷見,ヒミ,HIMI,36.863,136.96,7,6.5,,,36.863,136.96,7,1,1,1,1,1,,0,2008/1/11,2008/3/25,55041,0,0,0,4,0,,0
55041,氷見,ヒミ,HIMI,氷見,ヒミ,HIMI,36.863,136.96,7,6.5,,,36.863,136.96,7,1,1,1,1,1,,0,2008/3/26,2010/3/16,55041,0,4,4,0,0,,0
55041,氷見,ヒミ,HIMI,氷見,ヒミ,HIMI,36.863,136.96,7,10.2,,,36.863,136.96,7,1,1,1,1,1,,0,2010/3/17,2021/3/1,55041,0,0,0,0,0,,0
55041,氷見,ヒミ,HIMI,氷見,ヒミ,HIMI,36.863,136.96,7,10.2,,,36.863,136.96,7,1,1,1,2,1,,0,2021/3/2,2023/10/18,55041,0,0,0,6,0,,0
55041,氷見,ヒミ,HIMI,氷見,ヒミ,HIMI,36.825,136.968,1,10.2,,,36.825,136.968,1,1,1,1,2,1,,0,2023/10/19,9999-99-99,55041,0,0,0,0,0,,0
55056,魚津,ウオヅ,UOZU,,,,36.822,137.428,48,,,,,,,1,0,0,0,0,,0,1974/11/1,1978/11/15,55056,1,1,1,1,1,,1
55056,魚津,ウオヅ,UOZU,,,,36.822,137.428,48,6.5,,,,,,1,1,1,1,0,,0,1978/11/16,1980/10/28,55056,0,0,0,0,0,,0
55056,魚津,ウオヅ,UOZU,魚津,ウオヅ,UOZU,36.822,137.428,48,6.5,,,36.822,137.428,48,1,1,1,1,1,,0,1980/10/29,1988/6/22,55056,0,0,0,0,0,,0
55056,魚津,ウオヅ,UOZU,魚津,ウオヅ,UOZU,36.822,137.428,48,6.5,,,36.822,137.428,48,1,1,1,1,1,,0,1988/6/23,2007/12/25,55056,0,0,0,1,0,,0
55056,魚津,ウオヅ,UOZU,魚津,ウオヅ,UOZU,36.822,137.428,48,10,,,36.822,137.428,48,1,1,1,1,1,,0,2007/12/26,2008/3/25,55056,0,0,0,4,0,,0
55056,魚津,ウオヅ,UOZU,魚津,ウオヅ,UOZU,36.822,137.428,48,10,,,36.822,137.428,48,1,1,1,1,1,,0,2008/3/26,2021/3/1,55056,0,4,4,0,0,,0
55056,魚津,ウオヅ,UOZU,魚津,ウオヅ,UOZU,36.822,137.428,48,10,,,36.822,137.428,48,1,1,1,2,1,,0,2021/3/2,2021/3/10,55056,0,0,0,6,0,,0
55056,魚津,ウオヅ,UOZU,魚津,ウオヅ,UOZU,36.822,137.428,48,10.2,,,36.822,137.428,48,1,1,1,2,1,,1,2021/3/11,9999-99-99,55056,0,0,0,0,0,,0
55061,宇奈月,ウナヅキ,UNAZUKI,,,,36.847,137.558,160,,,,,,,1,0,0,0,0,,0,1974/11/1,1978/11/9,55061,1,1,1,1,1,,1
55062,嘉例沢,カレイザワ,KAREIZAWA,,,,36.825,137.537,420,,,,,,,1,0,0,0,0,,0,1974/11/1,1983/11/16,55062,1,1,1,1,1,,1
55063,宇奈月,ウナヅキ,UNAZUKI,,,,36.847,137.557,160,,,,,,,1,0,0,0,0,,0,1984/6/21,9999-99-99,55063,1,1,1,1,1,,1
55091,伏木,フシキ,FUSHIKI,,,,36.792,137.055,12,,,,,,,1,0,0,0,0,,0,1974/11/1,1975/12/11,55091,1,1,1,1,1,,1
55091,伏木,フシキ,FUSHIKI,,,,36.792,137.055,12,15.1,,,,,,1,1,1,1,0,,0,1975/12/12,1988/12/31,55091,0,0,0,0,0,,0
55091,伏木,フシキ,FUSHIKI,,,,36.792,137.055,12,15.1,,,,,,1,1,1,1,0,,0,1989/1/1,1997/3/2,55091,0,0,0,1,0,,0
55091,伏木,フシキ,FUSHIKI,伏木,フシキ,FUSHIKI,36.792,137.055,12,15.1,,,36.792,137.055,12,1,1,1,1,1,,0,1997/3/3,2008/3/25,55091,0,0,0,0,0,,0
55091,伏木,フシキ,FUSHIKI,伏木,フシキ,FUSHIKI,36.792,137.055,12,15.1,,,36.792,137.055,12,1,1,1,1,1,,0,2008/3/26,2011/11/30,55091,0,4,4,0,0,,0
55091,伏木,フシキ,FUSHIKI,伏木,フシキ,FUSHIKI,36.792,137.055,12,15.3,,,36.792,137.055,12,1,1,1,1,1,,0,2011/12/1,2017/1/24,55091,0,0,0,0,0,,0
55091,伏木,フシキ,FUSHIKI,伏木,フシキ,FUSHIKI,36.792,137.055,12,18.3,,,36.792,137.055,12,1,1,1,1,1,,0,2017/1/25,2017/7/30,55091,0,0,0,0,0,,0
55091,伏木,フシキ,FUSHIKI,伏木,フシキ,FUSHIKI,36.792,137.055,12,15.3,,,36.792,137.055,12,1,1,1,1,1,,0,2017/7/31,2021/3/1,55091,0,0,0,0,0,,0
55091,伏木,フシキ,FUSHIKI,伏木,フシキ,FUSHIKI,36.792,137.055,12,15.3,,,36.792,137.055,12,1,1,1,1,1,,1,2021/3/2,9999-99-99,55091,0,0,0,0,0,,0
55101,富山,トヤマ,TOYAMA,,,,36.708,137.202,9,,,,,,,1,0,0,0,0,,0,1974/11/1,1975/3/23,55101,1,1,1,1,1,,1
55101,富山,トヤマ,TOYAMA,,,,36.708,137.202,9,14.1,,,,,,1,1,1,1,0,,0,1975/3/24,1985/12/31,55101,0,0,0,0,0,,0
55101,富山,トヤマ,TOYAMA,,,,36.708,137.202,9,14.1,,,,,,1,1,1,1,0,,0,1986/1/1,1986/1/29,55101,0,0,0,1,0,,0
55102,富山,トヤマ,TOYAMA,,,,36.708,137.202,9,20,,,,,,1,1,1,1,0,,0,1986/1/30,1997/3/2,55101,0,0,0,0,0,,0
55102,富山,トヤマ,TOYAMA,富山,トヤマ,TOYAMA,36.708,137.202,9,20,,,36.708,137.202,9,1,1,1,1,1,,0,1997/3/3,2008/3/25,55102,0,0,0,0,0,,0
55102,富山,トヤマ,TOYAMA,富山,トヤマ,TOYAMA,36.708,137.202,9,20,,,36.708,137.202,9,1,1,1,1,1,,0,2008/3/26,2021/3/1,55102,0,4,4,0,0,,0
55102,富山,トヤマ,TOYAMA,富山,トヤマ,TOYAMA,36.708,137.202,9,20,,,36.708,137.202,9,1,1,1,1,1,,1,2021/3/2,9999-99-99,55102,0,0,0,0,0,,0
55141,砺波,トナミ,TONAMI,,,,36.628,136.952,58,,,,,,,1,0,0,0,0,,0,1974/11/1,1976/2/27,55141,1,1,1,1,1,,1
55141,砺波,トナミ,TONAMI,,,,36.628,136.952,58,6.5,,,,,,1,1,1,1,0,,0,1976/2/28,1980/10/29,55141,0,0,0,0,0,,0
55141,砺波,トナミ,TONAMI,砺波,トナミ,TONAMI,36.628,136.952,58,6.5,,,36.628,136.952,58,1,1,1,1,1,,0,1980/10/30,1987/10/5,55141,0,0,0,0,0,,0
55141,砺波,トナミ,TONAMI,砺波,トナミ,TONAMI,36.628,136.952,58,6.5,,,36.628,136.952,58,1,1,1,1,1,,0,1987/10/6,1998/7/2,55141,0,0,0,1,0,,0
55141,砺波,トナミ,TONAMI,砺波,トナミ,TONAMI,36.61,136.955,69,6.5,,,36.61,136.955,69,1,1,1,1,1,,0,1998/7/3,2005/11/16,55141,0,0,0,0,0,,0
55141,砺波,トナミ,TONAMI,砺波,トナミ,TONAMI,36.61,136.955,69,6.5,,,36.61,136.955,69,1,1,1,1,1,,0,2005/11/17,2008/11/5,55141,0,0,0,4,0,,0
55141,砺波,トナミ,TONAMI,砺波,トナミ,TONAMI,36.61,136.955,69,6.5,,,36.61,136.955,69,1,1,1,1,1,,0,2008/11/6,2021/3/1,55141,0,4,4,0,0,,0
55141,砺波,トナミ,TONAMI,砺波,トナミ,TONAMI,36.61,136.955,69,6.5,,,36.61,136.955,69,1,1,1,2,1,,0,2021/3/2,2021/3/9,55141,0,0,0,6,0,,0
55141,砺波,トナミ,TONAMI,砺波,トナミ,TONAMI,36.61,136.955,69,6.5,,,36.61,136.955,69,1,1,1,2,1,,1,2021/3/10,9999-99-99,55141,0,0,0,0,0,,0
55151,秋ヶ島,アキガシマ,AKIGASHIMA,,,,36.648,137.187,24,8.6,,,,,,1,1,1,0,0,,0,2003/1/1,2009/1/29,55151,1,1,1,1,1,,1
55151,秋ヶ島,アキガシマ,AKIGASHIMA,,,,36.648,137.187,24,8.6,,,,,,1,1,1,0,0,,0,2009/1/30,2017/3/7,55151,0,4,4,0,0,,0
55151,秋ヶ島,アキガシマ,AKIGASHIMA,,,,36.648,137.187,24,10,,,,,,1,1,1,0,0,,0,2017/3/8,2017/11/8,55151,0,0,0,0,0,,0
55151,秋ヶ島,アキガシマ,AKIGASHIMA,秋ヶ島,アキガシマ,AKIGASHIMA,36.648,137.187,24,10,,,36.648,137.187,24,1,1,1,0,1,,0,2017/11/9,9999-99-99,55151,0,0,0,0,0,,0
55156,大山,オオヤマ,OYAMA,,,,36.608,137.283,128,,,,,,,1,0,0,0,0,,0,1984/6/28,9999-99-99,55156,1,1,1,1,1,,1
55161,上市,カミイチ,KAMIICHI,,,,36.693,137.34,24,,,,,,,1,0,0,0,0,,0,1974/11/1,1978/11/1,55161,1,1,1,1,1,,1
55166,上市,カミイチ,KAMIICHI,,,,36.67,137.423,296,6.5,,,,,,1,1,1,1,0,,0,1978/11/15,1988/4/14,55166,1,1,1,1,1,,1
55166,上市,カミイチ,KAMIICHI,,,,36.67,137.423,296,6.5,,,,,,1,1,1,1,0,,0,1988/4/15,2009/3/16,55166,0,0,0,1,0,,0
55166,上市,カミイチ,KAMIICHI,,,,36.67,137.423,296,10,,,,,,1,1,1,1,0,,0,2009/3/17,2021/3/1,55166,0,4,4,4,0,,0
55166,上市,カミイチ,KAMIICHI,,,,36.67,137.423,296,10,,,,,,1,1,1,2,0,,0,2021/3/2,9999-99-99,55166,0,0,0,6,0,,0
55191,福光,フクミツ,FUKUMITSU,,,,36.545,136.872,91,,,,,,,1,0,0,0,0,,0,1974/11/1,1978/11/16,55191,1,1,1,1,1,,1
55191,福光,フクミツ,FUKUMITSU,,,,36.545,136.872,91,6.5,,,,,,1,1,1,1,0,,0,1978/11/17,1987/6/15,55191,0,0,0,0,0,,0
55191,福光,フクミツ,FUKUMITSU,,,,36.545,136.872,91,6.5,,,,,,1,1,1,1,0,,0,1987/6/16,2004/12/5,55191,0,0,0,1,0,,0
55191,南砺高宮,ナントタカミヤ,NANTOTAKAMIYA,,,,36.545,136.872,91,6.5,,,,,,1,1,1,1,0,,0,2004/12/6,2009/3/18,55191,0,0,0,0,0,,0
55191,南砺高宮,ナントタカミヤ,NANTOTAKAMIYA,,,,36.545,136.872,91,10,,,,,,1,1,1,1,0,,0,2009/3/19,2021/3/1,55191,0,4,4,4,0,,0
55191,南砺高宮,ナントタカミヤ,NANTOTAKAMIYA,,,,36.545,136.872,91,10,,,,,,1,1,1,2,0,,0,2021/3/2,9999-99-99,55191,0,0,0,6,0,,0
55206,八尾,ヤツオ,YATSUO,,,,36.578,137.132,78,,,,,,,1,0,0,0,0,,0,1974/11/1,1976/2/26,55206,1,1,1,1,1,,1
55206,八尾,ヤツオ,YATSUO,,,,36.578,137.132,78,19.5,,,,,,1,1,1,1,0,,0,1976/2/27,1986/10/21,55206,0,0,0,0,0,,0
55206,八尾,ヤツオ,YATSUO,,,,36.578,137.132,78,19.5,,,,,,1,1,1,1,0,,0,1986/10/22,2005/11/15,55206,0,0,0,1,0,,0
55206,八尾,ヤツオ,YATSUO,,,,36.578,137.132,78,19.5,,,,,,1,1,1,1,0,,0,2005/11/16,2008/11/6,55206,0,0,0,4,0,,0
55206,八尾,ヤツオ,YATSUO,,,,36.578,137.132,78,19.5,,,,,,1,1,1,1,0,,0,2008/11/7,2017/7/25,55206,0,4,4,0,0,,0
55206,八尾,ヤツオ,YATSUO,,,,36.57,137.158,124,10.1,,,,,,1,1,1,1,0,,0,2017/7/26,2021/3/1,55206,0,0,0,0,0,,0
55206,八尾,ヤツオ,YATSUO,,,,36.57,137.158,124,10.1,,,,,,1,1,1,2,0,,0,2021/3/2,2021/11/10,55206,0,0,0,6,0,,0
55206,八尾,ヤツオ,YATSUO,,,,36.57,137.158,124,10,,,,,,1,1,1,2,0,,1,2021/11/11,9999-99-99,55206,0,0,0,0,0,,0
55216,小谷,オタニ,OTANI,,,,36.57,137.3,340,,,,,,,1,0,0,0,0,,0,1974/11/1,1983/11/25,55216,1,1,1,1,1,,1
55217,立山芦峅,タテヤマアシクラ,TATEYAMAASHIKURA,,,,36.577,137.385,379,,,,,,,1,0,0,0,0,,0,2010/3/29,9999-99-99,55217,1,1,1,1,1,,1
55226,立山,タテヤマ,TATEYAMA,,,,36.577,137.58,2340,,,,,,,1,0,0,0,0,,0,1974/11/1,2005/9/29,55226,1,1,1,1,1,,1
55226,立山,タテヤマ,TATEYAMA,,,,36.582,137.578,2291,,,,,,,1,0,0,0,0,,0,2005/10/17,2010/3/29,55226,0,0,0,0,0,,0
55246,細尾峠,ホソオトウゲ,HOSOOTOGE,,,,36.445,136.897,740,,,,,,,1,0,0,0,0,,0,1974/11/1,1983/11/9,55246,1,1,1,1,1,,1
55251,平,タイラ,TAIRA,,,,36.433,136.95,282,,,,,,,1,0,0,0,0,,0,1984/6/26,2004/10/19,55251,1,1,1,1,1,,1
55252,五箇山,ゴカヤマ,GOKAYAMA,,,,36.43,136.942,357,,,,,,,1,0,0,0,0,,0,2004/10/19,9999-99-99,55252,1,1,1,1,1,,1
55261,谷折,タニオリ,TANIORI,,,,36.488,137.1,700,,,,,,,1,0,0,0,0,,0,1974/11/1,1983/11/15,55261,1,1,1,1,1,,1
55266,細入,ホソイリ,HOSOIRI,,,,36.495,137.24,185,,,,,,,1,0,0,0,0,,0,1984/6/29,1996/10/14,55266,1,1,1,1,1,,1
55267,,,,猪谷,イノタニ,INOTANI,,,,,,,36.473,137.237,215,0,0,0,0,1,,0,1980/10/30,1996/10/27,55267,1,1,1,1,1,,1
55267,猪谷,イノタニ,INOTANI,猪谷,イノタニ,INOTANI,36.473,137.237,215,,,,36.473,137.237,215,1,0,0,0,1,,0,1996/10/28,9999-99-99,55267,0,0,0,0,0,,0
56036,珠洲,スズ,SUZU,,,,37.455,137.238,19,,,,,,,1,0,0,0,0,,0,1974/11/1,1978/11/19,56036,1,1,1,1,1,,1
56036,珠洲,スズ,SUZU,,,,37.455,137.258,10,6.5,,,,,,1,1,1,1,0,,0,1978/11/20,1980/10/30,56036,0,0,0,0,0,,0
56036,珠洲,スズ,SUZU,珠洲,スズ,SUZU,37.455,137.258,10,6.5,,,37.455,137.258,10,1,1,1,1,1,,0,1980/10/31,1987/8/26,56036,0,0,0,0,0,,0
56036,珠洲,スズ,SUZU,珠洲,スズ,SUZU,37.455,137.258,10,6.5,,,37.455,137.258,10,1,1,1,1,1,,0,1987/8/27,1990/11/6,56036,0,0,0,1,0,,0
56036,珠洲,スズ,SUZU,珠洲,スズ,SUZU,37.447,137.287,4,7.5,,,37.447,137.287,4,1,1,1,1,1,,0,1990/11/7,2005/11/18,56036,0,0,0,0,0,,0
56036,珠洲,スズ,SUZU,珠洲,スズ,SUZU,37.447,137.287,4,7.5,,,37.447,137.287,4,1,1,1,1,1,,0,2005/11/19,2008/11/17,56036,0,0,0,4,0,,0
56036,珠洲,スズ,SUZU,珠洲,スズ,SUZU,37.447,137.287,4,7.5,,,37.447,137.287,4,1,1,1,1,1,,0,2008/11/18,2021/3/1,56036,0,4,4,0,0,,0
56036,珠洲,スズ,SUZU,珠洲,スズ,SUZU,37.447,137.287,4,7.5,,,37.447,137.287,4,1,1,1,2,1,,0,2021/3/2,2021/10/24,56036,0,0,0,6,0,,0
56036,珠洲,スズ,SUZU,珠洲,スズ,SUZU,37.447,137.287,4,7.5,,,37.447,137.287,4,1,1,1,2,1,,1,2021/10/25,9999-99-99,56036,0,0,0,0,0,,0
56051,輪島,ワジマ,WAJIMA,,,,37.392,136.895,5,,,,,,,1,0,0,0,0,,0,1974/11/1,1975/3/31,56051,1,1,1,1,1,,1
56051,輪島,ワジマ,WAJIMA,,,,37.392,136.895,5,13.4,,,,,,1,1,1,1,0,,0,1975/4/1,1985/12/31,56051,0,0,0,0,0,,0
56051,輪島,ワジマ,WAJIMA,,,,37.392,136.895,5,13.4,,,,,,1,1,1,1,0,,0,1986/1/1,1986/6/20,56051,0,0,0,1,0,,0
56052,輪島,ワジマ,WAJIMA,,,,37.39,136.895,5,28.3,,,,,,1,1,1,1,0,,0,1986/6/20,1997/3/2,56051,0,1,0,0,0,,0
56052,輪島,ワジマ,WAJIMA,輪島,ワジマ,WAJIMA,37.39,136.895,5,28.3,,,37.39,136.895,5,1,1,1,1,1,,0,1997/3/3,2008/3/25,56052,0,0,0,0,0,,0
56052,輪島,ワジマ,WAJIMA,輪島,ワジマ,WAJIMA,37.39,136.895,5,28.3,,,37.39,136.895,5,1,1,1,1,1,,0,2008/3/26,2011/6/1,56052,0,4,4,0,0,,0
56052,輪島,ワジマ,WAJIMA,輪島,ワジマ,WAJIMA,37.39,136.895,5,28.1,,,37.39,136.895,5,1,1,1,1,1,,0,2011/6/2,2021/3/1,56052,0,0,0,0,0,,0
56052,輪島,ワジマ,WAJIMA,輪島,ワジマ,WAJIMA,37.39,136.895,5,28.1,,,37.39,136.895,5,1,1,1,1,1,,1,2021/3/2,9999-99-99,56052,0,0,0,0,0,,0
56081,門前,モンゼン,MONZEN,,,,37.262,136.728,10,,,,,,,1,0,0,0,0,,0,1974/11/1,2014/3/23,56081,1,1,1,1,1,,1
56081,門前,モンゼン,MONZEN,,,,37.262,136.728,11,,,,,,,1,0,0,0,0,,0,2014/3/24,9999-99-99,56081,0,0,0,0,0,,0
56091,木原岳,キハラダケ,KIHARADAKE,,,,37.288,136.95,270,,,,,,,1,0,0,0,0,,0,1974/11/1,1998/11/10,56091,1,1,1,1,1,,1
56092,穴水,アナミズ,ANAMIZU,,,,37.272,136.917,170,,,,,,,1,0,0,0,0,,0,1999/4/30,2003/7/7,56092,1,1,1,1,1,,1
56093,三井,ミイ,MII,,,,37.293,136.962,219,12,,,,,,1,1,1,0,0,,0,2003/7/7,2009/1/29,56093,1,1,1,1,1,,1
56093,三井,ミイ,MII,,,,37.293,136.962,219,12,,,,,,1,1,1,0,0,,0,2009/1/30,2019/12/4,56093,0,4,4,0,0,,0
56093,三井,ミイ,MII,,,,37.293,136.962,219,10,,,,,,1,1,1,0,0,,0,2019/12/5,9999-99-99,56093,0,0,0,0,0,,0
56116,富来,トギ,TOGI,,,,37.153,136.748,10,,,,,,,1,0,0,0,0,,0,1974/11/1,1978/11/20,56116,1,1,1,1,1,,1
56116,富来,トギ,TOGI,,,,37.153,136.748,10,6.5,,,,,,1,1,1,1,0,,0,1978/11/21,1987/8/19,56116,0,0,0,0,0,,0
56116,富来,トギ,TOGI,,,,37.153,136.748,10,6.5,,,,,,1,1,1,1,0,,0,1987/8/20,1994/11/16,56116,0,0,0,1,0,,0
56116,富来,トギ,TOGI,,,,37.143,136.725,6,8.5,,,,,,1,1,1,1,0,,0,1994/11/17,2005/10/2,56116,0,0,0,0,0,,0
56116,志賀,シカ,SHIKA,,,,37.143,136.725,6,8.5,,,,,,1,1,1,1,0,,0,2005/10/3,2005/11/21,56116,0,0,0,0,0,,0
56116,志賀,シカ,SHIKA,,,,37.143,136.725,6,8.5,,,,,,1,1,1,1,0,,0,2005/11/22,2008/11/13,56116,0,0,0,4,0,,0
56116,志賀,シカ,SHIKA,,,,37.143,136.725,6,8.5,,,,,,1,1,1,1,0,,0,2008/11/14,2021/3/1,56116,0,4,4,0,0,,0
56116,志賀,シカ,SHIKA,,,,37.143,136.725,6,8.5,,,,,,1,1,1,2,0,,0,2021/3/2,2021/3/7,56116,0,0,0,6,0,,0
56116,志賀,シカ,SHIKA,,,,37.143,136.725,6,8.5,,,,,,1,1,1,2,0,,1,2021/3/8,9999-99-99,56116,0,0,0,0,0,,0
56146,七尾第二,ナナオダイニ,NANAODAINI,,,,37.032,136.968,14,,,,,,,1,0,0,0,0,,0,1974/11/1,1978/11/20,56146,1,1,1,1,1,,1
56146,七尾,ナナオ,NANAO,,,,37.032,136.968,14,6.5,,,,,,1,1,1,1,0,,0,1978/11/21,1980/10/30,56146,0,0,0,0,0,,0
56146,七尾,ナナオ,NANAO,七尾,ナナオ,NANAO,37.032,136.968,14,6.5,,,37.032,136.968,14,1,1,1,1,1,,0,1980/10/31,1986/10/20,56146,0,0,0,0,0,,0
56146,七尾,ナナオ,NANAO,七尾,ナナオ,NANAO,37.032,136.968,14,6.5,,,37.032,136.968,14,1,1,1,1,1,,0,1986/10/21,2007/12/18,56146,0,0,0,1,0,,0
56146,七尾,ナナオ,NANAO,七尾,ナナオ,NANAO,37.03,136.992,58,10,,,37.03,136.992,58,1,1,1,1,1,,0,2007/12/19,2008/3/25,56146,0,0,0,4,0,,0
56146,七尾,ナナオ,NANAO,七尾,ナナオ,NANAO,37.03,136.992,58,10,,,37.03,136.992,58,1,1,1,1,1,,0,2008/3/26,2021/3/1,56146,0,4,4,0,0,,0
56146,七尾,ナナオ,NANAO,七尾,ナナオ,NANAO,37.03,136.992,58,10,,,37.03,136.992,58,1,1,1,2,1,,0,2021/3/2,2021/3/8,56146,0,0,0,6,0,,0
56146,七尾,ナナオ,NANAO,七尾,ナナオ,NANAO,37.03,136.992,58,10,,,37.03,136.992,58,1,1,1,2,1,,1,2021/3/9,9999-99-99,56146,0,0,0,0,0,,0
56176,羽咋,ハクイ,HAKUI,,,,36.892,136.777,11,,,,,,,1,0,0,0,0,,0,1974/11/1,1978/11/20,56176,1,1,1,1,1,,1
56176,羽咋,ハクイ,HAKUI,,,,36.892,136.777,11,6.5,,,,,,1,1,1,1,0,,0,1978/11/21,1987/6/23,56176,0,0,0,0,0,,0
56176,羽咋,ハクイ,HAKUI,,,,36.892,136.777,11,6.5,,,,,,1,1,1,1,0,,0,1987/6/24,1989/9/10,56176,0,0,0,1,0,,0
56176,羽咋,ハクイ,HAKUI,,,,36.893,136.777,15,19.5,,,,,,1,1,1,1,0,,0,1989/9/11,2006/11/30,56176,0,0,0,0,0,,0
56176,羽咋,ハクイ,HAKUI,,,,36.893,136.777,15,19.5,,,,,,1,1,1,1,0,,0,2006/12/1,2008/11/19,56176,0,0,0,4,0,,0
56176,羽咋,ハクイ,HAKUI,,,,36.893,136.777,15,19.5,,,,,,1,1,1,1,0,,0,2008/11/20,2021/3/1,56176,0,4,4,0,0,,0
56176,羽咋,ハクイ,HAKUI,,,,36.893,136.777,15,19.5,,,,,,1,1,1,2,0,,0,2021/3/2,2021/11/17,56176,0,0,0,6,0,,0
56176,羽咋,ハクイ,HAKUI,,,,36.893,136.777,15,19.5,,,,,,1,1,1,2,0,,1,2021/11/18,9999-99-99,56176,0,0,0,0,0,,0
56186,宇ノ気,ウノケ,UNOKE,,,,36.712,136.692,42,,,,,,,1,0,0,0,0,,0,1974/11/1,1978/11/21,56186,1,1,1,1,1,,1
56186,宇ノ気,ウノケ,UNOKE,,,,36.712,136.692,42,6.5,,,,,,1,1,1,1,0,,0,1978/11/22,1987/7/7,56186,0,0,0,0,0,,0
56186,宇ノ気,ウノケ,UNOKE,,,,36.712,136.692,42,6.5,,,,,,1,1,1,1,0,,0,1987/7/8,2004/2/29,56186,0,0,0,1,0,,0
56186,かほく,カホク,KAHOKU,,,,36.712,136.692,42,6.5,,,,,,1,1,1,1,0,,0,2004/3/1,2009/3/16,56186,0,0,0,0,0,,0
56186,かほく,カホク,KAHOKU,,,,36.712,136.692,42,6.5,,,,,,1,1,1,1,0,,0,2009/3/17,2010/3/8,56186,0,4,4,4,0,,0
56186,かほく,カホク,KAHOKU,,,,36.712,136.692,42,10,,,,,,1,1,1,1,0,,0,2010/3/9,2021/3/1,56186,0,0,0,0,0,,0
56186,かほく,カホク,KAHOKU,,,,36.712,136.692,42,10,,,,,,1,1,1,2,0,,0,2021/3/2,9999-99-99,56186,0,0,0,6,0,,0
56191,宝達山,ホウダツサン,HODATSUSAN,,,,36.78,136.807,626,,,,,,,1,0,0,0,0,,0,1974/11/1,2003/8/12,56191,1,1,1,1,1,,1
56192,押水,オシミズ,OSHIMIZU,,,,36.788,136.768,90,,,,,,,1,0,0,0,0,,0,2003/8/12,2005/2/28,56192,1,1,1,1,1,,1
56192,宝達志水,ホウダツシミズ,HOUDATSUSHIMIZU,,,,36.788,136.768,90,,,,,,,1,0,0,0,0,,0,2005/3/1,9999-99-99,56192,0,0,0,0,0,,0
56226,金沢,カナザワ,KANAZAWA,,,,36.548,136.643,26,,,,,,,1,0,0,0,0,,0,1974/11/1,1975/3/31,56226,1,1,1,1,1,,1
56226,金沢,カナザワ,KANAZAWA,,,,36.548,136.643,26,13.4,,,,,,1,1,1,1,0,,0,1975/4/1,1986/12/31,56226,0,0,0,0,0,,0
56226,金沢,カナザワ,KANAZAWA,,,,36.548,136.643,26,13.4,,,,,,1,1,1,1,0,,0,1987/1/1,1991/10/23,56226,0,0,0,1,0,,0
56227,金沢,カナザワ,KANAZAWA,,,,36.588,136.633,6,48.4,,,,,,1,1,1,1,0,,0,1991/10/23,1997/3/2,56227,1,1,1,1,1,,1
56227,金沢,カナザワ,KANAZAWA,金沢,カナザワ,KANAZAWA,36.588,136.633,6,48.4,,,36.588,136.633,6,1,1,1,1,1,,0,1997/3/3,2008/3/25,56227,0,0,0,0,0,,0
56227,金沢,カナザワ,KANAZAWA,金沢,カナザワ,KANAZAWA,36.588,136.633,6,48.4,,,36.588,136.633,6,1,1,1,1,1,,0,2008/3/26,2021/3/1,56227,0,4,4,0,0,,0
56227,金沢,カナザワ,KANAZAWA,金沢,カナザワ,KANAZAWA,36.588,136.633,6,48.4,,,36.588,136.633,6,1,1,1,1,1,,1,2021/3/2,9999-99-99,56227,0,0,0,0,0,,0
56231,医王山,イオウゼン,IOZEN,,,,36.528,136.78,660,,,,,,,1,0,0,0,0,,0,1974/11/1,2003/7/29,56231,1,1,1,1,1,,1
56232,医王山,イオウゼン,IOZEN,,,,36.52,136.745,420,,,,,,,1,0,0,0,0,,0,2003/7/29,9999-99-99,56232,1,1,1,1,1,,1
56276,小松,コマツ,KOMATSU,,,,36.382,136.435,3,6.5,,,,,,1,1,1,1,0,,0,1978/12/1,1988/8/25,56276,1,1,1,1,1,,1
56276,小松,コマツ,KOMATSU,,,,36.382,136.435,3,6.5,,,,,,1,1,1,1,0,,0,1988/8/26,2009/3/18,56276,0,0,0,1,0,,0
56276,小松,コマツ,KOMATSU,,,,36.382,136.435,3,6.5,,,,,,1,1,1,1,0,,0,2009/3/19,2010/3/16,56276,0,4,4,4,0,,0
56276,小松,コマツ,KOMATSU,,,,36.382,136.435,3,10,,,,,,1,1,1,1,0,,0,2010/3/17,2021/3/1,56276,0,0,0,0,0,,0
56276,小松,コマツ,KOMATSU,,,,36.382,136.435,3,10,,,,,,1,1,1,2,0,,0,2021/3/2,9999-99-99,56276,0,0,0,6,0,,0
56286,鳥越,トリゴエ,TORIGOE,,,,36.362,136.613,180,,,,,,,1,0,0,0,0,,0,1975/5/7,1978/11/23,56286,1,1,1,1,1,,1
56286,鳥越,トリゴエ,TORIGOE,,,,36.362,136.613,180,6.5,,,,,,1,1,1,1,0,,0,1978/11/24,1980/10/30,56286,0,0,0,0,0,,0
56286,鳥越,トリゴエ,TORIGOE,鳥越,トリゴエ,TORIGOE,36.362,136.613,180,6.5,,,36.362,136.613,180,1,1,1,1,1,,0,1980/10/31,1988/10/30,56286,0,0,0,0,0,,0
56286,鳥越,トリゴエ,TORIGOE,鳥越,トリゴエ,TORIGOE,36.362,136.613,180,6.5,,,36.362,136.613,180,1,1,1,1,1,,0,1988/10/31,2005/1/31,56286,0,0,0,1,0,,0
56286,白山吉野,ハクサンヨシノ,HAKUSAN-YOSHINO,白山吉野,ハクサンヨシノ,HAKUSAN-YOSHINO,36.362,136.613,180,6.5,,,36.362,136.613,180,1,1,1,1,1,,0,2005/2/1,2007/12/25,56286,0,0,0,0,0,,0
56286,白山吉野,ハクサンヨシノ,HAKUSAN-YOSHINO,白山吉野,ハクサンヨシノ,HAKUSAN-YOSHINO,36.362,136.613,180,6.5,,,36.362,136.613,180,1,1,1,1,1,,0,2007/12/26,2008/3/25,56286,0,0,0,4,0,,0
56286,白山吉野,ハクサンヨシノ,HAKUSAN-YOSHINO,白山吉野,ハクサンヨシノ,HAKUSAN-YOSHINO,36.362,136.613,180,6.5,,,36.362,136.613,180,1,1,1,1,1,,0,2008/3/26,2011/10/5,56286,0,4,4,0,0,,0
56286,白山吉野,ハクサンヨシノ,HAKUSAN-YOSHINO,白山吉野,ハクサンヨシノ,HAKUSAN-YOSHINO,36.362,136.613,180,10,,,36.362,136.613,180,1,1,1,1,1,,0,2011/10/6,2014/12/18,56286,0,0,0,0,0,,0
56286,白山河内,ハクサンカワチ,HAKUSAN-KAWACHI,白山河内,ハクサンカワチ,HAKUSAN-KAWACHI,36.397,136.62,136,10,,,36.397,136.62,136,1,1,1,1,1,,0,2014/12/19,2021/3/1,56286,0,0,0,0,0,,0
56286,白山河内,ハクサンカワチ,HAKUSAN-KAWACHI,白山河内,ハクサンカワチ,HAKUSAN-KAWACHI,36.397,136.62,136,10,,,36.397,136.62,136,1,1,1,2,1,,0,2021/3/2,9999-99-99,56286,0,0,0,6,0,,0
56301,山中,ヤマナカ,YAMANAKA,,,,36.225,136.358,126,,,,,,,1,0,0,0,0,,0,1974/11/1,1978/11/26,56301,1,1,1,1,1,,1
56301,山中,ヤマナカ,YAMANAKA,,,,36.225,136.358,126,6.5,,,,,,1,1,1,1,0,,0,1978/11/27,1980/10/30,56301,0,0,0,0,0,,0
56301,山中,ヤマナカ,YAMANAKA,山中,ヤマナカ,YAMANAKA,36.225,136.358,126,6.5,,,36.225,136.358,126,1,1,1,1,1,,0,1980/10/31,1988/6/21,56301,0,0,0,0,0,,0
56301,山中,ヤマナカ,YAMANAKA,山中,ヤマナカ,YAMANAKA,36.225,136.358,126,6.5,,,36.225,136.358,126,1,1,1,1,1,,0,1988/6/22,2005/10/2,56301,0,0,0,1,0,,0
56301,加賀山中,カガヤマナカ,KAGAYAMANAKA,加賀山中,カガヤマナカ,KAGAYAMANAKA,36.225,136.358,126,6.5,,,36.225,136.358,126,1,1,1,1,1,,0,2005/10/3,2006/11/26,56301,0,0,0,0,0,,0
56301,栢野,カヤノ,KAYANO,栢野,カヤノ,KAYANO,36.225,136.358,126,6.5,,,36.225,136.358,126,1,1,1,1,1,,0,2006/11/27,2007/12/20,56301,0,0,0,0,0,,0
56301,栢野,カヤノ,KAYANO,栢野,カヤノ,KAYANO,36.225,136.358,126,6.5,,,36.225,136.358,126,1,1,1,1,1,,0,2007/12/21,2008/3/25,56301,0,0,0,4,0,,0
56301,栢野,カヤノ,KAYANO,栢野,カヤノ,KAYANO,36.225,136.358,126,6.5,,,36.225,136.358,126,1,1,1,1,1,,0,2008/3/26,2013/3/6,56301,0,4,4,0,0,,0
56301,加賀菅谷,カガスガタニ,KAGA-SUGATANI,加賀菅谷,カガスガタニ,KAGA-SUGATANI,36.23,136.362,83,10,,,36.23,136.362,83,1,1,1,1,1,,0,2013/3/7,2021/3/1,56301,0,0,0,0,0,,0
56301,加賀菅谷,カガスガタニ,KAGA-SUGATANI,加賀菅谷,カガスガタニ,KAGA-SUGATANI,36.23,136.362,83,10,,,36.23,136.362,83,1,1,1,2,1,,0,2021/3/2,2022/11/21,56301,0,0,0,6,0,,0
56301,加賀中津原,カガナカツハラ,KAGA-NAKATSUHARA,加賀中津原,カガナカツハラ,KAGA-NAKATSUHARA,36.262,136.397,65,10,,,36.262,136.397,65,1,1,1,2,1,,0,2022/11/22,9999-99-99,56301,0,0,0,0,0,,0
56346,白峰,シラミネ,SHIRAMINE,,,,36.177,136.625,480,,,,,,,1,0,0,0,0,,0,1977/7/13,2004/10/6,56346,1,1,1,1,1,,1
56346,白峰,シラミネ,SHIRAMINE,,,,36.18,136.625,470,,,,,,,1,0,0,0,0,,0,2004/10/7,2005/1/31,56346,0,0,0,0,0,,0
56346,白山白峰,ハクサンシラミネ,HAKUSANSHIRAMINE,,,,36.18,136.625,470,,,,,,,1,0,0,0,0,,0,2005/2/1,9999-99-99,56346,0,0,0,0,0,,0
56401,舳倉島,ヘグラジマ,HEGURAJIMA,,,,37.85,136.918,8,,,,,,,1,0,0,0,0,,0,2014/8/19,9999-99-99,56401,1,1,1,1,1,,1
57001,三国,ミクニ,MIKUNI,,,,36.237,136.142,80,,,,,,,1,0,0,0,0,,0,1975/6/27,1978/11/26,57001,1,1,1,1,1,,1
57001,三国,ミクニ,MIKUNI,,,,36.237,136.142,80,9.3,,,,,,1,1,1,1,0,,0,1978/11/27,1988/4/10,57001,0,0,0,0,0,,0
57001,三国,ミクニ,MIKUNI,,,,36.237,136.142,80,9.3,,,,,,1,1,1,1,0,,0,1988/4/11,2009/3/3,57001,0,0,0,1,0,,0
57001,三国,ミクニ,MIKUNI,,,,36.237,136.142,80,9.3,,,,,,1,1,1,1,0,,0,2009/3/4,2009/9/28,57001,0,4,4,4,0,,0
57001,三国,ミクニ,MIKUNI,,,,36.243,136.173,34,9.9,,,,,,1,1,1,1,0,,0,2009/9/29,2021/3/1,57001,0,0,0,0,0,,0
57001,三国,ミクニ,MIKUNI,,,,36.243,136.173,34,9.9,,,,,,1,1,1,2,0,,0,2021/3/2,9999-99-99,57001,0,0,0,6,0,,0
57026,春江,ハルエ,HARUE,,,,36.142,136.223,5,10.6,,,,,,1,1,1,0,0,,0,2003/1/1,2007/2/28,57026,1,1,1,1,1,,1
57026,春江,ハルエ,HARUE,,,,36.142,136.223,5,6,,,,,,1,1,1,0,0,,0,2007/3/1,2009/1/29,57026,0,0,0,0,0,,0
57026,春江,ハルエ,HARUE,,,,36.142,136.223,5,6,,,,,,1,1,1,0,0,,0,2009/1/30,2022/11/28,57026,0,4,4,0,0,,0
57026,春江,ハルエ,HARUE,,,,36.142,136.223,5,10,,,,,,1,1,1,0,0,,0,2022/11/29,9999-99-99,57026,0,0,0,0,0,,0
57051,越廼,コシノ,KOSHINO,,,,36.012,135.99,30,6.5,,,,,,1,1,1,1,0,,0,1978/11/27,1987/8/11,57051,1,1,1,1,1,,1
57051,越廼,コシノ,KOSHINO,,,,36.012,135.99,30,6.5,,,,,,1,1,1,1,0,,0,1987/8/12,2006/10/26,57051,0,0,0,1,0,,0
57051,越廼,コシノ,KOSHINO,,,,36.012,135.99,30,6.5,,,,,,1,1,1,1,0,,0,2006/10/27,2008/11/25,57051,0,0,0,4,0,,0
57051,越廼,コシノ,KOSHINO,,,,36.012,135.99,30,6.5,,,,,,1,1,1,1,0,,0,2008/11/26,2011/11/10,57051,0,4,4,0,0,,0
57051,越廼,コシノ,KOSHINO,,,,36.012,135.99,30,10,,,,,,1,1,1,1,0,,0,2011/11/11,2021/3/1,57051,0,0,0,0,0,,0
57051,越廼,コシノ,KOSHINO,,,,36.012,135.99,30,10,,,,,,1,1,1,2,0,,0,2021/3/2,2021/11/15,57051,0,0,0,6,0,,0
57051,越廼,コシノ,KOSHINO,,,,36.012,135.99,30,9.9,,,,,,1,1,1,2,0,,1,2021/11/16,9999-99-99,57051,0,0,0,0,0,,0
57066,福井,フクイ,FUKUI,,,,36.055,136.222,9,,,,,,,1,0,0,0,0,,0,1974/11/1,1975/3/14,57066,1,1,1,1,1,,1
57066,福井,フクイ,FUKUI,,,,36.055,136.222,9,26.1,,,,,,1,1,1,1,0,,0,1975/3/15,1985/12/31,57066,0,0,0,0,0,,0
57066,福井,フクイ,FUKUI,,,,36.055,136.222,9,26.1,,,,,,1,1,1,1,0,,0,1986/1/1,1997/3/2,57066,0,0,0,1,0,,0
57066,福井,フクイ,FUKUI,福井,フクイ,FUKUI,36.055,136.222,9,26.1,,,36.055,136.222,9,1,1,1,1,1,,0,1997/3/3,2008/3/25,57066,0,0,0,0,0,,0
57066,福井,フクイ,FUKUI,福井,フクイ,FUKUI,36.055,136.222,9,26.1,,,36.055,136.222,9,1,1,1,1,1,,0,2008/3/26,2021/3/1,57066,0,4,4,0,0,,0
57066,福井,フクイ,FUKUI,福井,フクイ,FUKUI,36.055,136.222,9,26.1,,,36.055,136.222,9,1,1,1,1,1,,1,2021/3/2,9999-99-99,57066,0,0,0,0,0,,0
57071,美山,ミヤマ,MIYAMA,,,,36.018,136.328,60,,,,,,,1,0,0,0,0,,0,1975/5/7,2001/10/8,57071,1,1,1,1,1,,1
57071,美山,ミヤマ,MIYAMA,,,,35.998,136.358,70,,,,,,,1,0,0,0,0,,0,2001/10/9,9999-99-99,57071,0,0,0,0,0,,0
57081,勝山,カツヤマ,KATSUYAMA,,,,36.052,136.5,126,6.5,,,,,,1,1,1,1,0,,0,1977/12/20,1986/10/27,57081,1,1,1,1,1,,1
57081,勝山,カツヤマ,KATSUYAMA,,,,36.052,136.5,126,6.5,,,,,,1,1,1,1,0,,0,1986/10/28,1993/10/18,57081,0,0,0,1,0,,0
57082,勝山,カツヤマ,KATSUYAMA,,,,36.038,136.522,196,9,,,,,,1,1,1,1,0,,0,1993/10/18,2009/3/5,57082,1,1,1,1,1,,1
57082,勝山,カツヤマ,KATSUYAMA,,,,36.038,136.522,196,9,,,,,,1,1,1,1,0,,0,2009/3/6,2021/3/1,57082,0,4,4,4,0,,0
57082,勝山,カツヤマ,KATSUYAMA,,,,36.038,136.522,196,9,,,,,,1,1,1,2,0,,0,2021/3/2,9999-99-99,57082,0,0,0,6,0,,0
57106,武生,タケフ,TAKEFU,武生,タケフ,TAKEFU,35.905,136.173,32,,,,35.905,136.173,32,0,0,0,0,1,,0,1989/10/31,2005/10/26,57106,1,1,1,1,1,,1
57106,武生,タケフ,TAKEFU,武生,タケフ,TAKEFU,35.905,136.173,32,,,,35.905,136.173,32,1,0,0,0,1,,0,2005/10/27,9999-99-99,57106,0,0,0,0,0,,0
57121,大野,オオノ,ONO,,,,35.983,136.487,175,,,,,,,1,0,0,0,0,,0,1974/11/1,1976/3/1,57121,1,1,1,1,1,,1
57121,大野,オオノ,ONO,,,,35.983,136.487,175,6.5,,,,,,1,1,1,1,0,,0,1976/3/2,1980/10/29,57121,0,0,0,0,0,,0
57121,大野,オオノ,ONO,大野,オオノ,ONO,35.983,136.487,175,6.5,,,35.983,136.487,175,1,1,1,1,1,,0,1980/10/30,1987/10/7,57121,0,0,0,0,0,,0
57121,大野,オオノ,ONO,大野,オオノ,ONO,35.983,136.487,175,6.5,,,35.983,136.487,175,1,1,1,1,1,,0,1987/10/8,1992/10/25,57121,0,0,0,1,0,,0
57121,大野,オオノ,ONO,大野,オオノ,ONO,35.972,136.497,182,6.4,,,35.972,136.497,182,1,1,1,1,1,,0,1992/10/26,2007/12/17,57121,0,0,0,0,0,,0
57121,大野,オオノ,ONO,大野,オオノ,ONO,35.972,136.497,182,6.4,,,35.972,136.497,182,1,1,1,1,1,,0,2007/12/18,2008/3/25,57121,0,0,0,4,0,,0
57121,大野,オオノ,ONO,大野,オオノ,ONO,35.972,136.497,182,6.4,,,35.972,136.497,182,1,1,1,1,1,,0,2008/3/26,2021/3/1,57121,0,4,4,0,0,,0
57121,大野,オオノ,ONO,大野,オオノ,ONO,35.972,136.497,182,6.4,,,35.972,136.497,182,1,1,1,2,1,,0,2021/3/2,9999-99-99,57121,0,0,0,6,0,,0
57131,タイラ山,タイラヤマ,TAIRAYAMA,,,,35.987,136.607,510,,,,,,,1,0,0,0,0,,0,1974/11/1,1981/11/4,57131,1,1,1,1,1,,1
57151,春日野,カスガノ,KASUGANO,,,,35.858,136.133,270,,,,,,,1,0,0,0,0,,0,1974/11/1,2005/10/26,57151,1,1,1,1,1,,1
57161,板垣,イタガキ,ITAGAKI,,,,35.873,136.308,620,,,,,,,1,0,0,0,0,,0,1974/11/1,2009/11/2,57161,1,1,1,1,1,,1
57176,九頭竜,クズリュウ,KUZURYU,,,,35.897,136.653,419,,,,,,,1,0,0,0,0,,0,1982/6/1,1982/10/14,57176,1,1,1,1,1,,1
57176,九頭竜,クズリュウ,KUZURYU,九頭竜,クズリュウ,KUZURYU,35.897,136.653,419,,,,35.897,136.653,419,1,0,0,0,1,,0,1982/10/15,1996/10/29,57176,0,0,0,0,0,,0
57176,九頭竜,クズリュウ,KUZURYU,九頭竜,クズリュウ,KUZURYU,35.905,136.67,430,,,,35.905,136.67,430,1,0,0,0,1,,0,1996/10/30,2015/5/18,57176,0,0,0,0,0,,0
57176,九頭竜,クズリュウ,KUZURYU,九頭竜,クズリュウ,KUZURYU,35.908,136.668,436,,,,35.908,136.668,436,1,0,0,0,1,,0,2015/5/19,9999-99-99,57176,0,0,0,0,0,,0
57206,今庄,イマジョウ,IMAJO,,,,35.767,136.2,128,,,,,,,1,0,0,0,0,,0,1974/11/1,1978/11/27,57206,1,1,1,1,1,,1
57206,今庄,イマジョウ,IMAJO,,,,35.767,136.2,128,6.4,,,,,,1,1,1,1,0,,0,1978/11/28,1980/10/29,57206,0,0,0,0,0,,0
57206,今庄,イマジョウ,IMAJO,今庄,イマジョウ,IMAJO,35.767,136.2,128,6.4,,,35.767,136.2,128,1,1,1,1,1,,0,1980/10/30,1986/6/18,57206,0,0,0,0,0,,0
57206,今庄,イマジョウ,IMAJO,今庄,イマジョウ,IMAJO,35.767,136.2,128,6.4,,,35.767,136.2,128,1,1,1,1,1,,0,1986/6/19,2007/12/13,57206,0,0,0,1,0,,0
57206,今庄,イマジョウ,IMAJO,今庄,イマジョウ,IMAJO,35.767,136.2,128,6.4,,,35.767,136.2,128,1,1,1,1,1,,0,2007/12/14,2008/3/25,57206,0,0,0,4,0,,0
57206,今庄,イマジョウ,IMAJO,今庄,イマジョウ,IMAJO,35.767,136.2,128,6.4,,,35.767,136.2,128,1,1,1,1,1,,0,2008/3/26,2010/3/18,57206,0,4,4,0,0,,0
57206,今庄,イマジョウ,IMAJO,今庄,イマジョウ,IMAJO,35.767,136.2,128,10,,,35.767,136.2,128,1,1,1,1,1,,0,2010/3/19,2021/3/1,57206,0,0,0,0,0,,0
57206,今庄,イマジョウ,IMAJO,今庄,イマジョウ,IMAJO,35.767,136.2,128,10,,,35.767,136.2,128,1,1,1,2,1,,0,2021/3/2,9999-99-99,57206,0,0,0,6,0,,0
57246,敦賀,ツルガ,TSURUGA,,,,35.653,136.062,1,,,,,,,1,0,0,0,0,,0,1974/11/1,1975/3/24,57246,1,1,1,1,1,,1
57246,敦賀,ツルガ,TSURUGA,,,,35.653,136.062,1,14.2,,,,,,1,1,1,1,0,,0,1975/3/25,1986/12/31,57246,0,0,0,0,0,,0
57246,敦賀,ツルガ,TSURUGA,,,,35.653,136.062,1,14.2,,,,,,1,1,1,1,0,,0,1987/1/1,1987/3/26,57246,0,0,0,1,0,,0
57247,敦賀,ツルガ,TSURUGA,,,,35.652,136.062,2,17,,,,,,1,1,1,1,0,,0,1987/3/26,1988/2/12,57246,0,0,0,0,0,,0
57248,敦賀,ツルガ,TSURUGA,,,,35.653,136.062,2,27.6,,,,,,1,1,1,1,0,,0,1988/2/13,1998/3/1,57247,0,1,0,0,0,,0
57248,敦賀,ツルガ,TSURUGA,敦賀,ツルガ,TSURUGA,35.653,136.062,2,27.6,,,35.653,136.062,2,1,1,1,1,1,,0,1998/3/2,2008/3/25,57248,0,0,0,0,0,,0
57248,敦賀,ツルガ,TSURUGA,敦賀,ツルガ,TSURUGA,35.653,136.062,2,27.6,,,35.653,136.062,2,1,1,1,1,1,,0,2008/3/26,2011/12/7,57248,0,4,4,0,0,,0
57248,敦賀,ツルガ,TSURUGA,敦賀,ツルガ,TSURUGA,35.653,136.062,2,28,,,35.653,136.062,2,1,1,1,1,1,,0,2011/12/8,2021/3/1,57248,0,0,0,0,0,,0
57248,敦賀,ツルガ,TSURUGA,敦賀,ツルガ,TSURUGA,35.653,136.062,2,28,,,35.653,136.062,2,1,1,1,1,1,,1,2021/3/2,9999-99-99,57248,0,0,0,0,0,,0
57286,美浜,ミハマ,MIHAMA,,,,35.6,135.917,10,,,,,,,1,0,0,0,0,,0,1975/5/19,1978/11/27,57286,1,1,1,1,1,,1
57286,美浜,ミハマ,MIHAMA,,,,35.6,135.917,10,6.5,,,,,,1,1,1,1,0,,0,1978/11/28,1987/6/10,57286,0,0,0,0,0,,0
57286,美浜,ミハマ,MIHAMA,,,,35.6,135.917,10,6.5,,,,,,1,1,1,1,0,,0,1987/6/11,2009/3/9,57286,0,0,0,1,0,,0
57286,美浜,ミハマ,MIHAMA,,,,35.6,135.917,10,10,,,,,,1,1,1,1,0,,0,2009/3/10,2021/3/1,57286,0,4,4,4,0,,0
57286,美浜,ミハマ,MIHAMA,,,,35.6,135.917,10,10,,,,,,1,1,1,2,0,,0,2021/3/2,9999-99-99,57286,0,0,0,6,0,,0
57306,川上,カワカミ,KAWAKAMI,,,,35.44,135.523,75,,,,,,,1,0,0,0,0,,0,1975/5/7,1995/11/10,57306,1,1,1,1,1,,1
57311,大飯,オオイ,OI,,,,35.48,135.617,3,,,,,,,1,0,0,0,0,,0,1995/11/10,9999-99-99,57311,1,1,1,1,1,,1
57316,小浜,オバマ,OBAMA,,,,35.482,135.783,10,,,,,,,1,0,0,0,0,,0,1974/11/1,1978/11/28,57316,1,1,1,1,1,,1
57316,小浜,オバマ,OBAMA,,,,35.482,135.783,10,6.5,,,,,,1,1,1,1,0,,0,1978/11/29,1980/10/28,57316,0,0,0,0,0,,0
57316,小浜,オバマ,OBAMA,小浜,オバマ,OBAMA,35.482,135.783,10,6.5,,,35.483,135.782,10,1,1,1,1,1,,0,1980/10/29,1988/10/26,57316,0,0,0,0,0,,0
57316,小浜,オバマ,OBAMA,小浜,オバマ,OBAMA,35.482,135.783,10,6.5,,,35.483,135.782,10,1,1,1,1,1,,0,1988/10/27,1992/11/2,57316,0,0,0,1,0,,0
57317,小浜,オバマ,OBAMA,小浜,オバマ,OBAMA,35.483,135.782,10,24.9,,,35.483,135.782,10,1,1,1,1,1,,0,1992/11/2,1993/1/26,57316,0,1,0,0,0,,0
57317,小浜,オバマ,OBAMA,小浜,オバマ,OBAMA,35.483,135.782,10,24.9,,,35.483,135.782,10,1,1,1,1,1,,0,1993/1/27,2007/12/10,57317,0,0,0,1,0,,0
57317,小浜,オバマ,OBAMA,小浜,オバマ,OBAMA,35.483,135.782,10,24.9,,,35.483,135.782,10,1,1,1,1,1,,0,2007/12/11,2008/3/25,57317,0,0,0,4,0,,0
57317,小浜,オバマ,OBAMA,小浜,オバマ,OBAMA,35.483,135.782,10,24.9,,,35.483,135.782,10,1,1,1,1,1,,0,2008/3/26,2021/3/1,57317,0,4,4,0,0,,0
57317,小浜,オバマ,OBAMA,小浜,オバマ,OBAMA,35.483,135.782,10,24.9,,,35.483,135.782,10,1,1,1,2,1,,0,2021/3/2,2021/3/8,57317,0,0,0,6,0,,0
57317,小浜,オバマ,OBAMA,小浜,オバマ,OBAMA,35.483,135.782,10,24.9,,,35.483,135.782,10,1,1,1,2,1,,1,2021/3/9,9999-99-99,57317,0,0,0,0,0,,0
60026,柳ケ瀬,ヤナガセ,YANAGASE,,,,35.582,136.188,220,,,,,,,1,0,0,0,0,,0,1976/4/27,1981/10/30,60026,1,1,1,1,1,,1
60026,柳ケ瀬,ヤナガセ,YANAGASE,柳ケ瀬,ヤナガセ,YANAGASE,35.582,136.188,220,,,,35.582,136.188,220,1,0,0,0,1,,0,1981/10/31,9999-99-99,60026,0,0,0,0,0,,0
60051,今津,イマヅ,IMAZU,,,,35.412,136.028,88,,,,,,,1,0,0,0,0,,0,1974/11/1,1978/11/15,60051,1,1,1,1,1,,1
60051,今津,イマヅ,IMAZU,,,,35.412,136.028,88,6.5,,,,,,1,1,1,1,0,,0,1978/11/16,1981/10/30,60051,0,0,0,0,0,,0
60051,今津,イマヅ,IMAZU,今津,イマヅ,IMAZU,35.412,136.028,88,6.5,,,35.412,136.028,88,1,1,1,1,1,,0,1981/10/31,1986/8/2,60051,0,0,0,0,0,,0
60051,今津,イマヅ,IMAZU,今津,イマヅ,IMAZU,35.412,136.028,88,6.5,,,35.412,136.028,88,1,1,1,1,1,,0,1986/8/3,2006/11/1,60051,0,0,0,1,0,,0
60051,今津,イマヅ,IMAZU,今津,イマヅ,IMAZU,35.412,136.028,88,10,,,35.412,136.028,88,1,1,1,1,1,,0,2006/11/2,2009/2/9,60051,0,0,0,4,0,,0
60051,今津,イマヅ,IMAZU,今津,イマヅ,IMAZU,35.412,136.028,88,10,,,35.412,136.028,88,1,1,1,1,1,,0,2009/2/10,2021/3/1,60051,0,4,4,0,0,,0
60051,今津,イマヅ,IMAZU,今津,イマヅ,IMAZU,35.412,136.028,88,10,,,35.412,136.028,88,1,1,1,2,1,,0,2021/3/2,2022/10/26,60051,0,0,0,6,0,,0
60051,今津,イマヅ,IMAZU,今津,イマヅ,IMAZU,35.412,136.028,88,9.9,,,35.412,136.028,88,1,1,1,2,1,,1,2022/10/27,9999-99-99,60051,0,0,0,0,0,,0
60061,虎姫,トラヒメ,TORAHIME,,,,35.415,136.243,90,,,,,,,1,0,0,0,0,,0,1975/5/7,1978/11/16,60061,1,1,1,1,1,,1
60061,虎姫,トラヒメ,TORAHIME,,,,35.415,136.243,90,6.5,,,,,,1,1,1,1,0,,0,1978/11/17,1987/8/5,60061,0,0,0,0,0,,0
60061,虎姫,トラヒメ,TORAHIME,,,,35.415,136.243,90,6.5,,,,,,1,1,1,1,0,,0,1987/8/6,2009/2/3,60061,0,0,0,1,0,,0
60061,虎姫,トラヒメ,TORAHIME,,,,35.415,136.243,90,6.5,,,,,,1,1,1,1,0,,0,2009/2/4,2010/3/24,60061,0,4,4,4,0,,0
60061,長浜,ナガハマ,NAGAHAMA,,,,35.423,136.242,95,10,,,,,,1,1,1,1,0,,0,2010/3/25,2021/3/1,60061,0,0,0,0,0,,0
60061,長浜,ナガハマ,NAGAHAMA,,,,35.423,136.242,95,10,,,,,,1,1,1,2,0,,0,2021/3/2,2023/5/22,60061,0,0,0,6,0,,0
60061,長浜,ナガハマ,NAGAHAMA,,,,35.423,136.242,95,9.9,,,,,,1,1,1,2,0,,1,2023/5/23,9999-99-99,60061,0,0,0,0,0,,0
60081,朽木平良,クツキヘラ,KUTSUKIHERA,,,,35.308,135.83,380,,,,,,,1,0,0,0,0,,0,2005/12/6,9999-99-99,60081,1,1,1,1,1,,1
60086,荒川,アラカワ,ARAKAWA,,,,35.373,135.927,360,,,,,,,1,0,0,0,0,,0,1974/11/1,2005/12/6,60086,1,1,1,1,1,,1
60101,山東,サントウ,SANTO,,,,35.36,136.37,136,,,,,,,1,0,0,0,0,,0,1974/11/1,1984/9/29,60101,1,1,1,1,1,,1
60101,山東,サントウ,SANTO,春照,スイジョ,SUIJO,35.36,136.37,136,,,,35.38,136.373,160,1,0,0,0,1,,0,1984/9/30,1984/10/10,60101,0,0,0,0,0,,0
60101,春照,スイジョ,SUIJO,春照,スイジョ,SUIJO,35.38,136.373,160,,,,35.38,136.373,160,1,0,0,0,1,,0,1984/10/11,2001/3/29,60101,0,0,0,0,0,,0
60102,山東,サントウ,SANTO,山東,サントウ,SANTO,35.383,136.343,147,6.5,,,35.383,136.343,147,1,1,1,1,1,,0,2001/3/30,2005/2/28,60102,1,1,1,1,1,,1
60102,米原,マイバラ,MAIBARA,米原,マイバラ,MAIBARA,35.383,136.343,147,6.5,,,35.383,136.343,147,1,1,1,1,1,,0,2005/3/1,2007/12/10,60102,0,0,0,0,0,,0
60102,米原,マイバラ,MAIBARA,米原,マイバラ,MAIBARA,35.383,136.343,147,6.5,,,35.383,136.343,147,1,1,1,1,1,,0,2007/12/11,2008/3/25,60102,0,0,0,4,0,,0
60102,米原,マイバラ,MAIBARA,米原,マイバラ,MAIBARA,35.383,136.343,147,6.5,,,35.383,136.343,147,1,1,1,1,1,,0,2008/3/26,2021/3/1,60102,0,4,4,0,0,,0
60102,米原,マイバラ,MAIBARA,米原,マイバラ,MAIBARA,35.383,136.343,147,6.5,,,35.383,136.343,147,1,1,1,2,1,,0,2021/3/2,2022/10/18,60102,0,0,0,6,0,,0
60102,米原,マイバラ,MAIBARA,米原,マイバラ,MAIBARA,35.383,136.343,147,6.4,,,35.383,136.343,147,1,1,1,2,1,,1,2022/10/19,9999-99-99,60102,0,0,0,0,0,,0
60116,北小松,キタコマツ,KITAKOMATSU,,,,35.248,135.97,87,,,,,,,1,0,0,0,0,,0,1976/4/5,1978/11/15,60116,1,1,1,1,1,,1
60116,北小松,キタコマツ,KITAKOMATSU,,,,35.248,135.97,87,6.5,,,,,,1,1,1,1,0,,0,1978/11/16,1987/10/28,60116,0,0,0,0,0,,0
60116,北小松,キタコマツ,KITAKOMATSU,,,,35.248,135.97,87,6.5,,,,,,1,1,1,1,0,,0,1987/10/29,1992/1/17,60116,0,0,0,1,0,,0
60116,南小松,ミナミコマツ,MINAMIKOMATSU,,,,35.235,135.957,90,6.5,,,,,,1,1,1,1,0,,0,1992/1/18,2006/10/30,60116,0,0,0,0,0,,0
60116,南小松,ミナミコマツ,MINAMIKOMATSU,,,,35.235,135.957,90,10,,,,,,1,1,1,1,0,,0,2006/10/31,2009/2/12,60116,0,0,0,4,0,,0
60116,南小松,ミナミコマツ,MINAMIKOMATSU,,,,35.235,135.957,90,10,,,,,,1,1,1,1,0,,0,2009/2/13,2021/3/1,60116,0,4,4,0,0,,0
60116,南小松,ミナミコマツ,MINAMIKOMATSU,,,,35.235,135.957,90,10,,,,,,1,1,1,2,0,,0,2021/3/2,2021/11/29,60116,0,0,0,6,0,,0
60116,南小松,ミナミコマツ,MINAMIKOMATSU,,,,35.235,135.957,90,9.9,,,,,,1,1,1,2,0,,1,2021/11/30,9999-99-99,60116,0,0,0,0,0,,0
60131,彦根,ヒコネ,HIKONE,,,,35.275,136.243,87,,,,,,,1,0,0,0,0,,0,1974/11/1,1975/3/13,60131,1,1,1,1,1,,1
60131,彦根,ヒコネ,HIKONE,,,,35.275,136.243,87,17.4,,,,,,1,1,1,1,0,,0,1975/3/14,1985/12/31,60131,0,0,0,0,0,,0
60131,彦根,ヒコネ,HIKONE,,,,35.275,136.243,87,17.4,,,,,,1,1,1,1,0,,0,1986/1/1,2001/2/28,60131,0,0,0,1,0,,0
60131,彦根,ヒコネ,HIKONE,彦根,ヒコネ,HIKONE,35.275,136.243,87,17.4,,,35.275,136.243,87,1,1,1,1,1,,0,2001/3/1,2008/3/25,60131,0,0,0,0,0,,0
60131,彦根,ヒコネ,HIKONE,彦根,ヒコネ,HIKONE,35.275,136.243,87,17.4,,,35.275,136.243,87,1,1,1,1,1,,0,2008/3/26,2011/5/17,60131,0,4,4,0,0,,0
60131,彦根,ヒコネ,HIKONE,彦根,ヒコネ,HIKONE,35.275,136.243,87,19.7,,,35.275,136.243,87,1,1,1,1,1,,0,2011/5/18,2021/3/1,60131,0,0,0,0,0,,0
60131,彦根,ヒコネ,HIKONE,彦根,ヒコネ,HIKONE,35.275,136.243,87,19.7,,,35.275,136.243,87,1,1,1,1,1,,1,2021/3/2,9999-99-99,60131,0,0,0,0,0,,0
60161,近江八幡,オウミハチマン,OMI-HACHIMAN,,,,35.127,136.097,88,,,,,,,1,0,0,0,0,,0,1974/11/1,2015/9/9,60161,1,1,1,1,1,,1
60161,近江八幡,オウミハチマン,OMI-HACHIMAN,,,,35.127,136.092,90,,,,,,,1,0,0,0,0,,0,2015/9/10,9999-99-99,60161,0,0,0,0,0,,0
60171,君ケ畑台地,キミガハタダイチ,KIMIGAHATADAICHI,,,,35.198,136.34,402,,,,,,,1,0,0,0,0,,0,1974/11/1,1979/3/10,60171,1,1,1,1,1,,1
60172,霜ケ原,シモガハラ,SHIMOGAHARA,,,,35.198,136.338,420,,,,,,,1,0,0,0,0,,0,1979/8/14,2009/11/20,60172,1,1,1,1,1,,1
60181,大津,オオツ,OTSU,,,,35.017,135.853,101,,,,,,,1,0,0,0,0,,0,1974/11/1,1977/11/22,60181,1,1,1,1,1,,1
60196,蒲生,ガモウ,GAMO,,,,35.062,136.19,128,,,,,,,1,0,0,0,0,,0,1975/5/2,1978/12/19,60196,1,1,1,1,1,,1
60196,蒲生,ガモウ,GAMO,,,,35.062,136.19,128,6.5,,,,,,1,1,1,1,0,,0,1978/12/20,1987/7/30,60196,0,0,0,0,0,,0
60196,蒲生,ガモウ,GAMO,,,,35.062,136.19,128,6.5,,,,,,1,1,1,1,0,,0,1987/7/31,2006/2/28,60196,0,0,0,1,0,,0
60196,東近江,ヒガシオウミ,HIGASHIOMI,,,,35.062,136.19,128,6.5,,,,,,1,1,1,1,0,,0,2006/3/1,2008/2/18,60196,0,0,0,0,0,,0
60196,東近江,ヒガシオウミ,HIGASHIOMI,,,,35.062,136.19,128,6.5,,,,,,1,1,1,1,0,,0,2008/2/19,2008/3/25,60196,0,0,0,4,0,,0
60196,東近江,ヒガシオウミ,HIGASHIOMI,,,,35.062,136.19,128,6.5,,,,,,1,1,1,1,0,,0,2008/3/26,2021/3/1,60196,0,4,4,0,0,,0
60196,東近江,ヒガシオウミ,HIGASHIOMI,,,,35.062,136.19,128,6.5,,,,,,1,1,1,2,0,,0,2021/3/2,2023/5/21,60196,0,0,0,6,0,,0
60196,東近江,ヒガシオウミ,HIGASHI-OMI,,,,35.062,136.19,128,6.4,,,,,,1,1,1,2,0,,1,2023/5/22,9999-99-99,60196,0,0,0,0,0,,0
60216,大津,オオツ,OTSU,,,,34.993,135.893,89,6.5,,,,,,1,1,1,1,0,,0,1977/12/22,1987/7/26,60216,1,1,1,1,1,,1
60216,大津,オオツ,OTSU,,,,34.993,135.893,89,6.5,,,,,,1,1,1,1,0,,0,1987/7/27,1990/7/24,60216,0,0,0,1,0,,0
60216,大津,オオツ,OTSU,,,,34.992,135.912,86,6.5,,,,,,1,1,1,1,0,,0,1990/7/25,2008/2/14,60216,0,0,0,0,0,,0
60216,大津,オオツ,OTSU,,,,34.992,135.912,86,6.5,,,,,,1,1,1,1,0,,0,2008/2/15,2008/3/25,60216,0,0,0,4,0,,0
60216,大津,オオツ,OTSU,,,,34.992,135.912,86,6.5,,,,,,1,1,1,1,0,,0,2008/3/26,2010/1/28,60216,0,4,4,0,0,,0
60216,大津,オオツ,OTSU,,,,34.992,135.912,86,10,,,,,,1,1,1,1,0,,0,2010/1/29,2021/3/1,60216,0,0,0,0,0,,0
60216,大津,オオツ,OTSU,,,,34.992,135.912,86,10,,,,,,1,1,1,2,0,,0,2021/3/2,2022/10/23,60216,0,0,0,6,0,,0
60216,大津,オオツ,OTSU,,,,34.992,135.912,86,9.9,,,,,,1,1,1,2,0,,1,2022/10/24,2022/11/15,60216,0,0,0,0,0,,0
60216,大津,オオツ,OTSU,大津,オオツ,OTSU,34.992,135.912,86,9.9,,,34.992,135.912,86,1,1,1,2,1,,1,2022/11/16,9999-99-99,60216,0,0,0,0,0,,0
60226,信楽,シガラキ,SHIGARAKI,,,,34.913,136.08,265,,,,,,,1,0,0,0,0,,0,1975/5/2,1978/12/19,60226,1,1,1,1,1,,1
60226,信楽,シガラキ,SHIGARAKI,,,,34.913,136.08,265,6.5,,,,,,1,1,1,1,0,,0,1978/12/20,1986/5/21,60226,0,0,0,0,0,,0
60226,信楽,シガラキ,SHIGARAKI,,,,34.913,136.08,265,6.5,,,,,,1,1,1,1,0,,0,1986/5/22,2008/2/28,60226,0,0,0,1,0,,0
60226,信楽,シガラキ,SHIGARAKI,,,,34.913,136.08,265,6.5,,,,,,1,1,1,1,0,,0,2008/2/29,2008/3/25,60226,0,0,0,4,0,,0
60226,信楽,シガラキ,SHIGARAKI,,,,34.913,136.08,265,6.5,,,,,,1,1,1,1,0,,0,2008/3/26,2010/2/22,60226,0,4,4,0,0,,0
60226,信楽,シガラキ,SHIGARAKI,,,,34.913,136.08,265,10,,,,,,1,1,1,1,0,,0,2010/2/23,2021/3/1,60226,0,0,0,0,0,,0
60226,信楽,シガラキ,SHIGARAKI,,,,34.913,136.08,265,10,,,,,,1,1,1,2,0,,0,2021/3/2,2023/6/8,60226,0,0,0,6,0,,0
60226,信楽,シガラキ,SHIGARAKI,,,,34.913,136.08,265,9.9,,,,,,1,1,1,2,0,,1,2023/6/9,9999-99-99,60226,0,0,0,0,0,,0
60236,土山,ツチヤマ,TSUCHIYAMA,,,,34.93,136.295,263,,,,,,,1,0,0,0,0,,0,1974/11/1,1978/12/20,60236,1,1,1,1,1,,1
60236,土山,ツチヤマ,TSUCHIYAMA,,,,34.93,136.295,263,6.5,,,,,,1,1,1,1,0,,0,1978/12/21,1987/7/30,60236,0,0,0,0,0,,0
60236,土山,ツチヤマ,TSUCHIYAMA,,,,34.93,136.295,263,6.5,,,,,,1,1,1,1,0,,0,1987/7/31,2009/2/5,60236,0,0,0,1,0,,0
60236,土山,ツチヤマ,TSUCHIYAMA,,,,34.938,136.278,248,10,,,,,,1,1,1,1,0,,0,2009/2/6,2021/3/1,60236,0,4,4,4,0,,0
60236,土山,ツチヤマ,TSUCHIYAMA,,,,34.938,136.278,248,10,,,,,,1,1,1,2,0,,0,2021/3/2,2023/5/17,60236,0,0,0,6,0,,0
60236,土山,ツチヤマ,TSUCHIYAMA,,,,34.938,136.278,248,9.9,,,,,,1,1,1,2,0,,1,2023/5/18,9999-99-99,60236,0,0,0,0,0,,0
61001,間人,タイザ,TAIZA,,,,35.737,135.087,42,,,,,,,1,0,0,0,0,,0,1975/5/2,1977/2/27,61001,1,1,1,1,1,,1
61001,間人,タイザ,TAIZA,,,,35.737,135.087,42,7.9,,,,,,1,1,1,1,0,,0,1977/2/28,1987/11/19,61001,0,0,0,0,0,,0
61001,間人,タイザ,TAIZA,,,,35.737,135.087,42,7.9,,,,,,1,1,1,1,0,,0,1987/11/20,2006/12/6,61001,0,0,0,1,0,,0
61001,間人,タイザ,TAIZA,,,,35.737,135.087,42,7.9,,,,,,1,1,1,1,0,,0,2006/12/7,2009/2/2,61001,0,0,0,4,0,,0
61001,間人,タイザ,TAIZA,,,,35.737,135.087,42,7.9,,,,,,1,1,1,1,0,,0,2009/2/3,2016/8/24,61001,0,4,4,0,0,,0
61001,間人,タイザ,TAIZA,,,,35.737,135.087,42,11.2,,,,,,1,1,1,1,0,,0,2016/8/25,2021/3/1,61001,0,0,0,0,0,,0
61001,間人,タイザ,TAIZA,,,,35.737,135.087,42,11.2,,,,,,1,1,1,2,0,,0,2021/3/2,2023/5/16,61001,0,0,0,6,0,,0
61001,間人,タイザ,TAIZA,,,,35.737,135.087,42,11.1,,,,,,1,1,1,2,0,,1,2023/5/17,9999-99-99,61001,0,0,0,0,0,,0
61031,峰山丹波,ミネヤマタンバ,MINEYAMATAMBA,,,,35.625,135.073,23,,,,,,,1,0,0,0,0,,0,1974/11/1,1981/10/30,61031,1,1,1,1,1,,1
61031,峰山丹波,ミネヤマタンバ,MINEYAMATAMBA,峰山丹波,ミネヤマタンバ,MINEYAMATAMBA,35.625,135.073,23,,,,35.618,135.072,23,1,0,0,0,1,,0,1981/10/31,1993/11/23,61031,0,0,0,0,0,,0
61031,峰山丹波,ミネヤマタンバ,MINEYAMATAMBA,峰山丹波,ミネヤマタンバ,MINEYAMATAMBA,35.618,135.072,23,,,,35.618,135.072,23,1,0,0,0,1,,0,1993/11/24,2004/2/29,61031,0,0,0,0,0,,0
61031,峰山,ミネヤマ,MINEYAMA,峰山,ミネヤマ,MINEYAMA,35.618,135.072,23,,,,35.618,135.072,23,1,0,0,0,1,,0,2004/3/1,9999-99-99,61031,0,0,0,0,0,,0
61076,宮津,ミヤヅ,MIYAZU,,,,35.53,135.198,3,,,,,,,1,0,0,0,0,,0,1974/11/1,1978/11/14,61076,1,1,1,1,1,,1
61076,宮津,ミヤヅ,MIYAZU,,,,35.53,135.198,3,6.5,,,,,,1,1,1,1,0,,0,1978/11/15,1987/10/21,61076,0,0,0,0,0,,0
61076,宮津,ミヤヅ,MIYAZU,,,,35.53,135.198,3,6.5,,,,,,1,1,1,1,0,,0,1987/10/22,1997/3/6,61076,0,0,0,1,0,,0
61076,宮津,ミヤヅ,MIYAZU,,,,35.55,135.235,2,10.5,,,,,,1,1,1,1,0,,0,1997/3/7,2008/2/25,61076,0,0,0,0,0,,0
61076,宮津,ミヤヅ,MIYAZU,,,,35.55,135.235,2,10.5,,,,,,1,1,1,1,0,,0,2008/2/26,2008/3/25,61076,0,0,0,4,0,,0
61076,宮津,ミヤヅ,MIYAZU,,,,35.55,135.235,2,10.5,,,,,,1,1,1,1,0,,0,2008/3/26,2021/3/1,61076,0,4,4,0,0,,0
61076,宮津,ミヤヅ,MIYAZU,,,,35.55,135.235,2,10.5,,,,,,1,1,1,2,0,,0,2021/3/2,2023/5/15,61076,0,0,0,6,0,,0
61076,宮津,ミヤヅ,MIYAZU,,,,35.55,135.235,2,10.4,,,,,,1,1,1,2,0,,1,2023/5/16,9999-99-99,61076,0,0,0,0,0,,0
61096,坂浦,サカウラ,SAKAURA,,,,35.418,135.087,223,,,,,,,1,0,0,0,0,,0,2013/5/29,9999-99-99,61096,1,1,1,1,1,,1
61111,舞鶴,マイヅル,MAIZURU,,,,35.45,135.317,2,,,,,,,1,0,0,0,0,,0,1974/11/1,1975/3/25,61111,1,1,1,1,1,,1
61111,舞鶴,マイヅル,MAIZURU,,,,35.45,135.317,2,41.3,,,,,,1,1,1,1,0,,0,1975/3/26,1985/12/31,61111,0,0,0,0,0,,0
61111,舞鶴,マイヅル,MAIZURU,,,,35.45,135.317,2,41.3,,,,,,1,1,1,1,0,,0,1986/1/1,2000/1/17,61111,0,0,0,1,0,,0
61111,舞鶴,マイヅル,MAIZURU,,,,35.45,135.317,2,41.4,,,,,,1,1,1,1,0,,0,2000/1/18,2001/2/27,61111,0,0,0,0,0,,0
61111,舞鶴,マイヅル,MAIZURU,舞鶴,マイヅル,MAIZURU,35.45,135.317,2,41.4,,,35.45,135.317,2,1,1,1,1,1,,0,2001/2/28,2008/3/25,61111,0,0,0,0,0,,0
61111,舞鶴,マイヅル,MAIZURU,舞鶴,マイヅル,MAIZURU,35.45,135.317,2,41.4,,,35.45,135.317,2,1,1,1,1,1,,0,2008/3/26,2013/3/21,61111,0,4,4,0,0,,0
61111,舞鶴,マイヅル,MAIZURU,舞鶴,マイヅル,MAIZURU,35.45,135.317,2,41.6,,,35.45,135.317,2,1,1,1,1,1,,0,2013/3/22,2021/3/1,61111,0,0,0,0,0,,0
61111,舞鶴,マイヅル,MAIZURU,舞鶴,マイヅル,MAIZURU,35.45,135.317,2,41.6,,,35.45,135.317,2,1,1,1,1,1,,1,2021/3/2,9999-99-99,61111,0,0,0,0,0,,0
61131,仏坂,フッサカ,FUSSAKA,,,,35.377,135.035,410,,,,,,,1,0,0,0,0,,0,1974/11/1,1981/10/21,61131,1,1,1,1,1,,1
61132,三岳,ミタケ,MITAKE,,,,35.367,135.05,118,,,,,,,1,0,0,0,0,,0,1982/5/27,2013/5/29,61132,1,1,1,1,1,,1
61146,浅原山,アサハラヤマ,ASAHARAYAMA,,,,35.333,135.388,380,,,,,,,1,0,0,0,0,,0,1974/11/1,1981/10/15,61146,1,1,1,1,1,,1
61151,故屋岡,コヤオカ,KOYAOKA,,,,35.385,135.457,190,,,,,,,1,0,0,0,0,,0,1977/6/28,2012/11/29,61151,1,1,1,1,1,,1
61151,睦寄,ムツヨリ,MUTSUYORI,,,,35.382,135.453,175,,,,,,,1,0,0,0,0,,0,2012/11/30,9999-99-99,61151,0,0,0,0,0,,0
61161,知井,チイ,CHII,,,,35.322,135.647,250,,,,,,,1,0,0,0,0,,0,1975/4/24,1978/11/14,61161,1,1,1,1,1,,1
61186,福知山,フクチヤマ,FUKUCHIYAMA,,,,35.295,135.127,34,,,,,,,1,0,0,0,0,,0,1974/11/1,1976/2/24,61186,1,1,1,1,1,,1
61186,福知山,フクチヤマ,FUKUCHIYAMA,,,,35.295,135.127,34,40.8,,,,,,1,1,1,1,0,,0,1976/2/25,1987/10/7,61186,0,0,0,0,0,,0
61186,福知山,フクチヤマ,FUKUCHIYAMA,,,,35.295,135.127,34,40.8,,,,,,1,1,1,1,0,,0,1987/10/8,2005/12/7,61186,0,0,0,1,0,,0
61187,福知山,フクチヤマ,FUKUCHIYAMA,,,,35.312,135.113,17,9.6,,,,,,1,1,1,1,0,,0,2005/12/8,2008/12/15,61186,0,1,0,4,0,,0
61187,福知山,フクチヤマ,FUKUCHIYAMA,,,,35.312,135.113,17,9.6,,,,,,1,1,1,1,0,,0,2008/12/16,2021/3/1,61187,0,4,4,0,0,,0
61187,福知山,フクチヤマ,FUKUCHIYAMA,,,,35.312,135.113,17,9.6,,,,,,1,1,1,2,0,,0,2021/3/2,2021/11/24,61187,0,0,0,6,0,,0
61187,福知山,フクチヤマ,FUKUCHIYAMA,,,,35.312,135.113,17,9.5,,,,,,1,1,1,2,0,,1,2021/11/25,9999-99-99,61187,0,0,0,0,0,,0
61191,綾部,アヤベ,AYABE,,,,35.3,135.243,55,,,,,,,1,0,0,0,0,,0,1982/5/28,2010/3/7,61191,1,1,1,1,1,,1
61191,綾部,アヤベ,AYABE,,,,35.293,135.258,51,,,,,,,1,0,0,0,0,,0,2010/3/8,2021/3/4,61191,0,0,0,0,0,,0
61192,三和,ミワ,MIWA,,,,35.217,135.235,105,,,,,,,1,0,0,0,0,,0,1982/6/2,1995/7/26,61192,1,1,1,1,1,,1
61192,三和,ミワ,MIWA,,,,35.217,135.232,105,,,,,,,1,0,0,0,0,,0,1995/7/27,9999-99-99,61192,0,0,0,0,0,,0
61196,綾部山家,アヤベヤマガ,AYABEYAMAGA,,,,35.297,135.315,87,,,,,,,1,0,0,0,0,,0,2021/3/4,9999-99-99,61196,1,1,1,1,1,,1
61201,和知,ワチ,WACHI,,,,35.26,135.398,112,,,,,,,1,0,0,0,0,,0,1975/5/2,2005/10/2,61201,1,1,1,1,1,,1
61201,本庄,ホンジョウ,HONJO,,,,35.26,135.398,112,,,,,,,1,0,0,0,0,,0,2005/10/3,2010/3/4,61201,0,0,0,0,0,,0
61201,本庄,ホンジョウ,HONJO,,,,35.26,135.395,95,,,,,,,1,0,0,0,0,,0,2010/3/5,9999-99-99,61201,0,0,0,0,0,,0
61202,胡麻,ゴマ,GOMA,,,,35.21,135.462,260,,,,,,,1,0,0,0,0,,0,1974/11/1,1981/11/11,61202,1,1,1,1,1,,1
61206,美山,ミヤマ,MIYAMA,,,,35.278,135.555,200,6.5,,,,,,1,1,1,1,0,,0,1978/11/15,1981/8/10,61206,1,1,1,1,1,,1
61206,美山,ミヤマ,MIYAMA,,,,35.275,135.55,200,8.1,,,,,,1,1,1,1,0,,0,1981/8/11,1981/10/30,61206,0,0,0,0,0,,0
61206,美山,ミヤマ,MIYAMA,美山,ミヤマ,MIYAMA,35.275,135.55,200,8.1,,,35.275,135.55,200,1,1,1,1,1,,0,1981/10/31,1987/10/11,61206,0,0,0,0,0,,0
61206,美山,ミヤマ,MIYAMA,美山,ミヤマ,MIYAMA,35.275,135.55,200,8.1,,,35.275,135.55,200,1,1,1,1,1,,0,1987/10/12,2007/12/13,61206,0,0,0,1,0,,0
61206,美山,ミヤマ,MIYAMA,美山,ミヤマ,MIYAMA,35.275,135.55,200,8.1,,,35.275,135.55,200,1,1,1,1,1,,0,2007/12/14,2008/3/25,61206,0,0,0,4,0,,0
61206,美山,ミヤマ,MIYAMA,美山,ミヤマ,MIYAMA,35.275,135.55,200,8.1,,,35.275,135.55,200,1,1,1,1,1,,0,2008/3/26,2009/12/17,61206,0,4,4,0,0,,0
61206,美山,ミヤマ,MIYAMA,美山,ミヤマ,MIYAMA,35.275,135.55,200,10,,,35.275,135.55,200,1,1,1,1,1,,0,2009/12/18,2021/3/1,61206,0,0,0,0,0,,0
61206,美山,ミヤマ,MIYAMA,美山,ミヤマ,MIYAMA,35.275,135.55,200,10,,,35.275,135.55,200,1,1,1,2,1,,0,2021/3/2,2022/10/17,61206,0,0,0,6,0,,0
61206,美山,ミヤマ,MIYAMA,美山,ミヤマ,MIYAMA,35.275,135.55,200,9.9,,,35.275,135.55,200,1,1,1,2,1,,1,2022/10/18,9999-99-99,61206,0,0,0,0,0,,0
61226,妙高山,ミョウコウサン,MYOKOSAN,,,,35.168,135.17,440,,,,,,,1,0,0,0,0,,0,1974/11/1,1981/10/14,61226,1,1,1,1,1,,1
61241,須知,シュウチ,SHUCHI,,,,35.163,135.423,185,,,,,,,1,0,0,0,0,,0,1982/5/26,1997/11/20,61241,1,1,1,1,1,,1
61241,須知,シュウチ,SHUCHI,,,,35.177,135.42,150,,,,,,,1,0,0,0,0,,0,1997/11/21,9999-99-99,61241,0,0,0,0,0,,0
61242,園部,ソノベ,SONOBE,,,,35.108,135.455,134,9.3,,,,,,1,1,1,1,0,,0,2002/3/6,2008/2/21,61242,1,1,1,1,1,,1
61242,園部,ソノベ,SONOBE,,,,35.108,135.455,134,9.3,,,,,,1,1,1,1,0,,0,2008/2/22,2008/3/25,61242,0,0,0,4,0,,0
61242,園部,ソノベ,SONOBE,,,,35.108,135.455,134,9.3,,,,,,1,1,1,1,0,,0,2008/3/26,2021/3/1,61242,0,4,4,0,0,,0
61242,園部,ソノベ,SONOBE,,,,35.108,135.455,134,9.3,,,,,,1,1,1,2,0,,0,2021/3/2,2022/11/1,61242,0,0,0,6,0,,0
61242,園部,ソノベ,SONOBE,,,,35.108,135.455,134,9.2,,,,,,1,1,1,2,0,,1,2022/11/2,9999-99-99,61242,0,0,0,0,0,,0
61251,京北,ケイホク,KEIHOKU,,,,35.18,135.662,260,,,,,,,1,0,0,0,0,,0,1975/4/24,2012/9/23,61251,1,1,1,1,1,,1
61251,京北,ケイホク,KEIHOKU,,,,35.182,135.662,260,,,,,,,1,0,0,0,0,,0,2012/9/24,9999-99-99,61251,0,0,0,0,0,,0
61256,花背峠,ハナセトウゲ,HANASETOGE,,,,35.157,135.788,710,,,,,,,1,0,0,0,0,,0,1975/4/19,2009/11/20,61256,1,1,1,1,1,,1
61271,園部,ソノベ,SONOBE,,,,35.055,135.455,195,,,,,,,1,0,0,0,0,,0,1974/11/1,1978/12/18,61271,1,1,1,1,1,,1
61271,園部,ソノベ,SONOBE,,,,35.055,135.455,195,8.4,,,,,,1,1,1,1,0,,0,1978/12/19,1987/5/6,61271,0,0,0,0,0,,0
61271,園部,ソノベ,SONOBE,,,,35.055,135.455,195,8.4,,,,,,1,1,1,1,0,,0,1987/5/7,2002/3/5,61271,0,0,0,1,0,,0
61286,京都,キョウト,KYOTO,,,,35.015,135.732,41,,,,,,,1,0,0,0,0,,0,1974/11/1,1975/3/31,61286,1,1,1,1,1,,1
61286,京都,キョウト,KYOTO,,,,35.015,135.732,41,16.2,,,,,,1,1,1,1,0,,0,1975/4/1,1986/12/31,61286,0,0,0,0,0,,0
61286,京都,キョウト,KYOTO,,,,35.015,135.732,41,16.2,,,,,,1,1,1,1,0,,0,1987/1/1,2000/1/19,61286,0,0,0,1,0,,0
61286,京都,キョウト,KYOTO,,,,35.015,135.732,41,16.1,,,,,,1,1,1,1,0,,0,2000/1/20,2001/2/27,61286,0,0,0,0,0,,0
61286,京都,キョウト,KYOTO,京都,キョウト,KYOTO,35.015,135.732,41,16.1,,,35.015,135.732,41,1,1,1,1,1,,0,2001/2/28,2008/3/25,61286,0,0,0,0,0,,0
61286,京都,キョウト,KYOTO,京都,キョウト,KYOTO,35.015,135.732,41,16.1,,,35.015,135.732,41,1,1,1,1,1,,0,2008/3/26,2008/3/26,61286,0,4,4,0,0,,0
61286,京都,キョウト,KYOTO,京都,キョウト,KYOTO,35.015,135.732,41,17.5,,,35.015,135.732,41,1,1,1,1,1,,0,2008/3/27,2012/3/12,61286,0,0,0,0,0,,0
61286,京都,キョウト,KYOTO,京都,キョウト,KYOTO,35.013,135.732,41,17.5,,,35.013,135.732,41,1,1,1,1,1,,0,2012/3/13,2014/1/29,61286,0,0,0,0,0,,0
61286,京都,キョウト,KYOTO,京都,キョウト,KYOTO,35.013,135.732,41,17.6,,,35.013,135.732,41,1,1,1,1,1,,0,2014/1/30,2019/11/5,61286,0,0,0,0,0,,0
61286,京都,キョウト,KYOTO,京都,キョウト,KYOTO,35.013,135.732,41,17.7,,,35.013,135.732,41,1,1,1,1,1,,0,2019/11/6,2021/3/1,61286,0,0,0,0,0,,0
61286,京都,キョウト,KYOTO,京都,キョウト,KYOTO,35.013,135.732,41,17.7,,,35.013,135.732,41,1,1,1,1,1,,1,2021/3/2,9999-99-99,61286,0,0,0,0,0,,0
61306,長岡京,ナガオカキョウ,NAGAOKAKYO,,,,34.927,135.688,30,,,,,,,1,0,0,0,0,,0,1975/5/20,2011/10/30,61306,1,1,1,1,1,,1
61306,長岡京,ナガオカキョウ,NAGAOKAKYO,,,,34.93,135.678,71,,,,,,,1,0,0,0,0,,0,2011/10/31,9999-99-99,61306,0,0,0,0,0,,0
61326,田辺,タナベ,TANABE,,,,34.81,135.772,50,,,,,,,1,0,0,0,0,,0,1974/11/1,1978/12/18,61326,1,1,1,1,1,,1
61326,田辺,タナベ,TANABE,,,,34.81,135.772,50,6.5,,,,,,1,1,1,1,0,,0,1978/12/19,1986/5/27,61326,0,0,0,0,0,,0
61326,田辺,タナベ,TANABE,,,,34.81,135.772,50,6.5,,,,,,1,1,1,1,0,,0,1986/5/28,1997/3/31,61326,0,0,0,1,0,,0
61326,京田辺,キョウタナベ,KYOTANABE,,,,34.81,135.772,50,6.5,,,,,,1,1,1,1,0,,0,1997/4/1,2006/12/4,61326,0,0,0,0,0,,0
61326,京田辺,キョウタナベ,KYOTANABE,,,,34.83,135.76,20,10,,,,,,1,1,1,1,0,,0,2006/12/5,2009/2/5,61326,0,0,0,4,0,,0
61326,京田辺,キョウタナベ,KYOTANABE,,,,34.83,135.76,20,10,,,,,,1,1,1,1,0,,0,2009/2/6,2021/3/1,61326,0,4,4,0,0,,0
61326,京田辺,キョウタナベ,KYOTANABE,,,,34.83,135.76,20,10,,,,,,1,1,1,2,0,,0,2021/3/2,2021/11/15,61326,0,0,0,6,0,,0
61326,京田辺,キョウタナベ,KYOTANABE,,,,34.83,135.76,20,9.9,,,,,,1,1,1,2,0,,1,2021/11/16,9999-99-99,61326,0,0,0,0,0,,0
61336,鷲峰山,ジユブサン,JUBUSAN,,,,34.828,135.907,680,,,,,,,1,0,0,0,0,,0,1974/11/1,1979/12/1,61336,1,1,1,1,1,,1
61337,鷲峰山,ジュブサン,JUBUSAN,,,,34.828,135.905,607,,,,,,,1,0,0,0,0,,0,1980/7/19,2009/11/20,61337,1,1,1,1,1,,1
62016,能勢,ノセ,NOSE,,,,34.948,135.455,235,,,,,,,1,0,0,0,0,,0,1974/11/1,1977/3/6,62016,1,1,1,1,1,,1
62016,能勢,ノセ,NOSE,,,,34.948,135.455,235,6.5,,,,,,1,1,1,1,0,,0,1977/3/7,1987/7/29,62016,0,0,0,0,0,,0
62016,能勢,ノセ,NOSE,,,,34.948,135.455,235,6.5,,,,,,1,1,1,1,0,,0,1987/7/30,2006/11/27,62016,0,0,0,1,0,,0
62016,能勢,ノセ,NOSE,,,,34.948,135.455,235,6.5,,,,,,1,1,1,1,0,,0,2006/11/28,2009/2/9,62016,0,0,0,4,0,,0
62016,能勢,ノセ,NOSE,,,,34.948,135.455,235,6.5,,,,,,1,1,1,1,0,,0,2009/2/10,2009/11/26,62016,0,4,4,0,0,,0
62016,能勢,ノセ,NOSE,,,,34.948,135.455,235,10,,,,,,1,1,1,1,0,,0,2009/11/27,2021/3/1,62016,0,0,0,0,0,,0
62016,能勢,ノセ,NOSE,,,,34.948,135.455,235,10,,,,,,1,1,1,2,0,,0,2021/3/2,2021/11/28,62016,0,0,0,6,0,,0
62016,能勢,ノセ,NOSE,,,,34.948,135.455,235,9.9,,,,,,1,1,1,2,0,,1,2021/11/29,9999-99-99,62016,0,0,0,0,0,,0
62036,箕面,ミノオ,MINO,,,,34.847,135.5,130,,,,,,,1,0,0,0,0,,0,1974/11/1,1985/3/27,62036,1,1,1,1,1,,1
62036,箕面,ミノオ,MINO,,,,34.838,135.503,96,,,,,,,1,0,0,0,0,,0,1985/3/28,2009/12/18,62036,0,0,0,0,0,,0
62037,茨木,イバラキ,IBARAKI,,,,34.86,135.56,78,,,,,,,1,0,0,0,0,,0,2009/12/18,9999-99-99,62037,1,1,1,1,1,,1
62046,枚方,ヒラカタ,HIRAKATA,,,,34.807,135.673,26,,,,,,,1,0,0,0,0,,0,1975/5/31,1977/3/1,62046,1,1,1,1,1,,1
62046,枚方,ヒラカタ,HIRAKATA,,,,34.817,135.708,71,6.5,,,,,,1,1,1,1,0,,0,1977/3/2,1987/8/12,62046,0,0,0,0,0,,0
62046,枚方,ヒラカタ,HIRAKATA,,,,34.817,135.708,71,6.5,,,,,,1,1,1,1,0,,0,1987/8/13,1993/12/5,62046,0,0,0,1,0,,0
62046,枚方,ヒラカタ,HIRAKATA,,,,34.808,135.672,26,6.5,,,,,,1,1,1,1,0,,0,1993/12/6,2006/11/30,62046,0,0,0,0,0,,0
62046,枚方,ヒラカタ,HIRAKATA,,,,34.808,135.672,26,6.5,,,,,,1,1,1,1,0,,0,2006/12/1,2009/2/12,62046,0,0,0,4,0,,0
62046,枚方,ヒラカタ,HIRAKATA,,,,34.808,135.672,26,6.5,,,,,,1,1,1,1,0,,0,2009/2/13,2009/9/13,62046,0,4,4,0,0,,0
62046,枚方,ヒラカタ,HIRAKATA,,,,34.808,135.672,26,10,,,,,,1,1,1,1,0,,0,2009/9/14,2021/3/1,62046,0,0,0,0,0,,0
62046,枚方,ヒラカタ,HIRAKATA,,,,34.808,135.672,26,10,,,,,,1,1,1,2,0,,0,2021/3/2,2021/11/17,62046,0,0,0,6,0,,0
62046,枚方,ヒラカタ,HIRAKATA,,,,34.808,135.672,26,9.9,,,,,,1,1,1,2,0,,1,2021/11/18,9999-99-99,62046,0,0,0,0,0,,0
62051,豊中,トヨナカ,TOYONAKA,,,,34.783,135.438,12,,,,,,,1,0,0,0,0,,0,1974/11/1,1977/3/8,62051,1,1,1,1,1,,1
62051,豊中,トヨナカ,TOYONAKA,,,,34.783,135.438,12,10,,,,,,1,1,1,1,0,,0,1977/3/9,1986/10/23,62051,0,0,0,0,0,,0
62051,豊中,トヨナカ,TOYONAKA,,,,34.783,135.438,12,10,,,,,,1,1,1,1,0,,0,1986/10/24,1994/3/1,62051,0,0,0,1,0,,0
62051,豊中,トヨナカ,TOYONAKA,,,,34.783,135.438,12,10,,,,,,1,1,1,0,0,,0,1994/3/2,2009/1/28,62051,0,0,0,0,0,,0
62051,豊中,トヨナカ,TOYONAKA,,,,34.783,135.438,12,10,,,,,,1,1,1,0,0,,0,2009/1/29,9999-99-99,62051,0,4,4,0,0,,0
62076,大阪,オオサカ,OSAKA,,,,34.68,135.518,23,,,,,,,1,0,0,0,0,,0,1974/11/1,1975/3/18,62076,1,1,1,1,1,,1
62076,大阪,オオサカ,OSAKA,,,,34.68,135.518,23,18.8,,,,,,1,1,1,1,0,,0,1975/3/19,1985/12/31,62076,0,0,0,0,0,,0
62076,大阪,オオサカ,OSAKA,,,,34.68,135.518,23,18.8,,,,,,1,1,1,1,0,,0,1986/1/1,1993/2/1,62076,0,0,0,1,0,,0
62077,大阪,オオサカ,OSAKA,,,,34.68,135.518,23,94.2,,,,,,1,1,1,1,0,,0,1993/2/1,1999/2/23,62076,0,1,0,0,0,,0
62078,大阪,オオサカ,OSAKA,,,,34.682,135.518,23,22.9,,,,,,1,1,1,1,0,,0,1999/2/24,2008/3/25,62077,0,1,0,0,0,,0
62078,大阪,オオサカ,OSAKA,,,,34.682,135.518,23,22.9,,,,,,1,1,1,1,0,,0,2008/3/26,2011/3/31,62078,0,4,4,0,0,,0
62078,大阪,オオサカ,OSAKA,大阪,オオサカ,OSAKA,34.682,135.518,23,22.9,,,34.682,135.518,23,1,1,1,1,1,,0,2011/4/1,2015/2/12,62078,0,0,0,0,0,,0
62078,大阪,オオサカ,OSAKA,大阪,オオサカ,OSAKA,34.682,135.518,23,24,,,34.682,135.518,23,1,1,1,1,1,,0,2015/2/13,2021/3/1,62078,0,0,0,0,0,,0
62078,大阪,オオサカ,OSAKA,大阪,オオサカ,OSAKA,34.682,135.518,23,24,,,34.682,135.518,23,1,1,1,1,1,,1,2021/3/2,9999-99-99,62078,0,0,0,0,0,,0
62081,生駒山,イコマヤマ,IKOMAYAMA,,,,34.675,135.677,626,,,,,,,1,0,0,0,0,,0,1974/11/1,1976/2/11,62081,1,1,1,1,1,,1
62081,生駒山,イコマヤマ,IKOMAYAMA,,,,34.675,135.677,626,13,,,,,,1,1,1,1,0,,0,1976/2/12,1987/8/14,62081,0,0,0,0,0,,0
62081,生駒山,イコマヤマ,IKOMAYAMA,,,,34.675,135.677,626,13,,,,,,1,1,1,1,0,,0,1987/8/15,2005/3/21,62081,0,0,0,1,0,,0
62081,生駒山,イコマヤマ,IKOMAYAMA,,,,34.675,135.677,626,9.3,,,,,,1,1,1,1,0,,0,2005/3/22,2006/12/4,62081,0,0,0,0,0,,0
62081,生駒山,イコマヤマ,IKOMAYAMA,,,,34.675,135.677,626,9.3,,,,,,1,1,1,1,0,,0,2006/12/5,2009/2/16,62081,0,0,0,4,0,,0
62081,生駒山,イコマヤマ,IKOMAYAMA,,,,34.675,135.677,626,9.3,,,,,,1,1,1,1,0,,0,2009/2/17,2021/3/1,62081,0,4,4,0,0,,0
62081,生駒山,イコマヤマ,IKOMAYAMA,,,,34.675,135.677,626,9.3,,,,,,1,1,1,2,0,,0,2021/3/2,2023/4/16,62081,0,0,0,6,0,,0
62081,生駒山,イコマヤマ,IKOMAYAMA,,,,34.675,135.677,626,9.2,,,,,,1,1,1,2,0,,1,2023/4/17,9999-99-99,62081,0,0,0,0,0,,0
62091,堺,サカイ,SAKAI,,,,34.542,135.508,30,,,,,,,1,0,0,0,0,,0,1975/5/30,1977/3/2,62091,1,1,1,1,1,,1
62091,堺,サカイ,SAKAI,,,,34.542,135.508,30,6.5,,,,,,1,1,1,1,0,,0,1977/3/3,1987/10/28,62091,0,0,0,0,0,,0
62091,堺,サカイ,SAKAI,,,,34.542,135.508,30,6.5,,,,,,1,1,1,1,0,,0,1987/10/29,2005/12/11,62091,0,0,0,1,0,,0
62091,堺,サカイ,SAKAI,,,,34.542,135.508,30,6.5,,,,,,1,1,1,1,0,,0,2005/12/12,2008/7/9,62091,0,0,0,4,0,,0
62091,堺,サカイ,SAKAI,,,,34.555,135.485,20,10.1,,,,,,1,1,1,1,0,,0,2008/7/10,2008/12/18,62091,0,0,0,0,0,,0
62091,堺,サカイ,SAKAI,,,,34.555,135.485,20,10.1,,,,,,1,1,1,1,0,,0,2008/12/19,2021/3/1,62091,0,4,4,0,0,,0
62091,堺,サカイ,SAKAI,,,,34.555,135.485,20,10.1,,,,,,1,1,1,2,0,,0,2021/3/2,2021/11/7,62091,0,0,0,6,0,,0
62091,堺,サカイ,SAKAI,,,,34.555,135.485,20,10,,,,,,1,1,1,2,0,,1,2021/11/8,9999-99-99,62091,0,0,0,0,0,,0
62096,八尾,ヤオ,YAO,,,,34.597,135.6,10,7,,,,,,1,1,1,0,0,,0,2003/1/1,2009/1/28,62096,1,1,1,1,1,,1
62096,八尾,ヤオ,YAO,,,,34.597,135.6,10,7,,,,,,1,1,1,0,0,,0,2009/1/29,2018/1/31,62096,0,4,4,0,0,,0
62096,八尾,ヤオ,YAO,,,,34.597,135.6,10,10.2,,,,,,1,1,1,0,0,,0,2018/2/1,9999-99-99,62096,0,0,0,0,0,,0
62101,関空島,カンクウジマ,KANKUJIMA,,,,34.427,135.243,5,10.2,,,,,,1,1,1,0,0,,0,2003/1/1,2007/8/1,62101,1,1,1,1,1,,1
62101,関空島,カンクウジマ,KANKUJIMA,,,,34.433,135.232,5,10.2,,,,,,1,1,1,0,0,,0,2007/8/2,2009/1/29,62101,0,0,0,0,0,,0
62101,関空島,カンクウジマ,KANKUJIMA,,,,34.433,135.232,5,10.2,,,,,,1,1,1,0,0,,0,2009/1/30,2017/3/7,62101,0,4,4,0,0,,0
62101,関空島,カンクウジマ,KANKUJIMA,,,,34.433,135.232,5,10,,,,,,1,1,1,0,0,,0,2017/3/8,9999-99-99,62101,0,0,0,0,0,,0
62111,河内長野,カワチナガノ,KAWACHINAGANO,,,,34.423,135.543,160,,,,,,,1,0,0,0,0,,0,1974/11/1,9999-99-99,62111,1,1,1,1,1,,1
62131,熊取,クマトリ,KUMATORI,,,,34.385,135.35,68,,,,,,,1,0,0,0,0,,0,1974/11/1,1977/3/3,62131,1,1,1,1,1,,1
62131,熊取,クマトリ,KUMATORI,,,,34.385,135.35,68,6.5,,,,,,1,1,1,1,0,,0,1977/3/4,1986/5/30,62131,0,0,0,0,0,,0
62131,熊取,クマトリ,KUMATORI,,,,34.385,135.35,68,6.5,,,,,,1,1,1,1,0,,0,1986/5/31,2008/1/15,62131,0,0,0,1,0,,0
62131,熊取,クマトリ,KUMATORI,,,,34.385,135.35,68,6.5,,,,,,1,1,1,1,0,,0,2008/1/16,2008/3/25,62131,0,0,0,4,0,,0
62131,熊取,クマトリ,KUMATORI,,,,34.385,135.35,68,6.5,,,,,,1,1,1,1,0,,0,2008/3/26,2009/11/18,62131,0,4,4,0,0,,0
62131,熊取,クマトリ,KUMATORI,,,,34.385,135.35,68,10,,,,,,1,1,1,1,0,,0,2009/11/19,2021/3/1,62131,0,0,0,0,0,,0
62131,熊取,クマトリ,KUMATORI,,,,34.385,135.35,68,10,,,,,,1,1,1,2,0,,0,2021/3/2,2022/11/27,62131,0,0,0,6,0,,0
62131,熊取,クマトリ,KUMATORI,,,,34.385,135.35,68,9.9,,,,,,1,1,1,2,0,,1,2022/11/28,9999-99-99,62131,0,0,0,0,0,,0
63016,香住,カスミ,KASUMI,,,,35.638,134.625,6,,,,,,,1,0,0,0,0,,0,1974/11/1,1976/2/26,63016,1,1,1,1,1,,1
63016,香住,カスミ,KASUMI,,,,35.638,134.625,6,14.9,,,,,,1,1,1,1,0,,0,1976/2/27,1981/10/11,63016,0,0,0,0,0,,0
63016,香住,カスミ,KASUMI,香住,カスミ,KASUMI,35.638,134.625,6,14.9,,,35.638,134.625,6,1,1,1,1,1,,0,1981/10/12,1987/10/19,63016,0,0,0,0,0,,0
63016,香住,カスミ,KASUMI,香住,カスミ,KASUMI,35.638,134.625,6,14.9,,,35.638,134.625,6,1,1,1,1,1,,0,1987/10/20,2005/12/15,63016,0,0,0,1,0,,0
63016,香住,カスミ,KASUMI,香住,カスミ,KASUMI,35.625,134.627,5,9.3,,,35.625,134.627,5,1,1,1,1,1,,0,2005/12/16,2009/1/13,63016,0,0,0,4,0,,0
63016,香住,カスミ,KASUMI,香住,カスミ,KASUMI,35.625,134.627,5,9.3,,,35.625,134.627,5,1,1,1,1,1,,0,2009/1/14,2021/3/1,63016,0,4,4,0,0,,0
63016,香住,カスミ,KASUMI,香住,カスミ,KASUMI,35.625,134.627,5,9.3,,,35.625,134.627,5,1,1,1,2,1,,0,2021/3/2,2021/3/10,63016,0,0,0,6,0,,0
63016,香住,カスミ,KASUMI,香住,カスミ,KASUMI,35.625,134.627,5,9.2,,,35.625,134.627,5,1,1,1,2,1,,1,2021/3/11,9999-99-99,63016,0,0,0,0,0,,0
63031,温泉,オンセン,ONSEN,,,,35.557,134.487,58,,,,,,,1,0,0,0,0,,0,1974/11/1,2006/12/5,63031,1,1,1,1,1,,1
63032,温泉,オンセン,ONSEN,,,,35.527,134.482,242,,,,,,,1,0,0,0,0,,0,2006/12/5,2009/2/4,63032,1,1,1,1,1,,1
63032,温泉,オンセン,ONSEN,,,,35.528,134.48,233,,,,,,,1,0,0,0,0,,0,2009/2/5,9999-99-99,63032,0,0,0,0,0,,0
63041,三川山,ミカワヤマ,MIKAWAYAMA,,,,35.545,134.637,875,,,,,,,1,0,0,0,0,,0,1974/11/1,2003/9/30,63041,1,1,1,1,1,,1
63051,豊岡,トヨオカ,TOYO-OKA,,,,35.535,134.822,3,,,,,,,1,0,0,0,0,,0,1974/11/1,1975/3/31,63051,1,1,1,1,1,,1
63051,豊岡,トヨオカ,TOYO-OKA,,,,35.535,134.822,3,12.9,,,,,,1,1,1,1,0,,0,1975/4/1,1986/12/31,63051,0,0,0,0,0,,0
63051,豊岡,トヨオカ,TOYO-OKA,,,,35.535,134.822,3,12.9,,,,,,1,1,1,1,0,,0,1987/1/1,2001/2/28,63051,0,0,0,1,0,,0
63051,豊岡,トヨオカ,TOYO-OKA,豊岡,トヨオカ,TOYO-OKA,35.535,134.822,3,12.9,,,35.535,134.822,3,1,1,1,1,1,,0,2001/3/1,2008/3/25,63051,0,0,0,0,0,,0
63051,豊岡,トヨオカ,TOYO-OKA,豊岡,トヨオカ,TOYO-OKA,35.535,134.822,3,12.9,,,35.535,134.822,3,1,1,1,1,1,,0,2008/3/26,2009/11/4,63051,0,4,4,0,0,,0
63051,豊岡,トヨオカ,TOYO-OKA,豊岡,トヨオカ,TOYO-OKA,35.535,134.822,3,15,,,35.535,134.822,3,1,1,1,1,1,,0,2009/11/5,2013/11/27,63051,0,0,0,0,0,,0
63051,豊岡,トヨオカ,TOYO-OKA,豊岡,トヨオカ,TOYO-OKA,35.535,134.822,3,16,,,35.535,134.822,3,1,1,1,1,1,,0,2013/11/28,2021/3/1,63051,0,0,0,0,0,,0
63051,豊岡,トヨオカ,TOYO-OKA,豊岡,トヨオカ,TOYO-OKA,35.535,134.822,3,16,,,35.535,134.822,3,1,1,1,1,1,,1,2021/3/2,9999-99-99,63051,0,0,0,0,0,,0
63071,村岡,ムラオカ,MURAOKA,村岡,ムラオカ,MURAOKA,35.432,134.583,540,6.5,,,35.432,134.583,540,1,1,1,1,1,,0,2005/12/14,2007/1/15,63071,1,1,1,5,1,,1
63071,兎和野高原,ウワノコウゲン,UWANOKOGEN,兎和野高原,ウワノコウゲン,UWANOKOGEN,35.432,134.583,540,6.5,,,35.432,134.583,540,1,1,1,1,1,,0,2007/1/16,2009/1/15,63071,0,0,0,0,0,,0
63071,兎和野高原,ウワノコウゲン,UWANOKOGEN,兎和野高原,ウワノコウゲン,UWANOKOGEN,35.432,134.583,540,6.5,,,35.432,134.583,540,1,1,1,1,1,,0,2009/1/16,2021/3/1,63071,0,4,4,0,0,,0
63071,兎和野高原,ウワノコウゲン,UWANOKOGEN,兎和野高原,ウワノコウゲン,UWANOKOGEN,35.432,134.583,540,6.5,,,35.432,134.583,540,1,1,1,2,1,,0,2021/3/2,2021/10/27,63071,0,0,0,6,0,,0
63071,兎和野高原,ウワノコウゲン,UWANOKOGEN,兎和野高原,ウワノコウゲン,UWANOKOGEN,35.432,134.583,540,6.4,,,35.432,134.583,540,1,1,1,2,1,,1,2021/10/28,9999-99-99,63071,0,0,0,0,0,,0
63076,村岡,ムラオカ,MURAOKA,,,,35.467,134.598,220,,,,,,,1,0,0,0,0,,0,1975/5/7,1978/11/13,63076,1,1,1,1,1,,1
63076,村岡,ムラオカ,MURAOKA,,,,35.467,134.598,220,6.5,,,,,,1,1,1,1,0,,0,1978/11/14,1981/10/30,63076,0,0,0,0,0,,0
63076,村岡,ムラオカ,MURAOKA,村岡,ムラオカ,MURAOKA,35.467,134.598,220,6.5,,,35.467,134.598,220,1,1,1,1,1,,0,1981/10/31,1987/10/18,63076,0,0,0,0,0,,0
63076,村岡,ムラオカ,MURAOKA,村岡,ムラオカ,MURAOKA,35.467,134.598,220,6.5,,,35.467,134.598,220,1,1,1,1,1,,0,1987/10/19,2005/12/13,63076,0,0,0,1,0,,0
63081,八鹿,ヨウカ,YOKA,,,,35.41,134.763,291,,,,,,,1,0,0,0,0,,0,1974/11/1,2005/7/4,63081,1,1,1,1,1,,1
63111,大屋,オオヤ,OYA,,,,35.332,134.665,150,,,,,,,1,0,0,0,0,,0,1975/5/2,9999-99-99,63111,1,1,1,1,1,,1
63116,八鹿,ヨウカ,YOKA,,,,35.398,134.74,183,,,,,,,1,0,0,0,0,,0,2005/7/4,9999-99-99,63116,1,1,1,1,1,,1
63121,和田山,ワダヤマ,WADAYAMA,,,,35.322,134.848,80,,,,,,,1,0,0,0,0,,0,1974/11/1,1977/12/19,63121,1,1,1,1,1,,1
63121,和田山,ワダヤマ,WADAYAMA,,,,35.322,134.848,80,6.5,,,,,,1,1,1,1,0,,0,1977/12/20,1981/10/12,63121,0,0,0,0,0,,0
63121,和田山,ワダヤマ,WADAYAMA,和田山,ワダヤマ,WADAYAMA,35.322,134.848,80,6.5,,,35.322,134.848,80,1,1,1,1,1,,0,1981/10/13,1987/10/26,63121,0,0,0,0,0,,0
63121,和田山,ワダヤマ,WADAYAMA,和田山,ワダヤマ,WADAYAMA,35.322,134.848,80,6.5,,,35.322,134.848,80,1,1,1,1,1,,0,1987/10/27,2007/12/17,63121,0,0,0,1,0,,0
63121,和田山,ワダヤマ,WADAYAMA,和田山,ワダヤマ,WADAYAMA,35.322,134.848,80,6.5,,,35.322,134.848,80,1,1,1,1,1,,0,2007/12/18,2008/3/25,63121,0,0,0,4,0,,0
63121,和田山,ワダヤマ,WADAYAMA,和田山,ワダヤマ,WADAYAMA,35.322,134.848,80,6.5,,,35.322,134.848,80,1,1,1,1,1,,0,2008/3/26,2010/3/3,63121,0,4,4,0,0,,0
63121,和田山,ワダヤマ,WADAYAMA,和田山,ワダヤマ,WADAYAMA,35.323,134.848,80,10,,,35.323,134.848,80,1,1,1,1,1,,0,2010/3/4,2021/3/1,63121,0,0,0,0,0,,0
63121,和田山,ワダヤマ,WADAYAMA,和田山,ワダヤマ,WADAYAMA,35.323,134.848,80,10,,,35.323,134.848,80,1,1,1,2,1,,0,2021/3/2,2022/10/25,63121,0,0,0,6,0,,0
63121,和田山,ワダヤマ,WADAYAMA,和田山,ワダヤマ,WADAYAMA,35.323,134.848,80,9.9,,,35.323,134.848,80,1,1,1,2,1,,1,2022/10/26,9999-99-99,63121,0,0,0,0,0,,0
63201,生野,イクノ,IKUNO,,,,35.167,134.795,320,,,,,,,1,0,0,0,0,,0,1974/11/1,1978/11/12,63201,1,1,1,1,1,,1
63201,生野,イクノ,IKUNO,,,,35.167,134.795,320,14.2,,,,,,1,1,1,1,0,,0,1978/11/13,1987/10/5,63201,0,0,0,0,0,,0
63201,生野,イクノ,IKUNO,,,,35.167,134.795,320,14.2,,,,,,1,1,1,1,0,,0,1987/10/6,2009/2/16,63201,0,0,0,1,0,,0
63201,生野,イクノ,IKUNO,,,,35.167,134.792,320,10.8,,,,,,1,1,1,1,0,,0,2009/2/17,2021/3/1,63201,0,4,4,4,0,,0
63201,生野,イクノ,IKUNO,,,,35.167,134.792,320,10.8,,,,,,1,1,1,2,0,,0,2021/3/2,2023/1/9,63201,0,0,0,6,0,,0
63201,生野,イクノ,IKUNO,,,,35.167,134.792,320,10.7,,,,,,1,1,1,2,0,,1,2023/1/10,9999-99-99,63201,0,0,0,0,0,,0
63216,柏原,カイバラ,KAIBARA,,,,35.128,135.078,113,,,,,,,1,0,0,0,0,,0,1974/11/1,1978/12/19,63216,1,1,1,1,1,,1
63216,柏原,カイバラ,KAIBARA,,,,35.128,135.078,113,6.5,,,,,,1,1,1,1,0,,0,1978/12/20,1981/3/25,63216,0,0,0,0,0,,0
63216,柏原,カイバラ,KAIBARA,,,,35.148,135.047,95,11.9,,,,,,1,1,1,1,0,,0,1981/3/26,1987/11/23,63216,0,0,0,0,0,,0
63216,柏原,カイバラ,KAIBARA,,,,35.148,135.047,95,11.9,,,,,,1,1,1,1,0,,0,1987/11/24,2007/12/20,63216,0,0,0,1,0,,0
63216,柏原,カイバラ,KAIBARA,,,,35.148,135.047,95,11.9,,,,,,1,1,1,1,0,,0,2007/12/21,2008/3/25,63216,0,0,0,4,0,,0
63216,柏原,カイバラ,KAIBARA,,,,35.148,135.047,95,11.9,,,,,,1,1,1,1,0,,0,2008/3/26,2013/7/1,63216,0,4,4,0,0,,0
63216,柏原,カイバラ,KAIBARA,,,,35.137,135.065,98,10.1,,,,,,1,1,1,1,0,,0,2013/7/2,2021/3/1,63216,0,0,0,0,0,,0
63216,柏原,カイバラ,KAIBARA,,,,35.137,135.065,98,10.1,,,,,,1,1,1,2,0,,0,2021/3/2,2023/6/11,63216,0,0,0,6,0,,0
63216,柏原,カイバラ,KAIBARA,,,,35.137,135.065,98,10,,,,,,1,1,1,2,0,,1,2023/6/12,9999-99-99,63216,0,0,0,0,0,,0
63241,佐用,サヨウ,SAYO,,,,35.017,134.368,120,,,,,,,1,0,0,0,0,,0,1976/12/21,9999-99-99,63241,1,1,1,1,1,,1
63251,一宮,イチノミヤ,ICHINOMIYA,,,,35.097,134.585,195,,,,,,,1,0,0,0,0,,0,1974/11/1,1978/11/12,63251,1,1,1,1,1,,1
63251,一宮,イチノミヤ,ICHINOMIYA,,,,35.097,134.585,195,6.5,,,,,,1,1,1,1,0,,0,1978/11/13,1987/11/24,63251,0,0,0,0,0,,0
63251,一宮,イチノミヤ,ICHINOMIYA,,,,35.097,134.585,195,6.5,,,,,,1,1,1,1,0,,0,1987/11/25,2006/11/16,63251,0,0,0,1,0,,0
63251,一宮,イチノミヤ,ICHINOMIYA,,,,35.097,134.585,195,6.5,,,,,,1,1,1,1,0,,0,2006/11/17,2009/2/2,63251,0,0,0,4,0,,0
63251,一宮,イチノミヤ,ICHINOMIYA,,,,35.097,134.585,195,6.5,,,,,,1,1,1,1,0,,0,2009/2/3,2010/1/25,63251,0,4,4,0,0,,0
63251,一宮,イチノミヤ,ICHINOMIYA,,,,35.097,134.585,195,10,,,,,,1,1,1,1,0,,0,2010/1/26,2021/3/1,63251,0,0,0,0,0,,0
63251,一宮,イチノミヤ,ICHINOMIYA,,,,35.097,134.585,195,10,,,,,,1,1,1,2,0,,0,2021/3/2,2023/5/21,63251,0,0,0,6,0,,0
63251,一宮,イチノミヤ,ICHINOMIYA,,,,35.097,134.585,195,9.9,,,,,,1,1,1,2,0,,1,2023/5/22,9999-99-99,63251,0,0,0,0,0,,0
63266,笠形山,カサガタヤマ,KASAGATAYAMA,,,,35.053,134.837,580,,,,,,,1,0,0,0,0,,0,1974/11/1,2007/3/28,63266,1,1,1,1,1,,1
63301,佐用,サヨウ,SAYO,,,,34.998,134.353,110,,,,,,,1,0,0,0,0,,0,1974/11/1,1976/12/1,63301,1,1,1,1,1,,1
63321,福崎,フクサキ,FUKUSAKI,,,,34.95,134.748,72,,,,,,,1,0,0,0,0,,0,1975/5/2,1977/12/19,63321,1,1,1,1,1,,1
63321,福崎,フクサキ,FUKUSAKI,,,,34.95,134.748,72,13.9,,,,,,1,1,1,1,0,,0,1977/12/20,1986/11/5,63321,0,0,0,0,0,,0
63321,福崎,フクサキ,FUKUSAKI,,,,34.95,134.748,72,13.9,,,,,,1,1,1,1,0,,0,1986/11/6,2008/2/25,63321,0,0,0,1,0,,0
63321,福崎,フクサキ,FUKUSAKI,,,,34.95,134.748,72,13.9,,,,,,1,1,1,1,0,,0,2008/2/26,2008/3/25,63321,0,0,0,4,0,,0
63321,福崎,フクサキ,FUKUSAKI,,,,34.95,134.748,72,13.9,,,,,,1,1,1,1,0,,0,2008/3/26,2021/3/1,63321,0,4,4,0,0,,0
63321,福崎,フクサキ,FUKUSAKI,,,,34.95,134.748,72,13.9,,,,,,1,1,1,2,0,,0,2021/3/2,2023/6/28,63321,0,0,0,6,0,,0
63321,福崎,フクサキ,FUKUSAKI,,,,34.95,134.748,72,13.8,,,,,,1,1,1,2,0,,1,2023/6/29,9999-99-99,63321,0,0,0,0,0,,0
63331,西脇,ニシワキ,NISHIWAKI,,,,34.993,134.968,60,,,,,,,1,0,0,0,0,,0,1975/5/1,1978/12/20,63331,1,1,1,1,1,,1
63331,西脇,ニシワキ,NISHIWAKI,,,,34.993,134.968,60,6.5,,,,,,1,1,1,1,0,,0,1978/12/21,1986/10/7,63331,0,0,0,0,0,,0
63331,西脇,ニシワキ,NISHIWAKI,,,,34.988,134.97,94,6.5,,,,,,1,1,1,1,0,,0,1986/10/8,1994/2/14,63331,0,0,0,1,0,,0
63331,西脇,ニシワキ,NISHIWAKI,,,,34.998,134.997,72,6.5,,,,,,1,1,1,1,0,,0,1994/2/15,2009/2/18,63331,0,0,0,0,0,,0
63331,西脇,ニシワキ,NISHIWAKI,,,,34.998,134.997,72,6.5,,,,,,1,1,1,1,0,,0,2009/2/19,2021/3/1,63331,0,4,4,4,0,,0
63331,西脇,ニシワキ,NISHIWAKI,,,,34.998,134.997,72,6.5,,,,,,1,1,1,2,0,,0,2021/3/2,2023/6/13,63331,0,0,0,6,0,,0
63331,西脇,ニシワキ,NISHIWAKI,,,,34.998,134.997,72,6.4,,,,,,1,1,1,2,0,,1,2023/6/14,9999-99-99,63331,0,0,0,0,0,,0
63346,羽束川,ハツカガワ,HATSUKAGAWA,,,,34.998,135.258,315,,,,,,,1,0,0,0,0,,0,1974/11/1,1982/7/28,63346,1,1,1,1,1,,1
63346,羽束川,ハツカガワ,HATSUKAGAWA,,,,35.025,135.293,330,,,,,,,1,0,0,0,0,,0,1982/7/29,1989/12/31,63346,0,0,0,0,0,,0
63346,後川,シツカワ,SHITSUKAWA,,,,35.025,135.293,330,,,,,,,1,0,0,0,0,,0,1990/1/1,9999-99-99,63346,0,0,0,0,0,,0
63366,上郡,カミゴオリ,KAMIGORI,,,,34.858,134.373,20,,,,,,,1,0,0,0,0,,0,1974/11/1,1978/12/25,63366,1,1,1,1,1,,1
63366,上郡,カミゴオリ,KAMIGORI,,,,34.858,134.373,20,6.5,,,,,,1,1,1,1,0,,0,1978/12/26,1987/11/12,63366,0,0,0,0,0,,0
63366,上郡,カミゴオリ,KAMIGORI,,,,34.858,134.373,20,6.5,,,,,,1,1,1,1,0,,0,1987/11/13,2008/3/10,63366,0,0,0,1,0,,0
63366,上郡,カミゴオリ,KAMIGORI,,,,34.858,134.373,20,6.5,,,,,,1,1,1,1,0,,0,2008/3/11,2008/3/25,63366,0,0,0,4,0,,0
63366,上郡,カミゴオリ,KAMIGORI,,,,34.858,134.373,20,6.5,,,,,,1,1,1,1,0,,0,2008/3/26,2010/2/3,63366,0,4,4,0,0,,0
63366,上郡,カミゴオリ,KAMIGORI,,,,34.858,134.373,20,10,,,,,,1,1,1,1,0,,0,2010/2/4,2021/3/1,63366,0,0,0,0,0,,0
63366,上郡,カミゴオリ,KAMIGORI,,,,34.858,134.373,20,10,,,,,,1,1,1,2,0,,0,2021/3/2,2022/12/11,63366,0,0,0,6,0,,0
63366,上郡,カミゴオリ,KAMIGORI,,,,34.858,134.373,20,9.9,,,,,,1,1,1,2,0,,1,2022/12/12,2023/2/7,63366,0,0,0,0,0,,0
63366,上郡,カミゴオリ,KAMIGORI,,,,34.858,134.373,20,13.1,,,,,,1,1,1,2,0,,1,2023/2/8,9999-99-99,63366,0,0,0,0,0,,0
63376,的場山,マトバヤマ,MATOBAYAMA,,,,34.872,134.527,260,,,,,,,1,0,0,0,0,,0,1974/11/1,2007/3/28,63376,1,1,1,1,1,,1
63381,姫路,ヒメジ,HIMEJI,,,,34.838,134.672,38,,,,,,,1,0,0,0,0,,0,1974/11/1,1975/12/12,63381,1,1,1,1,1,,1
63381,姫路,ヒメジ,HIMEJI,,,,34.838,134.672,38,26.1,,,,,,1,1,1,1,0,,0,1975/12/13,1986/12/31,63381,0,0,0,0,0,,0
63381,姫路,ヒメジ,HIMEJI,,,,34.838,134.672,38,26.1,,,,,,1,1,1,1,0,,0,1987/1/1,1987/3/25,63381,0,0,0,1,0,,0
63382,姫路,ヒメジ,HIMEJI,,,,34.838,134.67,38,28.3,,,,,,1,1,1,1,0,,0,1987/3/25,2008/3/25,63381,0,0,0,0,0,,0
63382,姫路,ヒメジ,HIMEJI,,,,34.838,134.67,38,28.3,,,,,,1,1,1,1,0,,0,2008/3/26,2008/11/21,63382,0,4,4,0,0,,0
63383,姫路,ヒメジ,HIMEJI,,,,34.838,134.67,38,16.3,,,,,,1,1,1,1,0,,0,2008/11/21,2014/11/19,63382,0,1,0,0,0,,0
63383,姫路,ヒメジ,HIMEJI,,,,34.838,134.67,38,16.2,,,,,,1,1,1,1,0,,0,2014/11/20,2021/3/1,63383,0,0,0,0,0,,0
63383,姫路,ヒメジ,HIMEJI,,,,34.838,134.67,38,16.2,,,,,,1,1,1,1,0,,1,2021/3/2,9999-99-99,63383,0,0,0,0,0,,0
63411,三田,サンダ,SANDA,,,,34.887,135.223,147,,,,,,,1,0,0,0,0,,0,1975/5/2,1978/12/19,63411,1,1,1,1,1,,1
63411,三田,サンダ,SANDA,,,,34.887,135.223,147,6.5,,,,,,1,1,1,1,0,,0,1978/12/20,1987/5/7,63411,0,0,0,0,0,,0
63411,三田,サンダ,SANDA,,,,34.887,135.223,147,6.5,,,,,,1,1,1,1,0,,0,1987/5/8,1996/3/26,63411,0,0,0,1,0,,0
63411,三田,サンダ,SANDA,,,,34.895,135.212,150,21.6,,,,,,1,1,1,1,0,,0,1996/3/27,2008/3/6,63411,0,0,0,0,0,,0
63411,三田,サンダ,SANDA,,,,34.895,135.212,150,21.6,,,,,,1,1,1,1,0,,0,2008/3/7,2008/3/25,63411,0,0,0,4,0,,0
63411,三田,サンダ,SANDA,,,,34.895,135.212,150,21.6,,,,,,1,1,1,1,0,,0,2008/3/26,2021/3/1,63411,0,4,4,0,0,,0
63411,三田,サンダ,SANDA,,,,34.895,135.212,150,21.6,,,,,,1,1,1,2,0,,0,2021/3/2,2023/6/26,63411,0,0,0,6,0,,0
63411,三田,サンダ,SANDA,,,,34.895,135.212,150,21.5,,,,,,1,1,1,2,0,,1,2023/6/27,9999-99-99,63411,0,0,0,0,0,,0
63412,名塩,ナジオ,NAJIO,,,,34.83,135.293,168,,,,,,,1,0,0,0,0,,0,1974/11/1,2006/3/6,63412,1,1,1,1,1,,1
63461,三木,ミキ,MIKI,,,,34.777,135.013,145,6.5,,,,,,1,1,1,1,0,,0,1977/12/20,1986/5/26,63461,1,1,1,1,1,,1
63461,三木,ミキ,MIKI,,,,34.777,135.013,145,6.5,,,,,,1,1,1,1,0,,0,1986/5/27,2007/12/25,63461,0,0,0,1,0,,0
63461,三木,ミキ,MIKI,,,,34.777,135.013,145,6.5,,,,,,1,1,1,1,0,,0,2007/12/26,2008/3/25,63461,0,0,0,4,0,,0
63461,三木,ミキ,MIKI,,,,34.777,135.013,145,6.5,,,,,,1,1,1,1,0,,0,2008/3/26,2010/2/18,63461,0,4,4,0,0,,0
63461,三木,ミキ,MIKI,,,,34.777,135.013,145,10,,,,,,1,1,1,1,0,,0,2010/2/19,2021/3/1,63461,0,0,0,0,0,,0
63461,三木,ミキ,MIKI,,,,34.777,135.013,145,10,,,,,,1,1,1,2,0,,0,2021/3/2,2023/5/23,63461,0,0,0,6,0,,0
63461,三木,ミキ,MIKI,,,,34.777,135.013,145,9.9,,,,,,1,1,1,2,0,,1,2023/5/24,9999-99-99,63461,0,0,0,0,0,,0
63471,六甲山,ロッコウサン,ROKKOSAN,,,,34.763,135.27,620,,,,,,,1,0,0,0,0,,0,1974/11/1,2006/3/31,63471,1,1,1,1,1,,1
63476,芦屋,アシヤ,ASHIYA,,,,34.742,135.307,50,,,,,,,1,0,0,0,0,,0,1995/3/24,2004/3/1,63476,1,1,1,1,1,,1
63477,西宮,ニシノミヤ,NISHINOMIYA,,,,34.75,135.335,38,,,,,,,1,0,0,0,0,,0,2006/3/6,9999-99-99,63477,1,1,1,1,1,,1
63491,家島,イエシマ,IESHIMA,,,,34.67,134.522,88,,,,,,,1,0,0,0,0,,0,1974/11/1,1978/12/24,63491,1,1,1,1,1,,1
63491,家島,イエシマ,IESHIMA,,,,34.672,134.527,88,6.5,,,,,,1,1,1,1,0,,0,1978/12/25,1987/10/21,63491,0,0,0,0,0,,0
63491,家島,イエシマ,IESHIMA,,,,34.672,134.527,88,6.5,,,,,,1,1,1,1,0,,0,1987/10/22,2006/11/21,63491,0,0,0,1,0,,0
63491,家島,イエシマ,IESHIMA,,,,34.672,134.527,88,6.5,,,,,,1,1,1,1,0,,0,2006/11/22,2008/9/10,63491,0,0,0,4,0,,0
63491,家島,イエシマ,IESHIMA,,,,34.672,134.527,88,6.5,,,,,,1,1,1,1,0,,0,2008/9/11,2021/3/1,63491,0,4,4,0,0,,0
63491,家島,イエシマ,IESHIMA,,,,34.672,134.527,88,6.5,,,,,,1,1,1,2,0,,0,2021/3/2,2023/6/7,63491,0,0,0,6,0,,0
63491,家島,イエシマ,IESHIMA,,,,34.672,134.527,88,6.4,,,,,,1,1,1,2,0,,1,2023/6/8,9999-99-99,63491,0,0,0,0,0,,0
63496,明石,アカシ,AKASHI,,,,34.687,134.877,3,28.6,,,,,,1,1,1,1,0,,0,1992/5/29,2008/3/3,63496,1,1,1,1,1,,1
63496,明石,アカシ,AKASHI,,,,34.687,134.877,3,28.6,,,,,,1,1,1,1,0,,0,2008/3/4,2008/3/25,63496,0,0,0,4,0,,0
63496,明石,アカシ,AKASHI,,,,34.687,134.877,3,28.6,,,,,,1,1,1,1,0,,0,2008/3/26,2021/3/1,63496,0,4,4,0,0,,0
63496,明石,アカシ,AKASHI,,,,34.687,134.877,3,28.6,,,,,,1,1,1,2,0,,0,2021/3/2,2023/6/20,63496,0,0,0,6,0,,0
63496,明石,アカシ,AKASHI,,,,34.687,134.877,3,28.5,,,,,,1,1,1,2,0,,1,2023/6/21,9999-99-99,63496,0,0,0,0,0,,0
63501,明石,アカシ,AKASHI,,,,34.657,134.98,6,,,,,,,1,0,0,0,0,,0,1974/11/1,1978/12/20,63501,1,1,1,1,1,,1
63501,明石,アカシ,AKASHI,,,,34.657,134.98,6,6.5,,,,,,1,1,1,1,0,,0,1978/12/21,1987/11/24,63501,0,0,0,0,0,,0
63501,明石,アカシ,AKASHI,,,,34.657,134.98,6,6.5,,,,,,1,1,1,1,0,,0,1987/11/25,1991/12/1,63501,0,0,0,1,0,,0
63506,神戸塩屋,コウベシオヤ,KOBESHIOYA,,,,34.642,135.075,60,,,,,,,1,0,0,0,0,,0,1995/3/25,2004/3/1,63506,1,1,1,1,1,,1
63511,神戸,コウベ,KOBE,,,,34.69,135.177,58,,,,,,,1,0,0,0,0,,0,1974/11/1,1975/3/17,63511,1,1,1,1,1,,1
63511,神戸,コウベ,KOBE,,,,34.69,135.177,58,27.3,,,,,,1,1,1,1,0,,0,1975/3/18,1985/12/31,63511,0,0,0,0,0,,0
63511,神戸,コウベ,KOBE,,,,34.69,135.177,58,27.3,,,,,,1,1,1,1,0,,0,1986/1/1,1995/1/28,63511,0,0,0,1,0,,0
63512,神戸,コウベ,KOBE,,,,34.69,135.177,58,27.3,,,,,,1,1,1,1,0,,0,1995/1/28,1999/9/1,63511,0,0,0,0,0,,0
63516,神戸,コウベ,KOBE,,,,34.697,135.212,5,25.9,,,,,,1,1,1,1,0,,0,1999/9/1,2007/3/28,63516,1,1,1,1,1,,1
63517,神戸空港,コウベクウコウ,KOBE-KUKO,,,,34.632,135.223,7,10.2,,,,,,1,1,1,0,0,,0,2006/2/16,2009/1/29,63517,1,1,1,1,1,,1
63517,神戸空港,コウベクウコウ,KOBE-KUKO,,,,34.632,135.223,7,10.2,,,,,,1,1,1,0,0,,0,2009/1/30,2015/8/19,63517,0,4,4,0,0,,0
63517,神戸空港,コウベクウコウ,KOBE-KUKO,,,,34.632,135.223,5,10.2,,,,,,1,1,1,0,0,,0,2015/8/20,2020/8/26,63517,0,0,0,0,0,,0
63517,神戸空港,コウベクウコウ,KOBE-KUKO,,,,34.632,135.223,5,10.2,,,,,,1,1,1,0,0,,0,2020/8/27,9999-99-99,63517,0,0,0,0,0,,0
63518,神戸,コウベ,KOBE,,,,34.697,135.212,5,16,,,,,,1,1,1,1,0,,0,2007/3/28,2008/3/25,63516,0,1,0,1,0,,0
63518,神戸,コウベ,KOBE,,,,34.697,135.212,5,16,,,,,,1,1,1,1,0,,0,2008/3/26,2012/12/17,63518,0,4,4,0,0,,0
63518,神戸,コウベ,KOBE,神戸,コウベ,KOBE,34.697,135.212,5,16,,,34.697,135.212,5,1,1,1,1,1,,0,2012/12/18,2021/3/1,63518,0,0,0,0,0,,0
63518,神戸,コウベ,KOBE,神戸,コウベ,KOBE,34.697,135.212,5,16,,,34.697,135.212,5,1,1,1,1,1,,1,2021/3/2,9999-99-99,63518,0,0,0,0,0,,0
63541,淡路町,アワジチョウ,AWAJICHO,,,,34.588,135.017,3,,,,,,,1,0,0,0,0,,0,1995/3/20,2004/3/1,63541,1,1,1,1,1,,1
63551,郡家,グンゲ,GUNGE,,,,34.467,134.848,5,,,,,,,1,0,0,0,0,,0,1975/5/2,1978/12/21,63551,1,1,1,1,1,,1
63551,郡家,グンゲ,GUNGE,,,,34.467,134.848,5,9.9,,,,,,1,1,1,1,0,,0,1978/12/22,1986/5/18,63551,0,0,0,0,0,,0
63551,郡家,グンゲ,GUNGE,,,,34.467,134.848,5,9.9,,,,,,1,1,1,1,0,,0,1986/5/19,2005/12/11,63551,0,0,0,1,0,,0
63551,郡家,グンゲ,GUNGE,,,,34.467,134.848,5,9.3,,,,,,1,1,1,1,0,,0,2005/12/12,2009/1/8,63551,0,0,0,4,0,,0
63551,郡家,グンゲ,GUNGE,,,,34.467,134.848,5,9.3,,,,,,1,1,1,1,0,,0,2009/1/9,2021/3/1,63551,0,4,4,0,0,,0
63551,郡家,グンゲ,GUNGE,,,,34.467,134.848,5,9.3,,,,,,1,1,1,2,0,,0,2021/3/2,2021/11/25,63551,0,0,0,6,0,,0
63551,郡家,グンゲ,GUNGE,,,,34.467,134.848,5,9.2,,,,,,1,1,1,2,0,,1,2021/11/26,9999-99-99,63551,0,0,0,0,0,,0
63571,洲本,スモト,SUMOTO,,,,34.31,134.848,69,14.6,,,,,,1,1,1,1,0,,0,2017/11/30,2021/3/1,63571,1,5,5,1,1,,1
63571,洲本,スモト,SUMOTO,,,,34.31,134.848,69,14.6,,,,,,1,1,1,1,0,,1,2021/3/2,9999-99-99,63571,0,0,0,0,0,,0
63576,洲本,スモト,SUMOTO,,,,34.338,134.905,109,,,,,,,1,0,0,0,0,,0,1974/11/1,1975/12/12,63576,1,1,1,1,1,,1
63576,洲本,スモト,SUMOTO,,,,34.338,134.905,109,15.5,,,,,,1,1,1,1,0,,0,1975/12/13,1986/12/31,63576,0,0,0,0,0,,0
63576,洲本,スモト,SUMOTO,,,,34.338,134.905,109,15.5,,,,,,1,1,1,1,0,,0,1987/1/1,2001/12/10,63576,0,0,0,1,0,,0
63576,洲本,スモト,SUMOTO,,,,34.338,134.905,109,15.4,,,,,,1,1,1,1,0,,0,2001/12/11,2008/3/25,63576,0,0,0,0,0,,0
63576,洲本,スモト,SUMOTO,,,,34.338,134.905,109,15.4,,,,,,1,1,1,1,0,,0,2008/3/26,2014/12/10,63576,0,4,4,0,0,,0
63576,洲本,スモト,SUMOTO,,,,34.338,134.905,109,15.6,,,,,,1,1,1,1,0,,0,2014/12/11,2017/11/30,63576,0,0,0,0,0,,0
63586,福良,フクラ,FUKURA,,,,34.26,134.708,35,,,,,,,1,0,0,0,0,,0,1974/11/1,1978/12/21,63586,1,1,1,1,1,,1
63587,南淡,ナンダン,NANDAN,,,,34.268,134.752,33,9.9,,,,,,1,1,1,1,0,,0,1978/12/22,1987/8/25,63587,1,1,1,1,1,,1
63587,南淡,ナンダン,NANDAN,,,,34.268,134.752,33,9.9,,,,,,1,1,1,1,0,,0,1987/8/26,2004/1/30,63587,0,0,0,1,0,,0
63588,南淡,ナンダン,NANDAN,,,,34.218,134.72,5,9.6,,,,,,1,1,1,1,0,,0,2004/1/30,2008/2/28,63588,1,1,1,1,1,,1
63588,南淡,ナンダン,NANDAN,,,,34.218,134.72,5,9.6,,,,,,1,1,1,1,0,,0,2008/2/29,2008/3/25,63588,0,0,0,4,0,,0
63588,南淡,ナンダン,NANDAN,,,,34.218,134.72,5,9.6,,,,,,1,1,1,1,0,,0,2008/3/26,2021/3/1,63588,0,4,4,0,0,,0
63588,南淡,ナンダン,NANDAN,,,,34.218,134.72,5,9.6,,,,,,1,1,1,2,0,,0,2021/3/2,2023/6/5,63588,0,0,0,6,0,,0
63588,南淡,ナンダン,NANDAN,,,,34.218,134.72,5,9.5,,,,,,1,1,1,2,0,,1,2023/6/6,9999-99-99,63588,0,0,0,0,0,,0
64036,奈良,ナラ,NARA,,,,34.693,135.827,104,,,,,,,1,0,0,0,0,,0,1974/11/1,1975/3/19,64036,1,1,1,1,1,,1
64036,奈良,ナラ,NARA,,,,34.693,135.827,104,11.2,,,,,,1,1,1,1,0,,0,1975/3/20,1985/12/31,64036,0,0,0,0,0,,0
64036,奈良,ナラ,NARA,,,,34.693,135.827,104,11.2,,,,,,1,1,1,1,0,,0,1986/1/1,2000/2/8,64036,0,0,0,1,0,,0
64036,奈良,ナラ,NARA,,,,34.693,135.827,104,11.1,,,,,,1,1,1,1,0,,0,2000/2/9,2008/3/25,64036,0,0,0,0,0,,0
64036,奈良,ナラ,NARA,,,,34.693,135.827,104,11.1,,,,,,1,1,1,1,0,,0,2008/3/26,2012/12/12,64036,0,4,4,0,0,,0
64036,奈良,ナラ,NARA,,,,34.693,135.827,104,11.4,,,,,,1,1,1,1,0,,0,2012/12/13,2012/12/17,64036,0,0,0,0,0,,0
64036,奈良,ナラ,NARA,奈良,ナラ,NARA,34.693,135.827,104,11.4,,,34.693,135.827,104,1,1,1,1,1,,0,2012/12/18,2017/3/8,64036,0,0,0,0,0,,0
64036,奈良,ナラ,NARA,奈良,ナラ,NARA,34.673,135.837,102,19.9,,,34.673,135.837,102,1,1,1,1,1,,0,2017/3/9,2019/11/19,64036,0,0,0,0,0,,0
64036,奈良,ナラ,NARA,奈良,ナラ,NARA,34.673,135.837,102,20.1,,,34.673,135.837,102,1,1,1,1,1,,0,2019/11/20,2021/3/1,64036,0,0,0,0,0,,0
64036,奈良,ナラ,NARA,奈良,ナラ,NARA,34.673,135.837,102,20.1,,,34.673,135.837,102,1,1,1,1,1,,1,2021/3/2,9999-99-99,64036,0,0,0,0,0,,0
64041,針,ハリ,HARI,,,,34.605,135.953,468,,,,,,,1,0,0,0,0,,0,1974/11/1,1978/12/21,64041,1,1,1,1,1,,1
64041,針,ハリ,HARI,,,,34.605,135.953,468,6.5,,,,,,1,1,1,1,0,,0,1978/12/22,1988/4/14,64041,0,0,0,0,0,,0
64041,針,ハリ,HARI,,,,34.605,135.953,468,6.5,,,,,,1,1,1,1,0,,0,1988/4/15,2006/12/7,64041,0,0,0,1,0,,0
64041,針,ハリ,HARI,,,,34.605,135.953,468,6.5,,,,,,1,1,1,1,0,,0,2006/12/8,2009/2/5,64041,0,0,0,4,0,,0
64041,針,ハリ,HARI,,,,34.605,135.953,468,6.5,,,,,,1,1,1,1,0,,0,2009/2/6,2010/3/4,64041,0,4,4,0,0,,0
64041,針,ハリ,HARI,,,,34.605,135.953,468,10,,,,,,1,1,1,1,0,,0,2010/3/5,2014/1/14,64041,0,0,0,0,0,,0
64041,針,ハリ,HARI,,,,34.605,135.952,468,10,,,,,,1,1,1,1,0,,0,2014/1/15,2021/3/1,64041,0,0,0,0,0,,0
64041,針,ハリ,HARI,,,,34.605,135.952,468,10,,,,,,1,1,1,2,0,,0,2021/3/2,2021/11/14,64041,0,0,0,6,0,,0
64041,針,ハリ,HARI,,,,34.605,135.952,468,9.9,,,,,,1,1,1,2,0,,1,2021/11/15,9999-99-99,64041,0,0,0,0,0,,0
64056,田原本,タワラモト,TAWARAMOTO,,,,34.555,135.785,50,,,,,,,1,0,0,0,0,,0,1974/11/1,9999-99-99,64056,1,1,1,1,1,,1
64076,曽爾,ソニ,SONI,,,,34.538,136.145,368,,,,,,,1,0,0,0,0,,0,1974/11/1,1997/5/28,64076,1,1,1,1,1,,1
64076,曽爾,ソニ,SONI,,,,34.522,136.158,610,,,,,,,1,0,0,0,0,,0,1997/5/29,9999-99-99,64076,0,0,0,0,0,,0
64091,当麻,タイマ,TAIMA,,,,34.498,135.697,170,,,,,,,1,0,0,0,0,,0,1981/8/24,2004/9/30,64091,1,1,1,1,1,,1
64091,葛城,カツラギ,KATSURAGI,,,,34.498,135.697,170,,,,,,,1,0,0,0,0,,0,2004/10/1,2010/3/4,64091,0,0,0,0,0,,0
64091,葛城,カツラギ,KATSURAGI,,,,34.488,135.703,141,,,,,,,1,0,0,0,0,,0,2010/3/5,9999-99-99,64091,0,0,0,0,0,,0
64096,壷坂,ツボサカ,TSUBOSAKA,,,,34.423,135.81,360,,,,,,,1,0,0,0,0,,0,1981/8/24,1990/12/1,64096,1,1,1,1,1,,1
64101,大宇陀,オオウダ,OUDA,,,,34.488,135.932,349,,,,,,,1,0,0,0,0,,0,1974/11/1,1978/12/21,64101,1,1,1,1,1,,1
64101,大宇陀,オオウダ,OUDA,,,,34.488,135.932,349,6.5,,,,,,1,1,1,1,0,,0,1978/12/22,1987/8/18,64101,0,0,0,0,0,,0
64101,大宇陀,オオウダ,OUDA,,,,34.488,135.932,349,6.5,,,,,,1,1,1,1,0,,0,1987/8/19,2008/2/12,64101,0,0,0,1,0,,0
64101,大宇陀,オオウダ,OUDA,,,,34.488,135.932,349,6.5,,,,,,1,1,1,1,0,,0,2008/2/13,2008/3/25,64101,0,0,0,4,0,,0
64101,大宇陀,オオウダ,OUDA,,,,34.488,135.932,349,6.5,,,,,,1,1,1,1,0,,0,2008/3/26,2010/3/16,64101,0,4,4,0,0,,0
64101,大宇陀,オオウダ,OUDA,,,,34.488,135.932,349,10,,,,,,1,1,1,1,0,,0,2010/3/17,2021/3/1,64101,0,0,0,0,0,,0
64101,大宇陀,オオウダ,OUDA,,,,34.488,135.932,349,10,,,,,,1,1,1,2,0,,0,2021/3/2,2023/5/15,64101,0,0,0,6,0,,0
64101,大宇陀,オオウダ,OUDA,,,,34.488,135.932,349,9.9,,,,,,1,1,1,2,0,,1,2023/5/16,9999-99-99,64101,0,0,0,0,0,,0
64106,高見山,タカミヤマ,TAKAMIYAMA,,,,34.427,136.085,1190,,,,,,,1,0,0,0,0,,0,1974/11/1,1979/11/1,64106,1,1,1,1,1,,1
64107,高見,タカミ,TAKAMI,,,,34.423,136.072,830,,,,,,,1,0,0,0,0,,0,1980/9/25,2009/11/20,64107,1,1,1,1,1,,1
64126,五條,ゴジョウ,GOJO,,,,34.345,135.7,100,,,,,,,1,0,0,0,0,,0,1974/11/1,1978/12/24,64126,1,1,1,1,1,,1
64126,五條,ゴジョウ,GOJO,,,,34.345,135.7,100,10.4,,,,,,1,1,1,1,0,,0,1978/12/25,1987/8/27,64126,0,0,0,0,0,,0
64126,五條,ゴジョウ,GOJO,,,,34.345,135.7,100,10.4,,,,,,1,1,1,1,0,,0,1987/8/28,2005/12/16,64126,0,0,0,1,0,,0
64127,五條,ゴジョウ,GOJO,,,,34.38,135.73,190,9.5,,,,,,1,1,1,1,0,,0,2005/12/19,2009/1/19,64127,1,1,1,5,1,,1
64127,五條,ゴジョウ,GOJO,,,,34.38,135.73,190,9.5,,,,,,1,1,1,1,0,,0,2009/1/20,2021/3/1,64127,0,4,4,0,0,,0
64127,五條,ゴジョウ,GOJO,,,,34.38,135.73,190,9.5,,,,,,1,1,1,2,0,,0,2021/3/2,2021/11/8,64127,0,0,0,6,0,,0
64127,五條,ゴジョウ,GOJO,,,,34.38,135.73,190,9.4,,,,,,1,1,1,2,0,,1,2021/11/9,9999-99-99,64127,0,0,0,0,0,,0
64136,吉野,ヨシノ,YOSHINO,,,,34.378,135.9,188,,,,,,,1,0,0,0,0,,0,1991/1/16,9999-99-99,64136,1,1,1,1,1,,1
64156,天辻,テンツジ,TENTSUJI,,,,34.227,135.728,897,,,,,,,1,0,0,0,0,,0,1974/11/1,2009/11/20,64156,1,1,1,1,1,,1
64161,天川,テンカワ,TENKAWA,,,,34.27,135.883,840,,,,,,,1,0,0,0,0,,0,2010/3/25,9999-99-99,64161,1,1,1,1,1,,1
64166,山上ケ岳,サンジョウガタケ,SANJOGATAKE,,,,34.265,135.932,1485,,,,,,,1,0,0,0,0,,0,1974/11/1,2010/3/25,64166,1,1,1,1,1,,1
64186,荒神岳,コウジンダケ,KOJINDAKE,,,,34.157,135.657,1242,,,,,,,1,0,0,0,0,,0,1974/11/1,1980/12/2,64186,1,1,1,1,1,,1
64206,上北山,カミキタヤマ,KAMIKITAYAMA,,,,34.137,136.005,334,,,,,,,1,0,0,0,0,,0,1975/5/1,1978/12/25,64206,1,1,1,1,1,,1
64206,上北山,カミキタヤマ,KAMIKITAYAMA,,,,34.137,136.005,334,6.5,,,,,,1,1,1,1,0,,0,1978/12/26,1987/10/28,64206,0,0,0,0,0,,0
64206,上北山,カミキタヤマ,KAMIKITAYAMA,,,,34.137,136.005,334,6.5,,,,,,1,1,1,1,0,,0,1987/10/29,2008/2/7,64206,0,0,0,1,0,,0
64206,上北山,カミキタヤマ,KAMIKITAYAMA,,,,34.137,136.005,334,6.5,,,,,,1,1,1,1,0,,0,2008/2/8,2008/3/25,64206,0,0,0,4,0,,0
64206,上北山,カミキタヤマ,KAMIKITAYAMA,,,,34.137,136.005,334,6.5,,,,,,1,1,1,1,0,,0,2008/3/26,2010/12/2,64206,0,4,4,0,0,,0
64206,上北山,カミキタヤマ,KAMIKITAYAMA,,,,34.137,136.005,334,10,,,,,,1,1,1,1,0,,0,2010/12/3,2021/3/1,64206,0,0,0,0,0,,0
64206,上北山,カミキタヤマ,KAMIKITAYAMA,,,,34.137,136.005,334,10,,,,,,1,1,1,2,0,,0,2021/3/2,2023/4/17,64206,0,0,0,6,0,,0
64206,上北山,カミキタヤマ,KAMIKITAYAMA,,,,34.137,136.005,334,9.9,,,,,,1,1,1,2,0,,1,2023/4/18,9999-99-99,64206,0,0,0,0,0,,0
64211,日出岳,ヒデガタケ,HIDEGADAKE,,,,34.185,136.108,1695,,,,,,,1,0,0,0,0,,0,1974/11/1,2009/11/20,64211,1,1,1,1,1,,1
64226,上野地,ウエノジ,UENOJI,,,,34.097,135.772,140,,,,,,,1,0,0,0,0,,0,1974/11/1,1980/10/31,64226,1,1,1,1,1,,1
64227,風屋,カゼヤ,KAZEYA,,,,34.045,135.787,301,6.5,,,,,,1,1,1,1,0,,0,1977/12/20,1987/12/6,64227,1,1,1,1,1,,1
64227,風屋,カゼヤ,KAZEYA,,,,34.045,135.787,301,6.5,,,,,,1,1,1,1,0,,0,1987/12/7,2008/2/4,64227,0,0,0,1,0,,0
64227,風屋,カゼヤ,KAZEYA,,,,34.045,135.787,301,6.5,,,,,,1,1,1,1,0,,0,2008/2/5,2008/3/25,64227,0,0,0,4,0,,0
64227,風屋,カゼヤ,KAZEYA,,,,34.045,135.787,301,6.5,,,,,,1,1,1,1,0,,0,2008/3/26,2021/3/1,64227,0,4,4,0,0,,0
64227,風屋,カゼヤ,KAZEYA,,,,34.045,135.787,301,6.5,,,,,,1,1,1,2,0,,0,2021/3/2,2023/4/24,64227,0,0,0,6,0,,0
64227,風屋,カゼヤ,KAZEYA,,,,34.045,135.787,301,6.4,,,,,,1,1,1,2,0,,1,2023/4/25,9999-99-99,64227,0,0,0,0,0,,0
64236,下北山,シモキタヤマ,SHIMOKITAYAMA,,,,34.003,135.967,249,,,,,,,1,0,0,0,0,,0,2014/7/31,9999-99-99,64236,1,1,1,1,1,,1
64261,玉置山,タマキヤマ,TAMAKIYAMA,,,,33.927,135.83,1077,,,,,,,1,0,0,0,0,,0,1974/11/1,2021/1/19,64261,1,1,1,1,1,,1
64262,葛川,クズカワ,KUZUKAWA,,,,33.953,135.857,396,,,,,,,1,0,0,0,0,,0,2021/1/20,9999-99-99,64262,1,1,1,1,1,,1
65021,葛城山,カツラギサン,KATSURAGISAN,,,,34.347,135.437,840,,,,,,,1,0,0,0,0,,0,1974/11/1,9999-99-99,65021,1,1,1,1,1,,1
65026,かつらぎ,カツラギ,KATSURAGI,,,,34.31,135.528,142,6.4,,,,,,1,1,1,1,0,,0,1979/1/9,1987/5/25,65026,1,1,1,1,1,,1
65026,かつらぎ,カツラギ,KATSURAGI,,,,34.31,135.528,142,6.4,,,,,,1,1,1,1,0,,0,1987/5/26,1999/3/23,65026,0,0,0,1,0,,0
65026,かつらぎ,カツラギ,KATSURAGI,,,,34.31,135.528,142,9.4,,,,,,1,1,1,1,0,,0,1999/3/24,2008/1/17,65026,0,0,0,0,0,,0
65026,かつらぎ,カツラギ,KATSURAGI,,,,34.31,135.528,142,9.4,,,,,,1,1,1,1,0,,0,2008/1/18,2008/3/25,65026,0,0,0,4,0,,0
65026,かつらぎ,カツラギ,KATSURAGI,,,,34.31,135.528,142,9.4,,,,,,1,1,1,1,0,,0,2008/3/26,2021/3/1,65026,0,4,4,0,0,,0
65026,かつらぎ,カツラギ,KATSURAGI,,,,34.31,135.528,142,9.4,,,,,,1,1,1,2,0,,0,2021/3/2,2023/4/27,65026,0,0,0,6,0,,0
65026,かつらぎ,カツラギ,KATSURAGI,,,,34.31,135.528,142,9.3,,,,,,1,1,1,2,0,,1,2023/4/28,9999-99-99,65026,0,0,0,0,0,,0
65036,友ケ島,トモガシマ,TOMOGASHIMA,,,,34.28,134.998,44,9.4,,,,,,1,1,1,1,0,,0,1998/3/24,2009/3/12,65036,1,1,1,1,1,,1
65036,友ケ島,トモガシマ,TOMOGASHIMA,,,,34.28,134.998,44,9.4,,,,,,1,1,1,1,0,,0,2009/3/13,2021/3/1,65036,0,4,4,4,0,,0
65036,友ケ島,トモガシマ,TOMOGASHIMA,,,,34.28,134.998,44,9.4,,,,,,1,1,1,2,0,,0,2021/3/2,2022/11/7,65036,0,0,0,6,0,,0
65036,友ケ島,トモガシマ,TOMOGASHIMA,,,,34.28,134.998,44,9.3,,,,,,1,1,1,2,0,,1,2022/11/8,9999-99-99,65036,0,0,0,0,0,,0
65041,和歌山,ワカヤマ,WAKAYAMA,,,,34.228,135.163,14,,,,,,,1,0,0,0,0,,0,1974/11/1,1975/3/23,65041,1,1,1,1,1,,1
65041,和歌山,ワカヤマ,WAKAYAMA,,,,34.228,135.163,14,18,,,,,,1,1,1,1,0,,0,1975/3/24,1986/12/31,65041,0,0,0,0,0,,0
65041,和歌山,ワカヤマ,WAKAYAMA,,,,34.228,135.163,14,18,,,,,,1,1,1,1,0,,0,1987/1/1,1993/12/1,65041,0,0,0,1,0,,0
65042,和歌山,ワカヤマ,WAKAYAMA,,,,34.228,135.163,14,38.9,,,,,,1,1,1,1,0,,0,1993/12/1,2000/2/14,65041,0,1,0,0,0,,0
65042,和歌山,ワカヤマ,WAKAYAMA,,,,34.228,135.163,14,38.8,,,,,,1,1,1,1,0,,0,2000/2/15,2008/3/25,65042,0,0,0,0,0,,0
65042,和歌山,ワカヤマ,WAKAYAMA,,,,34.228,135.163,14,38.8,,,,,,1,1,1,1,0,,0,2008/3/26,2012/11/28,65042,0,4,4,0,0,,0
65042,和歌山,ワカヤマ,WAKAYAMA,,,,34.228,135.163,14,42.1,,,,,,1,1,1,1,0,,0,2012/11/29,2012/12/17,65042,0,0,0,0,0,,0
65042,和歌山,ワカヤマ,WAKAYAMA,和歌山,ワカヤマ,WAKAYAMA,34.228,135.163,14,42.1,,,34.228,135.163,14,1,1,1,1,1,,0,2012/12/18,2021/3/1,65042,0,0,0,0,0,,0
65042,和歌山,ワカヤマ,WAKAYAMA,和歌山,ワカヤマ,WAKAYAMA,34.228,135.163,14,42.1,,,34.228,135.163,14,1,1,1,1,1,,1,2021/3/2,9999-99-99,65042,0,0,0,0,0,,0
65051,岩出,イワデ,IWADE,,,,34.258,135.32,25,,,,,,,1,0,0,0,0,,0,1974/11/1,1979/1/8,65051,1,1,1,1,1,,1
65061,高野山,コウヤサン,KOYASAN,,,,34.222,135.59,795,,,,,,,1,0,0,0,0,,0,1974/11/1,1979/1/8,65061,1,1,1,1,1,,1
65061,高野山,コウヤサン,KOYASAN,,,,34.222,135.59,795,6.5,,,,,,1,1,1,1,0,,0,1979/1/9,1987/7/21,65061,0,0,0,0,0,,0
65061,高野山,コウヤサン,KOYASAN,,,,34.222,135.59,795,6.5,,,,,,1,1,1,1,0,,0,1987/7/22,2006/12/8,65061,0,0,0,1,0,,0
65061,高野山,コウヤサン,KOYASAN,,,,34.222,135.59,795,6.5,,,,,,1,1,1,1,0,,0,2006/12/9,2009/2/9,65061,0,0,0,4,0,,0
65061,高野山,コウヤサン,KOYASAN,,,,34.222,135.59,795,6.5,,,,,,1,1,1,1,0,,0,2009/2/10,2009/12/20,65061,0,4,4,0,0,,0
65061,高野山,コウヤサン,KOYASAN,,,,34.222,135.59,795,10,,,,,,1,1,1,1,0,,0,2009/12/21,2021/3/1,65061,0,0,0,0,0,,0
65061,高野山,コウヤサン,KOYASAN,,,,34.222,135.59,795,10,,,,,,1,1,1,2,0,,0,2021/3/2,2021/9/1,65061,0,0,0,6,0,,0
65061,高野山,コウヤサン,KOYASAN,,,,34.222,135.59,801,13,,,,,,1,1,1,2,0,,0,2021/9/2,2022/11/8,65061,0,0,0,0,0,,0
65061,高野山,コウヤサン,KOYASAN,,,,34.222,135.59,801,12.9,,,,,,1,1,1,2,0,,1,2022/11/9,9999-99-99,65061,0,0,0,0,0,,0
65106,湯浅,ユアサ,YUASA,,,,34.035,135.182,8,,,,,,,1,0,0,0,0,,0,1975/5/8,9999-99-99,65106,1,1,1,1,1,,1
65121,八幡,ヤハタ,YAHATA,,,,34.083,135.428,230,,,,,,,1,0,0,0,0,,0,1975/5/30,1979/1/8,65121,1,1,1,1,1,,1
65121,清水,シミズ,SHIMIZU,,,,34.083,135.428,230,6.5,,,,,,1,1,1,1,0,,0,1979/1/9,1987/7/21,65121,0,0,0,0,0,,0
65121,清水,シミズ,SHIMIZU,,,,34.083,135.428,230,6.5,,,,,,1,1,1,1,0,,0,1987/7/22,1995/3/22,65121,0,0,0,1,0,,0
65121,清水,シミズ,SHIMIZU,,,,34.087,135.425,240,6.5,,,,,,1,1,1,1,0,,0,1995/3/23,2008/1/21,65121,0,0,0,0,0,,0
65121,清水,シミズ,SHIMIZU,,,,34.087,135.425,240,6.5,,,,,,1,1,1,1,0,,0,2008/1/22,2008/3/25,65121,0,0,0,4,0,,0
65121,清水,シミズ,SHIMIZU,,,,34.087,135.425,240,6.5,,,,,,1,1,1,1,0,,0,2008/3/26,2021/3/1,65121,0,4,4,0,0,,0
65121,清水,シミズ,SHIMIZU,,,,34.087,135.425,240,6.5,,,,,,1,1,1,2,0,,0,2021/3/2,2023/4/26,65121,0,0,0,6,0,,0
65121,清水,シミズ,SHIMIZU,,,,34.087,135.425,240,6.4,,,,,,1,1,1,2,0,,1,2023/4/27,9999-99-99,65121,0,0,0,0,0,,0
65126,護摩壇山,ゴマダンザン,GOMADANZAN,,,,34.05,135.557,1280,,,,,,,1,0,0,0,0,,0,1974/11/1,2010/3/25,65126,1,1,1,1,1,,1
65127,護摩壇山,ゴマダンザン,GOMADANZAN,,,,34.04,135.567,1130,,,,,,,1,0,0,0,0,,0,2010/3/25,9999-99-99,65127,1,1,1,1,1,,1
65161,竜神,リュウジン,RYUJIN,,,,33.995,135.56,515,,,,,,,1,0,0,0,0,,0,1976/5/6,1979/1/9,65161,1,1,1,1,1,,1
65161,竜神,リュウジン,RYUJIN,,,,33.995,135.56,515,6.5,,,,,,1,1,1,1,0,,0,1979/1/10,1987/11/4,65161,0,0,0,0,0,,0
65161,竜神,リュウジン,RYUJIN,,,,33.995,135.56,515,6.5,,,,,,1,1,1,1,0,,0,1987/11/5,1994/3/8,65161,0,0,0,1,0,,0
65162,竜神,リュウジン,RYUJIN,,,,33.945,135.557,410,6.5,,,,,,1,1,1,1,0,,0,1994/3/8,1997/7/31,65162,1,1,1,1,1,,1
65162,龍神,リュウジン,RYUJIN,,,,33.945,135.557,410,6.5,,,,,,1,1,1,1,0,,0,1997/8/1,2006/12/11,65162,0,0,0,0,0,,0
65162,龍神,リュウジン,RYUJIN,,,,33.945,135.557,410,6.5,,,,,,1,1,1,1,0,,0,2006/12/12,2009/2/12,65162,0,0,0,4,0,,0
65162,龍神,リュウジン,RYUJIN,,,,33.945,135.557,410,6.5,,,,,,1,1,1,1,0,,0,2009/2/13,2021/3/1,65162,0,4,4,0,0,,0
65162,龍神,リュウジン,RYUJIN,,,,33.945,135.557,410,6.5,,,,,,1,1,1,2,0,,0,2021/3/2,2021/12/7,65162,0,0,0,6,0,,0
65162,龍神,リュウジン,RYUJIN,,,,33.945,135.557,410,6.4,,,,,,1,1,1,2,0,,1,2021/12/8,9999-99-99,65162,0,0,0,0,0,,0
65196,御坊,ゴボウ,GOBO,,,,33.897,135.158,4,,,,,,,1,0,0,0,0,,0,1974/11/1,1977/12/19,65196,1,1,1,1,1,,1
65196,御坊,ゴボウ,GOBO,,,,33.897,135.158,4,6.5,,,,,,1,1,1,1,0,,0,1977/12/20,1986/11/10,65196,0,0,0,0,0,,0
65196,御坊,ゴボウ,GOBO,,,,33.897,135.158,4,6.5,,,,,,1,1,1,1,0,,0,1986/11/11,1999/3/1,65196,0,0,0,1,0,,0
65201,川辺,カワベ,KAWABE,,,,33.893,135.217,84,9.4,,,,,,1,1,1,1,0,,0,1999/3/4,2008/1/24,65201,1,1,1,1,1,,1
65201,川辺,カワベ,KAWABE,,,,33.893,135.217,84,9.4,,,,,,1,1,1,1,0,,0,2008/1/25,2008/3/25,65201,0,0,0,4,0,,0
65201,川辺,カワベ,KAWABE,,,,33.893,135.217,84,9.4,,,,,,1,1,1,1,0,,0,2008/3/26,2021/3/1,65201,0,4,4,0,0,,0
65201,川辺,カワベ,KAWABE,,,,33.893,135.217,84,9.4,,,,,,1,1,1,2,0,,0,2021/3/2,2023/5/18,65201,0,0,0,6,0,,0
65201,川辺,カワベ,KAWABE,,,,33.893,135.217,84,9.3,,,,,,1,1,1,2,0,,1,2023/5/19,9999-99-99,65201,0,0,0,0,0,,0
65211,虎ケ峰峠,トラガミネトウゲ,TORAGAMINETOGE,,,,33.853,135.455,607,,,,,,,1,0,0,0,0,,0,1974/11/1,2009/11/20,65211,1,1,1,1,1,,1
65226,本宮,ホングウ,HONGU,,,,33.837,135.773,60,,,,,,,1,0,0,0,0,,0,1975/8/18,9999-99-99,65226,1,1,1,1,1,,1
65256,栗栖川,クリスガワ,KURISUGAWA,,,,33.792,135.513,160,,,,,,,1,0,0,0,0,,0,1975/5/2,1979/1/10,65256,1,1,1,1,1,,1
65256,栗栖川,クリスガワ,KURISUGAWA,,,,33.792,135.513,160,6.5,,,,,,1,1,1,1,0,,0,1979/1/11,1987/12/3,65256,0,0,0,0,0,,0
65256,栗栖川,クリスガワ,KURISUGAWA,,,,33.792,135.513,160,6.5,,,,,,1,1,1,1,0,,0,1987/12/4,2005/12/13,65256,0,0,0,1,0,,0
65256,栗栖川,クリスガワ,KURISUGAWA,,,,33.792,135.513,160,6.5,,,,,,1,1,1,1,0,,0,2005/12/14,2009/1/22,65256,0,0,0,4,0,,0
65256,栗栖川,クリスガワ,KURISUGAWA,,,,33.792,135.513,160,6.5,,,,,,1,1,1,1,0,,0,2009/1/23,2010/3/1,65256,0,4,4,0,0,,0
65256,栗栖川,クリスガワ,KURISUGAWA,,,,33.792,135.513,160,10,,,,,,1,1,1,1,0,,0,2010/3/2,2021/3/1,65256,0,0,0,0,0,,0
65256,栗栖川,クリスガワ,KURISUGAWA,,,,33.792,135.513,160,10,,,,,,1,1,1,2,0,,0,2021/3/2,2021/12/8,65256,0,0,0,6,0,,0
65256,栗栖川,クリスガワ,KURISUGAWA,,,,33.792,135.513,160,9.9,,,,,,1,1,1,2,0,,1,2021/12/9,9999-99-99,65256,0,0,0,0,0,,0
65276,新宮,シングウ,SHINGU,,,,33.715,135.998,15,,,,,,,1,0,0,0,0,,0,1974/11/1,1979/3/12,65276,1,1,1,1,1,,1
65276,新宮,シングウ,SHINGU,,,,33.715,135.998,15,6.5,,,,,,1,1,1,1,0,,0,1979/3/13,1987/9/28,65276,0,0,0,0,0,,0
65276,新宮,シングウ,SHINGU,,,,33.715,135.998,15,6.5,,,,,,1,1,1,1,0,,0,1987/9/29,1999/10/14,65276,0,0,0,1,0,,0
65276,新宮,シングウ,SHINGU,,,,33.687,135.97,18,9.4,,,,,,1,1,1,1,0,,0,1999/10/15,2008/1/31,65276,0,0,0,0,0,,0
65276,新宮,シングウ,SHINGU,,,,33.687,135.97,18,9.4,,,,,,1,1,1,1,0,,0,2008/2/1,2008/3/25,65276,0,0,0,4,0,,0
65276,新宮,シングウ,SHINGU,,,,33.687,135.97,18,9.4,,,,,,1,1,1,1,0,,0,2008/3/26,2021/3/1,65276,0,4,4,0,0,,0
65276,新宮,シングウ,SHINGU,,,,33.687,135.97,18,9.4,,,,,,1,1,1,2,0,,0,2021/3/2,2023/4/18,65276,0,0,0,6,0,,0
65276,新宮,シングウ,SHINGU,,,,33.687,135.97,18,9.3,,,,,,1,1,1,2,0,,1,2023/4/19,9999-99-99,65276,0,0,0,0,0,,0
65286,白浜,シラハマ,SHIRAHAMA,,,,33.687,135.353,15,,,,,,,1,0,0,0,0,,0,1974/11/1,1976/2/9,65286,1,1,1,1,1,,1
65286,白浜,シラハマ,SHIRAHAMA,,,,33.687,135.353,15,/////,,,,,,1,1,1,1,0,,0,1976/2/10,1978/2/27,65286,0,0,0,0,0,,0
65287,白浜,シラハマ,SHIRAHAMA,,,,33.678,135.347,32,11.6,,,,,,1,1,1,1,0,,0,1978/2/28,1987/12/3,65287,1,1,1,1,1,,1
65287,白浜,シラハマ,SHIRAHAMA,,,,33.678,135.347,32,11.6,,,,,,1,1,1,1,0,,0,1987/12/4,2009/9/1,65287,0,0,0,1,0,,0
65288,南紀白浜,ナンキシラハマ,NANKI-SHIRAHAMA,,,,33.662,135.363,89,8.2,,,,,,1,1,1,0,0,,0,2006/3/7,2009/1/28,65288,1,1,1,1,1,,1
65288,南紀白浜,ナンキシラハマ,NANKI-SHIRAHAMA,,,,33.662,135.363,89,8.2,,,,,,1,1,1,0,0,,0,2009/1/29,2017/3/7,65288,0,4,4,0,0,,0
65288,南紀白浜,ナンキシラハマ,NANKI-SHIRAHAMA,,,,33.662,135.363,89,9.9,,,,,,1,1,1,0,0,,0,2017/3/8,9999-99-99,65288,0,0,0,0,0,,0
65306,西川,ニシカワ,NISHIKAWA,,,,33.638,135.71,150,6.5,,,,,,1,1,1,1,0,,0,1979/1/12,1987/11/19,65306,1,1,1,1,1,,1
65306,西川,ニシカワ,NISHIKAWA,,,,33.638,135.71,150,6.5,,,,,,1,1,1,1,0,,0,1987/11/20,2008/1/28,65306,0,0,0,1,0,,0
65306,西川,ニシカワ,NISHIKAWA,,,,33.638,135.71,150,6.5,,,,,,1,1,1,1,0,,0,2008/1/29,2008/3/25,65306,0,0,0,4,0,,0
65306,西川,ニシカワ,NISHIKAWA,,,,33.638,135.71,150,6.5,,,,,,1,1,1,1,0,,0,2008/3/26,2010/2/8,65306,0,4,4,0,0,,0
65306,西川,ニシカワ,NISHIKAWA,,,,33.638,135.71,150,10,,,,,,1,1,1,1,0,,0,2010/2/9,2021/3/1,65306,0,0,0,0,0,,0
65306,西川,ニシカワ,NISHIKAWA,,,,33.638,135.71,150,10,,,,,,1,1,1,2,0,,0,2021/3/2,2023/4/19,65306,0,0,0,6,0,,0
65306,西川,ニシカワ,NISHIKAWA,,,,33.638,135.71,150,9.9,,,,,,1,1,1,2,0,,1,2023/4/20,9999-99-99,65306,0,0,0,0,0,,0
65311,色川,イロカワ,IROKAWA,,,,33.675,135.848,275,,,,,,,1,0,0,0,0,,0,1977/7/14,9999-99-99,65311,1,1,1,1,1,,1
65321,日置川,ヒキガワ,HIKIGAWA,,,,33.605,135.48,17,,,,,,,1,0,0,0,0,,0,1974/11/1,9999-99-99,65321,1,1,1,1,1,,1
65356,潮岬,シオノミサキ,SHIONOMISAKI,,,,33.45,135.76,73,,,,,,,1,0,0,0,0,,0,1974/11/1,1975/3/12,65356,1,1,1,1,1,,1
65356,潮岬,シオノミサキ,SHIONOMISAKI,,,,33.45,135.76,73,15.1,,,,,,1,1,1,1,0,,0,1975/3/13,1985/12/31,65356,0,0,0,0,0,,0
65356,潮岬,シオノミサキ,SHIONOMISAKI,,,,33.45,135.76,73,15.1,,,,,,1,1,1,1,0,,0,1986/1/1,2008/3/25,65356,0,0,0,1,0,,0
65356,潮岬,シオノミサキ,SHIONOMISAKI,,,,33.45,135.76,73,15.1,,,,,,1,1,1,1,0,,0,2008/3/26,2011/11/16,65356,0,4,4,0,0,,0
65356,潮岬,シオノミサキ,SHIONOMISAKI,,,,33.45,135.757,68,14.9,,,,,,1,1,1,1,0,,0,2011/11/17,2021/3/1,65356,0,0,0,0,0,,0
65356,潮岬,シオノミサキ,SHIONOMISAKI,,,,33.45,135.757,68,14.9,,,,,,1,1,1,1,0,,1,2021/3/2,9999-99-99,65356,0,0,0,0,0,,0
66046,上長田,カミナガタ,KAMINAGATA,,,,35.285,133.695,440,6.5,,,,,,1,1,1,1,0,,0,1978/12/6,1987/11/4,66046,1,1,1,1,1,,1
66046,上長田,カミナガタ,KAMINAGATA,,,,35.285,133.695,440,6.5,,,,,,1,1,1,1,0,,0,1987/11/5,1990/10/30,66046,0,0,0,1,0,,0
66046,上長田,カミナガタ,KAMINAGATA,上長田,カミナガタ,KAMINAGATA,35.285,133.695,440,6.5,,,35.285,133.695,440,1,1,1,1,1,,0,1990/10/31,2005/12/6,66046,0,0,0,0,0,,0
66046,上長田,カミナガタ,KAMINAGATA,上長田,カミナガタ,KAMINAGATA,35.297,133.725,430,6.5,,,35.297,133.725,430,1,1,1,1,1,,0,2005/12/7,2009/1/8,66046,0,0,0,4,0,,0
66046,上長田,カミナガタ,KAMINAGATA,上長田,カミナガタ,KAMINAGATA,35.297,133.725,430,6.5,,,35.297,133.725,430,1,1,1,1,1,,0,2009/1/9,2021/3/1,66046,0,4,4,0,0,,0
66046,上長田,カミナガタ,KAMINAGATA,上長田,カミナガタ,KAMINAGATA,35.297,133.725,430,6.5,,,35.297,133.725,430,1,1,1,2,1,,0,2021/3/2,2021/10/19,66046,0,0,0,6,0,,0
66046,上長田,カミナガタ,KAMINAGATA,上長田,カミナガタ,KAMINAGATA,35.297,133.725,430,6.4,,,35.297,133.725,430,1,1,1,2,1,,1,2021/10/20,9999-99-99,66046,0,0,0,0,0,,0
66056,恩原,オンバラ,OMBARA,,,,35.3,133.987,734,,,,,,,1,0,0,0,0,,0,1981/6/2,9999-99-99,66056,1,1,1,1,1,,1
66091,千屋,チヤ,CHIYA,,,,35.103,133.435,525,6.5,,,,,,1,1,1,1,0,,0,1978/12/8,1987/11/5,66091,1,1,1,1,1,,1
66091,千屋,チヤ,CHIYA,,,,35.103,133.435,525,6.5,,,,,,1,1,1,1,0,,0,1987/11/6,1990/10/30,66091,0,0,0,1,0,,0
66091,千屋,チヤ,CHIYA,千屋,チヤ,CHIYA,35.103,133.435,525,6.5,,,35.103,133.435,525,1,1,1,1,1,,0,1990/10/31,2005/12/8,66091,0,0,0,0,0,,0
66091,千屋,チヤ,CHIYA,千屋,チヤ,CHIYA,35.103,133.435,525,6.5,,,35.103,133.435,525,1,1,1,1,1,,0,2005/12/9,2009/1/13,66091,0,0,0,4,0,,0
66091,千屋,チヤ,CHIYA,千屋,チヤ,CHIYA,35.103,133.435,525,6.5,,,35.103,133.435,525,1,1,1,1,1,,0,2009/1/14,2010/3/18,66091,0,4,4,0,0,,0
66091,千屋,チヤ,CHIYA,千屋,チヤ,CHIYA,35.103,133.435,525,10,,,35.103,133.435,525,1,1,1,1,1,,0,2010/3/19,2021/3/1,66091,0,0,0,0,0,,0
66091,千屋,チヤ,CHIYA,千屋,チヤ,CHIYA,35.103,133.435,525,10,,,35.103,133.435,525,1,1,1,2,1,,0,2021/3/2,2021/10/20,66091,0,0,0,6,0,,0
66091,千屋,チヤ,CHIYA,千屋,チヤ,CHIYA,35.103,133.435,525,9.9,,,35.103,133.435,525,1,1,1,2,1,,1,2021/10/21,9999-99-99,66091,0,0,0,0,0,,0
66111,大空山,オオゾラヤマ,OZORAYAMA,,,,35.197,133.82,1040,,,,,,,1,0,0,0,0,,0,1974/11/1,2005/12/10,66111,1,1,1,1,1,,1
66112,富,トミ,TOMI,,,,35.178,133.805,480,,,,,,,1,0,0,0,0,,0,2005/12/10,9999-99-99,66112,1,1,1,1,1,,1
66126,那岐山,ナギサン,NAGISAN,,,,35.158,134.18,960,,,,,,,1,0,0,0,0,,0,1974/11/1,1980/11/10,66126,1,1,1,1,1,,1
66127,奈義,ナギ,NAGI,,,,35.12,134.178,245,6.5,,,,,,1,1,1,1,0,,0,1977/2/25,1987/11/16,66127,1,1,1,1,1,,1
66127,奈義,ナギ,NAGI,,,,35.12,134.178,245,6.5,,,,,,1,1,1,1,0,,0,1987/11/17,1995/1/18,66127,0,0,0,1,0,,0
66127,奈義,ナギ,NAGI,,,,35.112,134.17,212,6.5,,,,,,1,1,1,1,0,,0,1995/1/19,2008/1/15,66127,0,0,0,0,0,,0
66127,奈義,ナギ,NAGI,,,,35.112,134.17,212,6.5,,,,,,1,1,1,1,0,,0,2008/1/16,2008/3/25,66127,0,0,0,4,0,,0
66127,奈義,ナギ,NAGI,,,,35.112,134.17,212,6.5,,,,,,1,1,1,1,0,,0,2008/3/26,2021/3/1,66127,0,4,4,0,0,,0
66127,奈義,ナギ,NAGI,,,,35.112,134.17,212,6.5,,,,,,1,1,1,2,0,,0,2021/3/2,2023/6/19,66127,0,0,0,6,0,,0
66127,奈義,ナギ,NAGI,,,,35.112,134.17,212,6.4,,,,,,1,1,1,2,0,,1,2023/6/20,9999-99-99,66127,0,0,0,0,0,,0
66136,古町,フルマチ,FURUMACHI,,,,35.122,134.327,220,,,,,,,1,0,0,0,0,,0,1974/11/1,1978/11/15,66136,1,1,1,1,1,,1
66136,古町,フルマチ,FURUMACHI,,,,35.122,134.327,220,6.5,,,,,,1,1,1,1,0,,0,1978/11/16,1983/10/4,66136,0,0,0,0,0,,0
66136,古町,フルマチ,FURUMACHI,,,,35.118,134.327,240,6.5,,,,,,1,1,1,1,0,,0,1983/10/5,1986/11/18,66136,0,0,0,0,0,,0
66136,古町,フルマチ,FURUMACHI,,,,35.118,134.327,240,6.5,,,,,,1,1,1,1,0,,0,1986/11/19,1991/11/21,66136,0,0,0,1,0,,0
66136,古町,フルマチ,FURUMACHI,古町,フルマチ,FURUMACHI,35.118,134.327,240,6.5,,,35.118,134.327,240,1,1,1,1,1,,0,1991/11/22,2005/2/3,66136,0,0,0,0,0,,0
66136,古町,フルマチ,FURUMACHI,古町,フルマチ,FURUMACHI,35.098,134.325,207,6.5,,,35.098,134.325,207,1,1,1,1,1,,0,2005/2/4,2005/3/31,66136,0,0,0,0,0,,0
66136,今岡,イマオカ,IMAOKA,今岡,イマオカ,IMAOKA,35.098,134.325,207,6.5,,,35.098,134.325,207,1,1,1,1,1,,0,2005/4/1,2006/11/13,66136,0,0,0,0,0,,0
66136,今岡,イマオカ,IMAOKA,今岡,イマオカ,IMAOKA,35.098,134.325,207,6.5,,,35.098,134.325,207,1,1,1,1,1,,0,2006/11/14,2009/2/16,66136,0,0,0,4,0,,0
66136,今岡,イマオカ,IMAOKA,今岡,イマオカ,IMAOKA,35.098,134.325,207,6.5,,,35.098,134.325,207,1,1,1,1,1,,0,2009/2/17,2021/3/1,66136,0,4,4,0,0,,0
66136,今岡,イマオカ,IMAOKA,今岡,イマオカ,IMAOKA,35.098,134.325,207,6.5,,,35.098,134.325,207,1,1,1,2,1,,0,2021/3/2,2022/10/26,66136,0,0,0,6,0,,0
66136,今岡,イマオカ,IMAOKA,今岡,イマオカ,IMAOKA,35.098,134.325,207,6.4,,,35.098,134.325,207,1,1,1,2,1,,1,2022/10/27,9999-99-99,66136,0,0,0,0,0,,0
66171,久世,クセ,KUSE,,,,35.075,133.753,145,,,,,,,1,0,0,0,0,,0,1974/11/1,1978/11/16,66171,1,1,1,1,1,,1
66171,久世,クセ,KUSE,,,,35.075,133.753,145,6.5,,,,,,1,1,1,1,0,,0,1978/11/17,1986/5/13,66171,0,0,0,0,0,,0
66171,久世,クセ,KUSE,,,,35.075,133.753,145,6.5,,,,,,1,1,1,1,0,,0,1986/5/14,2008/1/17,66171,0,0,0,1,0,,0
66171,久世,クセ,KUSE,,,,35.075,133.753,145,6.5,,,,,,1,1,1,1,0,,0,2008/1/18,2008/3/25,66171,0,0,0,4,0,,0
66171,久世,クセ,KUSE,,,,35.075,133.753,145,6.5,,,,,,1,1,1,1,0,,0,2008/3/26,2009/3/24,66171,0,4,4,0,0,,0
66171,久世,クセ,KUSE,,,,35.068,133.753,144,10,,,,,,1,1,1,1,0,,0,2009/3/25,2021/3/1,66171,0,0,0,0,0,,0
66171,久世,クセ,KUSE,,,,35.068,133.753,144,10,,,,,,1,1,1,2,0,,0,2021/3/2,2023/6/18,66171,0,0,0,6,0,,0
66171,久世,クセ,KUSE,,,,35.068,133.753,144,9.9,,,,,,1,1,1,2,0,,1,2023/6/19,9999-99-99,66171,0,0,0,0,0,,0
66186,津山,ツヤマ,TSUYAMA,,,,35.063,134.008,145,,,,,,,1,0,0,0,0,,0,1974/11/1,1975/12/15,66186,1,1,1,1,1,,1
66186,津山,ツヤマ,TSUYAMA,,,,35.063,134.008,145,11.8,,,,,,1,1,1,1,0,,0,1975/12/16,1986/12/31,66186,0,0,0,0,0,,0
66186,津山,ツヤマ,TSUYAMA,,,,35.063,134.008,145,11.8,,,,,,1,1,1,1,0,,0,1987/1/1,2002/2/5,66186,0,0,0,1,0,,0
66186,津山,ツヤマ,TSUYAMA,,,,35.063,134.008,145,11.7,,,,,,1,1,1,1,0,,0,2002/2/6,2002/2/28,66186,0,0,0,0,0,,0
66186,津山,ツヤマ,TSUYAMA,津山,ツヤマ,TSUYAMA,35.063,134.008,145,11.7,,,35.063,134.008,146,1,1,1,1,1,,0,2002/3/1,2003/9/30,66186,0,0,0,0,0,,0
66186,津山,ツヤマ,TSUYAMA,津山,ツヤマ,TSUYAMA,35.063,134.008,146,11.7,,,35.063,134.008,146,1,1,1,1,1,,0,2003/10/1,2006/12/12,66186,0,0,0,0,0,,0
66186,津山,ツヤマ,TSUYAMA,津山,ツヤマ,TSUYAMA,35.063,134.008,146,12.2,,,35.063,134.008,146,1,1,1,1,1,,0,2006/12/13,2008/3/25,66186,0,0,0,0,0,,0
66186,津山,ツヤマ,TSUYAMA,津山,ツヤマ,TSUYAMA,35.063,134.008,146,12.2,,,35.063,134.008,146,1,1,1,1,1,,0,2008/3/26,2014/11/5,66186,0,4,4,0,0,,0
66186,津山,ツヤマ,TSUYAMA,津山,ツヤマ,TSUYAMA,35.063,134.008,146,12.4,,,35.063,134.008,146,1,1,1,1,1,,0,2014/11/6,2021/3/1,66186,0,0,0,0,0,,0
66186,津山,ツヤマ,TSUYAMA,津山,ツヤマ,TSUYAMA,35.063,134.008,146,12.4,,,35.063,134.008,146,1,1,1,1,1,,1,2021/3/2,9999-99-99,66186,0,0,0,0,0,,0
66216,新見,ニイミ,NIIMI,,,,34.975,133.465,180,,,,,,,1,0,0,0,0,,0,1974/11/1,1978/12/1,66216,1,1,1,1,1,,1
66221,新見,ニイミ,NIIMI,,,,34.943,133.518,393,6.5,,,,,,1,1,1,1,0,,0,1978/11/20,1987/11/18,66221,1,1,1,1,1,,1
66221,新見,ニイミ,NIIMI,,,,34.943,133.518,393,6.5,,,,,,1,1,1,1,0,,0,1987/11/19,2008/1/21,66221,0,0,0,1,0,,0
66221,新見,ニイミ,NIIMI,,,,34.943,133.518,393,6.5,,,,,,1,1,1,1,0,,0,2008/1/22,2008/3/25,66221,0,0,0,4,0,,0
66221,新見,ニイミ,NIIMI,,,,34.943,133.518,393,6.5,,,,,,1,1,1,1,0,,0,2008/3/26,2010/3/4,66221,0,4,4,0,0,,0
66221,新見,ニイミ,NIIMI,,,,34.943,133.518,393,10,,,,,,1,1,1,1,0,,0,2010/3/5,2021/3/1,66221,0,0,0,0,0,,0
66221,新見,ニイミ,NIIMI,,,,34.943,133.518,393,10,,,,,,1,1,1,2,0,,0,2021/3/2,2023/6/20,66221,0,0,0,6,0,,0
66221,新見,ニイミ,NIIMI,,,,34.943,133.518,393,9.9,,,,,,1,1,1,2,0,,1,2023/6/21,9999-99-99,66221,0,0,0,0,0,,0
66226,下呰部,シモアザエ,SHIMOAZAE,,,,34.965,133.628,180,,,,,,,1,0,0,0,0,,0,1975/4/24,9999-99-99,66226,1,1,1,1,1,,1
66236,天子山,アマゴヤマ,AMAGOYAMA,,,,34.988,133.878,646,,,,,,,1,0,0,0,0,,0,1974/11/1,2010/3/18,66236,1,1,1,1,1,,1
66237,旭西,アサヒニシ,ASAHINISHI,,,,34.962,133.812,230,,,,,,,1,0,0,0,0,,0,2010/3/18,9999-99-99,66237,1,1,1,1,1,,1
66251,周匝,スサイ,SUSAI,,,,34.918,134.097,47,,,,,,,1,0,0,0,0,,0,1974/11/1,2001/12/3,66251,1,1,1,1,1,,1
66251,周匝,スサイ,SUSAI,,,,34.918,134.083,56,,,,,,,1,0,0,0,0,,0,2001/12/4,2007/2/26,66251,0,0,0,0,0,,0
66251,赤磐,アカイワ,AKAIWA,,,,34.918,134.082,56,,,,,,,1,0,0,0,0,,0,2007/2/27,9999-99-99,66251,0,0,0,0,0,,0
66276,陣山,ジンヤマ,JINYAMA,,,,34.828,133.523,529,,,,,,,1,0,0,0,0,,0,1974/11/1,9999-99-99,66276,1,1,1,1,1,,1
66286,大平山,オオヒラヤマ,OHIRAYAMA,,,,34.895,133.705,685,,,,,,,1,0,0,0,0,,0,1974/11/1,2005/12/14,66286,1,1,1,1,1,,1
66287,吉備中央,キビチュウオウ,KIBICHUO,,,,34.817,133.705,340,,,,,,,1,0,0,0,0,,0,2005/12/14,9999-99-99,66287,1,1,1,1,1,,1
66296,福渡,フクワタリ,FUKUWATARI,,,,34.867,133.903,63,,,,,,,1,0,0,0,0,,0,1974/11/1,1979/1/8,66296,1,1,1,1,1,,1
66296,福渡,フクワタリ,FUKUWATARI,,,,34.867,133.903,63,7.9,,,,,,1,1,1,1,0,,0,1979/1/9,1987/9/25,66296,0,0,0,0,0,,0
66296,福渡,フクワタリ,FUKUWATARI,,,,34.867,133.903,63,7.9,,,,,,1,1,1,1,0,,0,1987/9/26,2008/1/28,66296,0,0,0,1,0,,0
66296,福渡,フクワタリ,FUKUWATARI,,,,34.867,133.903,63,7.9,,,,,,1,1,1,1,0,,0,2008/1/29,2008/3/25,66296,0,0,0,4,0,,0
66296,福渡,フクワタリ,FUKUWATARI,,,,34.867,133.903,63,7.9,,,,,,1,1,1,1,0,,0,2008/3/26,2021/3/1,66296,0,4,4,0,0,,0
66296,福渡,フクワタリ,FUKUWATARI,,,,34.867,133.903,63,7.9,,,,,,1,1,1,2,0,,0,2021/3/2,2023/5/16,66296,0,0,0,6,0,,0
66296,福渡,フクワタリ,FUKUWATARI,,,,34.867,133.903,63,7.8,,,,,,1,1,1,2,0,,1,2023/5/17,9999-99-99,66296,0,0,0,0,0,,0
66306,和気,ワケ,WAKE,,,,34.815,134.183,35,,,,,,,1,0,0,0,0,,0,1974/11/1,1979/1/8,66306,1,1,1,1,1,,1
66306,和気,ワケ,WAKE,,,,34.815,134.183,35,6.5,,,,,,1,1,1,1,0,,0,1979/1/9,1987/9/28,66306,0,0,0,0,0,,0
66306,和気,ワケ,WAKE,,,,34.815,134.183,35,6.5,,,,,,1,1,1,1,0,,0,1987/9/29,2006/11/9,66306,0,0,0,1,0,,0
66306,和気,ワケ,WAKE,,,,34.815,134.183,35,6.5,,,,,,1,1,1,1,0,,0,2006/11/10,2009/2/19,66306,0,0,0,4,0,,0
66306,和気,ワケ,WAKE,,,,34.815,134.183,35,6.5,,,,,,1,1,1,1,0,,0,2009/2/20,2010/2/4,66306,0,4,4,0,0,,0
66306,和気,ワケ,WAKE,,,,34.815,134.183,35,10,,,,,,1,1,1,1,0,,0,2010/2/5,2021/3/1,66306,0,0,0,0,0,,0
66306,和気,ワケ,WAKE,,,,34.815,134.183,35,10,,,,,,1,1,1,2,0,,0,2021/3/2,2023/6/6,66306,0,0,0,6,0,,0
66306,和気,ワケ,WAKE,,,,34.815,134.183,35,9.9,,,,,,1,1,1,2,0,,1,2023/6/7,9999-99-99,66306,0,0,0,0,0,,0
66336,高梁,タカハシ,TAKAHASHI,,,,34.792,133.61,60,,,,,,,1,0,0,0,0,,0,1975/4/24,1979/1/9,66336,1,1,1,1,1,,1
66336,高梁,タカハシ,TAKAHASHI,,,,34.792,133.61,60,6.5,,,,,,1,1,1,1,0,,0,1979/1/10,1987/11/30,66336,0,0,0,0,0,,0
66336,高梁,タカハシ,TAKAHASHI,,,,34.792,133.61,60,6.5,,,,,,1,1,1,1,0,,0,1987/12/1,2008/1/24,66336,0,0,0,1,0,,0
66336,高梁,タカハシ,TAKAHASHI,,,,34.792,133.61,60,6.5,,,,,,1,1,1,1,0,,0,2008/1/25,2008/3/25,66336,0,0,0,4,0,,0
66336,高梁,タカハシ,TAKAHASHI,,,,34.792,133.61,60,6.5,,,,,,1,1,1,1,0,,0,2008/3/26,2010/2/25,66336,0,4,4,0,0,,0
66336,高梁,タカハシ,TAKAHASHI,,,,34.792,133.61,60,10,,,,,,1,1,1,1,0,,0,2010/2/26,2021/3/1,66336,0,0,0,0,0,,0
66336,高梁,タカハシ,TAKAHASHI,,,,34.792,133.61,60,10,,,,,,1,1,1,2,0,,0,2021/3/2,2023/5/17,66336,0,0,0,6,0,,0
66336,高梁,タカハシ,TAKAHASHI,,,,34.792,133.61,60,9.9,,,,,,1,1,1,2,0,,1,2023/5/18,9999-99-99,66336,0,0,0,0,0,,0
66346,日応寺,ニチオウジ,NICHIOJI,,,,34.757,133.855,239,7.2,,,,,,1,1,1,0,0,,0,2003/1/1,2009/1/28,66346,1,1,1,1,1,,1
66346,日応寺,ニチオウジ,NICHIOJI,,,,34.757,133.855,239,7.2,,,,,,1,1,1,0,0,,0,2009/1/29,2017/3/7,66346,0,4,4,0,0,,0
66346,日応寺,ニチオウジ,NICHIOJI,,,,34.757,133.855,239,9.9,,,,,,1,1,1,0,0,,0,2017/3/8,9999-99-99,66346,0,0,0,0,0,,0
66381,佐屋,サヤ,SAYA,,,,34.685,133.445,390,,,,,,,1,0,0,0,0,,0,1974/11/1,9999-99-99,66381,1,1,1,1,1,,1
66391,矢掛,ヤカゲ,YAKAGE,,,,34.617,133.618,18,,,,,,,1,0,0,0,0,,0,1974/11/1,9999-99-99,66391,1,1,1,1,1,,1
66406,岡山,オカヤマ,OKAYAMA,,,,34.683,133.913,3,,,,,,,1,0,0,0,0,,0,1974/11/1,1975/3/25,66406,1,1,1,1,1,,1
66406,岡山,オカヤマ,OKAYAMA,,,,34.683,133.913,3,12.7,,,,,,1,1,1,1,0,,0,1975/3/26,1982/9/30,66406,0,0,0,0,0,,0
66407,岡山,オカヤマ,OKAYAMA,,,,34.66,133.915,3,43,,,,,,1,1,1,1,0,,0,1982/9/30,1986/12/31,66406,0,1,0,0,0,,0
66407,岡山,オカヤマ,OKAYAMA,,,,34.66,133.915,3,43,,,,,,1,1,1,1,0,,0,1987/1/1,1996/3/25,66407,0,0,0,1,0,,0
66408,岡山,オカヤマ,OKAYAMA,,,,34.66,133.917,3,70.8,,,,,,1,1,1,1,0,,0,1996/3/25,2008/3/25,66407,0,1,0,0,0,,0
66408,岡山,オカヤマ,OKAYAMA,,,,34.66,133.917,3,70.8,,,,,,1,1,1,1,0,,0,2008/3/26,2011/12/19,66408,0,4,4,0,0,,0
66408,岡山,オカヤマ,OKAYAMA,岡山,オカヤマ,OKAYAMA,34.66,133.917,3,70.8,,,34.66,133.917,3,1,1,1,1,1,,0,2011/12/20,2015/3/4,66408,0,0,0,0,0,,0
66408,岡山,オカヤマ,OKAYAMA,岡山,オカヤマ,OKAYAMA,34.685,133.925,5,69.9,,,34.685,133.925,5,1,1,1,1,1,,0,2015/3/5,2019/11/14,66408,0,0,0,0,0,,0
66408,岡山,オカヤマ,OKAYAMA,岡山,オカヤマ,OKAYAMA,34.685,133.925,5,70.1,,,34.685,133.925,5,1,1,1,1,1,,0,2019/11/15,2021/3/1,66408,0,0,0,0,0,,0
66408,岡山,オカヤマ,OKAYAMA,岡山,オカヤマ,OKAYAMA,34.685,133.925,5,70.1,,,34.685,133.925,5,1,1,1,1,1,,1,2021/3/2,9999-99-99,66408,0,0,0,0,0,,0
66421,虫明,ムシアゲ,MUSHIAGE,,,,34.682,134.207,10,,,,,,,1,0,0,0,0,,0,1974/11/1,1979/1/18,66421,1,1,1,1,1,,1
66421,虫明,ムシアゲ,MUSHIAGE,,,,34.682,134.207,10,6.5,,,,,,1,1,1,1,0,,0,1979/1/19,1987/12/22,66421,0,0,0,0,0,,0
66421,虫明,ムシアゲ,MUSHIAGE,,,,34.682,134.207,10,6.5,,,,,,1,1,1,1,0,,0,1987/12/23,2009/2/25,66421,0,0,0,1,0,,0
66421,虫明,ムシアゲ,MUSHIAGE,,,,34.682,134.207,10,6.5,,,,,,1,1,1,1,0,,0,2009/2/26,2010/2/11,66421,0,4,4,4,0,,0
66421,虫明,ムシアゲ,MUSHIAGE,,,,34.682,134.207,10,10,,,,,,1,1,1,1,0,,0,2010/2/12,2021/3/1,66421,0,0,0,0,0,,0
66421,虫明,ムシアゲ,MUSHIAGE,,,,34.682,134.207,10,10,,,,,,1,1,1,2,0,,0,2021/3/2,2023/6/7,66421,0,0,0,6,0,,0
66421,虫明,ムシアゲ,MUSHIAGE,,,,34.682,134.207,10,9.9,,,,,,1,1,1,2,0,,1,2023/6/8,9999-99-99,66421,0,0,0,0,0,,0
66436,笠岡,カサオカ,KASAOKA,,,,34.505,133.507,4,,,,,,,1,0,0,0,0,,0,1975/4/18,1976/9/15,66436,1,1,1,1,1,,1
66446,倉敷,クラシキ,KURASHIKI,,,,34.59,133.768,3,,,,,,,1,0,0,0,0,,0,1974/11/1,1979/1/8,66446,1,1,1,1,1,,1
66446,倉敷,クラシキ,KURASHIKI,,,,34.59,133.768,3,6.5,,,,,,1,1,1,1,0,,0,1979/1/9,1987/12/16,66446,0,0,0,0,0,,0
66446,倉敷,クラシキ,KURASHIKI,,,,34.59,133.768,3,6.5,,,,,,1,1,1,1,0,,0,1987/12/17,2008/1/31,66446,0,0,0,1,0,,0
66446,倉敷,クラシキ,KURASHIKI,,,,34.59,133.768,3,6.5,,,,,,1,1,1,1,0,,0,2008/2/1,2008/3/25,66446,0,0,0,4,0,,0
66446,倉敷,クラシキ,KURASHIKI,,,,34.59,133.768,3,6.5,,,,,,1,1,1,1,0,,0,2008/3/26,2010/2/18,66446,0,4,4,0,0,,0
66446,倉敷,クラシキ,KURASHIKI,,,,34.59,133.768,3,10,,,,,,1,1,1,1,0,,0,2010/2/19,2021/3/1,66446,0,0,0,0,0,,0
66446,倉敷,クラシキ,KURASHIKI,,,,34.59,133.768,3,10,,,,,,1,1,1,2,0,,0,2021/3/2,2023/6/5,66446,0,0,0,6,0,,0
66446,倉敷,クラシキ,KURASHIKI,,,,34.59,133.768,3,9.9,,,,,,1,1,1,2,0,,1,2023/6/6,9999-99-99,66446,0,0,0,0,0,,0
66481,笠岡,カサオカ,KASAOKA,,,,34.493,133.513,2,,,,,,,1,0,0,0,0,,0,1976/9/16,1979/1/9,66481,1,1,1,1,1,,1
66481,笠岡,カサオカ,KASAOKA,,,,34.493,133.513,2,6.5,,,,,,1,1,1,1,0,,0,1979/1/10,1987/6/4,66481,0,0,0,0,0,,0
66481,笠岡,カサオカ,KASAOKA,,,,34.493,133.513,2,6.5,,,,,,1,1,1,1,0,,0,1987/6/5,1995/3/14,66481,0,0,0,1,0,,0
66481,笠岡,カサオカ,KASAOKA,,,,34.502,133.495,0,6.5,,,,,,1,1,1,1,0,,0,1995/3/15,2006/11/6,66481,0,0,0,0,0,,0
66481,笠岡,カサオカ,KASAOKA,,,,34.502,133.495,0,6.5,,,,,,1,1,1,1,0,,0,2006/11/7,2009/2/24,66481,0,0,0,4,0,,0
66481,笠岡,カサオカ,KASAOKA,,,,34.502,133.495,0,6.5,,,,,,1,1,1,1,0,,0,2009/2/25,2021/3/1,66481,0,4,4,0,0,,0
66481,笠岡,カサオカ,KASAOKA,,,,34.502,133.495,0,6.5,,,,,,1,1,1,2,0,,0,2021/3/2,2023/5/8,66481,0,0,0,6,0,,0
66481,笠岡,カサオカ,KASAOKA,,,,34.502,133.495,0,6.4,,,,,,1,1,1,2,0,,1,2023/5/9,9999-99-99,66481,0,0,0,0,0,,0
66501,玉野,タマノ,TAMANO,,,,34.487,133.95,2,,,,,,,1,0,0,0,0,,0,1974/11/1,1976/2/24,66501,1,1,1,1,1,,1
66501,玉野,タマノ,TAMANO,,,,34.487,133.95,2,6.5,,,,,,1,1,1,1,0,,0,1976/2/25,1987/12/22,66501,0,0,0,0,0,,0
66501,玉野,タマノ,TAMANO,,,,34.487,133.95,2,6.5,,,,,,1,1,1,1,0,,0,1987/12/23,2005/12/12,66501,0,0,0,1,0,,0
66501,玉野,タマノ,TAMANO,,,,34.487,133.95,2,6.5,,,,,,1,1,1,1,0,,0,2005/12/13,2009/1/15,66501,0,0,0,4,0,,0
66501,玉野,タマノ,TAMANO,,,,34.487,133.95,2,6.5,,,,,,1,1,1,1,0,,0,2009/1/16,2021/3/1,66501,0,4,4,0,0,,0
66501,玉野,タマノ,TAMANO,,,,34.487,133.95,2,6.5,,,,,,1,1,1,2,0,,0,2021/3/2,2021/11/17,66501,0,0,0,6,0,,0
66501,玉野,タマノ,TAMANO,,,,34.487,133.95,2,6.4,,,,,,1,1,1,2,0,,1,2021/11/18,9999-99-99,66501,0,0,0,0,0,,0
67016,高野,タカノ,TAKANO,,,,35.033,132.902,570,,,,,,,1,0,0,0,0,,0,1975/4/28,1978/11/21,67016,1,1,1,1,1,,1
67016,高野,タカノ,TAKANO,,,,35.033,132.902,570,6.5,,,,,,1,1,1,1,0,,0,1978/11/22,1986/11/8,67016,0,0,0,0,0,,0
67016,高野,タカノ,TAKANO,,,,35.033,132.902,570,6.5,,,,,,1,1,1,1,0,,0,1986/11/9,1990/10/30,67016,0,0,0,1,0,,0
67016,高野,タカノ,TAKANO,高野,タカノ,TAKANO,35.033,132.902,570,6.5,,,35.033,132.902,570,1,1,1,1,1,,0,1990/10/31,2005/11/23,67016,0,0,0,0,0,,0
67016,高野,タカノ,TAKANO,高野,タカノ,TAKANO,35.033,132.902,570,6.5,,,35.033,132.902,570,1,1,1,1,1,,0,2005/11/24,2009/2/12,67016,0,0,0,4,0,,0
67016,高野,タカノ,TAKANO,高野,タカノ,TAKANO,35.033,132.902,570,6.5,,,35.033,132.902,570,1,1,1,1,1,,0,2009/2/13,2010/1/6,67016,0,4,4,0,0,,0
67016,高野,タカノ,TAKANO,高野,タカノ,TAKANO,35.033,132.902,570,10,,,35.033,132.902,570,1,1,1,1,1,,0,2010/1/7,2021/3/1,67016,0,0,0,0,0,,0
67016,高野,タカノ,TAKANO,高野,タカノ,TAKANO,35.033,132.902,570,10,,,35.033,132.902,570,1,1,1,2,1,,0,2021/3/2,2021/3/15,67016,0,0,0,6,0,,0
67016,高野,タカノ,TAKANO,高野,タカノ,TAKANO,35.033,132.902,570,10,,,35.033,132.902,570,1,1,1,2,1,,1,2021/3/16,9999-99-99,67016,0,0,0,0,0,,0
67026,道後山,ドウゴヤマ,DOGOYAMA,,,,35.057,133.188,729,,,,,,,1,0,0,0,0,,0,2005/11/29,9999-99-99,67026,1,1,1,1,1,,1
67031,道後山,ドウゴヤマ,DOGOYAMA,,,,35.068,133.223,1266,,,,,,,1,0,0,0,0,,0,1974/11/1,2005/11/29,67031,1,1,1,1,1,,1
67051,安田山,ヤスダヤマ,YASUDAYAMA,,,,34.922,132.815,638,,,,,,,1,0,0,0,0,,0,1974/11/1,2000/7/9,67051,1,1,1,1,1,,1
67051,安田山,アンダヤマ,ANDAYAMA,,,,34.922,132.815,638,,,,,,,1,0,0,0,0,,0,2000/7/10,2005/12/5,67051,0,0,0,0,0,,0
67052,君田,キミタ,KIMITA,,,,34.928,132.83,304,,,,,,,1,0,0,0,0,,0,2005/12/7,9999-99-99,67052,1,1,1,1,1,,1
67096,犬伏山,イヌブセヤマ,INUBUSEYAMA,,,,34.805,132.615,786,,,,,,,1,0,0,0,0,,0,1974/11/1,2004/2/29,67096,1,1,1,1,1,,1
67096,犬伏山,イヌブシヤマ,INUBUSHIYAMA,,,,34.805,132.615,786,,,,,,,1,0,0,0,0,,0,2004/3/1,2005/12/8,67096,0,0,0,0,0,,0
67106,三次,ミヨシ,MIYOSHI,,,,34.803,132.858,156,,,,,,,1,0,0,0,0,,0,1974/11/1,1978/11/21,67106,1,1,1,1,1,,1
67106,三次,ミヨシ,MIYOSHI,,,,34.803,132.858,156,6.5,,,,,,1,1,1,1,0,,0,1978/11/22,1987/5/19,67106,0,0,0,0,0,,0
67106,三次,ミヨシ,MIYOSHI,,,,34.803,132.858,156,6.5,,,,,,1,1,1,1,0,,0,1987/5/20,1988/7/4,67106,0,0,0,1,0,,0
67106,三次,ミヨシ,MIYOSHI,,,,34.812,132.85,159,6.5,,,,,,1,1,1,1,0,,0,1988/7/5,2008/3/3,67106,0,0,0,0,0,,0
67106,三次,ミヨシ,MIYOSHI,,,,34.812,132.85,159,6.5,,,,,,1,1,1,1,0,,0,2008/3/4,2008/3/25,67106,0,0,0,4,0,,0
67106,三次,ミヨシ,MIYOSHI,,,,34.812,132.85,159,6.5,,,,,,1,1,1,1,0,,0,2008/3/26,2010/1/22,67106,0,4,4,0,0,,0
67106,三次,ミヨシ,MIYOSHI,,,,34.812,132.85,159,10,,,,,,1,1,1,1,0,,0,2010/1/23,2021/3/1,67106,0,0,0,0,0,,0
67106,三次,ミヨシ,MIYOSHI,,,,34.812,132.85,159,10,,,,,,1,1,1,2,0,,0,2021/3/2,2023/5/23,67106,0,0,0,6,0,,0
67106,三次,ミヨシ,MIYOSHI,,,,34.812,132.85,159,9.9,,,,,,1,1,1,2,0,,1,2023/5/24,9999-99-99,67106,0,0,0,0,0,,0
67116,庄原,ショウバラ,SHOBARA,,,,34.86,133.023,300,,,,,,,1,0,0,0,0,,0,1974/11/1,1976/2/22,67116,1,1,1,1,1,,1
67116,庄原,ショウバラ,SHOBARA,,,,34.86,133.023,300,15.5,,,,,,1,1,1,1,0,,0,1976/2/23,1977/5/9,67116,0,0,0,0,0,,0
67116,庄原,ショウバラ,SHOBARA,,,,34.86,133.023,300,10.7,,,,,,1,1,1,1,0,,0,1977/5/10,1987/12/10,67116,0,0,0,0,0,,0
67116,庄原,ショウバラ,SHOBARA,,,,34.86,133.023,300,10.7,,,,,,1,1,1,1,0,,0,1987/12/11,1991/3/10,67116,0,0,0,1,0,,0
67116,庄原,ショウバラ,SHOBARA,,,,34.86,133.023,300,10.6,,,,,,1,1,1,1,0,,0,1991/3/11,2005/11/17,67116,0,0,0,0,0,,0
67116,庄原,ショウバラ,SHOBARA,,,,34.86,133.023,300,10.6,,,,,,1,1,1,1,0,,0,2005/11/18,2009/2/9,67116,0,0,0,4,0,,0
67116,庄原,ショウバラ,SHOBARA,,,,34.86,133.023,300,10.6,,,,,,1,1,1,1,0,,0,2009/2/10,2021/3/1,67116,0,4,4,0,0,,0
67116,庄原,ショウバラ,SHOBARA,,,,34.86,133.023,300,10.6,,,,,,1,1,1,2,0,,0,2021/3/2,2023/5/24,67116,0,0,0,6,0,,0
67116,庄原,ショウバラ,SHOBARA,,,,34.86,133.023,300,10.5,,,,,,1,1,1,2,0,,1,2023/5/25,9999-99-99,67116,0,0,0,0,0,,0
67126,東城,トウジョウ,TOJO,,,,34.895,133.277,310,,,,,,,1,0,0,0,0,,0,1975/4/28,9999-99-99,67126,1,1,1,1,1,,1
67136,八幡,ヤワタ,YAWATA,,,,34.708,132.172,775,,,,,,,1,0,0,0,0,,0,1978/7/5,1990/10/30,67136,1,1,1,1,1,,1
67136,八幡,ヤワタ,YAWATA,八幡,ヤワタ,YAWATA,34.708,132.172,775,,,,34.708,132.173,774,1,0,0,0,1,,0,1990/10/31,2005/11/24,67136,0,0,0,0,0,,0
67136,八幡,ヤワタ,YAWATA,八幡,ヤワタ,YAWATA,34.708,132.173,774,,,,34.708,132.173,774,1,0,0,0,1,,0,2005/11/25,9999-99-99,67136,0,0,0,0,0,,0
67151,大朝,オオアサ,OASA,,,,34.768,132.463,385,,,,,,,1,0,0,0,0,,0,1974/11/1,1977/12/22,67151,1,1,1,1,1,,1
67151,大朝,オオアサ,OASA,,,,34.768,132.463,385,6.5,,,,,,1,1,1,1,0,,0,1977/12/23,1985/11/13,67151,0,0,0,0,0,,0
67151,大朝,オオアサ,OASA,,,,34.768,132.463,385,6.5,,,,,,1,1,1,1,0,,0,1985/11/14,1990/10/30,67151,0,0,0,1,0,,0
67151,大朝,オオアサ,OASA,大朝,オオアサ,OASA,34.768,132.463,385,6.5,,,34.768,132.463,385,1,1,1,1,1,,0,1990/10/31,2005/11/30,67151,0,0,0,0,0,,0
67151,大朝,オオアサ,OASA,大朝,オオアサ,OASA,34.768,132.463,385,6.5,,,34.768,132.463,385,1,1,1,1,1,,0,2005/12/1,2009/2/16,67151,0,0,0,4,0,,0
67151,大朝,オオアサ,OASA,大朝,オオアサ,OASA,34.768,132.463,385,6.5,,,34.768,132.463,385,1,1,1,1,1,,0,2009/2/17,2010/1/18,67151,0,4,4,0,0,,0
67151,大朝,オオアサ,OASA,大朝,オオアサ,OASA,34.768,132.463,385,10,,,34.768,132.463,385,1,1,1,1,1,,0,2010/1/19,2014/9/18,67151,0,0,0,0,0,,0
67151,大朝,オオアサ,OASA,大朝,オオアサ,OASA,34.768,132.463,399,10,,,34.768,132.463,399,1,1,1,1,1,,0,2014/9/19,2021/3/1,67151,0,0,0,0,0,,0
67151,大朝,オオアサ,OASA,大朝,オオアサ,OASA,34.768,132.463,399,10,,,34.768,132.463,399,1,1,1,2,1,,0,2021/3/2,2021/10/27,67151,0,0,0,6,0,,0
67151,大朝,オオアサ,OASA,大朝,オオアサ,OASA,34.768,132.463,399,9.9,,,34.768,132.463,399,1,1,1,2,1,,1,2021/10/28,9999-99-99,67151,0,0,0,0,0,,0
67161,美土里,ミドリ,MIDORI,,,,34.722,132.655,318,,,,,,,1,0,0,0,0,,0,2005/12/8,9999-99-99,67161,1,1,1,1,1,,1
67191,油木,ユキ,YUKI,,,,34.763,133.278,510,6.5,,,,,,1,1,1,1,0,,0,1978/12/1,1987/10/14,67191,1,1,1,1,1,,1
67191,油木,ユキ,YUKI,,,,34.763,133.278,510,6.5,,,,,,1,1,1,1,0,,0,1987/10/15,2008/2/28,67191,0,0,0,1,0,,0
67191,油木,ユキ,YUKI,,,,34.763,133.278,510,6.5,,,,,,1,1,1,1,0,,0,2008/2/29,2008/3/25,67191,0,0,0,4,0,,0
67191,油木,ユキ,YUKI,,,,34.763,133.278,510,6.5,,,,,,1,1,1,1,0,,0,2008/3/26,2010/2/7,67191,0,4,4,0,0,,0
67191,油木,ユキ,YUKI,,,,34.763,133.278,510,10,,,,,,1,1,1,1,0,,0,2010/2/8,2021/3/1,67191,0,0,0,0,0,,0
67191,油木,ユキ,YUKI,,,,34.763,133.278,510,10,,,,,,1,1,1,2,0,,0,2021/3/2,2023/5/15,67191,0,0,0,6,0,,0
67191,油木,ユキ,YUKI,,,,34.763,133.278,510,9.9,,,,,,1,1,1,2,0,,1,2023/5/16,9999-99-99,67191,0,0,0,0,0,,0
67211,王泊,オオドマリ,ODOMARI,,,,34.698,132.312,525,,,,,,,1,0,0,0,0,,0,1978/6/7,9999-99-99,67211,1,1,1,1,1,,1
67212,加計,カケ,KAKE,,,,34.61,132.32,210,,,,,,,1,0,0,0,0,,0,1974/11/1,1978/11/23,67212,1,1,1,1,1,,1
67212,加計,カケ,KAKE,,,,34.61,132.32,210,6.5,,,,,,1,1,1,1,0,,0,1978/11/24,1987/5/26,67212,0,0,0,0,0,,0
67212,加計,カケ,KAKE,,,,34.61,132.32,210,6.5,,,,,,1,1,1,1,0,,0,1987/5/27,2006/11/1,67212,0,0,0,1,0,,0
67212,加計,カケ,KAKE,,,,34.61,132.32,210,6.5,,,,,,1,1,1,1,0,,0,2006/11/2,2009/2/23,67212,0,0,0,4,0,,0
67212,加計,カケ,KAKE,,,,34.61,132.32,210,6.5,,,,,,1,1,1,1,0,,0,2009/2/24,2010/3/1,67212,0,4,4,0,0,,0
67212,加計,カケ,KAKE,,,,34.61,132.32,210,10,,,,,,1,1,1,1,0,,0,2010/3/2,2021/3/1,67212,0,0,0,0,0,,0
67212,加計,カケ,KAKE,,,,34.61,132.32,210,10,,,,,,1,1,1,2,0,,0,2021/3/2,2021/11/10,67212,0,0,0,6,0,,0
67212,加計,カケ,KAKE,,,,34.61,132.32,210,9.9,,,,,,1,1,1,2,0,,1,2021/11/11,9999-99-99,67212,0,0,0,0,0,,0
67216,海見山,カイケンザン,KAIKENZAN,,,,34.607,132.478,805,,,,,,,1,0,0,0,0,,0,1974/11/1,2005/12/6,67216,1,1,1,1,1,,1
67217,都志見,ツシミ,TSUSHIMI,,,,34.647,132.443,400,,,,,,,1,0,0,0,0,,0,2005/12/6,9999-99-99,67217,1,1,1,1,1,,1
67231,甲田,コウダ,KODA,,,,34.695,132.76,185,,,,,,,1,0,0,0,0,,0,1975/4/28,9999-99-99,67231,1,1,1,1,1,,1
67251,上下,ジョウゲ,JOGE,,,,34.697,133.127,354,,,,,,,1,0,0,0,0,,0,1974/11/1,2000/3/5,67251,1,1,1,1,1,,1
67251,上下,ジョウゲ,JOGE,,,,34.693,133.117,384,,,,,,,1,0,0,0,0,,0,2000/3/6,9999-99-99,67251,0,0,0,0,0,,0
67271,内黒山,ウチグロヤマ,UCHIGUROYAMA,,,,34.595,132.177,980,,,,,,,1,0,0,0,0,,0,1974/11/1,1981/9/10,67271,1,1,1,1,1,,1
67271,内黒山,ウチグロヤマ,UCHIGUROYAMA,,,,34.59,132.182,935,,,,,,,1,0,0,0,0,,0,1981/9/11,2010/2/3,67271,0,0,0,0,0,,0
67271,内黒山,ウチグロヤマ,UCHIGUROYAMA,,,,34.597,132.177,987,,,,,,,1,0,0,0,0,,0,2010/2/4,9999-99-99,67271,0,0,0,0,0,,0
67291,可部,カベ,KABE,,,,34.518,132.508,30,,,,,,,1,0,0,0,0,,0,1975/4/28,1979/1/15,67291,1,1,1,1,1,,1
67291,可部,カベ,KABE,,,,34.518,132.508,30,20.9,,,,,,1,1,1,1,0,,0,1979/1/16,1987/12/10,67291,0,0,0,0,0,,0
67291,可部,カベ,KABE,,,,34.518,132.508,30,20.9,,,,,,1,1,1,1,0,,0,1987/12/11,2001/12/19,67291,0,0,0,1,0,,0
67292,三入,ミイリ,MIIRI,,,,34.545,132.53,70,6.4,,,,,,1,1,1,1,0,,0,2001/12/20,2008/2/12,67291,0,1,0,0,0,,0
67292,三入,ミイリ,MIIRI,,,,34.545,132.53,70,6.4,,,,,,1,1,1,1,0,,0,2008/2/13,2008/3/25,67292,0,0,0,4,0,,0
67292,三入,ミイリ,MIIRI,,,,34.545,132.53,70,6.4,,,,,,1,1,1,1,0,,0,2008/3/26,2021/3/1,67292,0,4,4,0,0,,0
67292,三入,ミイリ,MIIRI,,,,34.545,132.53,70,6.4,,,,,,1,1,1,2,0,,0,2021/3/2,2023/5/22,67292,0,0,0,6,0,,0
67292,三入,ミイリ,MIIRI,,,,34.545,132.53,70,6.3,,,,,,1,1,1,2,0,,1,2023/5/23,9999-99-99,67292,0,0,0,0,0,,0
67306,安宿,アスカ,ASUKA,,,,34.567,132.838,363,,,,,,,1,0,0,0,0,,0,2010/1/28,9999-99-99,67306,1,1,1,1,1,,1
67316,世羅,セラ,SERA,,,,34.585,133.053,330,,,,,,,1,0,0,0,0,,0,1974/11/1,1977/2/22,67316,1,1,1,1,1,,1
67316,世羅,セラ,SERA,,,,34.585,133.053,330,6.5,,,,,,1,1,1,1,0,,0,1977/2/23,1987/11/16,67316,0,0,0,0,0,,0
67316,世羅,セラ,SERA,,,,34.585,133.053,330,6.5,,,,,,1,1,1,1,0,,0,1987/11/17,2006/3/8,67316,0,0,0,1,0,,0
67316,世羅,セラ,SERA,,,,34.583,133.05,350,8,,,,,,1,1,1,1,0,,0,2006/3/9,2008/2/25,67316,0,0,0,0,0,,0
67316,世羅,セラ,SERA,,,,34.583,133.05,350,8,,,,,,1,1,1,1,0,,0,2008/2/26,2008/3/25,67316,0,0,0,4,0,,0
67316,世羅,セラ,SERA,,,,34.583,133.05,350,8,,,,,,1,1,1,1,0,,0,2008/3/26,2021/3/1,67316,0,4,4,0,0,,0
67316,世羅,セラ,SERA,,,,34.583,133.05,350,8,,,,,,1,1,1,2,0,,0,2021/3/2,2022/11/9,67316,0,0,0,6,0,,0
67316,世羅,セラ,SERA,,,,34.583,133.05,350,7.9,,,,,,1,1,1,2,0,,1,2022/11/10,9999-99-99,67316,0,0,0,0,0,,0
67326,府中,フチュウ,FUCHU,,,,34.583,133.237,100,,,,,,,1,0,0,0,0,,0,1975/4/28,1979/1/10,67326,1,1,1,1,1,,1
67326,府中,フチュウ,FUCHU,,,,34.583,133.237,100,6.5,,,,,,1,1,1,1,0,,0,1979/1/11,1986/6/11,67326,0,0,0,0,0,,0
67326,府中,フチュウ,FUCHU,,,,34.583,133.237,100,6.5,,,,,,1,1,1,1,0,,0,1986/6/12,2004/8/26,67326,0,0,0,1,0,,0
67326,府中,フチュウ,FUCHU,,,,34.562,133.232,70,9.5,,,,,,1,1,1,1,0,,0,2004/8/27,2008/2/21,67326,0,0,0,0,0,,0
67326,府中,フチュウ,FUCHU,,,,34.562,133.232,70,9.5,,,,,,1,1,1,1,0,,0,2008/2/22,2008/3/25,67326,0,0,0,4,0,,0
67326,府中,フチュウ,FUCHU,,,,34.562,133.232,70,9.5,,,,,,1,1,1,1,0,,0,2008/3/26,2021/3/1,67326,0,4,4,0,0,,0
67326,府中,フチュウ,FUCHU,,,,34.562,133.232,70,9.5,,,,,,1,1,1,2,0,,0,2021/3/2,2023/5/14,67326,0,0,0,6,0,,0
67326,府中,フチュウ,FUCHU,,,,34.562,133.232,70,9.4,,,,,,1,1,1,2,0,,1,2023/5/15,9999-99-99,67326,0,0,0,0,0,,0
67351,佐伯湯来,サエキユキ,SAEKIYUKI,,,,34.498,132.29,206,,,,,,,1,0,0,0,0,,0,2005/12/2,9999-99-99,67351,1,1,1,1,1,,1
67356,恵下谷山,エゲタニヤマ,EGETANIYAMA,,,,34.49,132.328,820,,,,,,,1,0,0,0,0,,0,1974/11/1,1991/5/22,67356,1,1,1,1,1,,1
67356,恵下谷山,エゲタニヤマ,EGETANIYAMA,,,,34.485,132.33,790,,,,,,,1,0,0,0,0,,0,1991/5/23,2005/12/2,67356,0,0,0,0,0,,0
67371,志和,シワ,SHIWA,,,,34.498,132.66,215,,,,,,,1,0,0,0,0,,0,1977/6/30,9999-99-99,67371,1,1,1,1,1,,1
67376,西条,サイジョウ,SAIJO,,,,34.428,132.735,215,,,,,,,1,0,0,0,0,,0,1974/11/1,1979/1/16,67376,1,1,1,1,1,,1
67376,西条,サイジョウ,SAIJO,,,,34.428,132.735,215,6.5,,,,,,1,1,1,1,0,,0,1979/1/17,1986/11/27,67376,0,0,0,0,0,,0
67376,西条,サイジョウ,SAIJO,,,,34.428,132.735,215,6.5,,,,,,1,1,1,1,0,,0,1986/11/28,1989/11/29,67376,0,0,0,1,0,,0
67376,東広島,ヒガシヒロシマ,HIGASHIHIROSHIMA,,,,34.417,132.698,224,6.5,,,,,,1,1,1,1,0,,0,1989/11/30,2007/3/26,67376,0,0,0,0,0,,0
67376,東広島,ヒガシヒロシマ,HIGASHIHIROSHIMA,,,,34.417,132.7,224,10,,,,,,1,1,1,1,0,,0,2007/3/27,2008/2/14,67376,0,0,0,0,0,,0
67376,東広島,ヒガシヒロシマ,HIGASHIHIROSHIMA,,,,34.417,132.7,224,10,,,,,,1,1,1,1,0,,0,2008/2/15,2008/3/25,67376,0,0,0,4,0,,0
67376,東広島,ヒガシヒロシマ,HIGASHIHIROSHIMA,,,,34.417,132.7,224,10,,,,,,1,1,1,1,0,,0,2008/3/26,2021/3/1,67376,0,4,4,0,0,,0
67376,東広島,ヒガシヒロシマ,HIGASHIHIROSHIMA,,,,34.417,132.7,224,10,,,,,,1,1,1,2,0,,0,2021/3/2,2023/5/9,67376,0,0,0,6,0,,0
67376,東広島,ヒガシヒロシマ,HIGASHI-HIROSHIMA,,,,34.417,132.7,224,9.9,,,,,,1,1,1,2,0,,1,2023/5/10,9999-99-99,67376,0,0,0,0,0,,0
67381,河内,コウチ,KOCHI,,,,34.468,132.893,90,,,,,,,1,0,0,0,0,,0,1975/4/28,2010/1/28,67381,1,1,1,1,1,,1
67386,本郷,ホンゴウ,HONGO,,,,34.435,132.918,331,10.2,,,,,,1,1,1,0,0,,0,2003/1/1,2009/1/28,67386,1,1,1,1,1,,1
67386,本郷,ホンゴウ,HONGO,,,,34.435,132.918,331,10.2,,,,,,1,1,1,0,0,,0,2009/1/29,2023/1/25,67386,0,4,4,0,0,,0
67386,本郷,ホンゴウ,HONGO,,,,34.435,132.918,331,10,,,,,,1,1,1,0,0,,0,2023/1/26,9999-99-99,67386,0,0,0,0,0,,0
67401,福山,フクヤマ,FUKUYAMA,,,,34.447,133.247,2,,,,,,,1,0,0,0,0,,0,1974/11/1,1975/12/15,67401,1,1,1,1,1,,1
67401,福山,フクヤマ,FUKUYAMA,,,,34.447,133.247,2,13.8,,,,,,1,1,1,1,0,,0,1975/12/16,1987/12/31,67401,0,0,0,0,0,,0
67401,福山,フクヤマ,FUKUYAMA,,,,34.447,133.247,2,13.8,,,,,,1,1,1,1,0,,0,1988/1/1,2002/2/12,67401,0,0,0,1,0,,0
67401,福山,フクヤマ,FUKUYAMA,,,,34.447,133.247,2,13.7,,,,,,1,1,1,1,0,,0,2002/2/13,2008/3/25,67401,0,0,0,0,0,,0
67401,福山,フクヤマ,FUKUYAMA,,,,34.447,133.247,2,13.7,,,,,,1,1,1,1,0,,0,2008/3/26,2014/2/26,67401,0,4,4,0,0,,0
67401,福山,フクヤマ,FUKUYAMA,,,,34.447,133.247,2,14.4,,,,,,1,1,1,1,0,,0,2014/2/27,2021/3/1,67401,0,0,0,0,0,,0
67401,福山,フクヤマ,FUKUYAMA,,,,34.447,133.247,2,14.4,,,,,,1,1,1,1,0,,1,2021/3/2,9999-99-99,67401,0,0,0,0,0,,0
67421,佐伯,サエキ,SAEKI,,,,34.365,132.19,317,6.5,,,,,,1,1,1,1,0,,0,1978/12/1,1986/11/24,67421,1,1,1,1,1,,1
67421,佐伯,サエキ,SAEKI,,,,34.365,132.19,317,6.5,,,,,,1,1,1,1,0,,0,1986/11/25,2003/2/28,67421,0,0,0,1,0,,0
67421,廿日市津田,ハツカイチツタ,HATSUKAICHITSUTA,,,,34.365,132.19,317,6.5,,,,,,1,1,1,1,0,,0,2003/3/1,2008/2/7,67421,0,0,0,0,0,,0
67421,廿日市津田,ハツカイチツタ,HATSUKAICHITSUTA,,,,34.365,132.19,317,6.5,,,,,,1,1,1,1,0,,0,2008/2/8,2008/3/25,67421,0,0,0,4,0,,0
67421,廿日市津田,ハツカイチツタ,HATSUKAICHITSUTA,,,,34.365,132.19,317,6.5,,,,,,1,1,1,1,0,,0,2008/3/26,2010/2/17,67421,0,4,4,0,0,,0
67421,廿日市津田,ハツカイチツタ,HATSUKAICHITSUTA,,,,34.365,132.19,317,10,,,,,,1,1,1,1,0,,0,2010/2/18,2021/3/1,67421,0,0,0,0,0,,0
67421,廿日市津田,ハツカイチツタ,HATSUKAICHITSUTA,,,,34.365,132.19,317,10,,,,,,1,1,1,2,0,,0,2021/3/2,2023/6/21,67421,0,0,0,6,0,,0
67421,廿日市津田,ハツカイチツタ,HATSUKAICHI-TSUTA,,,,34.365,132.19,317,9.9,,,,,,1,1,1,2,0,,1,2023/6/22,9999-99-99,67421,0,0,0,0,0,,0
67436,広島,ヒロシマ,HIROSHIMA,,,,34.365,132.433,29,,,,,,,1,0,0,0,0,,0,1974/11/1,1975/3/21,67436,1,1,1,1,1,,1
67436,広島,ヒロシマ,HIROSHIMA,,,,34.365,132.433,29,19.4,,,,,,1,1,1,1,0,,0,1975/3/22,1985/12/31,67436,0,0,0,0,0,,0
67436,広島,ヒロシマ,HIROSHIMA,,,,34.365,132.433,29,19.4,,,,,,1,1,1,1,0,,0,1986/1/1,1987/12/31,67436,0,0,0,1,0,,0
67437,広島,ヒロシマ,HIROSHIMA,,,,34.398,132.462,4,95.5,,,,,,1,1,1,1,0,,0,1987/12/31,2000/2/8,67436,0,1,0,0,0,,0
67437,広島,ヒロシマ,HIROSHIMA,,,,34.398,132.462,4,95.4,,,,,,1,1,1,1,0,,0,2000/2/9,2008/3/25,67437,0,0,0,0,0,,0
67437,広島,ヒロシマ,HIROSHIMA,,,,34.398,132.462,4,95.4,,,,,,1,1,1,1,0,,0,2008/3/26,2012/3/13,67437,0,4,4,0,0,,0
67437,広島,ヒロシマ,HIROSHIMA,広島,ヒロシマ,HIROSHIMA,34.398,132.462,4,95.4,,,34.398,132.462,4,1,1,1,1,1,,0,2012/3/14,2021/3/1,67437,0,0,0,0,0,,0
67437,広島,ヒロシマ,HIROSHIMA,広島,ヒロシマ,HIROSHIMA,34.398,132.462,4,95.4,,,34.398,132.462,4,1,1,1,1,1,,1,2021/3/2,9999-99-99,67437,0,0,0,0,0,,0
67461,竹原,タケハラ,TAKEHARA,,,,34.33,132.982,5,,,,,,,1,0,0,0,0,,0,1974/11/1,1979/1/11,67461,1,1,1,1,1,,1
67461,竹原,タケハラ,TAKEHARA,,,,34.33,132.982,5,6.5,,,,,,1,1,1,1,0,,0,1979/1/12,1986/7/15,67461,0,0,0,0,0,,0
67461,竹原,タケハラ,TAKEHARA,,,,34.33,132.982,5,6.5,,,,,,1,1,1,1,0,,0,1986/7/16,2008/2/19,67461,0,0,0,1,0,,0
67461,竹原,タケハラ,TAKEHARA,,,,34.33,132.982,5,6.5,,,,,,1,1,1,1,0,,0,2008/2/20,2008/3/25,67461,0,0,0,4,0,,0
67461,竹原,タケハラ,TAKEHARA,,,,34.33,132.982,5,6.5,,,,,,1,1,1,1,0,,0,2008/3/26,2010/2/18,67461,0,4,4,0,0,,0
67461,竹原,タケハラ,TAKEHARA,,,,34.33,132.982,5,10,,,,,,1,1,1,1,0,,0,2010/2/19,2021/3/1,67461,0,0,0,0,0,,0
67461,竹原,タケハラ,TAKEHARA,,,,34.33,132.982,5,10,,,,,,1,1,1,2,0,,0,2021/3/2,2023/4/24,67461,0,0,0,6,0,,0
67461,竹原,タケハラ,TAKEHARA,,,,34.33,132.982,5,9.9,,,,,,1,1,1,2,0,,1,2023/4/25,9999-99-99,67461,0,0,0,0,0,,0
67471,因島,インノシマ,INNOSHIMA,,,,34.298,133.157,17,,,,,,,1,0,0,0,0,,0,1974/11/1,1979/1/11,67471,1,1,1,1,1,,1
67471,因島,インノシマ,INNOSHIMA,,,,34.298,133.157,17,6.5,,,,,,1,1,1,1,0,,0,1979/1/12,1987/11/18,67471,0,0,0,0,0,,0
67471,因島,インノシマ,INNOSHIMA,,,,34.298,133.157,17,6.5,,,,,,1,1,1,1,0,,0,1987/11/19,2009/2/26,67471,0,0,0,1,0,,0
67471,生口島,イクチジマ,IKUCHIJIMA,,,,34.278,133.123,3,10,,,,,,1,1,1,1,0,,0,2009/2/27,2021/3/1,67471,0,4,4,4,0,,0
67471,生口島,イクチジマ,IKUCHIJIMA,,,,34.278,133.123,3,10,,,,,,1,1,1,2,0,,0,2021/3/2,2023/4/25,67471,0,0,0,6,0,,0
67471,生口島,イクチジマ,IKUCHIJIMA,,,,34.278,133.123,3,9.9,,,,,,1,1,1,2,0,,1,2023/4/26,9999-99-99,67471,0,0,0,0,0,,0
67496,大竹,オオタケ,OTAKE,,,,34.213,132.22,5,,,,,,,1,0,0,0,0,,0,1974/11/1,1979/1/15,67496,1,1,1,1,1,,1
67496,大竹,オオタケ,OTAKE,,,,34.213,132.22,5,6.5,,,,,,1,1,1,1,0,,0,1979/1/16,1987/9/20,67496,0,0,0,0,0,,0
67496,大竹,オオタケ,OTAKE,,,,34.213,132.22,5,6.5,,,,,,1,1,1,1,0,,0,1987/9/21,1996/2/29,67496,0,0,0,1,0,,0
67496,大竹,オオタケ,OTAKE,,,,34.222,132.22,1,25.1,,,,,,1,1,1,1,0,,0,1996/3/1,2008/2/5,67496,0,0,0,0,0,,0
67496,大竹,オオタケ,OTAKE,,,,34.222,132.22,1,25.1,,,,,,1,1,1,1,0,,0,2008/2/6,2008/3/25,67496,0,0,0,4,0,,0
67496,大竹,オオタケ,OTAKE,,,,34.222,132.22,1,25.1,,,,,,1,1,1,1,0,,0,2008/3/26,2021/3/1,67496,0,4,4,0,0,,0
67496,大竹,オオタケ,OTAKE,,,,34.222,132.22,1,25.1,,,,,,1,1,1,2,0,,0,2021/3/2,2023/4/19,67496,0,0,0,6,0,,0
67496,大竹,オオタケ,OTAKE,,,,34.222,132.22,1,25,,,,,,1,1,1,2,0,,1,2023/4/20,9999-99-99,67496,0,0,0,0,0,,0
67511,呉,クレ,KURE,,,,34.24,132.55,4,,,,,,,1,0,0,0,0,,0,1974/11/1,1975/12/9,67511,1,1,1,1,1,,1
67511,呉,クレ,KURE,,,,34.24,132.55,4,17.5,,,,,,1,1,1,1,0,,0,1975/12/10,1988/12/31,67511,0,0,0,0,0,,0
67511,呉,クレ,KURE,,,,34.24,132.55,4,17.5,,,,,,1,1,1,1,0,,0,1989/1/1,2002/2/12,67511,0,0,0,1,0,,0
67511,呉,クレ,KURE,,,,34.24,132.55,4,17.4,,,,,,1,1,1,1,0,,0,2002/2/13,2008/3/25,67511,0,0,0,0,0,,0
67511,呉,クレ,KURE,,,,34.24,132.55,4,17.4,,,,,,1,1,1,1,0,,0,2008/3/26,2010/3/30,67511,0,4,4,0,0,,0
67511,呉,クレ,KURE,,,,34.24,132.55,4,27.3,,,,,,1,1,1,1,0,,0,2010/3/31,2021/3/1,67511,0,0,0,0,0,,0
67511,呉,クレ,KURE,,,,34.24,132.55,4,27.3,,,,,,1,1,1,1,0,,1,2021/3/2,9999-99-99,67511,0,0,0,0,0,,0
67566,倉橋,クラハシ,KURAHASHI,,,,34.103,132.503,5,,,,,,,1,0,0,0,0,,0,1974/11/1,2012/2/15,67566,1,1,1,1,1,,1
67566,倉橋,クラハシ,KURAHASHI,,,,34.092,132.488,3,,,,,,,1,0,0,0,0,,0,2012/2/16,9999-99-99,67566,0,0,0,0,0,,0
67576,呉市蒲刈,クレシカマガリ,KURE-SHI-KAMAGARI,,,,34.165,132.748,48,10,,,,,,1,1,1,1,0,,0,2009/2/25,2021/3/1,67576,1,5,5,5,1,,1
67576,呉市蒲刈,クレシカマガリ,KURE-SHI-KAMAGARI,,,,34.165,132.748,48,10,,,,,,1,1,1,2,0,,0,2021/3/2,2023/5/10,67576,0,0,0,6,0,,0
67576,呉市蒲刈,クレシカマガリ,KURE-SHI-KAMAGARI,,,,34.165,132.748,48,9.9,,,,,,1,1,1,2,0,,1,2023/5/11,9999-99-99,67576,0,0,0,0,0,,0
67581,久比,クビ,KUBI,,,,34.182,132.83,4,,,,,,,1,0,0,0,0,,0,1975/4/28,1979/1/17,67581,1,1,1,1,1,,1
67581,久比,クビ,KUBI,,,,34.182,132.83,4,12.4,,,,,,1,1,1,1,0,,0,1979/1/18,1987/10/25,67581,0,0,0,0,0,,0
67581,久比,クビ,KUBI,,,,34.182,132.83,4,12.4,,,,,,1,1,1,1,0,,0,1987/10/26,2009/2/24,67581,0,0,0,1,0,,0
68021,西郷,サイゴウ,SAIGO,,,,36.203,133.333,26,,,,,,,1,0,0,0,0,,0,1974/11/1,1975/3/7,68021,1,1,1,1,1,,1
68021,西郷,サイゴウ,SAIGO,,,,36.203,133.333,26,14.7,,,,,,1,1,1,1,0,,0,1975/3/8,1986/12/31,68021,0,0,0,0,0,,0
68021,西郷,サイゴウ,SAIGO,,,,36.203,133.333,26,14.7,,,,,,1,1,1,1,0,,0,1987/1/1,1987/10/14,68021,0,0,0,1,0,,0
68022,西郷,サイゴウ,SAIGO,,,,36.203,133.333,27,17.5,,,,,,1,1,1,1,0,,0,1987/10/14,2008/3/25,68021,0,0,0,0,0,,0
68022,西郷,サイゴウ,SAIGO,,,,36.203,133.333,27,17.5,,,,,,1,1,1,1,0,,0,2008/3/26,2008/9/30,68022,0,4,4,0,0,,0
68022,西郷,サイゴウ,SAIGO,西郷,サイゴウ,SAIGO,36.203,133.333,27,17.5,,,36.203,133.333,27,1,1,1,1,1,,0,2008/10/1,2010/12/1,68022,0,0,0,0,0,,0
68022,西郷,サイゴウ,SAIGO,西郷,サイゴウ,SAIGO,36.203,133.333,27,17,,,36.203,133.333,27,1,1,1,1,1,,0,2010/12/2,2021/3/1,68022,0,0,0,0,0,,0
68022,西郷,サイゴウ,SAIGO,西郷,サイゴウ,SAIGO,36.203,133.333,27,17,,,36.203,133.333,27,1,1,1,1,1,,1,2021/3/2,9999-99-99,68022,0,0,0,0,0,,0
68031,西ノ島,ニシノシマ,NISHINOSHIMA,,,,36.11,133.04,3,,,,,,,1,0,0,0,0,,0,1974/11/1,1978/11/18,68031,1,1,1,1,1,,1
68046,西郷岬,サイゴウミサキ,SAIGOMISAKI,,,,36.18,133.323,92,8.5,,,,,,1,1,1,0,0,,0,2003/1/1,2006/7/5,68046,1,1,1,1,1,,1
68046,西郷岬,サイゴウミサキ,SAIGOMISAKI,,,,36.178,133.323,80,10,,,,,,1,1,1,0,0,,0,2006/7/6,2009/1/29,68046,0,0,0,0,0,,0
68046,西郷岬,サイゴウミサキ,SAIGOMISAKI,,,,36.178,133.323,80,10,,,,,,1,1,1,0,0,,0,2009/1/30,2017/12/21,68046,0,4,4,0,0,,0
68046,西郷岬,サイゴウミサキ,SAIGO-MISAKI,,,,36.178,133.323,80,10.2,,,,,,1,1,1,0,0,,0,2017/12/22,9999-99-99,68046,0,0,0,0,0,,0
68056,海士,アマ,AMA,,,,36.097,133.097,3,9.3,,,,,,1,1,1,1,0,,0,1978/11/17,1987/11/9,68056,1,1,1,1,1,,1
68056,海士,アマ,AMA,,,,36.097,133.097,3,9.3,,,,,,1,1,1,1,0,,0,1987/11/10,2009/2/24,68056,0,0,0,1,0,,0
68056,海士,アマ,AMA,,,,36.097,133.097,3,9.3,,,,,,1,1,1,1,0,,0,2009/2/25,2021/3/1,68056,0,4,4,4,0,,0
68056,海士,アマ,AMA,,,,36.097,133.097,3,9.3,,,,,,1,1,1,2,0,,0,2021/3/2,2023/6/7,68056,0,0,0,6,0,,0
68056,海士,アマ,AMA,,,,36.097,133.097,3,9.1,,,,,,1,1,1,2,0,,1,2023/6/8,2023/7/10,68056,0,0,0,0,0,,0
68056,海士,アマ,AMA,,,,36.097,133.097,3,9.5,,,,,,1,1,1,2,0,,1,2023/7/11,9999-99-99,68056,0,0,0,0,0,,0
68091,鹿島,カシマ,KASHIMA,,,,35.52,133.022,5,,,,,,,1,0,0,0,0,,0,1974/11/1,1978/11/30,68091,1,1,1,1,1,,1
68091,鹿島,カシマ,KASHIMA,,,,35.52,133.022,5,6.5,,,,,,1,1,1,1,0,,0,1978/12/1,1987/10/14,68091,0,0,0,0,0,,0
68091,鹿島,カシマ,KASHIMA,,,,35.52,133.022,5,6.5,,,,,,1,1,1,1,0,,0,1987/10/15,2007/12/20,68091,0,0,0,1,0,,0
68091,鹿島,カシマ,KASHIMA,,,,35.52,133.022,5,6.5,,,,,,1,1,1,1,0,,0,2007/12/21,2008/3/25,68091,0,0,0,4,0,,0
68091,鹿島,カシマ,KASHIMA,,,,35.52,133.022,5,6.5,,,,,,1,1,1,1,0,,0,2008/3/26,2010/1/19,68091,0,4,4,0,0,,0
68091,鹿島,カシマ,KASHIMA,,,,35.52,133.022,5,10,,,,,,1,1,1,1,0,,0,2010/1/20,2019/9/25,68091,0,0,0,0,0,,0
68091,鹿島,カシマ,KASHIMA,,,,35.52,132.983,3,10,,,,,,1,1,1,1,0,,0,2019/9/26,2021/3/1,68091,0,0,0,0,0,,0
68091,鹿島,カシマ,KASHIMA,,,,35.52,132.983,3,10,,,,,,1,1,1,2,0,,0,2021/3/2,2022/11/15,68091,0,0,0,6,0,,0
68091,鹿島,カシマ,KASHIMA,,,,35.52,132.983,3,9.9,,,,,,1,1,1,2,0,,1,2022/11/16,9999-99-99,68091,0,0,0,0,0,,0
68121,斐川,ヒカワ,HIKAWA,,,,35.412,132.89,2,,,,,,,1,0,0,0,0,,0,1974/11/1,1978/12/31,68121,1,1,1,1,1,,1
68121,斐川,ヒカワ,HIKAWA,,,,35.413,132.89,2,8.5,,,,,,1,1,1,0,0,,0,2003/1/1,2009/1/28,68121,0,0,0,0,0,,0
68121,斐川,ヒカワ,HIKAWA,,,,35.413,132.89,2,8.5,,,,,,1,1,1,0,0,,0,2009/1/29,2020/3/25,68121,0,4,4,0,0,,0
68121,斐川,ヒカワ,HIKAWA,,,,35.413,132.89,2,10.2,,,,,,1,1,1,0,0,,0,2020/3/26,2020/11/25,68121,0,0,0,0,0,,0
68121,斐川,ヒカワ,HIKAWA,斐川,ヒカワ,HIKAWA,35.413,132.89,2,10.2,,,35.413,132.89,2,1,1,1,0,1,,0,2020/11/26,9999-99-99,68121,0,0,0,0,0,,0
68131,松江,マツエ,MATSUE,,,,35.457,133.065,17,,,,,,,1,0,0,0,0,,0,1974/11/1,1975/3/16,68131,1,1,1,1,1,,1
68131,松江,マツエ,MATSUE,,,,35.457,133.065,17,15.7,,,,,,1,1,1,1,0,,0,1975/3/17,1979/11/1,68131,0,0,0,0,0,,0
68132,松江,マツエ,MATSUE,,,,35.457,133.065,17,26.7,,,,,,1,1,1,1,0,,0,1979/11/1,1986/12/31,68131,0,1,0,0,0,,0
68132,松江,マツエ,MATSUE,,,,35.457,133.065,17,26.7,,,,,,1,1,1,1,0,,0,1987/1/1,2001/2/27,68132,0,0,0,1,0,,0
68132,松江,マツエ,MATSUE,松江,マツエ,MATSUE,35.457,133.065,17,26.7,,,35.457,133.065,17,1,1,1,1,1,,0,2001/2/28,2008/3/25,68132,0,0,0,0,0,,0
68132,松江,マツエ,MATSUE,松江,マツエ,MATSUE,35.457,133.065,17,26.7,,,35.457,133.065,17,1,1,1,1,1,,0,2008/3/26,2012/11/14,68132,0,4,4,0,0,,0
68132,松江,マツエ,MATSUE,松江,マツエ,MATSUE,35.457,133.065,17,26.8,,,35.457,133.065,17,1,1,1,1,1,,0,2012/11/15,2021/3/1,68132,0,0,0,0,0,,0
68132,松江,マツエ,MATSUE,松江,マツエ,MATSUE,35.457,133.065,17,26.8,,,35.457,133.065,17,1,1,1,1,1,,1,2021/3/2,9999-99-99,68132,0,0,0,0,0,,0
68156,出雲,イズモ,IZUMO,,,,35.332,132.73,20,6.5,,,,,,1,1,1,1,0,,0,1978/11/20,1987/9/25,68156,1,1,1,1,1,,1
68156,出雲,イズモ,IZUMO,,,,35.332,132.73,20,6.5,,,,,,1,1,1,1,0,,0,1987/9/26,2006/11/9,68156,0,0,0,1,0,,0
68156,出雲,イズモ,IZUMO,,,,35.332,132.73,20,6.5,,,,,,1,1,1,1,0,,0,2006/11/10,2009/2/16,68156,0,0,0,4,0,,0
68156,出雲,イズモ,IZUMO,,,,35.332,132.73,20,6.5,,,,,,1,1,1,1,0,,0,2009/2/17,2010/1/17,68156,0,4,4,0,0,,0
68156,出雲,イズモ,IZUMO,,,,35.332,132.73,20,10,,,,,,1,1,1,1,0,,0,2010/1/18,2021/3/1,68156,0,0,0,0,0,,0
68156,出雲,イズモ,IZUMO,,,,35.332,132.73,20,10,,,,,,1,1,1,2,0,,0,2021/3/2,2022/11/16,68156,0,0,0,6,0,,0
68156,出雲,イズモ,IZUMO,,,,35.332,132.73,20,9.9,,,,,,1,1,1,2,0,,1,2022/11/17,9999-99-99,68156,0,0,0,0,0,,0
68166,大東,ダイトウ,DAITO,,,,35.322,132.972,50,,,,,,,1,0,0,0,0,,0,1974/11/1,2001/3/27,68166,1,1,1,1,1,,1
68166,大東,ダイトウ,DAITO,,,,35.318,132.965,56,,,,,,,1,0,0,0,0,,0,2001/3/28,9999-99-99,68166,0,0,0,0,0,,0
68181,伯太,ハクタ,HAKUTA,,,,35.35,133.273,23,,,,,,,1,0,0,0,0,,0,1976/5/20,9999-99-99,68181,1,1,1,1,1,,1
68206,佐田,サダ,SADA,,,,35.222,132.723,100,,,,,,,1,0,0,0,0,,0,1975/4/28,9999-99-99,68206,1,1,1,1,1,,1
68246,大田,オオダ,ODA,,,,35.192,132.502,15,,,,,,,1,0,0,0,0,,0,1974/11/1,1978/11/20,68246,1,1,1,1,1,,1
68246,大田,オオダ,ODA,,,,35.192,132.502,15,11.4,,,,,,1,1,1,1,0,,0,1978/11/21,1987/11/19,68246,0,0,0,0,0,,0
68246,大田,オオダ,ODA,,,,35.192,132.502,15,11.4,,,,,,1,1,1,1,0,,0,1987/11/20,2009/2/18,68246,0,0,0,1,0,,0
68246,大田,オオダ,ODA,,,,35.19,132.497,30,10.2,,,,,,1,1,1,1,0,,0,2009/2/19,2021/3/1,68246,0,4,4,4,0,,0
68246,大田,オオダ,ODA,,,,35.19,132.497,30,10.2,,,,,,1,1,1,2,0,,0,2021/3/2,2023/6/4,68246,0,0,0,6,0,,0
68246,大田,オオダ,ODA,,,,35.19,132.497,30,10.1,,,,,,1,1,1,2,0,,1,2023/6/5,9999-99-99,68246,0,0,0,0,0,,0
68261,掛合,カケヤ,KAKEYA,,,,35.198,132.817,215,,,,,,,1,0,0,0,0,,0,1974/11/1,1978/11/15,68261,1,1,1,1,1,,1
68261,掛合,カケヤ,KAKEYA,,,,35.197,132.815,215,7.9,,,,,,1,1,1,1,0,,0,1978/11/16,1987/11/6,68261,0,0,0,0,0,,0
68261,掛合,カケヤ,KAKEYA,,,,35.197,132.815,215,7.9,,,,,,1,1,1,1,0,,0,1987/11/7,2008/3/13,68261,0,0,0,1,0,,0
68261,掛合,カケヤ,KAKEYA,,,,35.197,132.815,215,7.9,,,,,,1,1,1,1,0,,0,2008/3/14,2008/3/25,68261,0,0,0,4,0,,0
68261,掛合,カケヤ,KAKEYA,,,,35.197,132.815,215,7.9,,,,,,1,1,1,1,0,,0,2008/3/26,2021/3/1,68261,0,4,4,0,0,,0
68261,掛合,カケヤ,KAKEYA,,,,35.197,132.815,215,7.9,,,,,,1,1,1,2,0,,0,2021/3/2,2023/6/12,68261,0,0,0,6,0,,0
68261,掛合,カケヤ,KAKEYA,,,,35.197,132.815,215,7.8,,,,,,1,1,1,2,0,,1,2023/6/13,9999-99-99,68261,0,0,0,0,0,,0
68276,横田,ヨコタ,YOKOTA,,,,35.173,133.103,369,,,,,,,1,0,0,0,0,,0,1974/11/1,1978/11/15,68276,1,1,1,1,1,,1
68276,横田,ヨコタ,YOKOTA,,,,35.173,133.103,369,6.5,,,,,,1,1,1,1,0,,0,1978/11/16,1981/10/6,68276,0,0,0,0,0,,0
68276,横田,ヨコタ,YOKOTA,横田,ヨコタ,YOKOTA,35.173,133.103,369,6.5,,,35.173,133.103,369,1,1,1,1,1,,0,1981/10/7,1987/4/20,68276,0,0,0,0,0,,0
68276,横田,ヨコタ,YOKOTA,横田,ヨコタ,YOKOTA,35.173,133.103,369,6.5,,,35.173,133.103,369,1,1,1,1,1,,0,1987/4/21,2007/12/10,68276,0,0,0,1,0,,0
68276,横田,ヨコタ,YOKOTA,横田,ヨコタ,YOKOTA,35.173,133.103,369,6.5,,,35.173,133.103,369,1,1,1,1,1,,0,2007/12/11,2008/3/25,68276,0,0,0,4,0,,0
68276,横田,ヨコタ,YOKOTA,横田,ヨコタ,YOKOTA,35.173,133.103,369,6.5,,,35.173,133.103,369,1,1,1,1,1,,0,2008/3/26,2010/3/11,68276,0,4,4,0,0,,0
68276,横田,ヨコタ,YOKOTA,横田,ヨコタ,YOKOTA,35.173,133.103,369,10,,,35.173,133.103,369,1,1,1,1,1,,0,2010/3/12,2021/3/1,68276,0,0,0,0,0,,0
68276,横田,ヨコタ,YOKOTA,横田,ヨコタ,YOKOTA,35.173,133.103,369,10,,,35.173,133.103,369,1,1,1,2,1,,0,2021/3/2,2022/10/18,68276,0,0,0,6,0,,0
68276,横田,ヨコタ,YOKOTA,横田,ヨコタ,YOKOTA,35.173,133.103,369,9.9,,,35.173,133.103,369,1,1,1,2,1,,1,2022/10/19,9999-99-99,68276,0,0,0,0,0,,0
68286,福光,フクミツ,FUKUMITSU,,,,35.07,132.333,8,,,,,,,1,0,0,0,0,,0,1978/12/21,9999-99-99,68286,1,1,1,1,1,,1
68306,赤名,アカナ,AKANA,,,,35.002,132.712,444,6.5,,,,,,1,1,1,1,0,,0,1978/11/30,1981/10/6,68306,1,1,1,1,1,,1
68306,赤名,アカナ,AKANA,赤名,アカナ,AKANA,35.002,132.712,444,6.5,,,35.002,132.712,444,1,1,1,1,1,,0,1981/10/7,1986/11/18,68306,0,0,0,0,0,,0
68306,赤名,アカナ,AKANA,赤名,アカナ,AKANA,35.002,132.712,444,6.5,,,35.002,132.712,444,1,1,1,1,1,,0,1986/11/19,2007/12/13,68306,0,0,0,1,0,,0
68306,赤名,アカナ,AKANA,赤名,アカナ,AKANA,35.002,132.712,444,6.5,,,35.002,132.712,444,1,1,1,1,1,,0,2007/12/14,2008/3/25,68306,0,0,0,4,0,,0
68306,赤名,アカナ,AKANA,赤名,アカナ,AKANA,35.002,132.712,444,6.5,,,35.002,132.712,444,1,1,1,1,1,,0,2008/3/26,2009/12/13,68306,0,4,4,0,0,,0
68306,赤名,アカナ,AKANA,赤名,アカナ,AKANA,35.002,132.712,444,10,,,35.002,132.712,444,1,1,1,1,1,,0,2009/12/14,2021/3/1,68306,0,0,0,0,0,,0
68306,赤名,アカナ,AKANA,赤名,アカナ,AKANA,35.002,132.712,444,10,,,35.002,132.712,444,1,1,1,2,1,,0,2021/3/2,2022/10/19,68306,0,0,0,6,0,,0
68306,赤名,アカナ,AKANA,赤名,アカナ,AKANA,35.002,132.712,444,9.9,,,35.002,132.712,444,1,1,1,2,1,,1,2022/10/20,9999-99-99,68306,0,0,0,0,0,,0
68321,吾妻山,アヅマヤマ,AZUMAYAMA,,,,35.067,133.037,1012,,,,,,,1,0,0,0,0,,0,1974/11/1,2009/11/20,68321,1,1,1,1,1,,1
68346,桜江,サクラエ,SAKURAE,,,,34.94,132.323,40,,,,,,,1,0,0,0,0,,0,1976/5/18,1979/9/19,68346,1,1,1,1,1,,1
68346,桜江,サクラエ,SAKURAE,,,,34.957,132.335,25,,,,,,,1,0,0,0,0,,0,1979/9/20,2010/3/9,68346,0,0,0,0,0,,0
68346,桜江,サクラエ,SAKURAE,,,,34.953,132.333,32,,,,,,,1,0,0,0,0,,0,2010/3/10,9999-99-99,68346,0,0,0,0,0,,0
68351,川本,カワモト,KAWAMOTO,,,,34.977,132.492,132,,,,,,,1,0,0,0,0,,0,1974/11/1,1978/11/21,68351,1,1,1,1,1,,1
68351,川本,カワモト,KAWAMOTO,,,,34.977,132.492,132,6.5,,,,,,1,1,1,1,0,,0,1978/11/22,1987/11/16,68351,0,0,0,0,0,,0
68351,川本,カワモト,KAWAMOTO,,,,34.977,132.492,132,6.5,,,,,,1,1,1,1,0,,0,1987/11/17,2005/12/19,68351,0,0,0,1,0,,0
68351,川本,カワモト,KAWAMOTO,,,,34.977,132.492,132,6.5,,,,,,1,1,1,1,0,,0,2005/12/20,2009/2/12,68351,0,0,0,4,0,,0
68351,川本,カワモト,KAWAMOTO,,,,34.977,132.492,132,6.5,,,,,,1,1,1,1,0,,0,2009/2/13,2010/3/4,68351,0,4,4,0,0,,0
68351,川本,カワモト,KAWAMOTO,,,,34.977,132.492,132,10,,,,,,1,1,1,1,0,,0,2010/3/5,2021/3/1,68351,0,0,0,0,0,,0
68351,川本,カワモト,KAWAMOTO,,,,34.977,132.492,132,10,,,,,,1,1,1,2,0,,0,2021/3/2,2021/12/5,68351,0,0,0,6,0,,0
68351,川本,カワモト,KAWAMOTO,,,,34.977,132.492,132,9.9,,,,,,1,1,1,2,0,,1,2021/12/6,9999-99-99,68351,0,0,0,0,0,,0
68376,浜田,ハマダ,HAMADA,,,,34.897,132.07,20,,,,,,,1,0,0,0,0,,0,1974/11/1,1975/3/19,68376,1,1,1,1,1,,1
68376,浜田,ハマダ,HAMADA,,,,34.897,132.07,20,15.2,,,,,,1,1,1,1,0,,0,1975/3/20,1985/12/31,68376,0,0,0,0,0,,0
68376,浜田,ハマダ,HAMADA,,,,34.897,132.07,20,15.2,,,,,,1,1,1,1,0,,0,1986/1/1,1987/4/8,68376,0,0,0,1,0,,0
68376,浜田,ハマダ,HAMADA,,,,34.897,132.07,19,15.2,,,,,,1,1,1,1,0,,0,1987/4/9,2008/3/25,68376,0,0,0,0,0,,0
68376,浜田,ハマダ,HAMADA,,,,34.897,132.07,19,15.2,,,,,,1,1,1,1,0,,0,2008/3/26,2010/1/5,68376,0,4,4,0,0,,0
68376,浜田,ハマダ,HAMADA,,,,34.897,132.07,19,14.8,,,,,,1,1,1,1,0,,0,2010/1/6,2021/3/1,68376,0,0,0,0,0,,0
68376,浜田,ハマダ,HAMADA,,,,34.897,132.07,19,14.8,,,,,,1,1,1,1,0,,1,2021/3/2,9999-99-99,68376,0,0,0,0,0,,0
68396,原山,ハラヤマ,HARAYAMA,,,,34.865,132.405,741,,,,,,,1,0,0,0,0,,0,1979/8/20,2004/10/29,68396,1,1,1,1,1,,1
68401,瑞穂,ミズホ,MIZUHO,,,,34.853,132.53,327,,,,,,,1,0,0,0,0,,0,1976/5/19,1978/11/21,68401,1,1,1,1,1,,1
68401,瑞穂,ミズホ,MIZUHO,,,,34.853,132.53,327,7.9,,,,,,1,1,1,1,0,,0,1978/11/22,1984/9/29,68401,0,0,0,0,0,,0
68401,瑞穂,ミズホ,MIZUHO,瑞穂,ミズホ,MIZUHO,34.853,132.53,327,7.9,,,34.853,132.53,327,1,1,1,1,1,,0,1984/9/30,1987/5/18,68401,0,0,0,0,0,,0
68401,瑞穂,ミズホ,MIZUHO,瑞穂,ミズホ,MIZUHO,34.853,132.53,327,7.9,,,34.853,132.53,327,1,1,1,1,1,,0,1987/5/19,2006/11/6,68401,0,0,0,1,0,,0
68401,瑞穂,ミズホ,MIZUHO,瑞穂,ミズホ,MIZUHO,34.853,132.53,327,7.9,,,34.853,132.53,327,1,1,1,1,1,,0,2006/11/7,2009/2/9,68401,0,0,0,4,0,,0
68401,瑞穂,ミズホ,MIZUHO,瑞穂,ミズホ,MIZUHO,34.853,132.53,327,7.9,,,34.853,132.53,327,1,1,1,1,1,,0,2009/2/10,2009/12/10,68401,0,4,4,0,0,,0
68401,瑞穂,ミズホ,MIZUHO,瑞穂,ミズホ,MIZUHO,34.853,132.53,327,10,,,34.853,132.53,327,1,1,1,1,1,,0,2009/12/11,2021/3/1,68401,0,0,0,0,0,,0
68401,瑞穂,ミズホ,MIZUHO,瑞穂,ミズホ,MIZUHO,34.853,132.53,327,10,,,34.853,132.53,327,1,1,1,2,1,,0,2021/3/2,2022/10/24,68401,0,0,0,6,0,,0
68401,瑞穂,ミズホ,MIZUHO,瑞穂,ミズホ,MIZUHO,34.853,132.53,327,9.9,,,34.853,132.53,327,1,1,1,2,1,,1,2022/10/25,9999-99-99,68401,0,0,0,0,0,,0
68421,三隅,ミスミ,MISUMI,,,,34.788,131.958,11,,,,,,,1,0,0,0,0,,0,1974/11/1,2016/9/26,68421,1,1,1,1,1,,1
68421,三隅,ミスミ,MISUMI,,,,34.795,131.948,9,,,,,,,1,0,0,0,0,,0,2016/9/27,9999-99-99,68421,0,0,0,0,0,,0
68431,弥栄,ヤサカ,YASAKA,,,,34.777,132.108,380,9.5,,,,,,1,1,1,1,0,,0,1978/11/30,1984/9/29,68431,1,1,1,1,1,,1
68431,弥栄,ヤサカ,YASAKA,弥栄,ヤサカ,YASAKA,34.777,132.108,380,9.5,,,34.777,132.108,380,1,1,1,1,1,,0,1984/9/30,1986/8/4,68431,0,0,0,0,0,,0
68431,弥栄,ヤサカ,YASAKA,弥栄,ヤサカ,YASAKA,34.777,132.108,380,9.5,,,34.777,132.108,380,1,1,1,1,1,,0,1986/8/5,2007/12/17,68431,0,0,0,1,0,,0
68431,弥栄,ヤサカ,YASAKA,弥栄,ヤサカ,YASAKA,34.777,132.108,380,9.5,,,34.777,132.108,380,1,1,1,1,1,,0,2007/12/18,2008/3/25,68431,0,0,0,4,0,,0
68431,弥栄,ヤサカ,YASAKA,弥栄,ヤサカ,YASAKA,34.777,132.108,380,9.5,,,34.777,132.108,380,1,1,1,1,1,,0,2008/3/26,2021/3/1,68431,0,4,4,0,0,,0
68431,弥栄,ヤサカ,YASAKA,弥栄,ヤサカ,YASAKA,34.777,132.108,380,9.5,,,34.777,132.108,380,1,1,1,2,1,,0,2021/3/2,2022/10/23,68431,0,0,0,6,0,,0
68431,弥栄,ヤサカ,YASAKA,弥栄,ヤサカ,YASAKA,34.777,132.108,380,9.4,,,34.777,132.108,380,1,1,1,2,1,,1,2022/10/24,9999-99-99,68431,0,0,0,0,0,,0
68436,波佐,ハザ,HAZA,,,,34.78,132.197,370,,,,,,,1,0,0,0,0,,0,1977/7/21,9999-99-99,68436,1,1,1,1,1,,1
68456,高津,タカツ,TAKATSU,,,,34.675,131.79,54,10.2,,,,,,1,1,1,0,0,,0,2003/1/1,2009/1/29,68456,1,1,1,1,1,,1
68456,高津,タカツ,TAKATSU,,,,34.675,131.79,54,10.2,,,,,,1,1,1,0,0,,0,2009/1/30,2021/12/1,68456,0,4,4,0,0,,0
68456,高津,タカツ,TAKATSU,,,,34.675,131.79,54,10,,,,,,1,1,1,0,0,,0,2021/12/2,9999-99-99,68456,0,0,0,0,0,,0
68461,益田,マスダ,MASUDA,,,,34.622,131.81,20,,,,,,,1,0,0,0,0,,0,1974/11/1,1978/11/23,68461,1,1,1,1,1,,1
68462,益田,マスダ,MASUDA,,,,34.677,131.843,4,12.4,,,,,,1,1,1,1,0,,0,1978/11/24,1985/12/26,68462,1,1,1,1,1,,1
68462,益田,マスダ,MASUDA,,,,34.677,131.843,4,12.4,,,,,,1,1,1,1,0,,0,1985/12/27,2005/12/15,68462,0,0,0,1,0,,0
68462,益田,マスダ,MASUDA,,,,34.677,131.843,4,12.4,,,,,,1,1,1,1,0,,0,2005/12/16,2009/1/22,68462,0,0,0,4,0,,0
68462,益田,マスダ,MASUDA,,,,34.677,131.843,4,12.4,,,,,,1,1,1,1,0,,0,2009/1/23,2021/3/1,68462,0,4,4,0,0,,0
68462,益田,マスダ,MASUDA,,,,34.677,131.843,4,12.4,,,,,,1,1,1,2,0,,0,2021/3/2,2021/11/15,68462,0,0,0,6,0,,0
68462,益田,マスダ,MASUDA,,,,34.677,131.843,4,12.3,,,,,,1,1,1,2,0,,1,2021/11/16,9999-99-99,68462,0,0,0,0,0,,0
68476,聖山,ヒジリヤマ,HIJIRIYAMA,,,,34.637,132.145,1112,,,,,,,1,0,0,0,0,,0,1974/11/1,1978/11/1,68476,1,1,1,1,1,,1
68501,匹見,ヒキミ,HIKIMI,,,,34.558,132.003,280,,,,,,,1,0,0,0,0,,0,1977/7/26,1996/3/25,68501,1,1,1,1,1,,1
68501,匹見,ヒキミ,HIKIMI,,,,34.572,132.017,259,,,,,,,1,0,0,0,0,,0,1996/3/26,9999-99-99,68501,0,0,0,0,0,,0
68511,十種峯,トクサガミネ,TOKUSAGAMINE,,,,34.44,131.695,902,,,,,,,1,0,0,0,0,,0,1974/11/1,2004/10/28,68511,1,1,1,1,1,,1
68516,津和野,ツワノ,TSUWANO,,,,34.462,131.77,165,,,,,,,1,0,0,0,0,,0,1974/11/1,1978/11/23,68516,1,1,1,1,1,,1
68516,津和野,ツワノ,TSUWANO,,,,34.462,131.77,165,7.9,,,,,,1,1,1,1,0,,0,1978/11/24,1987/11/25,68516,0,0,0,0,0,,0
68516,津和野,ツワノ,TSUWANO,,,,34.462,131.77,165,7.9,,,,,,1,1,1,1,0,,0,1987/11/26,2008/3/10,68516,0,0,0,1,0,,0
68516,津和野,ツワノ,TSUWANO,,,,34.462,131.77,165,7.9,,,,,,1,1,1,1,0,,0,2008/3/11,2008/3/25,68516,0,0,0,4,0,,0
68516,津和野,ツワノ,TSUWANO,,,,34.462,131.77,165,7.9,,,,,,1,1,1,1,0,,0,2008/3/26,2010/2/8,68516,0,4,4,0,0,,0
68516,津和野,ツワノ,TSUWANO,,,,34.462,131.77,165,10,,,,,,1,1,1,1,0,,0,2010/2/9,2021/3/1,68516,0,0,0,0,0,,0
68516,津和野,ツワノ,TSUWANO,,,,34.462,131.77,165,10,,,,,,1,1,1,2,0,,0,2021/3/2,2023/6/14,68516,0,0,0,6,0,,0
68516,津和野,ツワノ,TSUWANO,,,,34.462,131.77,165,9.9,,,,,,1,1,1,2,0,,1,2023/6/15,9999-99-99,68516,0,0,0,0,0,,0
68541,吉賀,ヨシカ,YOSHIKA,,,,34.392,131.893,250,10,,,,,,1,1,1,1,0,,0,2006/10/31,2009/1/21,68541,1,1,1,5,1,,1
68541,吉賀,ヨシカ,YOSHIKA,,,,34.392,131.893,250,10,,,,,,1,1,1,1,0,,0,2009/1/22,2021/3/1,68541,0,4,4,0,0,,0
68541,吉賀,ヨシカ,YOSHIKA,,,,34.392,131.893,250,10,,,,,,1,1,1,2,0,,0,2021/3/2,2022/11/8,68541,0,0,0,6,0,,0
68541,吉賀,ヨシカ,YOSHIKA,,,,34.392,131.893,250,9.9,,,,,,1,1,1,2,0,,1,2022/11/9,9999-99-99,68541,0,0,0,0,0,,0
68546,六日市,ムイカイチ,MUIKAICHI,,,,34.353,131.935,311,6.4,,,,,,1,1,1,1,0,,0,1978/11/30,1987/11/26,68546,1,1,1,1,1,,1
68546,六日市,ムイカイチ,MUIKAICHI,,,,34.353,131.935,311,6.4,,,,,,1,1,1,1,0,,0,1987/11/27,2002/3/5,68546,0,0,0,1,0,,0
68546,六日市,ムイカイチ,MUIKAICHI,,,,34.353,131.935,311,17.2,,,,,,1,1,1,1,0,,0,2002/3/6,2006/10/31,68546,0,0,0,0,0,,0
69006,境,サカイ,SAKAI,,,,35.543,133.235,2,,,,,,,1,0,0,0,0,,0,1974/11/1,1975/12/18,69006,1,1,1,1,1,,1
69006,境,サカイ,SAKAI,,,,35.543,133.235,2,11.9,,,,,,1,1,1,1,0,,0,1975/12/19,1989/12/31,69006,0,0,0,0,0,,0
69006,境,サカイ,SAKAI,,,,35.543,133.235,2,11.9,,,,,,1,1,1,1,0,,0,1990/1/1,2001/4/4,69006,0,0,0,1,0,,0
69006,境,サカイ,SAKAI,,,,35.543,133.235,2,11.6,,,,,,1,1,1,1,0,,0,2001/4/5,2003/2/28,69006,0,0,0,0,0,,0
69006,境,サカイ,SAKAI,境,サカイ,SAKAI,35.543,133.235,2,11.6,,,35.543,133.235,2,1,1,1,1,1,,0,2003/3/1,2008/3/25,69006,0,0,0,0,0,,0
69006,境,サカイ,SAKAI,境,サカイ,SAKAI,35.543,133.235,2,11.6,,,35.543,133.235,2,1,1,1,1,1,,0,2008/3/26,2014/10/22,69006,0,4,4,0,0,,0
69006,境,サカイ,SAKAI,境,サカイ,SAKAI,35.543,133.235,2,11.7,,,35.543,133.235,2,1,1,1,1,1,,0,2014/10/23,2021/3/1,69006,0,0,0,0,0,,0
69006,境,サカイ,SAKAI,境,サカイ,SAKAI,35.543,133.235,2,11.7,,,35.543,133.235,2,1,1,1,1,1,,1,2021/3/2,9999-99-99,69006,0,0,0,0,0,,0
69021,下市,シモイチ,SHIMOICHI,,,,35.523,133.567,15,6.5,,,,,,1,1,1,1,0,,0,1977/12/21,1987/10/25,69021,1,1,1,1,1,,1
69021,下市,シモイチ,SHIMOICHI,,,,35.523,133.567,15,6.5,,,,,,1,1,1,1,0,,0,1987/10/26,2006/11/13,69021,0,0,0,1,0,,0
69021,下市,シモイチ,SHIMOICHI,,,,35.523,133.567,15,6.5,,,,,,1,1,1,1,0,,0,2006/11/14,2007/3/31,69021,0,0,0,4,0,,0
69021,塩津,シオツ,SHIOTSU,,,,35.523,133.567,15,6.5,,,,,,1,1,1,1,0,,0,2007/4/1,2009/3/3,69021,0,0,0,0,0,,0
69021,塩津,シオツ,SHIOTSU,,,,35.523,133.567,15,6.5,,,,,,1,1,1,1,0,,0,2009/3/4,2021/3/1,69021,0,4,4,0,0,,0
69021,塩津,シオツ,SHIOTSU,,,,35.523,133.567,15,6.5,,,,,,1,1,1,2,0,,0,2021/3/2,2022/10/30,69021,0,0,0,6,0,,0
69021,塩津,シオツ,SHIOTSU,,,,35.523,133.567,15,10,,,,,,1,1,1,2,0,,0,2022/10/31,2022/11/14,69021,0,0,0,0,0,,0
69021,塩津,シオツ,SHIOTSU,,,,35.523,133.567,15,9.9,,,,,,1,1,1,2,0,,1,2022/11/15,9999-99-99,69021,0,0,0,0,0,,0
69041,青谷,アオヤ,AOYA,,,,35.517,133.997,7,,,,,,,1,0,0,0,0,,0,1974/11/1,1978/11/13,69041,1,1,1,1,1,,1
69041,青谷,アオヤ,AOYA,,,,35.517,133.997,7,6.5,,,,,,1,1,1,1,0,,0,1978/11/14,1987/4/15,69041,0,0,0,0,0,,0
69041,青谷,アオヤ,AOYA,,,,35.517,133.997,7,6.5,,,,,,1,1,1,1,0,,0,1987/4/16,2006/11/16,69041,0,0,0,1,0,,0
69041,青谷,アオヤ,AOYA,,,,35.52,133.997,13,10,,,,,,1,1,1,1,0,,0,2006/11/17,2009/3/5,69041,0,0,0,4,0,,0
69041,青谷,アオヤ,AOYA,,,,35.52,133.997,13,10,,,,,,1,1,1,1,0,,0,2009/3/6,2021/3/1,69041,0,4,4,0,0,,0
69041,青谷,アオヤ,AOYA,,,,35.52,133.997,13,10,,,,,,1,1,1,2,0,,0,2021/3/2,2021/11/16,69041,0,0,0,6,0,,0
69041,青谷,アオヤ,AOYA,,,,35.52,133.997,13,9.9,,,,,,1,1,1,2,0,,1,2021/11/17,9999-99-99,69041,0,0,0,0,0,,0
69051,鳥取,トツトリ,TOTTORI,,,,35.513,134.178,17,,,,,,,1,0,0,0,0,,0,1974/11/1,1975/3/31,69051,1,1,1,1,1,,1
69051,鳥取,トツトリ,TOTTORI,,,,35.513,134.178,17,13.8,,,,,,1,1,1,1,0,,0,1975/4/1,1977/10/31,69051,0,0,0,0,0,,0
69052,湖山,コヤマ,KOYAMA,,,,35.53,134.165,15,10.2,,,,,,1,1,1,0,0,,0,2003/1/1,2009/1/28,69052,1,1,1,1,1,,1
69052,湖山,コヤマ,KOYAMA,,,,35.53,134.165,15,10.2,,,,,,1,1,1,0,0,,0,2009/1/29,9999-99-99,69052,0,4,4,0,0,,0
69061,岩井,イワイ,IWAI,,,,35.558,134.36,19,,,,,,,1,0,0,0,0,,0,1974/11/1,1978/11/12,69061,1,1,1,1,1,,1
69061,岩井,イワイ,IWAI,,,,35.558,134.36,19,6.5,,,,,,1,1,1,1,0,,0,1978/11/13,1987/10/27,69061,0,0,0,0,0,,0
69061,岩井,イワイ,IWAI,,,,35.558,134.36,19,6.5,,,,,,1,1,1,1,0,,0,1987/10/28,2007/12/25,69061,0,0,0,1,0,,0
69061,岩井,イワイ,IWAI,,,,35.558,134.36,19,6.5,,,,,,1,1,1,1,0,,0,2007/12/26,2008/3/25,69061,0,0,0,4,0,,0
69061,岩井,イワイ,IWAI,,,,35.558,134.36,19,6.5,,,,,,1,1,1,1,0,,0,2008/3/26,2010/3/24,69061,0,4,4,0,0,,0
69061,岩井,イワイ,IWAI,,,,35.558,134.36,19,10,,,,,,1,1,1,1,0,,0,2010/3/25,2021/3/1,69061,0,0,0,0,0,,0
69061,岩井,イワイ,IWAI,,,,35.558,134.36,19,10,,,,,,1,1,1,2,0,,0,2021/3/2,2023/7/23,69061,0,0,0,6,0,,0
69061,岩井,イワイ,IWAI,,,,35.558,134.36,19,9.9,,,,,,1,1,1,2,0,,1,2023/7/24,9999-99-99,69061,0,0,0,0,0,,0
69076,米子,ヨナゴ,YONAGO,,,,35.433,133.338,6,,,,,,,1,0,0,0,0,,0,1974/11/1,1975/4/1,69076,1,1,1,1,1,,1
69076,米子,ヨナゴ,YONAGO,,,,35.433,133.338,6,18.2,,,,,,1,1,1,1,0,,0,1975/4/2,1985/12/31,69076,0,0,0,0,0,,0
69076,米子,ヨナゴ,YONAGO,,,,35.433,133.338,6,18.2,,,,,,1,1,1,1,0,,0,1986/1/1,1999/12/13,69076,0,0,0,1,0,,0
69076,米子,ヨナゴ,YONAGO,,,,35.433,133.338,6,18.1,,,,,,1,1,1,1,0,,0,1999/12/14,2001/2/28,69076,0,0,0,0,0,,0
69076,米子,ヨナゴ,YONAGO,米子,ヨナゴ,YONAGO,35.433,133.338,6,18.1,,,35.433,133.338,6,1,1,1,1,1,,0,2001/3/1,2008/3/25,69076,0,0,0,0,0,,0
69076,米子,ヨナゴ,YONAGO,米子,ヨナゴ,YONAGO,35.433,133.338,6,18.1,,,35.433,133.338,6,1,1,1,1,1,,0,2008/3/26,2012/1/25,69076,0,4,4,0,0,,0
69076,米子,ヨナゴ,YONAGO,米子,ヨナゴ,YONAGO,35.433,133.338,7,18.1,,,35.433,133.338,7,1,1,1,1,1,,0,2012/1/26,2021/3/1,69076,0,0,0,0,0,,0
69076,米子,ヨナゴ,YONAGO,米子,ヨナゴ,YONAGO,35.433,133.338,7,18.1,,,35.433,133.338,7,1,1,1,1,1,,1,2021/3/2,9999-99-99,69076,0,0,0,0,0,,0
69101,倉吉,クラヨシ,KURAYOSHI,,,,35.473,133.838,8,,,,,,,1,0,0,0,0,,0,1974/11/1,1978/11/13,69101,1,1,1,1,1,,1
69101,倉吉,クラヨシ,KURAYOSHI,,,,35.473,133.838,8,6.5,,,,,,1,1,1,1,0,,0,1978/11/14,1981/10/30,69101,0,0,0,0,0,,0
69101,倉吉,クラヨシ,KURAYOSHI,倉吉,クラヨシ,KURAYOSHI,35.473,133.838,8,6.5,,,35.473,133.838,8,1,1,1,1,1,,0,1981/10/31,1986/11/19,69101,0,0,0,0,0,,0
69101,倉吉,クラヨシ,KURAYOSHI,倉吉,クラヨシ,KURAYOSHI,35.473,133.838,8,6.5,,,35.473,133.838,8,1,1,1,1,1,,0,1986/11/20,2008/3/6,69101,0,0,0,1,0,,0
69101,倉吉,クラヨシ,KURAYOSHI,倉吉,クラヨシ,KURAYOSHI,35.473,133.838,8,6.5,,,35.473,133.838,8,1,1,1,1,1,,0,2008/3/7,2008/3/25,69101,0,0,0,4,0,,0
69101,倉吉,クラヨシ,KURAYOSHI,倉吉,クラヨシ,KURAYOSHI,35.473,133.838,8,6.5,,,35.473,133.838,8,1,1,1,1,1,,0,2008/3/26,2010/3/23,69101,0,4,4,0,0,,0
69101,倉吉,クラヨシ,KURAYOSHI,倉吉,クラヨシ,KURAYOSHI,35.473,133.838,8,10,,,35.473,133.838,8,1,1,1,1,1,,0,2010/3/24,2021/3/1,69101,0,0,0,0,0,,0
69101,倉吉,クラヨシ,KURAYOSHI,倉吉,クラヨシ,KURAYOSHI,35.473,133.838,8,10,,,35.473,133.838,8,1,1,1,2,1,,0,2021/3/2,2022/10/20,69101,0,0,0,6,0,,0
69101,倉吉,クラヨシ,KURAYOSHI,倉吉,クラヨシ,KURAYOSHI,35.473,133.838,8,9.9,,,35.473,133.838,8,1,1,1,2,1,,1,2022/10/21,9999-99-99,69101,0,0,0,0,0,,0
69106,菅俵原,スゲタワラ,SUGETAWARA,,,,35.418,133.988,713,,,,,,,1,0,0,0,0,,0,1974/11/1,1981/11/19,69106,1,1,1,1,1,,1
69111,鹿野,シカノ,SHIKANO,,,,35.413,134.017,210,,,,,,,1,0,0,0,0,,0,1982/7/1,9999-99-99,69111,1,1,1,1,1,,1
69121,霊石山,レイセキサン,REISEKISAN,,,,35.412,134.213,320,,,,,,,1,0,0,0,0,,0,1974/11/1,1981/11/27,69121,1,1,1,1,1,,1
69122,鳥取,トットリ,TOTTORI,,,,35.487,134.238,7,32,,,,,,1,1,1,1,0,,0,1977/11/1,1986/12/31,69122,1,1,1,1,1,,1
69122,鳥取,トットリ,TOTTORI,,,,35.487,134.238,7,32,,,,,,1,1,1,1,0,,0,1987/1/1,1998/3/29,69122,0,0,0,1,0,,0
69122,鳥取,トットリ,TOTTORI,,,,35.487,134.238,7,33,,,,,,1,1,1,1,0,,0,1998/3/30,2001/2/28,69122,0,0,0,0,0,,0
69122,鳥取,トットリ,TOTTORI,鳥取,トットリ,TOTTORI,35.487,134.238,7,33,,,35.487,134.238,7,1,1,1,1,1,,0,2001/3/1,2008/3/25,69122,0,0,0,0,0,,0
69122,鳥取,トットリ,TOTTORI,鳥取,トットリ,TOTTORI,35.487,134.238,7,33,,,35.487,134.238,7,1,1,1,1,1,,0,2008/3/26,2011/12/7,69122,0,4,4,0,0,,0
69122,鳥取,トットリ,TOTTORI,鳥取,トットリ,TOTTORI,35.487,134.238,7,33.2,,,35.487,134.238,7,1,1,1,1,1,,0,2011/12/8,2021/3/1,69122,0,0,0,0,0,,0
69122,鳥取,トットリ,TOTTORI,鳥取,トットリ,TOTTORI,35.487,134.238,7,33.2,,,35.487,134.238,7,1,1,1,1,1,,1,2021/3/2,9999-99-99,69122,0,0,0,0,0,,0
69151,大山,ダイセン,DAISEN,,,,35.395,133.533,802,,,,,,,1,0,0,0,0,,0,1974/11/1,1981/11/5,69151,1,1,1,1,1,,1
69152,大山,ダイセン,DAISEN,,,,35.393,133.537,875,,,,35.393,133.537,875,1,0,0,0,1,,0,1981/11/6,9999-99-99,69152,1,1,1,1,1,,1
69161,関金,セキガネ,SEKIGANE,,,,35.38,133.755,148,,,,,,,1,0,0,0,0,,0,1977/7/26,2012/1/11,69161,1,1,1,1,1,,1
69161,関金,セキガネ,SEKIGANE,,,,35.378,133.757,150,,,,,,,1,0,0,0,0,,0,2012/1/12,9999-99-99,69161,0,0,0,0,0,,0
69181,佐治,サジ,SAJI,,,,35.328,134.113,210,,,,,,,1,0,0,0,0,,0,1982/6/11,9999-99-99,69181,1,1,1,1,1,,1
69196,若桜,ワカサ,WAKASA,,,,35.342,134.402,214,,,,,,,1,0,0,0,0,,0,1977/7/26,2001/12/20,69196,1,1,1,1,1,,1
69196,若桜,ワカサ,WAKASA,,,,35.333,134.405,231,,,,,,,1,0,0,0,0,,0,2001/12/21,9999-99-99,69196,0,0,0,0,0,,0
69221,古峠山,コトウヤマ,KOTOYAMA,,,,35.268,133.438,594,,,,,,,1,0,0,0,0,,0,1974/11/1,1981/11/6,69221,1,1,1,1,1,,1
69222,江尾,エビ,EBI,,,,35.288,133.483,155,,,,,,,1,0,0,0,0,,0,1982/6/23,9999-99-99,69222,1,1,1,1,1,,1
69246,智頭,チズ,CHIZU,,,,35.267,134.232,175,,,,,,,1,0,0,0,0,,0,1974/11/1,1978/11/12,69246,1,1,1,1,1,,1
69246,智頭,チズ,CHIZU,,,,35.267,134.232,175,6.5,,,,,,1,1,1,1,0,,0,1978/11/13,1981/3/24,69246,0,0,0,0,0,,0
69246,智頭,チズ,CHIZU,,,,35.263,134.24,182,6.5,,,,,,1,1,1,1,0,,0,1981/3/25,1981/10/30,69246,0,0,0,0,0,,0
69246,智頭,チズ,CHIZU,智頭,チズ,CHIZU,35.263,134.24,182,6.5,,,35.263,134.24,182,1,1,1,1,1,,0,1981/10/31,1987/10/18,69246,0,0,0,0,0,,0
69246,智頭,チズ,CHIZU,智頭,チズ,CHIZU,35.263,134.24,182,6.5,,,35.263,134.24,182,1,1,1,1,1,,0,1987/10/19,2005/12/9,69246,0,0,0,1,0,,0
69246,智頭,チズ,CHIZU,智頭,チズ,CHIZU,35.263,134.24,182,6.5,,,35.263,134.24,182,1,1,1,1,1,,0,2005/12/10,2009/2/25,69246,0,0,0,4,0,,0
69246,智頭,チズ,CHIZU,智頭,チズ,CHIZU,35.263,134.24,182,6.5,,,35.263,134.24,182,1,1,1,1,1,,0,2009/2/26,2021/3/1,69246,0,4,4,0,0,,0
69246,智頭,チズ,CHIZU,智頭,チズ,CHIZU,35.263,134.24,182,6.5,,,35.263,134.24,182,1,1,1,2,1,,0,2021/3/2,2021/10/18,69246,0,0,0,6,0,,0
69246,智頭,チズ,CHIZU,智頭,チズ,CHIZU,35.263,134.24,182,6.4,,,35.263,134.24,182,1,1,1,2,1,,1,2021/10/19,9999-99-99,69246,0,0,0,0,0,,0
69271,茶屋,チャヤ,CYAYA,,,,35.187,133.23,490,6.5,,,,,,1,1,1,1,0,,0,1978/11/15,1985/10/30,69271,1,1,1,1,1,,1
69271,茶屋,チャヤ,CYAYA,,,,35.187,133.23,490,6.5,,,,,,1,1,1,1,0,,0,1985/10/31,2009/2/16,69271,0,0,0,1,0,,0
69271,茶屋,チャヤ,CYAYA,,,,35.187,133.23,490,6.5,,,,,,1,1,1,1,0,,0,2009/2/17,2010/3/28,69271,0,4,4,4,0,,0
69271,茶屋,チャヤ,CYAYA,,,,35.187,133.23,490,10,,,,,,1,1,1,1,0,,0,2010/3/29,2021/3/1,69271,0,0,0,0,0,,0
69271,茶屋,チャヤ,CYAYA,,,,35.187,133.23,490,10,,,,,,1,1,1,2,0,,0,2021/3/2,2023/7/11,69271,0,0,0,6,0,,0
69271,茶屋,チャヤ,CHAYA,,,,35.187,133.23,490,9.9,,,,,,1,1,1,2,0,,1,2023/7/12,9999-99-99,69271,0,0,0,0,0,,0
69276,日南,ニチナン,NICHINANN,,,,35.165,133.322,290,,,,,,,1,0,0,0,0,,0,1975/4/25,1978/11/15,69276,1,1,1,1,1,,1
71041,大山寺,タイサンジ,TAISANJI,,,,34.163,134.393,690,,,,,,,1,0,0,0,0,,0,1974/11/1,2008/3/19,71041,1,1,1,1,1,,1
71066,池田,イケダ,IKEDA,,,,34.023,133.797,205,,,,,,,1,0,0,0,0,,0,1974/11/1,1978/1/25,71066,1,1,1,1,1,,1
71066,池田,イケダ,IKEDA,,,,34.023,133.797,205,6.4,,,,,,1,1,1,1,0,,0,1978/1/26,1987/3/17,71066,0,0,0,0,0,,0
71066,池田,イケダ,IKEDA,,,,34.023,133.797,205,6.4,,,,,,1,1,1,1,0,,0,1987/3/18,2008/1/10,71066,0,0,0,1,0,,0
71066,池田,イケダ,IKEDA,,,,34.023,133.797,205,6.4,,,,,,1,1,1,1,0,,0,2008/1/11,2008/3/25,71066,0,0,0,4,0,,0
71066,池田,イケダ,IKEDA,,,,34.023,133.797,205,6.4,,,,,,1,1,1,1,0,,0,2008/3/26,2010/2/11,71066,0,4,4,0,0,,0
71066,池田,イケダ,IKEDA,,,,34.023,133.797,205,10,,,,,,1,1,1,1,0,,0,2010/2/12,2014/9/15,71066,0,0,0,0,0,,0
71066,池田,イケダ,IKEDA,,,,34.023,133.795,214,10,,,,,,1,1,1,1,0,,0,2014/9/16,2021/3/1,71066,0,0,0,0,0,,0
71066,池田,イケダ,IKEDA,,,,34.023,133.795,214,10,,,,,,1,1,1,2,0,,0,2021/3/2,2023/5/8,71066,0,0,0,6,0,,0
71066,池田,イケダ,IKEDA,,,,34.023,133.795,214,9.9,,,,,,1,1,1,2,0,,1,2023/5/9,9999-99-99,71066,0,0,0,0,0,,0
71086,穴吹,アナブキ,ANABUKI,,,,34.043,134.167,56,,,,,,,1,0,0,0,0,,0,1975/5/2,1977/2/20,71086,1,1,1,1,1,,1
71086,穴吹,アナブキ,ANABUKI,,,,34.043,134.167,56,6.5,,,,,,1,1,1,1,0,,0,1977/2/21,1987/12/2,71086,0,0,0,0,0,,0
71086,穴吹,アナブキ,ANABUKI,,,,34.043,134.167,56,6.5,,,,,,1,1,1,1,0,,0,1987/12/3,2001/3/12,71086,0,0,0,1,0,,0
71087,穴吹,アナブキ,ANABUKI,,,,34.04,134.157,160,9.4,,,,,,1,1,1,1,0,,0,2001/3/13,2007/1/18,71087,1,1,1,1,1,,1
71087,穴吹,アナブキ,ANABUKI,,,,34.04,134.157,160,9.4,,,,,,1,1,1,1,0,,0,2007/1/19,2009/3/10,71087,0,0,0,4,0,,0
71087,穴吹,アナブキ,ANABUKI,,,,34.04,134.157,160,9.4,,,,,,1,1,1,1,0,,0,2009/3/11,2021/3/1,71087,0,4,4,0,0,,0
71087,穴吹,アナブキ,ANABUKI,,,,34.04,134.157,160,9.4,,,,,,1,1,1,2,0,,0,2021/3/2,2021/11/29,71087,0,0,0,6,0,,0
71087,穴吹,アナブキ,ANABUKI,,,,34.04,134.157,160,9.3,,,,,,1,1,1,2,0,,1,2021/11/30,9999-99-99,71087,0,0,0,0,0,,0
71106,徳島,トクシマ,TOKUSHIMA,,,,34.067,134.573,2,,,,,,,1,0,0,0,0,,0,1974/11/1,1975/3/31,71106,1,1,1,1,1,,1
71106,徳島,トクシマ,TOKUSHIMA,,,,34.067,134.573,2,17.5,,,,,,1,1,1,1,0,,0,1975/4/1,1986/12/31,71106,0,0,0,0,0,,0
71106,徳島,トクシマ,TOKUSHIMA,,,,34.067,134.573,2,17.5,,,,,,1,1,1,1,0,,0,1987/1/1,2000/2/14,71106,0,0,0,1,0,,0
71106,徳島,トクシマ,TOKUSHIMA,,,,34.067,134.573,2,17.4,,,,,,1,1,1,1,0,,0,2000/2/15,2008/3/25,71106,0,0,0,0,0,,0
71106,徳島,トクシマ,TOKUSHIMA,,,,34.067,134.573,2,17.4,,,,,,1,1,1,1,0,,0,2008/3/26,2013/2/27,71106,0,4,4,0,0,,0
71106,徳島,トクシマ,TOKUSHIMA,,,,34.067,134.573,2,17.8,,,,,,1,1,1,1,0,,0,2013/2/28,2013/3/4,71106,0,0,0,0,0,,0
71106,徳島,トクシマ,TOKUSHIMA,徳島,トクシマ,TOKUSHIMA,34.067,134.573,2,17.8,,,34.067,134.573,2,1,1,1,1,1,,0,2013/3/5,2021/3/1,71106,0,0,0,0,0,,0
71106,徳島,トクシマ,TOKUSHIMA,徳島,トクシマ,TOKUSHIMA,34.067,134.573,2,17.8,,,34.067,134.573,2,1,1,1,1,1,,1,2021/3/2,9999-99-99,71106,0,0,0,0,0,,0
71136,半田,ハンダ,HANDA,,,,33.985,134.032,280,,,,,,,1,0,0,0,0,,0,1978/12/1,2010/3/16,71136,1,1,1,1,1,,1
71136,半田,ハンダ,HANDA,,,,33.99,134.037,228,,,,,,,1,0,0,0,0,,0,2010/3/17,9999-99-99,71136,0,0,0,0,0,,0
71146,江田山,エダヤマ,EDAYAMA,,,,33.922,134.265,1100,,,,,,,1,0,0,0,0,,0,1974/11/1,1978/11/4,71146,1,1,1,1,1,,1
71151,旭丸,アサヒマル,ASAHIMARU,,,,33.933,134.327,1200,,,,,,,1,0,0,0,0,,0,1979/5/9,2009/11/20,71151,1,1,1,1,1,,1
71191,京上,キョウジョウ,KYOJO,,,,33.867,133.903,532,6.5,,,,,,1,1,1,1,0,,0,1978/3/23,1987/5/13,71191,1,1,1,1,1,,1
71191,京上,キョウジョウ,KYOJO,,,,33.867,133.903,532,6.5,,,,,,1,1,1,1,0,,0,1987/5/14,2008/1/15,71191,0,0,0,1,0,,0
71191,京上,キョウジョウ,KYOJO,,,,33.867,133.903,532,6.5,,,,,,1,1,1,1,0,,0,2008/1/16,2008/3/25,71191,0,0,0,4,0,,0
71191,京上,キョウジョウ,KYOJO,,,,33.867,133.903,532,6.5,,,,,,1,1,1,1,0,,0,2008/3/26,2021/3/1,71191,0,4,4,0,0,,0
71191,京上,キョウジョウ,KYOJO,,,,33.867,133.903,532,6.5,,,,,,1,1,1,2,0,,0,2021/3/2,2022/11/21,71191,0,0,0,6,0,,0
71191,京上,キョウジョウ,KYOJO,,,,33.867,133.903,532,6.4,,,,,,1,1,1,2,0,,1,2022/11/22,9999-99-99,71191,0,0,0,0,0,,0
71211,福原旭,フクハラアサヒ,FUKUHARAASAHI,,,,33.873,134.377,250,,,,,,,1,0,0,0,0,,0,1976/5/27,1999/1/24,71211,1,1,1,1,1,,1
71211,福原旭,フクハラアサヒ,FUKUHARAASAHI,,,,33.878,134.388,290,,,,,,,1,0,0,0,0,,0,1999/1/25,9999-99-99,71211,0,0,0,0,0,,0
71221,太竜寺山,タイリュウジヤマ,TAIRYUJIYAMA,,,,33.873,134.528,600,,,,,,,1,0,0,0,0,,0,1974/11/1,2008/3/19,71221,1,1,1,1,1,,1
71231,蒲生田,ガモウダ,GAMODA,,,,33.833,134.748,37,6.5,,,,,,1,1,1,1,0,,0,1978/1/13,1986/1/26,71231,1,1,1,1,1,,1
71231,蒲生田,ガモウダ,GAMODA,,,,33.837,134.742,10,6.5,,,,,,1,1,1,1,0,,0,1986/1/27,1987/5/25,71231,0,0,0,0,0,,0
71231,蒲生田,ガモウダ,GAMODA,,,,33.837,134.742,10,6.5,,,,,,1,1,1,1,0,,0,1987/5/26,2008/3/24,71231,0,0,0,1,0,,0
71231,蒲生田,ガモウダ,GAMODA,,,,33.837,134.742,10,6.5,,,,,,1,1,1,1,0,,0,2008/3/25,2008/3/25,71231,0,0,0,4,0,,0
71231,蒲生田,ガモウダ,GAMODA,,,,33.837,134.742,10,6.5,,,,,,1,1,1,1,0,,0,2008/3/26,2010/3/15,71231,0,4,4,0,0,,0
71231,蒲生田,ガモウダ,GAMODA,,,,33.837,134.742,10,10,,,,,,1,1,1,1,0,,0,2010/3/16,2015/3/18,71231,0,0,0,0,0,,0
71231,蒲生田,カモダ,KAMODA,,,,33.837,134.742,10,10,,,,,,1,1,1,1,0,,0,2015/3/19,2021/3/1,71231,0,0,0,0,0,,0
71231,蒲生田,カモダ,KAMODA,,,,33.837,134.742,10,10,,,,,,1,1,1,2,0,,0,2021/3/2,2022/11/23,71231,0,0,0,6,0,,0
71231,蒲生田,カモダ,KAMODA,,,,33.837,134.742,10,9.9,,,,,,1,1,1,2,0,,1,2022/11/24,9999-99-99,71231,0,0,0,0,0,,0
71251,木頭,キトウ,KITO,,,,33.772,134.205,330,6.5,,,,,,1,1,1,1,0,,0,1979/1/24,1987/12/2,71251,1,1,1,1,1,,1
71251,木頭,キトウ,KITO,,,,33.772,134.205,330,6.5,,,,,,1,1,1,1,0,,0,1987/12/3,2008/1/17,71251,0,0,0,1,0,,0
71251,木頭,キトウ,KITO,,,,33.772,134.205,330,6.5,,,,,,1,1,1,1,0,,0,2008/1/18,2008/3/25,71251,0,0,0,4,0,,0
71251,木頭,キトウ,KITO,,,,33.772,134.205,330,6.5,,,,,,1,1,1,1,0,,0,2008/3/26,2019/3/13,71251,0,4,4,0,0,,0
71251,木頭,キトウ,KITO,,,,33.772,134.198,363,10,,,,,,1,1,1,1,0,,0,2019/3/14,2021/3/1,71251,0,0,0,0,0,,0
71251,木頭,キトウ,KITO,,,,33.772,134.198,363,10,,,,,,1,1,1,2,0,,0,2021/3/2,2023/4/19,71251,0,0,0,6,0,,0
71251,木頭,キトウ,KITO,,,,33.772,134.198,363,9.9,,,,,,1,1,1,2,0,,1,2023/4/20,9999-99-99,71251,0,0,0,0,0,,0
71266,日和佐,ヒワサ,HIWASA,,,,33.732,134.538,3,,,,,,,1,0,0,0,0,,0,1974/11/1,1976/3/31,71266,1,1,1,1,1,,1
71266,日和佐,ヒワサ,HIWASA,,,,33.732,134.538,3,15.4,,,,,,1,1,1,1,0,,0,1976/4/1,1987/12/9,71266,0,0,0,0,0,,0
71266,日和佐,ヒワサ,HIWASA,,,,33.732,134.538,3,15.4,,,,,,1,1,1,1,0,,0,1987/12/10,2007/1/22,71266,0,0,0,1,0,,0
71266,日和佐,ヒワサ,HIWASA,,,,33.732,134.538,3,15.4,,,,,,1,1,1,1,0,,0,2007/1/23,2009/3/11,71266,0,0,0,4,0,,0
71266,日和佐,ヒワサ,HIWASA,,,,33.732,134.538,3,15.4,,,,,,1,1,1,1,0,,0,2009/3/12,2021/3/1,71266,0,4,4,0,0,,0
71266,日和佐,ヒワサ,HIWASA,,,,33.732,134.538,3,15.4,,,,,,1,1,1,2,0,,0,2021/3/2,2023/4/23,71266,0,0,0,6,0,,0
71266,日和佐,ヒワサ,HIWASA,,,,33.732,134.538,3,15.3,,,,,,1,1,1,2,0,,1,2023/4/24,9999-99-99,71266,0,0,0,0,0,,0
71291,海陽,カイヨウ,KAIYO,,,,33.612,134.355,5,10,,,,,,1,1,1,1,0,,0,2009/2/19,2021/3/1,71291,1,5,5,5,1,,1
71291,海陽,カイヨウ,KAIYO,,,,33.612,134.355,5,10,,,,,,1,1,1,2,0,,0,2021/3/2,2023/4/26,71291,0,0,0,6,0,,0
71291,海陽,カイヨウ,KAIYO,,,,33.612,134.355,5,9.9,,,,,,1,1,1,2,0,,1,2023/4/27,9999-99-99,71291,0,0,0,0,0,,0
71316,宍喰,シシクイ,SHISHIKUI,,,,33.563,134.305,4,,,,,,,1,0,0,0,0,,0,1974/11/1,1978/1/13,71316,1,1,1,1,1,,1
71316,宍喰,シシクイ,SHISHIKUI,,,,33.563,134.305,4,6.5,,,,,,1,1,1,1,0,,0,1978/1/14,1987/10/21,71316,0,0,0,0,0,,0
71316,宍喰,シシクイ,SHISHIKUI,,,,33.563,134.305,4,6.5,,,,,,1,1,1,1,0,,0,1987/10/22,2009/2/18,71316,0,0,0,1,0,,0
72061,内海,ウチノミ,UCHINOMI,,,,34.493,134.298,52,,,,,,,1,0,0,0,0,,0,1974/11/1,1978/1/9,72061,1,1,1,1,1,,1
72061,内海,ウチノミ,UCHINOMI,,,,34.493,134.298,52,6.6,,,,,,1,1,1,1,0,,0,1978/1/10,1987/12/15,72061,0,0,0,0,0,,0
72061,内海,ウチノミ,UCHINOMI,,,,34.493,134.298,52,6.6,,,,,,1,1,1,1,0,,0,1987/12/16,2005/12/7,72061,0,0,0,1,0,,0
72061,内海,ウチノミ,UCHINOMI,,,,34.472,134.273,20,9.4,,,,,,1,1,1,1,0,,0,2005/12/8,2008/10/20,72061,0,0,0,4,0,,0
72061,内海,ウチノミ,UCHINOMI,,,,34.472,134.273,20,9.4,,,,,,1,1,1,1,0,,0,2008/10/21,2021/3/1,72061,0,4,4,0,0,,0
72061,内海,ウチノミ,UCHINOMI,,,,34.472,134.273,20,9.4,,,,,,1,1,1,2,0,,0,2021/3/2,2021/12/1,72061,0,0,0,6,0,,0
72061,内海,ウチノミ,UCHINOMI,,,,34.472,134.273,20,9.3,,,,,,1,1,1,2,0,,1,2021/12/2,9999-99-99,72061,0,0,0,0,0,,0
72086,高松,タカマツ,TAKAMATSU,,,,34.317,134.053,9,,,,,,,1,0,0,0,0,,0,1974/11/1,1975/3/31,72086,1,1,1,1,1,,1
72086,高松,タカマツ,TAKAMATSU,,,,34.317,134.053,9,16.6,,,,,,1,1,1,1,0,,0,1975/4/1,1982/3/12,72086,0,0,0,0,0,,0
72086,高松,タカマツ,TAKAMATSU,,,,34.317,134.053,9,16.7,,,,,,1,1,1,1,0,,0,1982/3/13,1985/12/31,72086,0,0,0,0,0,,0
72086,高松,タカマツ,TAKAMATSU,,,,34.317,134.053,9,16.7,,,,,,1,1,1,1,0,,0,1986/1/1,2008/3/25,72086,0,0,0,1,0,,0
72086,高松,タカマツ,TAKAMATSU,,,,34.317,134.053,9,16.7,,,,,,1,1,1,1,0,,0,2008/3/26,2011/12/19,72086,0,4,4,0,0,,0
72086,高松,タカマツ,TAKAMATSU,高松,タカマツ,TAKAMATSU,34.317,134.053,9,16.7,,,34.317,134.053,9,1,1,1,1,1,,0,2011/12/20,2012/5/29,72086,0,0,0,0,0,,0
72086,高松,タカマツ,TAKAMATSU,高松,タカマツ,TAKAMATSU,34.317,134.053,9,17.5,,,34.317,134.053,9,1,1,1,1,1,,0,2012/5/30,2018/5/22,72086,0,0,0,0,0,,0
72086,高松,タカマツ,TAKAMATSU,高松,タカマツ,TAKAMATSU,34.318,134.053,9,17.5,,,34.318,134.053,9,1,1,1,1,1,,0,2018/5/23,2021/3/1,72086,0,0,0,0,0,,0
72086,高松,タカマツ,TAKAMATSU,高松,タカマツ,TAKAMATSU,34.318,134.053,9,17.5,,,34.318,134.053,9,1,1,1,1,1,,1,2021/3/2,9999-99-99,72086,0,0,0,0,0,,0
72111,多度津,タドツ,TADOTSU,,,,34.275,133.752,4,,,,,,,1,0,0,0,0,,0,1974/11/1,1975/12/31,72111,1,1,1,1,1,,1
72111,多度津,タドツ,TADOTSU,,,,34.275,133.752,4,13.2,,,,,,1,1,1,1,0,,0,1976/1/1,1988/12/31,72111,0,0,0,0,0,,0
72111,多度津,タドツ,TADOTSU,,,,34.275,133.752,4,13.2,,,,,,1,1,1,1,0,,0,1989/1/1,2001/1/31,72111,0,0,0,1,0,,0
72111,多度津,タドツ,TADOTSU,,,,34.275,133.752,4,13.1,,,,,,1,1,1,1,0,,0,2001/2/1,2002/1/29,72111,0,0,0,0,0,,0
72111,多度津,タドツ,TADOTSU,,,,34.275,133.752,4,12.1,,,,,,1,1,1,1,0,,0,2002/1/30,2008/3/25,72111,0,0,0,0,0,,0
72111,多度津,タドツ,TADOTSU,,,,34.275,133.752,4,12.1,,,,,,1,1,1,1,0,,0,2008/3/26,2021/3/1,72111,0,4,4,0,0,,0
72111,多度津,タドツ,TADOTSU,,,,34.275,133.752,4,12.1,,,,,,1,1,1,1,0,,1,2021/3/2,9999-99-99,72111,0,0,0,0,0,,0
72121,滝宮,タキノミヤ,TAKINOMIYA,,,,34.237,133.923,60,,,,,,,1,0,0,0,0,,0,1974/11/1,1978/1/10,72121,1,1,1,1,1,,1
72121,滝宮,タキノミヤ,TAKINOMIYA,,,,34.237,133.923,60,6.8,,,,,,1,1,1,1,0,,0,1978/1/11,1987/11/10,72121,0,0,0,0,0,,0
72121,滝宮,タキノミヤ,TAKINOMIYA,,,,34.237,133.923,60,6.8,,,,,,1,1,1,1,0,,0,1987/11/11,2008/2/18,72121,0,0,0,1,0,,0
72121,滝宮,タキノミヤ,TAKINOMIYA,,,,34.237,133.923,60,6.8,,,,,,1,1,1,1,0,,0,2008/2/19,2008/3/25,72121,0,0,0,4,0,,0
72121,滝宮,タキノミヤ,TAKINOMIYA,,,,34.237,133.923,60,6.8,,,,,,1,1,1,1,0,,0,2008/3/26,2010/2/28,72121,0,4,4,0,0,,0
72121,滝宮,タキノミヤ,TAKINOMIYA,,,,34.237,133.923,60,10,,,,,,1,1,1,1,0,,0,2010/3/1,2021/3/1,72121,0,0,0,0,0,,0
72121,滝宮,タキノミヤ,TAKINOMIYA,,,,34.237,133.923,60,10,,,,,,1,1,1,2,0,,0,2021/3/2,2023/6/5,72121,0,0,0,6,0,,0
72121,滝宮,タキノミヤ,TAKINOMIYA,,,,34.237,133.923,60,9.9,,,,,,1,1,1,2,0,,1,2023/6/6,9999-99-99,72121,0,0,0,0,0,,0
72126,香南,コウナン,KONAN,,,,34.213,134.015,185,10.2,,,,,,1,1,1,0,0,,0,2003/1/1,2009/1/29,72126,1,1,1,1,1,,1
72126,香南,コウナン,KONAN,,,,34.213,134.015,185,10.2,,,,,,1,1,1,0,0,,0,2009/1/30,2018/1/31,72126,0,4,4,0,0,,0
72126,香南,コウナン,KONAN,,,,34.213,134.015,185,10.2,,,,,,1,1,1,0,0,,0,2018/2/1,9999-99-99,72126,0,0,0,0,0,,0
72146,引田,ヒケタ,HIKETA,,,,34.212,134.412,12,,,,,,,1,0,0,0,0,,0,1974/11/1,1978/1/11,72146,1,1,1,1,1,,1
72146,引田,ヒケタ,HIKETA,,,,34.212,134.412,12,6.5,,,,,,1,1,1,1,0,,0,1978/1/12,1987/5/18,72146,0,0,0,0,0,,0
72146,引田,ヒケタ,HIKETA,,,,34.212,134.412,12,6.5,,,,,,1,1,1,1,0,,0,1987/5/19,1988/3/27,72146,0,0,0,1,0,,0
72146,引田,ヒケタ,HIKETA,,,,34.213,134.407,12,6.7,,,,,,1,1,1,1,0,,0,1988/3/28,2007/1/15,72146,0,0,0,0,0,,0
72146,引田,ヒケタ,HIKETA,,,,34.213,134.407,12,6.7,,,,,,1,1,1,1,0,,0,2007/1/16,2009/3/16,72146,0,0,0,4,0,,0
72146,引田,ヒケタ,HIKETA,,,,34.213,134.407,12,6.7,,,,,,1,1,1,1,0,,0,2009/3/17,2010/3/17,72146,0,4,4,0,0,,0
72146,引田,ヒケタ,HIKETA,,,,34.213,134.407,12,10,,,,,,1,1,1,1,0,,0,2010/3/18,2021/3/1,72146,0,0,0,0,0,,0
72146,引田,ヒケタ,HIKETA,,,,34.213,134.407,12,10,,,,,,1,1,1,2,0,,0,2021/3/2,2021/11/30,72146,0,0,0,6,0,,0
72146,引田,ヒケタ,HIKETA,,,,34.213,134.407,12,10,,,,,,1,1,1,2,0,,1,2021/12/1,9999-99-99,72146,0,0,0,0,0,,0
72161,財田,サイタ,SAITA,,,,34.118,133.778,68,6.7,,,,,,1,1,1,1,0,,0,1978/1/11,1986/11/19,72161,1,1,1,1,1,,1
72161,財田,サイタ,SAITA,,,,34.118,133.778,68,6.7,,,,,,1,1,1,1,0,,0,1986/11/20,2000/3/7,72161,0,0,0,1,0,,0
72161,財田,サイタ,SAITA,,,,34.12,133.772,65,9.3,,,,,,1,1,1,1,0,,0,2000/3/8,2008/2/21,72161,0,0,0,0,0,,0
72161,財田,サイタ,SAITA,,,,34.12,133.772,65,9.3,,,,,,1,1,1,1,0,,0,2008/2/22,2008/3/25,72161,0,0,0,4,0,,0
72161,財田,サイタ,SAITA,,,,34.12,133.772,65,9.3,,,,,,1,1,1,1,0,,0,2008/3/26,2021/3/1,72161,0,4,4,0,0,,0
72161,財田,サイタ,SAITA,,,,34.12,133.772,65,9.3,,,,,,1,1,1,2,0,,0,2021/3/2,2023/6/6,72161,0,0,0,6,0,,0
72161,財田,サイタ,SAITA,,,,34.12,133.772,65,9.2,,,,,,1,1,1,2,0,,1,2023/6/7,9999-99-99,72161,0,0,0,0,0,,0
72176,竜王山,リュウオウザン,RYUOZAN,,,,34.113,134.05,1040,,,,,,,1,0,0,0,0,,0,1974/11/1,9999-99-99,72176,1,1,1,1,1,,1
73001,大三島,オオミシマ,OMISHIMA,,,,34.248,132.993,2,,,,,,,1,0,0,0,0,,0,1974/11/1,1978/1/18,73001,1,1,1,1,1,,1
73001,大三島,オオミシマ,OMISHIMA,,,,34.248,132.993,2,14.4,,,,,,1,1,1,1,0,,0,1978/1/19,1986/6/3,73001,0,0,0,0,0,,0
73001,大三島,オオミシマ,OMISHIMA,,,,34.248,132.993,2,14.4,,,,,,1,1,1,1,0,,0,1986/6/4,2007/2/21,73001,0,0,0,1,0,,0
73001,大三島,オオミシマ,OMISHIMA,,,,34.25,133.007,9,10,,,,,,1,1,1,1,0,,0,2007/2/22,2008/9/11,73001,0,0,0,4,0,,0
73001,大三島,オオミシマ,OMISHIMA,,,,34.25,133.007,9,10,,,,,,1,1,1,1,0,,0,2008/9/12,2021/3/1,73001,0,4,4,0,0,,0
73001,大三島,オオミシマ,OMISHIMA,,,,34.25,133.007,9,10,,,,,,1,1,1,2,0,,0,2021/3/2,2023/5/24,73001,0,0,0,6,0,,0
73001,大三島,オオミシマ,OMISHIMA,,,,34.25,133.007,9,9.8,,,,,,1,1,1,2,0,,1,2023/5/25,9999-99-99,73001,0,0,0,0,0,,0
73071,玉川,タマガワ,TAMAGAWA,,,,34.018,132.94,67,,,,,,,1,0,0,0,0,,0,1974/11/1,9999-99-99,73071,1,1,1,1,1,,1
73076,今治,イマバリ,IMABARI,,,,34.06,132.997,5,,,,,,,1,0,0,0,0,,0,1975/10/1,1976/2/17,73076,1,1,1,1,1,,1
73076,今治,イマバリ,IMABARI,,,,34.06,132.997,5,6.5,,,,,,1,1,1,1,0,,0,1976/2/18,1978/7/6,73076,0,0,0,0,0,,0
73076,今治,イマバリ,IMABARI,,,,34.077,132.99,2,6.5,,,,,,1,1,1,1,0,,0,1978/7/7,1987/7/29,73076,0,0,0,0,0,,0
73076,今治,イマバリ,IMABARI,,,,34.077,132.99,2,6.5,,,,,,1,1,1,1,0,,0,1987/7/30,2007/2/19,73076,0,0,0,1,0,,0
73076,今治,イマバリ,IMABARI,,,,34.077,132.99,2,6.5,,,,,,1,1,1,1,0,,0,2007/2/20,2009/3/3,73076,0,0,0,4,0,,0
73076,今治,イマバリ,IMABARI,,,,34.077,132.99,2,6.5,,,,,,1,1,1,1,0,,0,2009/3/4,2012/9/25,73076,0,4,4,0,0,,0
73076,今治,イマバリ,IMABARI,,,,34.053,132.975,27,10,,,,,,1,1,1,1,0,,0,2012/9/26,2021/3/1,73076,0,0,0,0,0,,0
73076,今治,イマバリ,IMABARI,,,,34.053,132.975,27,10,,,,,,1,1,1,2,0,,0,2021/3/2,2022/12/4,73076,0,0,0,6,0,,0
73076,今治,イマバリ,IMABARI,,,,34.053,132.975,27,10,,,,,,1,1,1,2,0,,1,2022/12/5,9999-99-99,73076,0,0,0,0,0,,0
73126,丹原,タンバラ,TAMBARA,,,,33.912,133.067,13,,,,,,,1,0,0,0,0,,0,1975/5/1,1978/1/17,73126,1,1,1,1,1,,1
73126,丹原,タンバラ,TAMBARA,,,,33.912,133.067,13,14,,,,,,1,1,1,1,0,,0,1978/1/18,1987/10/8,73126,0,0,0,0,0,,0
73126,丹原,タンバラ,TAMBARA,,,,33.912,133.067,13,14,,,,,,1,1,1,1,0,,0,1987/10/9,2007/2/15,73126,0,0,0,1,0,,0
73126,西条,サイジョウ,SAIJO,,,,33.915,133.08,4,10.2,,,,,,1,1,1,1,0,,0,2007/2/16,2009/3/5,73126,0,0,0,4,0,,0
73126,西条,サイジョウ,SAIJO,,,,33.915,133.08,4,10.2,,,,,,1,1,1,1,0,,0,2009/3/6,2021/3/1,73126,0,4,4,0,0,,0
73126,西条,サイジョウ,SAIJO,,,,33.915,133.08,4,10.2,,,,,,1,1,1,2,0,,0,2021/3/2,2023/4/17,73126,0,0,0,6,0,,0
73126,西条,サイジョウ,SAIJO,,,,33.915,133.08,4,10.1,,,,,,1,1,1,2,0,,1,2023/4/18,9999-99-99,73126,0,0,0,0,0,,0
73136,新居浜,ニイハマ,NIIHAMA,,,,33.96,133.282,6,,,,,,,1,0,0,0,0,,0,1974/11/1,1978/1/16,73136,1,1,1,1,1,,1
73136,新居浜,ニイハマ,NIIHAMA,,,,33.96,133.282,6,34.5,,,,,,1,1,1,1,0,,0,1978/1/17,1987/8/5,73136,0,0,0,0,0,,0
73136,新居浜,ニイハマ,NIIHAMA,,,,33.96,133.282,6,34.5,,,,,,1,1,1,1,0,,0,1987/8/6,2007/2/26,73136,0,0,0,1,0,,0
73136,新居浜,ニイハマ,NIIHAMA,,,,33.96,133.282,6,34.5,,,,,,1,1,1,1,0,,0,2007/2/27,2009/3/10,73136,0,0,0,4,0,,0
73136,新居浜,ニイハマ,NIIHAMA,,,,33.96,133.282,6,34.5,,,,,,1,1,1,1,0,,0,2009/3/11,2016/8/24,73136,0,4,4,0,0,,0
73141,新居浜,ニイハマ,NIIHAMA,,,,33.937,133.338,90,10,,,,,,1,1,1,1,0,,0,2016/8/24,2021/3/1,73141,1,5,5,5,1,,1
73141,新居浜,ニイハマ,NIIHAMA,,,,33.937,133.338,90,10,,,,,,1,1,1,2,0,,0,2021/3/2,2023/4/16,73141,0,0,0,6,0,,0
73141,新居浜,ニイハマ,NIIHAMA,,,,33.937,133.338,90,10,,,,,,1,1,1,2,0,,1,2023/4/17,9999-99-99,73141,0,0,0,0,0,,0
73151,三島,ミシマ,MISHIMA,,,,33.983,133.562,27,,,,,,,1,0,0,0,0,,0,1974/11/1,1978/1/16,73151,1,1,1,1,1,,1
73151,三島,ミシマ,MISHIMA,,,,33.983,133.562,27,10.5,,,,,,1,1,1,1,0,,0,1978/1/17,1986/10/29,73151,0,0,0,0,0,,0
73151,三島,ミシマ,MISHIMA,,,,33.983,133.562,27,10.5,,,,,,1,1,1,1,0,,0,1986/10/30,2009/2/9,73151,0,0,0,1,0,,0
73151,四国中央,シコクチュウオウ,SHIKOKU-CHUO,,,,33.982,133.582,75,10,,,,,,1,1,1,1,0,,0,2009/2/10,2021/3/1,73151,0,4,4,4,0,,0
73151,四国中央,シコクチュウオウ,SHIKOKU-CHUO,,,,33.982,133.582,75,10,,,,,,1,1,1,2,0,,0,2021/3/2,2022/11/20,73151,0,0,0,6,0,,0
73151,四国中央,シコクチュウオウ,SHIKOKU-CHUO,,,,33.982,133.582,75,10,,,,,,1,1,1,2,0,,1,2022/11/21,9999-99-99,73151,0,0,0,0,0,,0
73152,富郷,トミサト,TOMISATO,,,,33.915,133.51,310,,,,,,,1,0,0,0,0,,0,1978/6/29,1979/10/4,73152,1,1,1,1,1,,1
73152,富郷,トミサト,TOMISATO,,,,33.915,133.51,295,,,,,,,1,0,0,0,0,,0,1979/10/5,1982/8/16,73152,0,0,0,0,0,,0
73152,富郷,トミサト,TOMISATO,,,,33.915,133.51,310,,,,,,,1,0,0,0,0,,0,1982/8/17,9999-99-99,73152,0,0,0,0,0,,0
73166,松山,マツヤマ,MATSUYAMA,,,,33.843,132.777,32,,,,,,,1,0,0,0,0,,0,1974/11/1,1975/3/31,73166,1,1,1,1,1,,1
73166,松山,マツヤマ,MATSUYAMA,,,,33.843,132.777,32,20.4,,,,,,1,1,1,1,0,,0,1975/4/1,1985/12/31,73166,0,0,0,0,0,,0
73166,松山,マツヤマ,MATSUYAMA,,,,33.843,132.777,32,20.4,,,,,,1,1,1,1,0,,0,1986/1/1,2006/11/5,73166,0,0,0,1,0,,0
73166,松山,マツヤマ,MATSUYAMA,,,,33.843,132.777,32,23.8,,,,,,1,1,1,1,0,,0,2006/11/6,2008/3/25,73166,0,0,0,0,0,,0
73166,松山,マツヤマ,MATSUYAMA,,,,33.843,132.777,32,23.8,,,,,,1,1,1,1,0,,0,2008/3/26,2012/1/31,73166,0,4,4,0,0,,0
73166,松山,マツヤマ,MATSUYAMA,松山,マツヤマ,MATSUYAMA,33.843,132.777,32,23.8,,,33.843,132.777,32,1,1,1,1,1,,0,2012/2/1,2015/12/16,73166,0,0,0,0,0,,0
73166,松山,マツヤマ,MATSUYAMA,松山,マツヤマ,MATSUYAMA,33.843,132.777,32,17.8,,,33.843,132.777,32,1,1,1,1,1,,0,2015/12/17,2021/3/1,73166,0,0,0,0,0,,0
73166,松山,マツヤマ,MATSUYAMA,松山,マツヤマ,MATSUYAMA,33.843,132.777,32,17.8,,,33.843,132.777,32,1,1,1,1,1,,1,2021/3/2,9999-99-99,73166,0,0,0,0,0,,0
73168,松山南吉田,マツヤマミナミヨシダ,MATSUYAMA-MINAMIYOSHIDA,,,,33.827,132.698,4,10.2,,,,,,1,1,1,0,0,,0,2003/1/1,2009/1/28,73168,1,1,1,1,1,,1
73168,松山南吉田,マツヤマミナミヨシダ,MATSUYAMA-MINAMIYOSHIDA,,,,33.827,132.698,4,10.2,,,,,,1,1,1,0,0,,0,2009/1/29,2018/1/31,73168,0,4,4,0,0,,0
73168,松山南吉田,マツヤマミナミヨシダ,MATSUYAMA-MINAMIYOSHIDA,,,,33.827,132.698,4,9.9,,,,,,1,1,1,0,0,,0,2018/2/1,9999-99-99,73168,0,0,0,0,0,,0
73231,上林,カミハヤシ,KAMIHAYASHI,,,,33.738,132.89,460,,,,,,,1,0,0,0,0,,0,1974/11/1,9999-99-99,73231,1,1,1,1,1,,1
73246,成就社,ジヨウジユシヤ,JOJUSHA,,,,33.79,133.128,1420,,,,,,,1,0,0,0,0,,0,1974/11/1,1979/10/23,73246,1,1,1,1,1,,1
73247,成就社,ジョウジュシャ,JOJUSHA,,,,33.795,133.132,1280,,,,,,,1,0,0,0,0,,0,1980/5/16,9999-99-99,73247,1,1,1,1,1,,1
73256,長浜,ナガハマ,NAGAHAMA,,,,33.608,132.482,1,,,,,,,1,0,0,0,0,,0,1974/11/1,1978/1/30,73256,1,1,1,1,1,,1
73256,長浜,ナガハマ,NAGAHAMA,,,,33.608,132.482,1,15.6,,,,,,1,1,1,1,0,,0,1978/1/31,1987/4/20,73256,0,0,0,0,0,,0
73256,長浜,ナガハマ,NAGAHAMA,,,,33.608,132.482,1,15.6,,,,,,1,1,1,1,0,,0,1987/4/21,2003/7/21,73256,0,0,0,1,0,,0
73256,長浜,ナガハマ,NAGAHAMA,,,,33.617,132.48,4,6.9,,,,,,1,1,1,1,0,,0,2003/7/22,2008/2/14,73256,0,0,0,0,0,,0
73256,長浜,ナガハマ,NAGAHAMA,,,,33.617,132.48,4,6.9,,,,,,1,1,1,1,0,,0,2008/2/15,2008/3/25,73256,0,0,0,4,0,,0
73256,長浜,ナガハマ,NAGAHAMA,,,,33.617,132.48,4,6.9,,,,,,1,1,1,1,0,,0,2008/3/26,2021/3/1,73256,0,4,4,0,0,,0
73256,長浜,ナガハマ,NAGAHAMA,,,,33.617,132.48,4,6.9,,,,,,1,1,1,2,0,,0,2021/3/2,2021/3/3,73256,0,0,0,6,0,,0
73256,長浜,ナガハマ,NAGAHAMA,,,,33.617,132.48,4,10,,,,,,1,1,1,2,0,,0,2021/3/4,2023/5/16,73256,0,0,0,0,0,,0
73256,長浜,ナガハマ,NAGAHAMA,,,,33.617,132.48,4,10.1,,,,,,1,1,1,2,0,,1,2023/5/17,9999-99-99,73256,0,0,0,0,0,,0
73271,中山,ナカヤマ,NAKAYAMA,,,,33.638,132.708,163,,,,,,,1,0,0,0,0,,0,1974/11/1,9999-99-99,73271,1,1,1,1,1,,1
73276,久万,クマ,KUMA,,,,33.663,132.895,511,,,,,,,1,0,0,0,0,,0,1974/11/1,1978/1/19,73276,1,1,1,1,1,,1
73276,久万,クマ,KUMA,,,,33.663,132.895,511,6.5,,,,,,1,1,1,1,0,,0,1978/1/20,1987/9/24,73276,0,0,0,0,0,,0
73276,久万,クマ,KUMA,,,,33.663,132.895,511,6.5,,,,,,1,1,1,1,0,,0,1987/9/25,2008/2/7,73276,0,0,0,1,0,,0
73276,久万,クマ,KUMA,,,,33.663,132.895,511,6.5,,,,,,1,1,1,1,0,,0,2008/2/8,2008/3/25,73276,0,0,0,4,0,,0
73276,久万,クマ,KUMA,,,,33.663,132.895,511,6.5,,,,,,1,1,1,1,0,,0,2008/3/26,2010/11/29,73276,0,4,4,0,0,,0
73276,久万,クマ,KUMA,,,,33.663,132.895,511,10,,,,,,1,1,1,1,0,,0,2010/11/30,2021/3/1,73276,0,0,0,0,0,,0
73276,久万,クマ,KUMA,,,,33.663,132.895,511,10,,,,,,1,1,1,2,0,,0,2021/3/2,2023/5/15,73276,0,0,0,6,0,,0
73276,久万,クマ,KUMA,,,,33.663,132.895,511,10.1,,,,,,1,1,1,2,0,,1,2023/5/16,9999-99-99,73276,0,0,0,0,0,,0
73306,大洲,オオズ,OZU,,,,33.505,132.543,17,,,,,,,1,0,0,0,0,,0,1975/5/1,1978/1/30,73306,1,1,1,1,1,,1
73306,大洲,オオズ,OZU,,,,33.505,132.543,17,18.5,,,,,,1,1,1,1,0,,0,1978/1/31,1987/5/17,73306,0,0,0,0,0,,0
73306,大洲,オオズ,OZU,,,,33.505,132.543,17,18.5,,,,,,1,1,1,1,0,,0,1987/5/18,2009/2/12,73306,0,0,0,1,0,,0
73306,大洲,オオズ,OZU,,,,33.508,132.535,20,10,,,,,,1,1,1,1,0,,0,2009/2/13,2021/3/1,73306,0,4,4,4,0,,0
73306,大洲,オオズ,OZU,,,,33.508,132.535,20,10,,,,,,1,1,1,2,0,,0,2021/3/2,2023/5/21,73306,0,0,0,6,0,,0
73306,大洲,オオズ,OZU,,,,33.508,132.535,20,10,,,,,,1,1,1,2,0,,1,2023/5/22,9999-99-99,73306,0,0,0,0,0,,0
73321,獅子越峠,シシゴエトウゲ,SHISHIGOETOGE,,,,33.543,132.832,1000,,,,,,,1,0,0,0,0,,0,1974/11/1,9999-99-99,73321,1,1,1,1,1,,1
73341,瀬戸,セト,SETO,,,,33.447,132.257,143,6.4,,,,,,1,1,1,1,0,,0,1997/8/8,2007/2/12,73341,1,1,1,1,1,,1
73341,瀬戸,セト,SETO,,,,33.447,132.257,143,6.6,,,,,,1,1,1,1,0,,0,2007/2/13,2009/3/11,73341,0,0,0,4,0,,0
73341,瀬戸,セト,SETO,,,,33.447,132.257,143,6.6,,,,,,1,1,1,1,0,,0,2009/3/12,2021/3/1,73341,0,4,4,0,0,,0
73341,瀬戸,セト,SETO,,,,33.447,132.257,143,6.6,,,,,,1,1,1,2,0,,0,2021/3/2,2022/12/5,73341,0,0,0,6,0,,0
73341,瀬戸,セト,SETO,,,,33.447,132.257,143,6.5,,,,,,1,1,1,2,0,,1,2022/12/6,2023/2/14,73341,0,0,0,0,0,,0
73341,瀬戸,セト,SETO,,,,33.447,132.257,143,12.1,,,,,,1,1,1,2,0,,1,2023/2/15,9999-99-99,73341,0,0,0,0,0,,0
73351,八幡浜,ヤワタハマ,YAWATAHAMA,,,,33.458,132.435,5,,,,,,,1,0,0,0,0,,0,1974/11/1,2010/3/24,73351,1,1,1,1,1,,1
73351,八幡浜,ヤワタハマ,YAWATAHAMA,,,,33.448,132.433,8,,,,,,,1,0,0,0,0,,0,2010/3/25,9999-99-99,73351,0,0,0,0,0,,0
73391,三崎,ミサキ,MISAKI,,,,33.387,132.122,2,,,,,,,1,0,0,0,0,,0,1975/5/1,1978/1/24,73391,1,1,1,1,1,,1
73391,三崎,ミサキ,MISAKI,,,,33.387,132.122,2,6.5,,,,,,1,1,1,1,0,,0,1978/1/25,1987/11/4,73391,0,0,0,0,0,,0
73391,三崎,ミサキ,MISAKI,,,,33.387,132.122,2,6.5,,,,,,1,1,1,1,0,,0,1987/11/5,1997/7/30,73391,0,0,0,1,0,,0
73406,宇和,ウワ,UWA,,,,33.362,132.538,250,,,,,,,1,0,0,0,0,,0,1975/5/1,1978/1/22,73406,1,1,1,1,1,,1
73406,宇和,ウワ,UWA,,,,33.362,132.538,250,6.5,,,,,,1,1,1,1,0,,0,1978/1/23,1987/3/29,73406,0,0,0,0,0,,0
73406,宇和,ウワ,UWA,,,,33.365,132.508,208,13.7,,,,,,1,1,1,1,0,,0,1987/3/30,1987/11/19,73406,0,0,0,0,0,,0
73406,宇和,ウワ,UWA,,,,33.365,132.508,208,13.7,,,,,,1,1,1,1,0,,0,1987/11/20,2009/2/16,73406,0,0,0,1,0,,0
73406,宇和,ウワ,UWA,,,,33.367,132.503,200,10,,,,,,1,1,1,1,0,,0,2009/2/17,2021/3/1,73406,0,4,4,4,0,,0
73406,宇和,ウワ,UWA,,,,33.367,132.503,200,10,,,,,,1,1,1,2,0,,0,2021/3/2,2023/5/22,73406,0,0,0,6,0,,0
73406,宇和,ウワ,UWA,,,,33.367,132.503,200,10.1,,,,,,1,1,1,2,0,,1,2023/5/23,9999-99-99,73406,0,0,0,0,0,,0
73441,宇和島,ウワジマ,UWAJIMA,,,,33.228,132.553,43,,,,,,,1,0,0,0,0,,0,1974/11/1,1975/3/31,73441,1,1,1,1,1,,1
73441,宇和島,ウワジマ,UWAJIMA,,,,33.228,132.553,43,12.7,,,,,,1,1,1,1,0,,0,1975/4/1,1988/12/31,73441,0,0,0,0,0,,0
73441,宇和島,ウワジマ,UWAJIMA,,,,33.228,132.553,43,12.7,,,,,,1,1,1,1,0,,0,1989/1/1,1993/2/1,73441,0,0,0,1,0,,0
73442,宇和島,ウワジマ,UWAJIMA,,,,33.227,132.552,2,33.1,,,,,,1,1,1,1,0,,0,1993/2/1,2000/2/14,73441,0,1,0,0,0,,0
73442,宇和島,ウワジマ,UWAJIMA,,,,33.227,132.552,2,33.2,,,,,,1,1,1,1,0,,0,2000/2/15,2008/3/25,73442,0,0,0,0,0,,0
73442,宇和島,ウワジマ,UWAJIMA,,,,33.227,132.552,2,33.2,,,,,,1,1,1,1,0,,0,2008/3/26,2021/3/1,73442,0,4,4,0,0,,0
73442,宇和島,ウワジマ,UWAJIMA,,,,33.227,132.552,2,33.2,,,,,,1,1,1,1,0,,1,2021/3/2,9999-99-99,73442,0,0,0,0,0,,0
73446,近永,チカナガ,CHIKANAGA,,,,33.253,132.675,129,8.1,,,,,,1,1,1,1,0,,0,1979/1/17,1987/11/9,73446,1,1,1,1,1,,1
73446,近永,チカナガ,CHIKANAGA,,,,33.253,132.675,129,8.1,,,,,,1,1,1,1,0,,0,1987/11/10,2008/2/12,73446,0,0,0,1,0,,0
73446,近永,チカナガ,CHIKANAGA,,,,33.253,132.675,129,8.1,,,,,,1,1,1,1,0,,0,2008/2/13,2008/3/25,73446,0,0,0,4,0,,0
73446,近永,チカナガ,CHIKANAGA,,,,33.253,132.675,129,8.1,,,,,,1,1,1,1,0,,0,2008/3/26,2021/3/1,73446,0,4,4,0,0,,0
73446,近永,チカナガ,CHIKANAGA,,,,33.253,132.675,129,8.1,,,,,,1,1,1,2,0,,0,2021/3/2,2023/6/12,73446,0,0,0,6,0,,0
73446,近永,チカナガ,CHIKANAGA,,,,33.253,132.675,129,8,,,,,,1,1,1,2,0,,1,2023/6/13,9999-99-99,73446,0,0,0,0,0,,0
73516,御荘,ミショウ,MISHO,,,,32.963,132.57,12,,,,,,,1,0,0,0,0,,0,1974/11/1,1978/1/22,73516,1,1,1,1,1,,1
73516,御荘,ミショウ,MISHO,,,,32.963,132.57,12,6.5,,,,,,1,1,1,1,0,,0,1978/1/23,1986/11/5,73516,0,0,0,0,0,,0
73516,御荘,ミショウ,MISHO,,,,32.963,132.57,12,6.5,,,,,,1,1,1,1,0,,0,1986/11/6,2007/2/8,73516,0,0,0,1,0,,0
73516,御荘,ミショウ,MISHO,,,,32.963,132.57,12,10.1,,,,,,1,1,1,1,0,,0,2007/2/9,2009/3/16,73516,0,0,0,4,0,,0
73516,御荘,ミショウ,MISHO,,,,32.963,132.57,12,10.1,,,,,,1,1,1,1,0,,0,2009/3/17,2021/3/1,73516,0,4,4,0,0,,0
73516,御荘,ミショウ,MISHO,,,,32.963,132.57,12,10.1,,,,,,1,1,1,2,0,,0,2021/3/2,2023/6/13,73516,0,0,0,6,0,,0
73516,御荘,ミショウ,MISHO,,,,32.963,132.57,12,10,,,,,,1,1,1,2,0,,1,2023/6/14,9999-99-99,73516,0,0,0,0,0,,0
74056,本川,ホンガワ,HONGAWA,,,,33.727,133.307,600,6.5,,,,,,1,1,1,1,0,,0,1979/1/18,1987/10/20,74056,1,1,1,1,1,,1
74056,本川,ホンガワ,HONGAWA,,,,33.727,133.307,600,6.5,,,,,,1,1,1,1,0,,0,1987/10/21,1994/1/27,74056,0,0,0,1,0,,0
74056,本川,ホンガワ,HONGAWA,,,,33.765,133.338,560,6.5,,,,,,1,1,1,1,0,,0,1994/1/28,2009/2/4,74056,0,0,0,0,0,,0
74056,本川,ホンガワ,HONGAWA,,,,33.765,133.338,605,10.4,,,,,,1,1,1,1,0,,0,2009/2/5,2021/3/1,74056,0,4,4,4,0,,0
74056,本川,ホンガワ,HONGAWA,,,,33.765,133.338,605,10.4,,,,,,1,1,1,2,0,,0,2021/3/2,2023/5/10,74056,0,0,0,7,0,,0
74056,本川,ホンガワ,HONGAWA,,,,33.765,133.338,605,10.3,,,,,,1,1,1,2,0,,1,2023/5/11,9999-99-99,74056,0,0,0,0,0,,0
74071,本山,モトヤマ,MOTOYAMA,,,,33.76,133.603,250,,,,,,,1,0,0,0,0,,0,1974/11/1,1977/12/23,74071,1,1,1,1,1,,1
74071,本山,モトヤマ,MOTOYAMA,,,,33.76,133.603,250,6.5,,,,,,1,1,1,1,0,,0,1977/12/24,1987/5/15,74071,0,0,0,0,0,,0
74071,本山,モトヤマ,MOTOYAMA,,,,33.76,133.603,250,6.5,,,,,,1,1,1,1,0,,0,1987/5/16,2001/3/28,74071,0,0,0,1,0,,0
74071,本山,モトヤマ,MOTOYAMA,,,,33.753,133.575,252,9.4,,,,,,1,1,1,1,0,,0,2001/3/29,2008/1/28,74071,0,0,0,0,0,,0
74071,本山,モトヤマ,MOTOYAMA,,,,33.753,133.575,252,9.4,,,,,,1,1,1,1,0,,0,2008/1/29,2008/3/25,74071,0,0,0,4,0,,0
74071,本山,モトヤマ,MOTOYAMA,,,,33.753,133.575,252,9.4,,,,,,1,1,1,1,0,,0,2008/3/26,2021/3/1,74071,0,4,4,0,0,,0
74071,本山,モトヤマ,MOTOYAMA,,,,33.753,133.575,252,9.4,,,,,,1,1,1,2,0,,0,2021/3/2,2022/11/27,74071,0,0,0,6,0,,0
74071,本山,モトヤマ,MOTOYAMA,,,,33.753,133.575,252,9.3,,,,,,1,1,1,2,0,,1,2022/11/28,9999-99-99,74071,0,0,0,0,0,,0
74101,池川,イケガワ,IKEGAWA,,,,33.607,133.17,141,,,,,,,1,0,0,0,0,,0,1977/7/28,9999-99-99,74101,1,1,1,1,1,,1
74126,繁藤,シゲトウ,SHIGETO,,,,33.678,133.685,350,,,,,,,1,0,0,0,0,,0,1974/11/1,2000/2/28,74126,1,1,1,1,1,,1
74126,繁藤,シゲトウ,SHIGETO,,,,33.678,133.685,346,,,,,,,1,0,0,0,0,,0,2000/2/29,9999-99-99,74126,0,0,0,0,0,,0
74136,大栃,オオドチ,ODOCHI,,,,33.698,133.875,210,6.5,,,,,,1,1,1,1,0,,0,1977/12/20,1986/10/24,74136,1,1,1,1,1,,1
74136,大栃,オオドチ,ODOCHI,,,,33.698,133.875,210,6.5,,,,,,1,1,1,1,0,,0,1986/10/25,2008/1/23,74136,0,0,0,1,0,,0
74136,大栃,オオドチ,ODOCHI,,,,33.698,133.875,210,6.5,,,,,,1,1,1,1,0,,0,2008/1/24,2008/3/25,74136,0,0,0,4,0,,0
74136,大栃,オオドチ,ODOCHI,,,,33.698,133.875,210,6.5,,,,,,1,1,1,1,0,,0,2008/3/26,2021/3/1,74136,0,4,4,0,0,,0
74136,大栃,オオドチ,ODOCHI,,,,33.698,133.875,210,6.5,,,,,,1,1,1,2,0,,0,2021/3/2,2023/4/25,74136,0,0,0,6,0,,0
74136,大栃,オオドチ,ODOCHI,,,,33.698,133.875,210,6.4,,,,,,1,1,1,2,0,,1,2023/4/26,9999-99-99,74136,0,0,0,0,0,,0
74151,魚梁瀬,ヤナセ,YANASE,,,,33.615,134.108,450,,,,,,,1,0,0,0,0,,0,1978/10/25,9999-99-99,74151,1,1,1,1,1,,1
74166,佐川,サカワ,SAKAWA,,,,33.512,133.272,80,,,,,,,1,0,0,0,0,,0,1974/11/1,9999-99-99,74166,1,1,1,1,1,,1
74176,成山,ナリヤマ,NARIYAMA,,,,33.592,133.4,737,,,,,,,1,0,0,0,0,,0,1974/11/1,2005/1/31,74176,1,1,1,1,1,,1
74176,成山,ナルヤマ,NARUYAMA,,,,33.592,133.4,737,,,,,,,1,0,0,0,0,,0,2005/2/1,2009/11/20,74176,0,0,0,0,0,,0
74181,高知,コウチ,KOCHI,,,,33.567,133.548,1,,,,,,,1,0,0,0,0,,0,1974/11/1,1975/12/15,74181,1,1,1,1,1,,1
74181,高知,コウチ,KOCHI,,,,33.567,133.548,1,15.4,,,,,,1,1,1,1,0,,0,1975/12/16,1986/12/31,74181,0,0,0,0,0,,0
74181,高知,コウチ,KOCHI,,,,33.567,133.548,1,15.4,,,,,,1,1,1,1,0,,0,1987/1/1,1999/12/20,74181,0,0,0,1,0,,0
74181,高知,コウチ,KOCHI,,,,33.567,133.548,1,15.3,,,,,,1,1,1,1,0,,0,1999/12/21,2008/3/25,74181,0,0,0,0,0,,0
74181,高知,コウチ,KOCHI,,,,33.567,133.548,1,15.3,,,,,,1,1,1,1,0,,0,2008/3/26,2012/12/12,74181,0,4,4,0,0,,0
74181,高知,コウチ,KOCHI,,,,33.567,133.548,1,15.5,,,,,,1,1,1,1,0,,0,2012/12/13,2012/12/17,74181,0,0,0,0,0,,0
74181,高知,コウチ,KOCHI,高知,コウチ,KOCHI,33.567,133.548,1,15.5,,,33.567,133.548,1,1,1,1,1,1,,0,2012/12/18,2021/3/1,74181,0,0,0,0,0,,0
74181,高知,コウチ,KOCHI,高知,コウチ,KOCHI,33.567,133.548,1,15.5,,,33.567,133.548,1,1,1,1,1,1,,1,2021/3/2,2023/3/2,74181,0,0,0,0,0,,0
74182,高知,コウチ,KOCHI,高知,コウチ,KOCHI,33.567,133.548,1,58.8,,,33.567,133.548,1,1,1,1,1,1,,1,2023/3/2,9999-99-99,74181,0,1,0,0,0,,0
74186,南国,ナンゴク,NANGOKU,,,,33.593,133.643,10,,,,,,,1,0,0,0,0,,0,1974/11/1,1977/12/19,74186,1,1,1,1,1,,1
74186,南国,ナンゴク,NANGOKU,,,,33.593,133.643,10,/////,,,,,,1,1,1,1,0,,0,1977/12/20,1978/3/12,74186,0,0,0,0,0,,0
74187,後免,ゴメン,GOMEN,,,,33.59,133.643,10,6.5,,,,,,1,1,1,1,0,,0,1978/3/13,1987/9/28,74187,1,1,1,1,1,,1
74187,後免,ゴメン,GOMEN,,,,33.59,133.643,10,6.5,,,,,,1,1,1,1,0,,0,1987/9/29,1990/6/19,74187,0,0,0,1,0,,0
74187,後免,ゴメン,GOMEN,,,,33.59,133.643,12,6.5,,,,,,1,1,1,1,0,,0,1990/6/20,2009/2/25,74187,0,0,0,0,0,,0
74187,後免,ゴメン,GOMEN,,,,33.59,133.643,12,6.5,,,,,,1,1,1,1,0,,0,2009/2/26,2021/3/1,74187,0,4,4,4,0,,0
74187,後免,ゴメン,GOMEN,,,,33.59,133.643,12,6.5,,,,,,1,1,1,2,0,,0,2021/3/2,2023/4/24,74187,0,0,0,6,0,,0
74187,後免,ゴメン,GOMEN,,,,33.59,133.643,12,6.4,,,,,,1,1,1,2,0,,1,2023/4/25,9999-99-99,74187,0,0,0,0,0,,0
74188,南国日章,ナンコクニッショウ,NANKOKU-NISSHO,,,,33.545,133.668,9,8.3,,,,,,1,1,1,0,0,,0,2003/1/1,2009/1/29,74188,1,1,1,1,1,,1
74188,南国日章,ナンコクニッショウ,NANKOKU-NISSHO,,,,33.545,133.668,9,8.3,,,,,,1,1,1,0,0,,0,2009/1/30,2019/12/4,74188,0,4,4,0,0,,0
74188,南国日章,ナンコクニッショウ,NANKOKU-NISSHO,,,,33.545,133.668,9,10.2,,,,,,1,1,1,0,0,,0,2019/12/5,9999-99-99,74188,0,0,0,0,0,,0
74196,芸西,ゲイセイ,GEISEI,,,,33.552,133.838,420,,,,,,,1,0,0,0,0,,0,1974/11/1,2009/11/20,74196,1,1,1,1,1,,1
74236,鳥形山,トリガタヤマ,TORIGATAYAMA,,,,33.485,133.082,1050,,,,,,,1,0,0,0,0,,0,1974/11/1,1978/3/30,74236,1,1,1,1,1,,1
74236,鳥形山,トリガタヤマ,TORIGATAYAMA,,,,33.49,133.067,1340,,,,,,,1,0,0,0,0,,0,1978/3/31,2010/3/17,74236,0,0,0,0,0,,0
74237,船戸,フナト,FUNATO,,,,33.417,133.09,400,,,,,,,1,0,0,0,0,,0,1974/11/1,2007/3/21,74237,1,1,1,1,1,,1
74237,船戸,フナト,FUNATO,,,,33.417,133.088,426,,,,,,,1,0,0,0,0,,0,2007/3/22,2012/8/29,74237,0,0,0,0,0,,0
74237,船戸,フナト,FUNATO,,,,33.417,133.088,428,,,,,,,1,0,0,0,0,,0,2012/8/30,2022/3/1,74237,0,0,0,0,0,,0
74237,船戸,フナト,FUNATO,,,,33.417,133.088,425,,,,,,,1,0,0,0,0,,0,2022/3/2,9999-99-99,74237,0,0,0,0,0,,0
74238,鳥形山,トリガタヤマ,TORIGATAYAMA,,,,33.48,133.083,835,,,,,,,1,0,0,0,0,,0,2010/3/17,9999-99-99,74238,1,1,1,1,1,,1
74271,安芸,アキ,AKI,,,,33.488,133.933,6,,,,,,,1,0,0,0,0,,0,1974/11/1,1977/12/19,74271,1,1,1,1,1,,1
74271,安芸,アキ,AKI,,,,33.488,133.933,6,6.5,,,,,,1,1,1,1,0,,0,1977/12/20,1987/12/7,74271,0,0,0,0,0,,0
74271,安芸,アキ,AKI,,,,33.488,133.933,6,6.5,,,,,,1,1,1,1,0,,0,1987/12/8,2007/1/25,74271,0,0,0,1,0,,0
74271,安芸,アキ,AKI,,,,33.488,133.933,6,6.5,,,,,,1,1,1,1,0,,0,2007/1/26,2009/3/2,74271,0,0,0,4,0,,0
74271,安芸,アキ,AKI,,,,33.488,133.933,6,6.5,,,,,,1,1,1,1,0,,0,2009/3/3,2021/3/1,74271,0,4,4,0,0,,0
74271,安芸,アキ,AKI,,,,33.488,133.933,6,6.5,,,,,,1,1,1,2,0,,0,2021/3/2,2021/11/28,74271,0,0,0,6,0,,0
74271,安芸,アキ,AKI,,,,33.488,133.933,6,6.4,,,,,,1,1,1,2,0,,1,2021/11/29,9999-99-99,74271,0,0,0,0,0,,0
74276,田野,タノ,TANO,,,,33.428,134.01,5,,,,,,,1,0,0,0,0,,0,1975/4/28,2010/2/11,74276,1,1,1,1,1,,1
74276,田野,タノ,TANO,,,,33.427,134.007,17,,,,,,,1,0,0,0,0,,0,2010/2/12,9999-99-99,74276,0,0,0,0,0,,0
74296,梼原,ユスハラ,YUSUHARA,,,,33.39,132.922,415,,,,,,,1,0,0,0,0,,0,1975/4/23,1977/12/21,74296,1,1,1,1,1,,1
74296,梼原,ユスハラ,YUSUHARA,,,,33.39,132.922,415,6.5,,,,,,1,1,1,1,0,,0,1977/12/22,1987/12/16,74296,0,0,0,0,0,,0
74296,梼原,ユスハラ,YUSUHARA,,,,33.39,132.922,415,6.5,,,,,,1,1,1,1,0,,0,1987/12/17,2008/2/5,74296,0,0,0,1,0,,0
74296,梼原,ユスハラ,YUSUHARA,,,,33.39,132.922,415,6.5,,,,,,1,1,1,1,0,,0,2008/2/6,2008/3/25,74296,0,0,0,4,0,,0
74296,梼原,ユスハラ,YUSUHARA,,,,33.39,132.922,415,6.5,,,,,,1,1,1,1,0,,0,2008/3/26,2021/3/1,74296,0,4,4,0,0,,0
74296,梼原,ユスハラ,YUSUHARA,,,,33.39,132.922,415,6.5,,,,,,1,1,1,2,0,,0,2021/3/2,2023/6/11,74296,0,0,0,6,0,,0
74296,梼原,ユスハラ,YUSUHARA,,,,33.39,132.922,415,6.4,,,,,,1,1,1,2,0,,1,2023/6/12,9999-99-99,74296,0,0,0,0,0,,0
74311,須崎,スサキ,SUSAKI,,,,33.392,133.288,3,,,,,,,1,0,0,0,0,,0,1974/11/1,1977/12/21,74311,1,1,1,1,1,,1
74311,須崎,スサキ,SUSAKI,,,,33.392,133.288,3,13,,,,,,1,1,1,1,0,,0,1977/12/22,1986/12/5,74311,0,0,0,0,0,,0
74311,須崎,スサキ,SUSAKI,,,,33.392,133.288,3,13,,,,,,1,1,1,1,0,,0,1986/12/6,1993/2/21,74311,0,0,0,1,0,,0
74311,須崎,スサキ,SUSAKI,,,,33.385,133.277,4,6.5,,,,,,1,1,1,1,0,,0,1993/2/22,2008/1/31,74311,0,0,0,0,0,,0
74311,須崎,スサキ,SUSAKI,,,,33.385,133.277,4,6.5,,,,,,1,1,1,1,0,,0,2008/2/1,2008/3/25,74311,0,0,0,4,0,,0
74311,須崎,スサキ,SUSAKI,,,,33.385,133.277,4,6.5,,,,,,1,1,1,1,0,,0,2008/3/26,2021/3/1,74311,0,4,4,0,0,,0
74311,須崎,スサキ,SUSAKI,,,,33.385,133.277,4,6.5,,,,,,1,1,1,2,0,,0,2021/3/2,2023/5/11,74311,0,0,0,6,0,,0
74311,須崎,スサキ,SUSAKI,,,,33.385,133.277,4,6.4,,,,,,1,1,1,2,0,,1,2023/5/12,9999-99-99,74311,0,0,0,0,0,,0
74336,佐喜浜,サキハマ,SAKIHAMA,,,,33.398,134.205,20,,,,,,,1,0,0,0,0,,0,1974/11/1,1989/10/30,74336,1,1,1,1,1,,1
74336,佐喜浜,サキハマ,SAKIHAMA,,,,33.393,134.205,12,,,,,,,1,0,0,0,0,,0,1989/10/31,2019/11/6,74336,0,0,0,0,0,,0
74336,佐喜浜,サキハマ,SAKIHAMA,,,,33.412,134.198,26,,,,,,,1,0,0,0,0,,0,2019/11/7,9999-99-99,74336,0,0,0,0,0,,0
74361,窪川,クボカワ,KUBOKAWA,,,,33.212,133.14,210,,,,,,,1,0,0,0,0,,0,1974/11/1,1977/12/22,74361,1,1,1,1,1,,1
74361,窪川,クボカワ,KUBOKAWA,,,,33.212,133.14,210,6.5,,,,,,1,1,1,1,0,,0,1977/12/23,1986/6/4,74361,0,0,0,0,0,,0
74361,窪川,クボカワ,KUBOKAWA,,,,33.212,133.14,210,6.5,,,,,,1,1,1,1,0,,0,1986/6/5,1992/2/9,74361,0,0,0,1,0,,0
74361,窪川,クボカワ,KUBOKAWA,,,,33.207,133.128,205,6.5,,,,,,1,1,1,1,0,,0,1992/2/10,2007/1/29,74361,0,0,0,0,0,,0
74361,窪川,クボカワ,KUBOKAWA,,,,33.207,133.128,205,6.5,,,,,,1,1,1,1,0,,0,2007/1/30,2009/3/5,74361,0,0,0,4,0,,0
74361,窪川,クボカワ,KUBOKAWA,,,,33.207,133.128,205,6.5,,,,,,1,1,1,1,0,,0,2009/3/6,2021/3/1,74361,0,4,4,0,0,,0
74361,窪川,クボカワ,KUBOKAWA,,,,33.207,133.128,205,6.5,,,,,,1,1,1,2,0,,0,2021/3/2,2021/11/24,74361,0,0,0,6,0,,0
74361,窪川,クボカワ,KUBOKAWA,,,,33.207,133.128,205,6.4,,,,,,1,1,1,2,0,,1,2021/11/25,9999-99-99,74361,0,0,0,0,0,,0
74371,室戸岬,ムロトミサキ,MUROTOMISAKI,,,,33.252,134.177,185,,,,,,,1,0,0,0,0,,0,1974/11/1,1975/3/23,74371,1,1,1,1,1,,1
74371,室戸岬,ムロトミサキ,MUROTOMISAKI,,,,33.252,134.177,185,41.8,,,,,,1,1,1,1,0,,0,1975/3/24,1986/12/31,74371,0,0,0,0,0,,0
74371,室戸岬,ムロトミサキ,MUROTOMISAKI,,,,33.252,134.177,185,41.8,,,,,,1,1,1,1,0,,0,1987/1/1,2006/11/28,74371,0,0,0,1,0,,0
74372,室戸岬,ムロトミサキ,MUROTOMISAKI,,,,33.252,134.177,185,21.8,,,,,,1,1,1,1,0,,0,2006/11/28,2008/3/25,74371,0,1,0,0,0,,0
74372,室戸岬,ムロトミサキ,MUROTOMISAKI,,,,33.252,134.177,185,21.8,,,,,,1,1,1,1,0,,0,2008/3/26,2021/3/1,74372,0,4,4,0,0,,0
74372,室戸岬,ムロトミサキ,MUROTOMISAKI,,,,33.252,134.177,185,21.8,,,,,,1,1,1,1,0,,1,2021/3/2,2022/7/25,74372,0,0,0,0,0,,0
74372,室戸岬,ムロトミサキ,MUROTOMISAKI,,,,33.252,134.177,185,20.8,,,,,,1,1,1,1,0,,1,2022/7/26,9999-99-99,74372,0,0,0,0,0,,0
74381,江川崎,エカワサキ,EKAWASAKI,,,,33.172,132.792,60,6.5,,,,,,1,1,1,1,0,,0,1977/12/26,1987/12/10,74381,1,1,1,1,1,,1
74381,江川崎,エカワサキ,EKAWASAKI,,,,33.172,132.792,60,6.5,,,,,,1,1,1,1,0,,0,1987/12/11,2007/2/5,74381,0,0,0,1,0,,0
74381,江川崎,エカワサキ,EKAWASAKI,,,,33.172,132.792,60,6.5,,,,,,1,1,1,1,0,,0,2007/2/6,2008/12/16,74381,0,0,0,4,0,,0
74381,江川崎,エカワサキ,EKAWASAKI,,,,33.172,132.792,60,6.5,,,,,,1,1,1,1,0,,0,2008/12/17,2010/2/18,74381,0,4,4,0,0,,0
74381,江川崎,エカワサキ,EKAWASAKI,,,,33.17,132.792,72,10,,,,,,1,1,1,1,0,,0,2010/2/19,2021/3/1,74381,0,0,0,0,0,,0
74381,江川崎,エカワサキ,EKAWASAKI,,,,33.17,132.792,72,10,,,,,,1,1,1,2,0,,0,2021/3/2,2022/12/11,74381,0,0,0,6,0,,0
74381,江川崎,エカワサキ,EKAWASAKI,,,,33.17,132.792,72,9.9,,,,,,1,1,1,2,0,,1,2022/12/12,9999-99-99,74381,0,0,0,0,0,,0
74386,堂ケ森,ドウガモリ,DOGAMORI,,,,33.158,132.877,857,,,,,,,1,0,0,0,0,,0,1974/11/1,2005/10/17,74386,1,1,1,1,1,,1
74391,大正,タイショウ,TAISHO,,,,33.195,132.975,152,,,,,,,1,0,0,0,0,,0,1974/11/1,2010/3/9,74391,1,1,1,1,1,,1
74391,大正,タイショウ,TAISHO,,,,33.193,132.972,150,,,,,,,1,0,0,0,0,,0,2010/3/10,9999-99-99,74391,0,0,0,0,0,,0
74436,佐賀,サガ,SAGA,,,,33.078,133.102,3,6.5,,,,,,1,1,1,1,0,,0,1977/12/23,1987/4/13,74436,1,1,1,1,1,,1
74436,佐賀,サガ,SAGA,,,,33.078,133.102,3,6.5,,,,,,1,1,1,1,0,,0,1987/4/14,2008/1/21,74436,0,0,0,1,0,,0
74436,佐賀,サガ,SAGA,,,,33.078,133.102,3,6.5,,,,,,1,1,1,1,0,,0,2008/1/22,2008/3/25,74436,0,0,0,4,0,,0
74436,佐賀,サガ,SAGA,,,,33.078,133.102,3,6.5,,,,,,1,1,1,1,0,,0,2008/3/26,2021/3/1,74436,0,4,4,0,0,,0
74436,佐賀,サガ,SAGA,,,,33.078,133.102,3,6.5,,,,,,1,1,1,2,0,,0,2021/3/2,2022/11/30,74436,0,0,0,6,0,,0
74436,佐賀,サガ,SAGA,,,,33.078,133.102,3,6.4,,,,,,1,1,1,2,0,,1,2022/12/1,9999-99-99,74436,0,0,0,0,0,,0
74446,宿毛,スクモ,SUKUMO,,,,32.923,132.698,49,,,,,,,1,0,0,0,0,,0,1974/11/1,1975/12/12,74446,1,1,1,1,1,,1
74446,宿毛,スクモ,SUKUMO,,,,32.923,132.698,49,14.1,,,,,,1,1,1,1,0,,0,1975/12/13,1982/4/1,74446,0,0,0,0,0,,0
74447,宿毛,スクモ,SUKUMO,,,,32.92,132.695,2,17.9,,,,,,1,1,1,1,0,,0,1982/4/1,1988/12/31,74446,0,0,0,0,0,,0
74447,宿毛,スクモ,SUKUMO,,,,32.92,132.695,2,17.9,,,,,,1,1,1,1,0,,0,1989/1/1,2001/2/5,74447,0,0,0,1,0,,0
74447,宿毛,スクモ,SUKUMO,,,,32.92,132.695,2,17.8,,,,,,1,1,1,1,0,,0,2001/2/6,2008/3/25,74447,0,0,0,0,0,,0
74447,宿毛,スクモ,SUKUMO,,,,32.92,132.695,2,17.8,,,,,,1,1,1,1,0,,0,2008/3/26,2014/11/5,74447,0,4,4,0,0,,0
74447,宿毛,スクモ,SUKUMO,,,,32.92,132.695,2,17.2,,,,,,1,1,1,1,0,,0,2014/11/6,2021/3/1,74447,0,0,0,0,0,,0
74447,宿毛,スクモ,SUKUMO,,,,32.92,132.695,2,17.2,,,,,,1,1,1,1,0,,1,2021/3/2,9999-99-99,74447,0,0,0,0,0,,0
74456,中村,ナカムラ,NAKAMURA,,,,32.99,132.92,8,,,,,,,1,0,0,0,0,,0,1974/11/1,1976/2/16,74456,1,1,1,1,1,,1
74456,中村,ナカムラ,NAKAMURA,,,,32.99,132.92,8,6.5,,,,,,1,1,1,1,0,,0,1976/2/17,1987/12/10,74456,0,0,0,0,0,,0
74456,中村,ナカムラ,NAKAMURA,,,,32.99,132.92,8,6.5,,,,,,1,1,1,1,0,,0,1987/12/11,2007/2/1,74456,0,0,0,1,0,,0
74456,中村,ナカムラ,NAKAMURA,,,,32.99,132.92,8,6.5,,,,,,1,1,1,1,0,,0,2007/2/2,2008/12/17,74456,0,0,0,4,0,,0
74456,中村,ナカムラ,NAKAMURA,,,,32.99,132.92,8,6.5,,,,,,1,1,1,1,0,,0,2008/12/18,2021/3/1,74456,0,4,4,0,0,,0
74456,中村,ナカムラ,NAKAMURA,,,,32.99,132.92,8,6.5,,,,,,1,1,1,2,0,,0,2021/3/2,2023/6/14,74456,0,0,0,6,0,,0
74456,中村,ナカムラ,NAKAMURA,,,,32.99,132.92,8,6.4,,,,,,1,1,1,2,0,,1,2023/6/15,9999-99-99,74456,0,0,0,0,0,,0
74506,三崎,ミサキ,MISAKI,,,,32.795,132.872,9,,,,,,,1,0,0,0,0,,0,2005/10/17,9999-99-99,74506,1,1,1,1,1,,1
74516,足摺,アシズリ,ASHIZURI,,,,32.722,133.01,31,,,,,,,1,0,0,0,0,,0,1974/11/1,1975/3/19,74516,1,1,1,1,1,,1
74516,足摺,アシズリ,ASHIZURI,,,,32.722,133.01,31,13.6,,,,,,1,1,1,1,0,,0,1975/3/20,1985/12/31,74516,0,0,0,0,0,,0
74516,足摺,アシズリ,ASHIZURI,,,,32.722,133.01,31,13.6,,,,,,1,1,1,1,0,,0,1986/1/1,1995/3/31,74516,0,0,0,1,0,,0
74516,清水,シミズ,SHIMIZU,,,,32.722,133.01,31,13.6,,,,,,1,1,1,1,0,,0,1995/4/1,2008/3/25,74516,0,0,0,0,0,,0
74516,清水,シミズ,SHIMIZU,,,,32.722,133.01,31,13.6,,,,,,1,1,1,1,0,,0,2008/3/26,2009/11/17,74516,0,4,4,0,0,,0
74516,清水,シミズ,SHIMIZU,,,,32.722,133.01,31,14.7,,,,,,1,1,1,1,0,,0,2009/11/18,2021/3/1,74516,0,0,0,0,0,,0
74516,清水,シミズ,SHIMIZU,,,,32.722,133.01,31,14.7,,,,,,1,1,1,1,0,,1,2021/3/2,9999-99-99,74516,0,0,0,0,0,,0
81011,須佐,スサ,SUSA,,,,34.617,131.6,4,,,,,,,1,0,0,0,0,,0,1974/11/1,1977/3/6,81011,1,1,1,1,1,,1
81011,須佐,スサ,SUSA,,,,34.617,131.6,4,6.5,,,,,,1,1,1,1,0,,0,1977/3/7,1986/3/11,81011,0,0,0,0,0,,0
81011,須佐,スサ,SUSA,,,,34.617,131.6,4,6.5,,,,,,1,1,1,1,0,,0,1986/3/12,1994/1/24,81011,0,0,0,1,0,,0
81011,須佐,スサ,SUSA,,,,34.615,131.623,50,6.5,,,,,,1,1,1,1,0,,0,1994/1/25,2008/1/10,81011,0,0,0,0,0,,0
81011,須佐,スサ,SUSA,,,,34.615,131.623,50,6.5,,,,,,1,1,1,1,0,,0,2008/1/11,2008/3/25,81011,0,0,0,4,0,,0
81011,須佐,スサ,SUSA,,,,34.615,131.623,50,6.5,,,,,,1,1,1,1,0,,0,2008/3/26,2021/3/1,81011,0,4,4,0,0,,0
81011,須佐,スサ,SUSA,,,,34.615,131.623,50,6.5,,,,,,1,1,1,2,0,,0,2021/3/2,2022/11/8,81011,0,0,0,6,0,,0
81011,須佐,スサ,SUSA,,,,34.615,131.623,50,6.4,,,,,,1,1,1,2,0,,1,2022/11/9,9999-99-99,81011,0,0,0,0,0,,0
81071,萩,ハギ,HAGI,,,,34.415,131.392,6,,,,,,,1,0,0,0,0,,0,1974/11/1,1975/3/31,81071,1,1,1,1,1,,1
81071,萩,ハギ,HAGI,,,,34.415,131.392,6,18.1,,,,,,1,1,1,1,0,,0,1975/4/1,1986/12/31,81071,0,0,0,0,0,,0
81071,萩,ハギ,HAGI,,,,34.415,131.392,6,18.1,,,,,,1,1,1,1,0,,0,1987/1/1,2001/2/6,81071,0,0,0,1,0,,0
81071,萩,ハギ,HAGI,,,,34.415,131.392,6,18,,,,,,1,1,1,1,0,,0,2001/2/7,2006/3/23,81071,0,0,0,0,0,,0
81071,萩,ハギ,HAGI,,,,34.41,131.405,2,11,,,,,,1,1,1,1,0,,0,2006/3/24,2008/3/25,81071,0,0,0,0,0,,0
81071,萩,ハギ,HAGI,,,,34.41,131.405,2,11,,,,,,1,1,1,1,0,,0,2008/3/26,2013/11/20,81071,0,4,4,0,0,,0
81071,萩,ハギ,HAGI,,,,34.41,131.405,2,11.1,,,,,,1,1,1,1,0,,0,2013/11/21,2021/3/1,81071,0,0,0,0,0,,0
81071,萩,ハギ,HAGI,,,,34.41,131.405,2,11.1,,,,,,1,1,1,1,0,,1,2021/3/2,9999-99-99,81071,0,0,0,0,0,,0
81116,油谷,ユヤ,YUYA,,,,34.367,131.043,8,,,,,,,1,0,0,0,0,,0,1975/4/25,1977/3/7,81116,1,1,1,1,1,,1
81116,油谷,ユヤ,YUYA,,,,34.367,131.043,8,8,,,,,,1,1,1,1,0,,0,1977/3/8,1986/6/8,81116,0,0,0,0,0,,0
81116,油谷,ユヤ,YUYA,,,,34.367,131.043,8,8,,,,,,1,1,1,1,0,,0,1986/6/9,2006/11/20,81116,0,0,0,1,0,,0
81116,油谷,ユヤ,YUYA,,,,34.37,131.055,20,10,,,,,,1,1,1,1,0,,0,2006/11/21,2009/3/3,81116,0,0,0,4,0,,0
81116,油谷,ユヤ,YUYA,,,,34.37,131.055,20,10,,,,,,1,1,1,1,0,,0,2009/3/4,2021/3/1,81116,0,4,4,0,0,,0
81116,油谷,ユヤ,YUYA,,,,34.37,131.055,20,10,,,,,,1,1,1,2,0,,0,2021/3/2,2022/11/21,81116,0,0,0,6,0,,0
81116,油谷,ユヤ,YUYA,,,,34.37,131.055,20,9.9,,,,,,1,1,1,2,0,,1,2022/11/22,9999-99-99,81116,0,0,0,0,0,,0
81141,篠生,シノブ,SHINOBU,,,,34.303,131.577,205,,,,,,,1,0,0,0,0,,0,1980/11/15,2021/12/6,81141,1,1,1,1,1,,1
81146,篠生,シノブ,SHINOBU,,,,34.338,131.627,264,,,,,,,1,0,0,0,0,,0,2021/12/7,9999-99-99,81146,1,1,1,1,1,,1
81151,徳佐,トクサ,TOKUSA,,,,34.398,131.725,310,,,,,,,1,0,0,0,0,,0,1974/11/1,1977/3/3,81151,1,1,1,1,1,,1
81151,徳佐,トクサ,TOKUSA,,,,34.398,131.725,310,6.5,,,,,,1,1,1,1,0,,0,1977/3/4,1986/6/3,81151,0,0,0,0,0,,0
81151,徳佐,トクサ,TOKUSA,,,,34.398,131.725,310,6.5,,,,,,1,1,1,1,0,,0,1986/6/4,2006/11/6,81151,0,0,0,1,0,,0
81151,徳佐,トクサ,TOKUSA,,,,34.398,131.725,310,6.5,,,,,,1,1,1,1,0,,0,2006/11/7,2009/3/10,81151,0,0,0,4,0,,0
81151,徳佐,トクサ,TOKUSA,,,,34.398,131.725,310,6.5,,,,,,1,1,1,1,0,,0,2009/3/11,2021/3/1,81151,0,4,4,0,0,,0
81151,徳佐,トクサ,TOKUSA,,,,34.398,131.725,310,6.5,,,,,,1,1,1,2,0,,0,2021/3/2,2022/9/20,81151,0,0,0,6,0,,0
81151,徳佐,トクサ,TOKUSA,,,,34.398,131.725,310,10.3,,,,,,1,1,1,2,0,,0,2022/9/21,2022/11/9,81151,0,0,0,0,0,,0
81151,徳佐,トクサ,TOKUSA,,,,34.398,131.725,310,10.2,,,,,,1,1,1,2,0,,1,2022/11/10,9999-99-99,81151,0,0,0,0,0,,0
81167,羅漢山,ラカンザン,RAKANZAN,,,,34.35,132.063,945,,,,,,,1,0,0,0,0,,0,1976/6/3,9999-99-99,81167,1,1,1,1,1,,1
81191,鍋提峠,ナベサゲトウゲ,NABESAGETOGE,,,,34.265,131.095,400,,,,,,,1,0,0,0,0,,0,1974/11/1,2009/11/20,81191,1,1,1,1,1,,1
81196,秋吉台,アキヨシダイ,AKIYOSHIDAI,,,,34.233,131.287,240,,,,,,,1,0,0,0,0,,0,1974/11/1,1977/3/9,81196,1,1,1,1,1,,1
81196,秋吉台,アキヨシダイ,AKIYOSHIDAI,,,,34.233,131.287,240,6.5,,,,,,1,1,1,1,0,,0,1977/3/10,1986/4/27,81196,0,0,0,0,0,,0
81196,秋吉台,アキヨシダイ,AKIYOSHIDAI,,,,34.233,131.287,240,6.5,,,,,,1,1,1,1,0,,0,1986/4/28,1998/3/30,81196,0,0,0,1,0,,0
81196,秋吉台,アキヨシダイ,AKIYOSHIDAI,,,,34.235,131.307,240,6.5,,,,,,1,1,1,1,0,,0,1998/3/31,2008/3/17,81196,0,0,0,0,0,,0
81196,秋吉台,アキヨシダイ,AKIYOSHIDAI,,,,34.235,131.307,240,10,,,,,,1,1,1,1,0,,0,2008/3/18,2008/3/25,81196,0,0,0,4,0,,0
81196,秋吉台,アキヨシダイ,AKIYOSHIDAI,,,,34.235,131.307,240,10,,,,,,1,1,1,1,0,,0,2008/3/26,2021/3/1,81196,0,4,4,0,0,,0
81196,秋吉台,アキヨシダイ,AKIYOSHIDAI,,,,34.235,131.307,240,10,,,,,,1,1,1,2,0,,0,2021/3/2,2022/11/27,81196,0,0,0,6,0,,0
81196,秋吉台,アキヨシダイ,AKIYOSHIDAI,,,,34.235,131.307,240,9.9,,,,,,1,1,1,2,0,,1,2022/11/28,9999-99-99,81196,0,0,0,0,0,,0
81211,瀬戸原,セトバラ,SETOBARA,,,,34.215,131.582,338,,,,,,,1,0,0,0,0,,0,1974/11/1,1980/11/1,81211,1,1,1,1,1,,1
81227,長野山,ナガノヤマ,NAGANOYAMA,,,,34.278,131.882,970,,,,,,,1,0,0,0,0,,0,1976/6/3,2010/3/9,81227,1,1,1,1,1,,1
81228,鹿野,カノ,KANO,,,,34.225,131.815,368,,,,,,,1,0,0,0,0,,0,2010/3/9,9999-99-99,81228,1,1,1,1,1,,1
81231,広瀬,ヒロセ,HIROSE,,,,34.258,131.953,130,,,,,,,1,0,0,0,0,,0,1974/11/1,1976/2/23,81231,1,1,1,1,1,,1
81231,広瀬,ヒロセ,HIROSE,,,,34.258,131.953,130,6.5,,,,,,1,1,1,1,0,,0,1976/2/24,1986/4/14,81231,0,0,0,0,0,,0
81231,広瀬,ヒロセ,HIROSE,,,,34.258,131.953,130,6.5,,,,,,1,1,1,1,0,,0,1986/4/15,2002/3/28,81231,0,0,0,1,0,,0
81231,広瀬,ヒロセ,HIROSE,,,,34.262,131.958,93,7.8,,,,,,1,1,1,1,0,,0,2002/3/29,2005/3/23,81231,0,0,0,0,0,,0
81231,広瀬,ヒロセ,HIROSE,,,,34.262,131.952,97,6.5,,,,,,1,1,1,1,0,,0,2005/3/24,2005/12/8,81231,0,0,0,0,0,,0
81231,広瀬,ヒロセ,HIROSE,,,,34.262,131.952,97,6.4,,,,,,1,1,1,1,0,,0,2005/12/9,2009/2/2,81231,0,0,0,4,0,,0
81231,広瀬,ヒロセ,HIROSE,,,,34.262,131.952,97,6.4,,,,,,1,1,1,1,0,,0,2009/2/3,2021/3/1,81231,0,4,4,0,0,,0
81231,広瀬,ヒロセ,HIROSE,,,,34.262,131.952,97,6.4,,,,,,1,1,1,2,0,,0,2021/3/2,2021/3/3,81231,0,0,0,6,0,,0
81231,広瀬,ヒロセ,HIROSE,,,,34.262,131.952,97,10.2,,,,,,1,1,1,2,0,,0,2021/3/4,2021/12/13,81231,0,0,0,0,0,,0
81231,広瀬,ヒロセ,HIROSE,,,,34.262,131.952,97,10.1,,,,,,1,1,1,2,0,,1,2021/12/14,9999-99-99,81231,0,0,0,0,0,,0
81266,西市,ニシイチ,NISHIICHI,,,,34.187,131.077,40,,,,,,,1,0,0,0,0,,0,1974/11/1,1977/3/10,81266,1,1,1,1,1,,1
81266,西市,ニシイチ,NISHIICHI,,,,34.187,131.077,40,6.5,,,,,,1,1,1,1,0,,0,1977/3/11,1986/5/19,81266,0,0,0,0,0,,0
81266,西市,ニシイチ,NISHIICHI,,,,34.187,131.077,40,6.5,,,,,,1,1,1,1,0,,0,1986/5/20,2005/2/28,81266,0,0,0,1,0,,0
81266,豊田,トヨタ,TOYOTA,,,,34.187,131.077,40,6.5,,,,,,1,1,1,1,0,,0,2005/3/1,2006/11/27,81266,0,0,0,0,0,,0
81266,豊田,トヨタ,TOYOTA,,,,34.187,131.077,40,6.5,,,,,,1,1,1,1,0,,0,2006/11/28,2009/3/6,81266,0,0,0,4,0,,0
81266,豊田,トヨタ,TOYOTA,,,,34.187,131.077,40,6.5,,,,,,1,1,1,1,0,,0,2009/3/7,2021/3/1,81266,0,4,4,0,0,,0
81266,豊田,トヨタ,TOYOTA,,,,34.187,131.077,40,6.5,,,,,,1,1,1,2,0,,0,2021/3/2,2021/3/22,81266,0,0,0,6,0,,0
81266,豊田,トヨタ,TOYOTA,,,,34.187,131.077,40,10,,,,,,1,1,1,2,0,,0,2021/3/23,2022/11/20,81266,0,0,0,0,0,,0
81266,豊田,トヨタ,TOYOTA,,,,34.187,131.077,40,10,,,,,,1,1,1,2,0,,1,2022/11/21,9999-99-99,81266,0,0,0,0,0,,0
81271,東厚保,ヒガシアツ,HIGASHIATSU,,,,34.118,131.182,56,,,,,,,1,0,0,0,0,,0,2010/3/26,9999-99-99,81271,1,1,1,1,1,,1
81276,桜山,サクラヤマ,SAKURAYAMA,,,,34.148,131.218,451,,,,,,,1,0,0,0,0,,0,1974/11/1,2010/3/26,81276,1,1,1,1,1,,1
81286,山口,ヤマグチ,YAMAGUCHI,,,,34.16,131.455,17,,,,,,,1,0,0,0,0,,0,1974/11/1,1975/12/17,81286,1,1,1,1,1,,1
81286,山口,ヤマグチ,YAMAGUCHI,,,,34.16,131.455,17,15.3,,,,,,1,1,1,1,0,,0,1975/12/18,1986/12/31,81286,0,0,0,0,0,,0
81286,山口,ヤマグチ,YAMAGUCHI,,,,34.16,131.455,17,15.3,,,,,,1,1,1,1,0,,0,1987/1/1,1999/1/27,81286,0,0,0,1,0,,0
81286,山口,ヤマグチ,YAMAGUCHI,,,,34.16,131.455,17,15.4,,,,,,1,1,1,1,0,,0,1999/1/28,2008/3/25,81286,0,0,0,0,0,,0
81286,山口,ヤマグチ,YAMAGUCHI,,,,34.16,131.455,17,15.4,,,,,,1,1,1,1,0,,0,2008/3/26,2010/9/30,81286,0,4,4,0,0,,0
81286,山口,ヤマグチ,YAMAGUCHI,山口,ヤマグチ,YAMAGUCHI,34.16,131.455,17,15.4,,,34.16,131.455,17,1,1,1,1,1,,0,2010/10/1,2012/10/3,81286,0,0,0,0,0,,0
81286,山口,ヤマグチ,YAMAGUCHI,山口,ヤマグチ,YAMAGUCHI,34.162,131.462,18,15.4,,,34.162,131.462,18,1,1,1,1,1,,0,2012/10/4,2021/3/1,81286,0,0,0,0,0,,0
81286,山口,ヤマグチ,YAMAGUCHI,山口,ヤマグチ,YAMAGUCHI,34.162,131.462,18,15.4,,,34.162,131.462,18,1,1,1,1,1,,1,2021/3/2,9999-99-99,81286,0,0,0,0,0,,0
81301,和田,ワダ,WADA,,,,34.148,131.735,140,,,,,,,1,0,0,0,0,,0,1978/6/29,2022/12/12,81301,1,1,1,1,1,,1
81301,和田,ワダ,WADA,,,,34.17,131.753,154,,,,,,,1,0,0,0,0,,0,2022/12/13,9999-99-99,81301,0,0,0,0,0,,0
81321,岩国,イワクニ,IWAKUNI,,,,34.155,132.178,41,6.5,,,,,,1,1,1,1,0,,0,1977/2/22,1986/4/23,81326,0,0,0,0,0,,0
81321,岩国,イワクニ,IWAKUNI,,,,34.155,132.178,41,6.5,,,,,,1,1,1,1,0,,0,1986/4/24,2006/11/9,81321,0,0,0,1,0,,0
81321,岩国,イワクニ,IWAKUNI,,,,34.155,132.178,41,10,,,,,,1,1,1,1,0,,0,2006/11/10,2009/2/9,81321,0,0,0,4,0,,0
81321,岩国,イワクニ,IWAKUNI,,,,34.155,132.178,41,10,,,,,,1,1,1,1,0,,0,2009/2/10,2021/3/1,81321,0,4,4,0,0,,0
81321,岩国,イワクニ,IWAKUNI,,,,34.155,132.178,41,10,,,,,,1,1,1,2,0,,0,2021/3/2,2021/12/14,81321,0,0,0,6,0,,0
81321,岩国,イワクニ,IWAKUNI,,,,34.155,132.178,41,10.2,,,,,,1,1,1,2,0,,1,2021/12/15,9999-99-99,81321,0,0,0,0,0,,0
81326,岩国,イワクニ,IWAKUNI,,,,34.155,132.198,2,,,,,,,1,0,0,0,0,,0,1975/4/25,1977/2/21,81326,1,1,1,1,1,,1
81371,防府,ホウフ,HOFU,,,,34.025,131.558,2,,,,,,,1,0,0,0,0,,0,1974/11/1,1977/3/1,81371,1,1,1,1,1,,1
81371,防府,ホウフ,HOFU,,,,34.025,131.558,2,8,,,,,,1,1,1,1,0,,0,1977/3/2,1986/8/11,81371,0,0,0,0,0,,0
81371,防府,ホウフ,HOFU,,,,34.025,131.558,2,8,,,,,,1,1,1,1,0,,0,1986/8/12,1992/2/6,81371,0,0,0,1,0,,0
81371,防府,ホウフ,HOFU,,,,34.03,131.535,6,6.5,,,,,,1,1,1,1,0,,0,1992/2/7,2006/11/26,81371,0,0,0,0,0,,0
81371,防府,ホウフ,HOFU,,,,34.03,131.535,6,6.5,,,,,,1,1,1,1,0,,0,2006/11/27,2009/3/12,81371,0,0,0,4,0,,0
81371,防府,ホウフ,HOFU,,,,34.03,131.535,6,6.5,,,,,,1,1,1,1,0,,0,2009/3/13,2010/3/1,81371,0,4,4,0,0,,0
81371,防府,ホウフ,HOFU,,,,34.04,131.533,4,10,,,,,,1,1,1,1,0,,0,2010/3/2,2021/3/1,81371,0,0,0,0,0,,0
81371,防府,ホウフ,HOFU,,,,34.04,131.533,4,10,,,,,,1,1,1,2,0,,0,2021/3/2,2022/11/15,81371,0,0,0,6,0,,0
81371,防府,ホウフ,HOFU,,,,34.04,131.533,4,9.9,,,,,,1,1,1,2,0,,1,2022/11/16,9999-99-99,81371,0,0,0,0,0,,0
81386,下松,クダマツ,KUDAMATSU,,,,34.02,131.873,52,,,,,,,1,0,0,0,0,,0,1974/11/1,1977/2/28,81386,1,1,1,1,1,,1
81386,下松,クダマツ,KUDAMATSU,,,,34.02,131.873,52,7.9,,,,,,1,1,1,1,0,,0,1977/3/1,1986/4/23,81386,0,0,0,0,0,,0
81386,下松,クダマツ,KUDAMATSU,,,,34.02,131.873,52,7.9,,,,,,1,1,1,1,0,,0,1986/4/24,2008/1/17,81386,0,0,0,1,0,,0
81386,下松,クダマツ,KUDAMATSU,,,,34.02,131.873,52,7.9,,,,,,1,1,1,1,0,,0,2008/1/18,2008/3/25,81386,0,0,0,4,0,,0
81386,下松,クダマツ,KUDAMATSU,,,,34.02,131.873,52,7.9,,,,,,1,1,1,1,0,,0,2008/3/26,2016/3/22,81386,0,4,4,0,0,,0
81386,下松,クダマツ,KUDAMATSU,,,,34.01,131.872,27,10.2,,,,,,1,1,1,1,0,,0,2016/3/23,2021/3/1,81386,0,0,0,0,0,,0
81386,下松,クダマツ,KUDAMATSU,,,,34.01,131.872,27,10.2,,,,,,1,1,1,2,0,,0,2021/3/2,2022/11/16,81386,0,0,0,6,0,,0
81386,下松,クダマツ,KUDAMATSU,,,,34.01,131.872,27,10.1,,,,,,1,1,1,2,0,,1,2022/11/17,9999-99-99,81386,0,0,0,0,0,,0
81396,周東,シュウトウ,SHUTO,,,,34.088,132.045,45,,,,,,,1,0,0,0,0,,0,1975/4/25,1977/2/28,81396,1,1,1,1,1,,1
81397,玖珂,クガ,KUGA,,,,34.095,132.075,68,7.9,,,,,,1,1,1,1,0,,0,1977/2/28,1986/4/22,81397,1,1,1,1,1,,1
81397,玖珂,クガ,KUGA,,,,34.095,132.075,68,7.9,,,,,,1,1,1,1,0,,0,1986/4/23,2005/12/13,81397,0,0,0,1,0,,0
81397,玖珂,クガ,KUGA,,,,34.095,132.075,68,7.8,,,,,,1,1,1,1,0,,0,2005/12/14,2009/2/5,81397,0,0,0,4,0,,0
81397,玖珂,クガ,KUGA,,,,34.095,132.075,68,7.8,,,,,,1,1,1,1,0,,0,2009/2/6,2021/3/1,81397,0,4,4,0,0,,0
81397,玖珂,クガ,KUGA,,,,34.095,132.075,68,7.8,,,,,,1,1,1,2,0,,0,2021/3/2,2021/12/21,81397,0,0,0,6,0,,0
81397,玖珂,クガ,KUGA,,,,34.095,132.075,68,7.4,,,,,,1,1,1,2,0,,1,2021/12/22,9999-99-99,81397,0,0,0,0,0,,0
81426,下関,シモノセキ,SHIMONOSEKI,,,,33.955,130.938,46,,,,,,,1,0,0,0,0,,0,1974/11/1,1975/3/12,81426,1,1,1,1,1,,1
81426,下関,シモノセキ,SHIMONOSEKI,,,,33.955,130.938,46,17.2,,,,,,1,1,1,1,0,,0,1975/3/13,1978/12/21,81426,0,0,0,0,0,,0
81427,下関,シモノセキ,SHIMONOSEKI,,,,33.947,130.925,3,30.5,,,,,,1,1,1,1,0,,0,1978/12/21,1985/12/31,81426,0,1,0,0,0,,0
81427,下関,シモノセキ,SHIMONOSEKI,,,,33.947,130.925,3,30.5,,,,,,1,1,1,1,0,,0,1986/1/1,1996/6/27,81427,0,0,0,1,0,,0
81428,下関,シモノセキ,SHIMONOSEKI,,,,33.948,130.925,3,14.4,,,,,,1,1,1,1,0,,0,1996/6/27,2008/3/25,81427,0,1,0,0,0,,0
81428,下関,シモノセキ,SHIMONOSEKI,,,,33.948,130.925,3,14.4,,,,,,1,1,1,1,0,,0,2008/3/26,2011/12/14,81428,0,4,4,0,0,,0
81428,下関,シモノセキ,SHIMONOSEKI,,,,33.948,130.925,3,14.6,,,,,,1,1,1,1,0,,0,2011/12/15,2011/12/19,81428,0,0,0,0,0,,0
81428,下関,シモノセキ,SHIMONOSEKI,下関,シモノセキ,SHIMONOSEKI,33.948,130.925,3,14.6,,,33.948,130.925,3,1,1,1,1,1,,0,2011/12/20,2021/3/1,81428,0,0,0,0,0,,0
81428,下関,シモノセキ,SHIMONOSEKI,下関,シモノセキ,SHIMONOSEKI,33.948,130.925,3,14.6,,,33.948,130.925,3,1,1,1,1,1,,1,2021/3/2,9999-99-99,81428,0,0,0,0,0,,0
81436,宇部,ウベ,UBE,,,,33.927,131.275,5,,,,,,,1,0,0,0,0,,0,1974/11/1,2001/3/21,81436,1,1,1,1,1,,1
81436,宇部,ウベ,UBE,,,,33.93,131.278,5,,,,,,,1,0,0,0,0,,0,2001/3/22,2001/12/11,81436,0,0,0,0,0,,0
81436,宇部,ウベ,UBE,,,,33.93,131.278,5,9.7,,,,,,1,1,1,0,0,,0,2001/12/12,2009/1/29,81436,0,0,0,0,0,,0
81436,宇部,ウベ,UBE,,,,33.93,131.278,5,9.7,,,,,,1,1,1,0,0,,0,2009/1/30,2019/11/6,81436,0,4,4,0,0,,0
81436,宇部,ウベ,UBE,,,,33.93,131.278,5,10,,,,,,1,1,1,0,0,,0,2019/11/7,9999-99-99,81436,0,0,0,0,0,,0
81481,柳井,ヤナイ,YANAI,,,,33.958,132.102,3,,,,,,,1,0,0,0,0,,0,1975/4/25,1977/2/24,81481,1,1,1,1,1,,1
81481,柳井,ヤナイ,YANAI,,,,33.958,132.102,3,6.5,,,,,,1,1,1,1,0,,0,1977/2/25,1985/11/17,81481,0,0,0,0,0,,0
81481,柳井,ヤナイ,YANAI,,,,33.958,132.102,3,6.5,,,,,,1,1,1,1,0,,0,1985/11/18,1993/2/17,81481,0,0,0,1,0,,0
81481,柳井,ヤナイ,YANAI,,,,33.958,132.113,3,7.9,,,,,,1,1,1,1,0,,0,1993/2/18,2008/1/15,81481,0,0,0,0,0,,0
81481,柳井,ヤナイ,YANAI,,,,33.958,132.113,3,7.9,,,,,,1,1,1,1,0,,0,2008/1/16,2008/3/25,81481,0,0,0,4,0,,0
81481,柳井,ヤナイ,YANAI,,,,33.958,132.113,3,7.9,,,,,,1,1,1,1,0,,0,2008/3/26,2021/3/1,81481,0,4,4,0,0,,0
81481,柳井,ヤナイ,YANAI,,,,33.958,132.113,3,7.9,,,,,,1,1,1,2,0,,0,2021/3/2,2022/9/27,81481,0,0,0,6,0,,0
81481,柳井,ヤナイ,YANAI,,,,33.958,132.113,3,10.2,,,,,,1,1,1,2,0,,0,2022/9/28,2022/10/31,81481,0,0,0,0,0,,0
81481,柳井,ヤナイ,YANAI,,,,33.958,132.113,3,10.1,,,,,,1,1,1,2,0,,1,2022/11/1,9999-99-99,81481,0,0,0,0,0,,0
81486,安下庄,アゲノショウ,AGENOSHO,,,,33.903,132.293,5,,,,,,,1,0,0,0,0,,0,1974/11/1,1977/2/23,81486,1,1,1,1,1,,1
81486,安下庄,アゲノショウ,AGENOSHO,,,,33.903,132.293,5,6.5,,,,,,1,1,1,1,0,,0,1977/2/24,1986/5/14,81486,0,0,0,0,0,,0
81486,安下庄,アゲノショウ,AGENOSHO,,,,33.903,132.293,5,6.5,,,,,,1,1,1,1,0,,0,1986/5/15,2006/11/13,81486,0,0,0,1,0,,0
81486,安下庄,アゲノショウ,AGENOSHO,,,,33.903,132.293,5,10,,,,,,1,1,1,1,0,,0,2006/11/14,2009/2/12,81486,0,0,0,4,0,,0
81486,安下庄,アゲノショウ,AGENOSHO,,,,33.903,132.293,5,10,,,,,,1,1,1,1,0,,0,2009/2/13,2021/3/1,81486,0,4,4,0,0,,0
81486,安下庄,アゲノショウ,AGENOSHO,,,,33.903,132.293,5,10,,,,,,1,1,1,2,0,,0,2021/3/2,2022/11/1,81486,0,0,0,6,0,,0
81486,安下庄,アゲノショウ,AGENOSHO,,,,33.903,132.293,5,9.9,,,,,,1,1,1,2,0,,1,2022/11/2,9999-99-99,81486,0,0,0,0,0,,0
82036,小呂島,オロノシマ,ORONOSHIMA,,,,33.863,130.035,49,,,,,,,1,0,0,0,0,,0,2014/9/11,9999-99-99,82036,1,1,1,1,1,,1
82046,宗像,ムナカタ,MUNAKATA,,,,33.808,130.538,7,,,,,,,1,0,0,0,0,,0,1975/4/25,1977/2/14,82046,1,1,1,1,1,,1
82046,宗像,ムナカタ,MUNAKATA,,,,33.808,130.538,7,6.5,,,,,,1,1,1,1,0,,0,1977/2/15,1986/10/22,82046,0,0,0,0,0,,0
82046,宗像,ムナカタ,MUNAKATA,,,,33.808,130.538,7,6.5,,,,,,1,1,1,1,0,,0,1986/10/23,2005/11/3,82046,0,0,0,1,0,,0
82046,宗像,ムナカタ,MUNAKATA,,,,33.808,130.538,7,6.5,,,,,,1,1,1,1,0,,0,2005/11/4,2009/2/5,82046,0,0,0,4,0,,0
82046,宗像,ムナカタ,MUNAKATA,,,,33.808,130.538,7,6.5,,,,,,1,1,1,1,0,,0,2009/2/6,2020/10/29,82046,0,4,4,0,0,,0
82046,宗像,ムナカタ,MUNAKATA,,,,33.808,130.538,7,10.3,,,,,,1,1,1,1,0,,0,2020/10/30,2021/3/1,82046,0,0,0,0,0,,0
82046,宗像,ムナカタ,MUNAKATA,,,,33.808,130.538,7,10.3,,,,,,1,1,1,2,0,,0,2021/3/2,2021/3/24,82046,0,0,0,6,0,,0
82046,宗像,ムナカタ,MUNAKATA,,,,33.808,130.538,7,10.3,,,,,,1,1,1,2,0,,1,2021/3/25,9999-99-99,82046,0,0,0,0,0,,0
82056,八幡,ヤハタ,YAHATA,,,,33.852,130.743,20,,,,,,,1,0,0,0,0,,0,1974/11/1,1977/2/16,82056,1,1,1,1,1,,1
82056,八幡,ヤハタ,YAHATA,,,,33.852,130.743,20,6.5,,,,,,1,1,1,1,0,,0,1977/2/17,1986/5/20,82056,0,0,0,0,0,,0
82056,八幡,ヤハタ,YAHATA,,,,33.852,130.743,20,6.5,,,,,,1,1,1,1,0,,0,1986/5/21,2006/11/6,82056,0,0,0,1,0,,0
82056,八幡,ヤハタ,YAHATA,,,,33.852,130.743,20,6.5,,,,,,1,1,1,1,0,,0,2006/11/7,2009/2/2,82056,0,0,0,4,0,,0
82056,八幡,ヤハタ,YAHATA,,,,33.852,130.743,20,6.5,,,,,,1,1,1,1,0,,0,2009/2/3,2010/3/8,82056,0,4,4,0,0,,0
82056,八幡,ヤハタ,YAHATA,,,,33.852,130.743,20,10,,,,,,1,1,1,1,0,,0,2010/3/9,2021/3/1,82056,0,0,0,0,0,,0
82056,八幡,ヤハタ,YAHATA,,,,33.852,130.743,20,10,,,,,,1,1,1,2,0,,0,2021/3/2,2021/12/12,82056,0,0,0,6,0,,0
82056,八幡,ヤハタ,YAHATA,,,,33.852,130.743,20,9.9,,,,,,1,1,1,2,0,,1,2021/12/13,9999-99-99,82056,0,0,0,0,0,,0
82066,小倉,コクラ,KOKURA,,,,33.835,130.947,3,,,,,,,1,0,0,0,0,,0,1974/11/1,1977/2/16,82066,1,1,1,1,1,,1
82067,曽根,ソネ,SONE,,,,33.835,130.947,3,7.8,,,,,,1,1,1,0,0,,0,2003/1/1,2006/3/15,82067,1,1,1,1,1,,1
82068,空港北町,クウコウキタマチ,KUKO-KITAMACHI,,,,33.845,131.035,7,8,,,,,,1,1,1,0,0,,0,2006/3/16,2009/1/29,82068,1,1,1,1,1,,1
82068,空港北町,クウコウキタマチ,KUKO-KITAMACHI,,,,33.845,131.035,7,8,,,,,,1,1,1,0,0,,0,2009/1/30,2021/2/24,82068,0,4,4,0,0,,0
82068,空港北町,クウコウキタマチ,KUKO-KITAMACHI,,,,33.845,131.035,7,10,,,,,,1,1,1,0,0,,0,2021/2/25,9999-99-99,82068,0,0,0,0,0,,0
82096,頂吉,カグメヨシ,KAGUMEYOSHI,,,,33.742,130.843,180,,,,,,,1,0,0,0,0,,0,1975/4/25,2012/2/15,82096,1,1,1,1,1,,1
82097,東谷,ヒガシタニ,HIGASHITANI,,,,33.778,130.865,55,,,,,,,1,0,0,0,0,,0,2012/2/15,9999-99-99,82097,1,1,1,1,1,,1
82101,行橋,ユクハシ,YUKUHASHI,,,,33.713,130.975,9,,,,,,,1,0,0,0,0,,0,1974/11/1,1977/2/17,82101,1,1,1,1,1,,1
82101,行橋,ユクハシ,YUKUHASHI,,,,33.713,130.975,9,6.5,,,,,,1,1,1,1,0,,0,1977/2/18,1986/5/21,82101,0,0,0,0,0,,0
82101,行橋,ユクハシ,YUKUHASHI,,,,33.713,130.975,9,6.5,,,,,,1,1,1,1,0,,0,1986/5/22,2008/2/5,82101,0,0,0,1,0,,0
82101,行橋,ユクハシ,YUKUHASHI,,,,33.713,130.975,9,6.5,,,,,,1,1,1,1,0,,0,2008/2/6,2008/3/25,82101,0,0,0,4,0,,0
82101,行橋,ユクハシ,YUKUHASHI,,,,33.713,130.975,9,6.5,,,,,,1,1,1,1,0,,0,2008/3/26,2010/3/10,82101,0,4,4,0,0,,0
82101,行橋,ユクハシ,YUKUHASHI,,,,33.713,130.975,9,10,,,,,,1,1,1,1,0,,0,2010/3/11,2021/3/1,82101,0,0,0,0,0,,0
82101,行橋,ユクハシ,YUKUHASHI,,,,33.713,130.975,9,10,,,,,,1,1,1,2,0,,0,2021/3/2,2022/11/14,82101,0,0,0,6,0,,0
82101,行橋,ユクハシ,YUKUHASHI,,,,33.713,130.975,9,10,,,,,,1,1,1,2,0,,1,2022/11/15,9999-99-99,82101,0,0,0,0,0,,0
82131,篠栗,ササグリ,SASAGURI,,,,33.638,130.545,376,,,,,,,1,0,0,0,0,,0,1974/11/1,2009/11/20,82131,1,1,1,1,1,,1
82136,飯塚,イイヅカ,IIZUKA,,,,33.652,130.693,37,,,,,,,1,0,0,0,0,,0,1974/11/1,1975/12/15,82136,1,1,1,1,1,,1
82136,飯塚,イイヅカ,IIZUKA,,,,33.652,130.693,37,11.1,,,,,,1,1,1,1,0,,0,1975/12/16,1988/12/31,82136,0,0,0,0,0,,0
82136,飯塚,イイヅカ,IIZUKA,,,,33.652,130.693,37,11.1,,,,,,1,1,1,1,0,,0,1989/1/1,2001/1/28,82136,0,0,0,1,0,,0
82136,飯塚,イイヅカ,IIZUKA,,,,33.652,130.693,37,11,,,,,,1,1,1,1,0,,0,2001/1/29,2008/3/25,82136,0,0,0,0,0,,0
82136,飯塚,イイヅカ,IIZUKA,,,,33.652,130.693,37,11,,,,,,1,1,1,1,0,,0,2008/3/26,2021/3/1,82136,0,4,4,0,0,,0
82136,飯塚,イイヅカ,IIZUKA,,,,33.652,130.693,37,11,,,,,,1,1,1,1,0,,1,2021/3/2,9999-99-99,82136,0,0,0,0,0,,0
82171,前原,マエバル,MAEBARU,,,,33.56,130.19,5,,,,,,,1,0,0,0,0,,0,1974/11/1,1977/3/3,82171,1,1,1,1,1,,1
82171,前原,マエバル,MAEBARU,,,,33.56,130.19,5,6.5,,,,,,1,1,1,1,0,,0,1977/3/4,1986/10/27,82171,0,0,0,0,0,,0
82171,前原,マエバル,MAEBARU,,,,33.56,130.19,5,6.5,,,,,,1,1,1,1,0,,0,1986/10/28,2006/11/9,82171,0,0,0,1,0,,0
82171,前原,マエバル,MAEBARU,,,,33.56,130.19,5,6.5,,,,,,1,1,1,1,0,,0,2006/11/10,2009/1/22,82171,0,0,0,4,0,,0
82171,前原,マエバル,MAEBARU,,,,33.56,130.19,5,6.5,,,,,,1,1,1,1,0,,0,2009/1/23,2010/2/4,82171,0,4,4,0,0,,0
82171,前原,マエバル,MAEBARU,,,,33.56,130.19,5,10,,,,,,1,1,1,1,0,,0,2010/2/5,2021/3/1,82171,0,0,0,0,0,,0
82171,前原,マエバル,MAEBARU,,,,33.56,130.19,5,10,,,,,,1,1,1,2,0,,0,2021/3/2,2021/11/25,82171,0,0,0,6,0,,0
82171,前原,マエバル,MAEBARU,,,,33.56,130.19,5,9.9,,,,,,1,1,1,2,0,,1,2021/11/26,9999-99-99,82171,0,0,0,0,0,,0
82181,福岡,フクオカ,FUKUOKA,,,,33.582,130.375,3,,,,,,,1,0,0,0,0,,0,1974/11/1,1975/3/7,82181,1,1,1,1,1,,1
82181,福岡,フクオカ,FUKUOKA,,,,33.582,130.375,3,24.4,,,,,,1,1,1,1,0,,0,1975/3/8,1985/12/31,82181,0,0,0,0,0,,0
82181,福岡,フクオカ,FUKUOKA,,,,33.582,130.375,3,24.4,,,,,,1,1,1,1,0,,0,1986/1/1,2008/3/25,82181,0,0,0,1,0,,0
82181,福岡,フクオカ,FUKUOKA,,,,33.582,130.375,3,24.4,,,,,,1,1,1,1,0,,0,2008/3/26,2010/2/18,82181,0,4,4,0,0,,0
82182,福岡,フクオカ,FUKUOKA,,,,33.582,130.375,3,34.6,,,,,,1,1,1,1,0,,0,2010/2/18,2011/3/31,82181,0,1,0,0,0,,0
82182,福岡,フクオカ,FUKUOKA,福岡,フクオカ,FUKUOKA,33.582,130.375,3,34.6,,,33.582,130.375,3,1,1,1,1,1,,0,2011/4/1,2021/3/1,82182,0,0,0,0,0,,0
82182,福岡,フクオカ,FUKUOKA,福岡,フクオカ,FUKUOKA,33.582,130.375,3,34.6,,,33.582,130.375,3,1,1,1,1,1,,1,2021/3/2,9999-99-99,82182,0,0,0,0,0,,0
82186,博多,ハカタ,HAKATA,,,,33.583,130.452,9,8,,,,,,1,1,1,0,0,,0,2003/1/1,2009/1/28,82186,1,1,1,1,1,,1
82186,博多,ハカタ,HAKATA,,,,33.583,130.452,9,8,,,,,,1,1,1,0,0,,0,2009/1/29,2019/1/30,82186,0,4,4,0,0,,0
82186,博多,ハカタ,HAKATA,,,,33.583,130.452,9,10,,,,,,1,1,1,0,0,,0,2019/1/31,9999-99-99,82186,0,0,0,0,0,,0
82191,太宰府,ダザイフ,DAZAIFU,,,,33.513,130.5,27,6.5,,,,,,1,1,1,1,0,,0,1977/3/2,1986/8/18,82191,1,1,1,1,1,,1
82191,太宰府,ダザイフ,DAZAIFU,,,,33.513,130.5,27,6.5,,,,,,1,1,1,1,0,,0,1986/8/19,2008/2/12,82191,0,0,0,1,0,,0
82191,太宰府,ダザイフ,DAZAIFU,,,,33.513,130.5,27,6.5,,,,,,1,1,1,1,0,,0,2008/2/13,2008/3/25,82191,0,0,0,4,0,,0
82191,太宰府,ダザイフ,DAZAIFU,,,,33.513,130.5,27,6.5,,,,,,1,1,1,1,0,,0,2008/3/26,2010/2/16,82191,0,4,4,0,0,,0
82191,太宰府,ダザイフ,DAZAIFU,,,,33.513,130.5,27,10,,,,,,1,1,1,1,0,,0,2010/2/17,2014/3/19,82191,0,0,0,0,0,,0
82191,太宰府,ダザイフ,DAZAIFU,,,,33.497,130.49,52,10.2,,,,,,1,1,1,1,0,,0,2014/3/20,2021/3/1,82191,0,0,0,0,0,,0
82191,太宰府,ダザイフ,DAZAIFU,,,,33.497,130.49,52,10.2,,,,,,1,1,1,2,0,,0,2021/3/2,2022/11/6,82191,0,0,0,6,0,,0
82191,太宰府,ダザイフ,DAZAIFU,,,,33.497,130.49,52,10.2,,,,,,1,1,1,2,0,,1,2022/11/7,9999-99-99,82191,0,0,0,0,0,,0
82206,添田,ソエダ,SOEDA,,,,33.558,130.855,92,,,,,,,1,0,0,0,0,,0,1975/5/25,1977/2/20,82206,1,1,1,1,1,,1
82206,添田,ソエダ,SOEDA,,,,33.558,130.855,92,6.5,,,,,,1,1,1,1,0,,0,1977/2/21,1986/10/23,82206,0,0,0,0,0,,0
82206,添田,ソエダ,SOEDA,,,,33.558,130.855,92,6.5,,,,,,1,1,1,1,0,,0,1986/10/24,2008/2/14,82206,0,0,0,1,0,,0
82206,添田,ソエダ,SOEDA,,,,33.558,130.855,92,6.5,,,,,,1,1,1,1,0,,0,2008/2/15,2008/3/25,82206,0,0,0,4,0,,0
82206,添田,ソエダ,SOEDA,,,,33.558,130.855,92,6.5,,,,,,1,1,1,1,0,,0,2008/3/26,2021/3/1,82206,0,4,4,0,0,,0
82206,添田,ソエダ,SOEDA,,,,33.558,130.855,92,6.5,,,,,,1,1,1,2,0,,0,2021/3/2,2022/7/27,82206,0,0,0,6,0,,0
82206,添田,ソエダ,SOEDA,,,,33.558,130.855,92,10.2,,,,,,1,1,1,2,0,,0,2022/7/28,2022/11/13,82206,0,0,0,0,0,,0
82206,添田,ソエダ,SOEDA,,,,33.558,130.855,92,10.2,,,,,,1,1,1,2,0,,1,2022/11/14,9999-99-99,82206,0,0,0,0,0,,0
82241,早良脇山,サワラワキヤマ,SAWARAWAKIYAMA,,,,33.488,130.353,83,,,,,,,1,0,0,0,0,,0,2010/3/2,9999-99-99,82241,1,1,1,1,1,,1
82246,九千部山,クセンブヤマ,KUSEMBUYAMA,,,,33.417,130.445,852,,,,,,,1,0,0,0,0,,0,1974/11/1,2010/3/2,82246,1,1,1,1,1,,1
82261,甘木,アマギ,AMAGI,,,,33.405,130.695,36,,,,,,,1,0,0,0,0,,0,1974/11/1,1977/2/27,82261,1,1,1,1,1,,1
82261,甘木,アマギ,AMAGI,,,,33.405,130.695,36,8.4,,,,,,1,1,1,1,0,,0,1977/2/28,1986/11/5,82261,0,0,0,0,0,,0
82261,甘木,アマギ,AMAGI,,,,33.405,130.695,36,8.4,,,,,,1,1,1,1,0,,0,1986/11/6,2006/5/31,82261,0,0,0,1,0,,0
82261,朝倉,アサクラ,ASAKURA,,,,33.405,130.695,36,8.4,,,,,,1,1,1,1,0,,0,2006/6/1,2008/2/18,82261,0,0,0,0,0,,0
82261,朝倉,アサクラ,ASAKURA,,,,33.405,130.695,36,8.4,,,,,,1,1,1,1,0,,0,2008/2/19,2008/3/25,82261,0,0,0,4,0,,0
82261,朝倉,アサクラ,ASAKURA,,,,33.405,130.695,36,8.4,,,,,,1,1,1,1,0,,0,2008/3/26,2018/9/19,82261,0,4,4,0,0,,0
82261,朝倉,アサクラ,ASAKURA,,,,33.407,130.695,38,10.1,,,,,,1,1,1,1,0,,0,2018/9/20,2021/3/1,82261,0,0,0,0,0,,0
82261,朝倉,アサクラ,ASAKURA,,,,33.407,130.695,38,10.1,,,,,,1,1,1,2,0,,0,2021/3/2,2022/11/7,82261,0,0,0,6,0,,0
82261,朝倉,アサクラ,ASAKURA,,,,33.407,130.695,38,10.1,,,,,,1,1,1,2,0,,1,2022/11/8,9999-99-99,82261,0,0,0,0,0,,0
82271,英彦山,ヒコサン,HIKOSAN,,,,33.478,130.923,1080,,,,,,,1,0,0,0,0,,0,1974/11/1,1988/9/1,82271,1,1,1,1,1,,1
82272,英彦山,ヒコサン,HIKOSAN,,,,33.488,130.923,823,,,,,,,1,0,0,0,0,,0,1988/7/31,9999-99-99,82272,1,1,1,1,1,,1
82281,久留米,クルメ,KURUME,,,,33.32,130.503,13,,,,,,,1,0,0,0,0,,0,1974/11/1,1977/3/1,82281,1,1,1,1,1,,1
82306,久留米,クルメ,KURUME,,,,33.303,130.493,7,6.3,,,,,,1,1,1,1,0,,0,1977/3/1,1985/1/3,82306,1,1,1,1,1,,1
82306,久留米,クルメ,KURUME,,,,33.303,130.493,7,13,,,,,,1,1,1,1,0,,0,1985/1/4,1986/7/28,82306,0,0,0,0,0,,0
82306,久留米,クルメ,KURUME,,,,33.303,130.493,7,13,,,,,,1,1,1,1,0,,0,1986/7/29,2006/11/13,82306,0,0,0,1,0,,0
82306,久留米,クルメ,KURUME,,,,33.303,130.493,7,13,,,,,,1,1,1,1,0,,0,2006/11/14,2009/1/28,82306,0,0,0,4,0,,0
82306,久留米,クルメ,KURUME,,,,33.303,130.493,7,13,,,,,,1,1,1,1,0,,0,2009/1/29,2021/3/1,82306,0,4,4,0,0,,0
82306,久留米,クルメ,KURUME,,,,33.303,130.493,7,13,,,,,,1,1,1,2,0,,0,2021/3/2,2021/11/24,82306,0,0,0,6,0,,0
82306,久留米,クルメ,KURUME,,,,33.303,130.493,7,12.9,,,,,,1,1,1,2,0,,1,2021/11/25,9999-99-99,82306,0,0,0,0,0,,0
82316,耳納山,ミノウサン,MINOSAN,,,,33.292,130.625,607,,,,,,,1,0,0,0,0,,0,1974/11/1,9999-99-99,82316,1,1,1,1,1,,1
82317,黒木,クロキ,KUROKI,,,,33.212,130.663,105,,,,,,,1,0,0,0,0,,0,1974/11/1,1977/2/24,82317,1,1,1,1,1,,1
82317,黒木,クロキ,KUROKI,,,,33.212,130.663,105,6.5,,,,,,1,1,1,1,0,,0,1977/2/25,1986/5/12,82317,0,0,0,0,0,,0
82317,黒木,クロキ,KUROKI,,,,33.212,130.663,105,6.5,,,,,,1,1,1,1,0,,0,1986/5/13,1993/2/16,82317,0,0,0,1,0,,0
82317,黒木,クロキ,KUROKI,,,,33.225,130.645,144,6.5,,,,,,1,1,1,1,0,,0,1993/2/17,2004/2/29,82317,0,0,0,0,0,,0
82317,黒木,クロギ,KUROGI,,,,33.225,130.645,144,6.5,,,,,,1,1,1,1,0,,0,2004/3/1,2008/2/7,82317,0,0,0,0,0,,0
82317,黒木,クロギ,KUROGI,,,,33.225,130.645,144,6.5,,,,,,1,1,1,1,0,,0,2008/2/8,2008/3/25,82317,0,0,0,4,0,,0
82317,黒木,クロギ,KUROGI,,,,33.225,130.645,144,6.5,,,,,,1,1,1,1,0,,0,2008/3/26,2020/11/29,82317,0,4,4,0,0,,0
82317,黒木,クロギ,KUROGI,,,,33.225,130.645,144,10.1,,,,,,1,1,1,1,0,,0,2020/11/30,2021/3/1,82317,0,0,0,0,0,,0
82317,黒木,クロギ,KUROGI,,,,33.225,130.645,144,10.1,,,,,,1,1,1,2,0,,0,2021/3/2,2022/11/30,82317,0,0,0,6,0,,0
82317,黒木,クロギ,KUROGI,,,,33.225,130.645,144,10.1,,,,,,1,1,1,2,0,,1,2022/12/1,9999-99-99,82317,0,0,0,0,0,,0
82331,柳川,ヤナガワ,YANAGAWA,,,,33.162,130.407,4,,,,,,,1,0,0,0,0,,0,1975/4/25,1997/5/19,82331,1,1,1,1,1,,1
82331,柳川,ヤナガワ,YANAGAWA,,,,33.16,130.403,7,,,,,,,1,0,0,0,0,,0,1997/5/20,9999-99-99,82331,0,0,0,0,0,,0
82361,大牟田,オオムタ,OMUTA,,,,33.017,130.46,31,,,,,,,1,0,0,0,0,,0,1974/11/1,1977/2/22,82361,1,1,1,1,1,,1
82361,大牟田,オオムタ,OMUTA,,,,33.017,130.46,31,6.5,,,,,,1,1,1,1,0,,0,1977/2/23,1986/5/11,82361,0,0,0,0,0,,0
82361,大牟田,オオムタ,OMUTA,,,,33.017,130.46,31,6.5,,,,,,1,1,1,1,0,,0,1986/5/12,2006/11/15,82361,0,0,0,1,0,,0
82361,大牟田,オオムタ,OMUTA,,,,33.007,130.467,40,10,,,,,,1,1,1,1,0,,0,2006/11/16,2009/1/26,82361,0,0,0,4,0,,0
82361,大牟田,オオムタ,OMUTA,,,,33.007,130.467,40,10,,,,,,1,1,1,1,0,,0,2009/1/27,2021/3/1,82361,0,4,4,0,0,,0
82361,大牟田,オオムタ,OMUTA,,,,33.007,130.467,40,10,,,,,,1,1,1,2,0,,0,2021/3/2,2022/11/29,82361,0,0,0,6,0,,0
82361,大牟田,オオムタ,OMUTA,,,,33.007,130.467,40,10,,,,,,1,1,1,2,0,,1,2022/11/30,9999-99-99,82361,0,0,0,0,0,,0
83021,国見,クニミ,KUNIMI,,,,33.675,131.59,14,6.5,,,,,,1,1,1,1,0,,0,1977/2/15,1986/10/21,83021,1,1,1,1,1,,1
83021,国見,クニミ,KUNIMI,,,,33.675,131.59,14,6.5,,,,,,1,1,1,1,0,,0,1986/10/22,2008/2/25,83021,0,0,0,1,0,,0
83021,国見,クニミ,KUNIMI,,,,33.675,131.59,14,6.5,,,,,,1,1,1,1,0,,0,2008/2/26,2008/3/25,83021,0,0,0,4,0,,0
83021,国見,クニミ,KUNIMI,,,,33.675,131.59,14,6.5,,,,,,1,1,1,1,0,,0,2008/3/26,2021/3/1,83021,0,4,4,0,0,,0
83021,国見,クニミ,KUNIMI,,,,33.675,131.59,14,6.5,,,,,,1,1,1,2,0,,0,2021/3/2,2022/12/7,83021,0,0,0,6,0,,0
83021,国見,クニミ,KUNIMI,,,,33.678,131.575,53,10,,,,,,1,1,1,2,0,,1,2022/12/8,9999-99-99,83021,0,0,0,0,0,,0
83046,中津,ナカツ,NAKATSU,,,,33.585,131.185,11,,,,,,,1,0,0,0,0,,0,1974/11/1,1977/2/16,83046,1,1,1,1,1,,1
83046,中津,ナカツ,NAKATSU,,,,33.585,131.185,11,16.2,,,,,,1,1,1,1,0,,0,1977/2/17,1986/10/13,83046,0,0,0,0,0,,0
83046,中津,ナカツ,NAKATSU,,,,33.585,131.185,11,16.2,,,,,,1,1,1,1,0,,0,1986/10/14,2007/2/19,83046,0,0,0,1,0,,0
83046,中津,ナカツ,NAKATSU,,,,33.585,131.185,11,16.2,,,,,,1,1,1,1,0,,0,2007/2/20,2009/1/19,83046,0,0,0,4,0,,0
83046,中津,ナカツ,NAKATSU,,,,33.585,131.185,11,16.2,,,,,,1,1,1,1,0,,0,2009/1/20,2011/3/15,83046,0,4,4,0,0,,0
83051,中津,ナカツ,NAKATSU,,,,33.587,131.245,12,10,,,,,,1,1,1,1,0,,0,2011/3/15,2021/3/1,83051,1,1,1,1,1,,1
83051,中津,ナカツ,NAKATSU,,,,33.587,131.245,12,10,,,,,,1,1,1,2,0,,0,2021/3/2,2023/1/22,83051,0,0,0,6,0,,0
83051,中津,ナカツ,NAKATSU,,,,33.587,131.245,12,10.1,,,,,,1,1,1,2,0,,1,2023/1/23,9999-99-99,83051,0,0,0,0,0,,0
83061,豊後高田,ブンゴタカダ,BUNGOTAKADA,,,,33.57,131.433,5,,,,,,,1,0,0,0,0,,0,1974/11/1,1977/2/15,83061,1,1,1,1,1,,1
83061,豊後高田,ブンゴタカダ,BUNGOTAKADA,,,,33.57,131.433,5,6.5,,,,,,1,1,1,1,0,,0,1977/2/16,1986/10/20,83061,0,0,0,0,0,,0
83061,豊後高田,ブンゴタカダ,BUNGOTAKADA,,,,33.57,131.433,5,6.5,,,,,,1,1,1,1,0,,0,1986/10/21,2008/2/28,83061,0,0,0,1,0,,0
83061,豊後高田,ブンゴタカダ,BUNGOTAKADA,,,,33.57,131.433,5,6.5,,,,,,1,1,1,1,0,,0,2008/2/29,2008/3/25,83061,0,0,0,4,0,,0
83061,豊後高田,ブンゴタカダ,BUNGOTAKADA,,,,33.57,131.433,5,6.5,,,,,,1,1,1,1,0,,0,2008/3/26,2021/3/1,83061,0,4,4,0,0,,0
83061,豊後高田,ブンゴタカダ,BUNGOTAKADA,,,,33.57,131.433,5,6.5,,,,,,1,1,1,2,0,,0,2021/3/2,2022/9/29,83061,0,0,0,6,0,,0
83061,豊後高田,ブンゴタカダ,BUNGOTAKADA,,,,33.57,131.433,5,10.2,,,,,,1,1,1,2,0,,0,2022/9/30,2023/1/16,83061,0,0,0,0,0,,0
83061,豊後高田,ブンゴタカダ,BUNGOTAKADA,,,,33.57,131.433,5,9.8,,,,,,1,1,1,2,0,,1,2023/1/17,9999-99-99,83061,0,0,0,0,0,,0
83096,耶馬渓,ヤバケイ,YABAKEI,,,,33.445,131.115,100,,,,,,,1,0,0,0,0,,0,1975/5/8,9999-99-99,83096,1,1,1,1,1,,1
83106,院内,インナイ,INNAI,,,,33.42,131.317,90,,,,,,,1,0,0,0,0,,0,1975/4/24,1977/2/20,83106,1,1,1,1,1,,1
83106,院内,インナイ,INNAI,,,,33.42,131.317,90,13.3,,,,,,1,1,1,1,0,,0,1977/2/21,1986/10/29,83106,0,0,0,0,0,,0
83106,院内,インナイ,INNAI,,,,33.42,131.317,90,13.3,,,,,,1,1,1,1,0,,0,1986/10/30,2008/3/3,83106,0,0,0,1,0,,0
83106,院内,インナイ,INNAI,,,,33.42,131.317,90,13.3,,,,,,1,1,1,1,0,,0,2008/3/4,2008/3/25,83106,0,0,0,4,0,,0
83106,院内,インナイ,INNAI,,,,33.42,131.317,90,13.3,,,,,,1,1,1,1,0,,0,2008/3/26,2021/3/1,83106,0,4,4,0,0,,0
83106,院内,インナイ,INNAI,,,,33.42,131.317,90,13.3,,,,,,1,1,1,2,0,,0,2021/3/2,2023/1/23,83106,0,0,0,6,0,,0
83106,院内,インナイ,INNAI,,,,33.42,131.317,90,13.1,,,,,,1,1,1,2,0,,1,2023/1/24,9999-99-99,83106,0,0,0,0,0,,0
83121,杵築,キツキ,KITSUKI,,,,33.417,131.62,20,8,,,,,,1,1,1,1,0,,0,1978/1/10,1986/11/13,83121,1,1,1,1,1,,1
83121,杵築,キツキ,KITSUKI,,,,33.417,131.62,20,8,,,,,,1,1,1,1,0,,0,1986/11/14,2008/2/21,83121,0,0,0,1,0,,0
83121,杵築,キツキ,KITSUKI,,,,33.417,131.597,5,10.1,,,,,,1,1,1,1,0,,0,2008/2/22,2008/3/25,83121,0,0,0,4,0,,0
83121,杵築,キツキ,KITSUKI,,,,33.417,131.597,5,10.1,,,,,,1,1,1,1,0,,0,2008/3/26,2021/3/1,83121,0,4,4,0,0,,0
83121,杵築,キツキ,KITSUKI,,,,33.417,131.597,5,10.1,,,,,,1,1,1,2,0,,0,2021/3/2,2023/1/15,83121,0,0,0,6,0,,0
83121,杵築,キツキ,KITSUKI,,,,33.417,131.597,5,9.6,,,,,,1,1,1,2,0,,1,2023/1/16,9999-99-99,83121,0,0,0,0,0,,0
83126,武蔵,ムサシ,MUSASHI,,,,33.478,131.737,5,,,,,,,1,0,0,0,0,,0,1974/11/1,1978/1/9,83126,1,1,1,1,1,,1
83126,武蔵,ムサシ,MUSASHI,,,,33.478,131.737,5,8,,,,,,1,1,1,0,0,,0,2003/1/1,2009/1/29,83126,0,0,0,0,0,,0
83126,武蔵,ムサシ,MUSASHI,,,,33.478,131.737,5,8,,,,,,1,1,1,0,0,,0,2009/1/30,2021/2/24,83126,0,4,4,0,0,,0
83126,武蔵,ムサシ,MUSASHI,,,,33.478,131.737,5,10,,,,,,1,1,1,0,0,,0,2021/2/25,9999-99-99,83126,0,0,0,0,0,,0
83136,伏木,フシキ,FUSHIKI,,,,33.375,130.982,420,,,,,,,1,0,0,0,0,,0,1974/11/1,2005/3/31,83136,1,1,1,1,1,,1
83137,日田,ヒタ,HITA,,,,33.322,130.928,83,,,,,,,1,0,0,0,0,,0,1974/11/1,1975/12/12,83137,1,1,1,1,1,,1
83137,日田,ヒタ,HITA,,,,33.322,130.928,83,10.6,,,,,,1,1,1,1,0,,0,1975/12/13,1985/12/31,83137,0,0,0,0,0,,0
83137,日田,ヒタ,HITA,,,,33.322,130.928,83,10.6,,,,,,1,1,1,1,0,,0,1986/1/1,2001/1/24,83137,0,0,0,1,0,,0
83137,日田,ヒタ,HITA,,,,33.322,130.928,83,10.5,,,,,,1,1,1,1,0,,0,2001/1/25,2005/12/4,83137,0,0,0,0,0,,0
83137,日田,ヒタ,HITA,,,,33.322,130.928,83,22,,,,,,1,1,1,1,0,,0,2005/12/5,2008/3/25,83137,0,0,0,0,0,,0
83137,日田,ヒタ,HITA,,,,33.322,130.928,83,22,,,,,,1,1,1,1,0,,0,2008/3/26,2013/12/4,83137,0,4,4,0,0,,0
83137,日田,ヒタ,HITA,,,,33.322,130.928,83,22.1,,,,,,1,1,1,1,0,,0,2013/12/5,2021/3/1,83137,0,0,0,0,0,,0
83137,日田,ヒタ,HITA,,,,33.322,130.928,83,22.1,,,,,,1,1,1,1,0,,1,2021/3/2,9999-99-99,83137,0,0,0,0,0,,0
83161,別府,ベップ,BEPPU,,,,33.35,131.475,263,,,,,,,1,0,0,0,0,,0,1977/6/23,2009/11/20,83161,1,1,1,1,1,,1
83191,豊後玖珠,ブンゴクス,BUNGOKUSU,,,,33.268,131.163,346,,,,,,,1,0,0,0,0,,0,1975/4/24,1977/2/21,83191,1,1,1,1,1,,1
83191,玖珠,クス,KUSU,,,,33.268,131.163,346,12.8,,,,,,1,1,1,1,0,,0,1977/2/22,1986/4/15,83191,0,0,0,0,0,,0
83191,玖珠,クス,KUSU,,,,33.268,131.163,346,12.8,,,,,,1,1,1,1,0,,0,1986/4/16,2008/3/6,83191,0,0,0,1,0,,0
83191,玖珠,クス,KUSU,,,,33.268,131.163,346,12.8,,,,,,1,1,1,1,0,,0,2008/3/7,2008/3/25,83191,0,0,0,4,0,,0
83191,玖珠,クス,KUSU,,,,33.268,131.163,346,12.8,,,,,,1,1,1,1,0,,0,2008/3/26,2011/12/14,83191,0,4,4,0,0,,0
83191,玖珠,クス,KUSU,,,,33.292,131.155,331,10,,,,,,1,1,1,1,0,,0,2011/12/15,2021/3/1,83191,0,0,0,0,0,,0
83191,玖珠,クス,KUSU,,,,33.292,131.155,331,10,,,,,,1,1,1,2,0,,0,2021/3/2,2023/2/1,83191,0,0,0,6,0,,0
83191,玖珠,クス,KUSU,,,,33.292,131.155,331,9.6,,,,,,1,1,1,2,0,,1,2023/2/2,9999-99-99,83191,0,0,0,0,0,,0
83201,湯布院,ユフイン,YUFUIN,,,,33.263,131.355,440,,,,,,,1,0,0,0,0,,0,1974/11/1,1977/2/23,83201,1,1,1,1,1,,1
83201,湯布院,ユフイン,YUFUIN,,,,33.263,131.355,440,6.5,,,,,,1,1,1,1,0,,0,1977/2/24,1986/10/27,83201,0,0,0,0,0,,0
83201,湯布院,ユフイン,YUFUIN,,,,33.263,131.355,440,6.5,,,,,,1,1,1,1,0,,0,1986/10/28,2002/12/5,83201,0,0,0,1,0,,0
83201,湯布院,ユフイン,YUFUIN,,,,33.253,131.347,435,6.5,,,,,,1,1,1,1,0,,0,2002/12/6,2008/3/10,83201,0,0,0,0,0,,0
83201,湯布院,ユフイン,YUFUIN,,,,33.253,131.347,435,6.5,,,,,,1,1,1,1,0,,0,2008/3/11,2008/3/25,83201,0,0,0,4,0,,0
83201,湯布院,ユフイン,YUFUIN,,,,33.253,131.347,435,6.5,,,,,,1,1,1,1,0,,0,2008/3/26,2021/3/1,83201,0,4,4,0,0,,0
83201,湯布院,ユフイン,YUFUIN,,,,33.253,131.347,435,6.5,,,,,,1,1,1,2,0,,0,2021/3/2,2022/7/26,83201,0,0,0,6,0,,0
83201,湯布院,ユフイン,YUFUIN,,,,33.253,131.347,435,10.1,,,,,,1,1,1,2,0,,0,2022/7/27,2023/1/31,83201,0,0,0,0,0,,0
83201,湯布院,ユフイン,YUFUIN,,,,33.253,131.347,435,9.6,,,,,,1,1,1,2,0,,1,2023/2/1,9999-99-99,83201,0,0,0,0,0,,0
83216,大分,オオイタ,OITA,,,,33.235,131.618,5,,,,,,,1,0,0,0,0,,0,1974/11/1,1975/3/20,83216,1,1,1,1,1,,1
83216,大分,オオイタ,OITA,,,,33.235,131.618,5,19.7,,,,,,1,1,1,1,0,,0,1975/3/21,1985/12/31,83216,0,0,0,0,0,,0
83216,大分,オオイタ,OITA,,,,33.235,131.618,5,19.7,,,,,,1,1,1,1,0,,0,1986/1/1,2008/3/25,83216,0,0,0,1,0,,0
83216,大分,オオイタ,OITA,,,,33.235,131.618,5,19.7,,,,,,1,1,1,1,0,,0,2008/3/26,2012/12/17,83216,0,4,4,0,0,,0
83216,大分,オオイタ,OITA,大分,オオイタ,OITA,33.235,131.618,5,19.7,,,33.235,131.618,5,1,1,1,1,1,,0,2012/12/18,2013/12/5,83216,0,0,0,0,0,,0
83216,大分,オオイタ,OITA,大分,オオイタ,OITA,33.235,131.618,5,19.8,,,33.235,131.618,5,1,1,1,1,1,,0,2013/12/6,2021/3/1,83216,0,0,0,0,0,,0
83216,大分,オオイタ,OITA,大分,オオイタ,OITA,33.235,131.618,5,19.8,,,33.235,131.618,5,1,1,1,1,1,,1,2021/3/2,9999-99-99,83216,0,0,0,0,0,,0
83226,佐賀関,サガノセキ,SAGANOSEKI,,,,33.248,131.868,5,,,,,,,1,0,0,0,0,,0,1974/11/1,2009/2/3,83226,1,1,1,1,1,,1
83226,佐賀関,サガノセキ,SAGANOSEKI,,,,33.248,131.865,1,,,,,,,1,0,0,0,0,,0,2009/2/4,9999-99-99,83226,0,0,0,0,0,,0
83241,釈迦岳,シャカダケ,SHAKADAKE,,,,33.188,130.892,1200,,,,,,,1,0,0,0,0,,0,1974/11/1,2004/11/4,83241,1,1,1,1,1,,1
83242,椿ヶ鼻,ツバキガハナ,TSUBAKIGAHANA,,,,33.192,130.915,840,,,,,,,1,0,0,0,0,,0,2004/11/4,2012/7/22,83242,1,1,1,1,1,,1
83242,椿ヶ鼻,ツバキガハナ,TSUBAKIGAHANA,,,,33.19,130.915,843,,,,,,,1,0,0,0,0,,0,2012/7/23,9999-99-99,83242,0,0,0,0,0,,0
83261,湯平,ユノヒラ,YUNOHIRA,,,,33.185,131.332,805,,,,,,,1,0,0,0,0,,0,1974/11/1,1977/6/1,83261,1,1,1,1,1,,1
83286,臼杵,ウスキ,USUKI,,,,33.123,131.805,2,,,,,,,1,0,0,0,0,,0,1975/4/24,2013/3/25,83286,1,1,1,1,1,,1
83286,臼杵,ウスキ,USUKI,,,,33.132,131.797,30,,,,,,,1,0,0,0,0,,0,2013/3/26,9999-99-99,83286,0,0,0,0,0,,0
83331,温見,ヌクミ,NUKUMI,,,,33.075,131.43,591,,,,,,,1,0,0,0,0,,0,1974/11/1,2009/11/20,83331,1,1,1,1,1,,1
83341,犬飼,イヌカイ,INUKAI,,,,33.072,131.638,50,,,,,,,1,0,0,0,0,,0,1974/11/1,1977/3/2,83341,1,1,1,1,1,,1
83341,犬飼,イヌカイ,INUKAI,,,,33.072,131.638,50,6.5,,,,,,1,1,1,1,0,,0,1977/3/3,1986/9/11,83341,0,0,0,0,0,,0
83341,犬飼,イヌカイ,INUKAI,,,,33.072,131.638,50,6.5,,,,,,1,1,1,1,0,,0,1986/9/12,1990/12/17,83341,0,0,0,1,0,,0
83341,犬飼,イヌカイ,INUKAI,,,,33.065,131.632,121,6.5,,,,,,1,1,1,1,0,,0,1990/12/18,2005/11/10,83341,0,0,0,0,0,,0
83341,犬飼,イヌカイ,INUKAI,,,,33.065,131.632,121,6.8,,,,,,1,1,1,1,0,,0,2005/11/11,2009/3/16,83341,0,0,0,4,0,,0
83341,犬飼,イヌカイ,INUKAI,,,,33.065,131.632,121,6.8,,,,,,1,1,1,1,0,,0,2009/3/17,2021/3/1,83341,0,4,4,0,0,,0
83341,犬飼,イヌカイ,INUKAI,,,,33.065,131.632,121,6.8,,,,,,1,1,1,2,0,,0,2021/3/2,2021/3/11,83341,0,0,0,6,0,,0
83341,犬飼,イヌカイ,INUKAI,,,,33.065,131.632,121,10.1,,,,,,1,1,1,2,0,,1,2021/3/12,9999-99-99,83341,0,0,0,0,0,,0
83371,竹田,タケタ,TAKETA,,,,32.96,131.38,260,,,,,,,1,0,0,0,0,,0,1974/11/1,1977/3/1,83371,1,1,1,1,1,,1
83371,竹田,タケタ,TAKETA,,,,32.96,131.383,250,6.5,,,,,,1,1,1,1,0,,0,1977/3/2,1986/10/15,83371,0,0,0,0,0,,0
83371,竹田,タケタ,TAKETA,,,,32.96,131.383,250,6.5,,,,,,1,1,1,1,0,,0,1986/10/16,1990/12/12,83371,0,0,0,1,0,,0
83371,竹田,タケタ,TAKETA,,,,32.973,131.38,290,6.5,,,,,,1,1,1,1,0,,0,1990/12/13,2005/11/14,83371,0,0,0,0,0,,0
83371,竹田,タケタ,TAKETA,,,,32.973,131.38,290,6.7,,,,,,1,1,1,1,0,,0,2005/11/15,2009/3/18,83371,0,0,0,4,0,,0
83371,竹田,タケタ,TAKETA,,,,32.973,131.38,290,6.7,,,,,,1,1,1,1,0,,0,2009/3/19,2011/2/1,83371,0,4,4,0,0,,0
83371,竹田,タケタ,TAKETA,,,,32.973,131.398,261,10,,,,,,1,1,1,1,0,,0,2011/2/2,2021/3/1,83371,0,0,0,0,0,,0
83371,竹田,タケタ,TAKETA,,,,32.973,131.398,261,10,,,,,,1,1,1,2,0,,0,2021/3/2,2021/3/10,83371,0,0,0,6,0,,0
83371,竹田,タケタ,TAKETA,,,,32.973,131.398,261,10.1,,,,,,1,1,1,2,0,,1,2021/3/11,9999-99-99,83371,0,0,0,0,0,,0
83386,出羽,イズルハ,IZURUHA,,,,32.968,131.668,473,,,,,,,1,0,0,0,0,,0,1974/11/1,2009/11/20,83386,1,1,1,1,1,,1
83401,佐伯,サイキ,SAIKI,,,,32.968,131.903,2,,,,,,,1,0,0,0,0,,0,1974/11/1,1977/2/28,83401,1,1,1,1,1,,1
83401,佐伯,サイキ,SAIKI,,,,32.968,131.903,2,6.5,,,,,,1,1,1,1,0,,0,1977/3/1,1986/11/5,83401,0,0,0,0,0,,0
83401,佐伯,サイキ,SAIKI,,,,32.968,131.903,2,6.5,,,,,,1,1,1,1,0,,0,1986/11/6,2007/2/15,83401,0,0,0,1,0,,0
83401,佐伯,サイキ,SAIKI,,,,32.968,131.903,2,6.5,,,,,,1,1,1,1,0,,0,2007/2/16,2009/1/21,83401,0,0,0,4,0,,0
83401,佐伯,サイキ,SAIKI,,,,32.968,131.903,2,6.5,,,,,,1,1,1,1,0,,0,2009/1/22,2010/3/11,83401,0,4,4,0,0,,0
83401,佐伯,サイキ,SAIKI,,,,32.95,131.902,2,10,,,,,,1,1,1,1,0,,0,2010/3/12,2021/3/1,83401,0,0,0,0,0,,0
83401,佐伯,サイキ,SAIKI,,,,32.95,131.902,2,10,,,,,,1,1,1,2,0,,0,2021/3/2,2023/1/11,83401,0,0,0,6,0,,0
83401,佐伯,サイキ,SAIKI,,,,32.95,131.902,2,9.7,,,,,,1,1,1,2,0,,1,2023/1/12,9999-99-99,83401,0,0,0,0,0,,0
83416,倉木,クラキ,KURAKI,,,,32.895,131.395,483,,,,,,,1,0,0,0,0,,0,1974/11/1,2009/11/20,83416,1,1,1,1,1,,1
83431,宇目,ウメ,UME,,,,32.845,131.675,200,6.5,,,,,,1,1,1,1,0,,0,1977/3/2,1986/9/10,83431,1,1,1,1,1,,1
83431,宇目,ウメ,UME,,,,32.845,131.675,200,6.5,,,,,,1,1,1,1,0,,0,1986/9/11,2008/3/13,83431,0,0,0,1,0,,0
83431,宇目,ウメ,UME,,,,32.845,131.675,200,6.5,,,,,,1,1,1,1,0,,0,2008/3/14,2008/3/25,83431,0,0,0,4,0,,0
83431,宇目,ウメ,UME,,,,32.845,131.675,200,6.5,,,,,,1,1,1,1,0,,0,2008/3/26,2010/1/19,83431,0,4,4,0,0,,0
83431,宇目,ウメ,UME,,,,32.845,131.675,200,10,,,,,,1,1,1,1,0,,0,2010/1/20,2021/3/1,83431,0,0,0,0,0,,0
83431,宇目,ウメ,UME,,,,32.845,131.675,200,10,,,,,,1,1,1,2,0,,0,2021/3/2,2023/1/9,83431,0,0,0,6,0,,0
83431,宇目,ウメ,UME,,,,32.845,131.675,200,9.9,,,,,,1,1,1,2,0,,1,2023/1/10,9999-99-99,83431,0,0,0,0,0,,0
83476,蒲江,カマエ,KAMAE,,,,32.802,131.92,2,,,,,,,1,0,0,0,0,,0,1974/11/1,1977/2/27,83476,1,1,1,1,1,,1
83476,蒲江,カマエ,KAMAE,,,,32.802,131.92,2,6.5,,,,,,1,1,1,1,0,,0,1977/2/28,1986/5/6,83476,0,0,0,0,0,,0
83476,蒲江,カマエ,KAMAE,,,,32.802,131.92,2,6.5,,,,,,1,1,1,1,0,,0,1986/5/7,1993/2/22,83476,0,0,0,1,0,,0
83476,蒲江,カマエ,KAMAE,,,,32.795,131.923,2,6.5,,,,,,1,1,1,1,0,,0,1993/2/23,2008/3/17,83476,0,0,0,0,0,,0
83476,蒲江,カマエ,KAMAE,,,,32.795,131.923,2,6.5,,,,,,1,1,1,1,0,,0,2008/3/18,2008/3/25,83476,0,0,0,4,0,,0
83476,蒲江,カマエ,KAMAE,,,,32.795,131.923,2,6.5,,,,,,1,1,1,1,0,,0,2008/3/26,2010/1/31,83476,0,4,4,0,0,,0
83476,蒲江,カマエ,KAMAE,,,,32.795,131.923,2,10,,,,,,1,1,1,1,0,,0,2010/2/1,2021/3/1,83476,0,0,0,0,0,,0
83476,蒲江,カマエ,KAMAE,,,,32.795,131.923,2,10,,,,,,1,1,1,2,0,,0,2021/3/2,2023/1/10,83476,0,0,0,6,0,,0
83476,蒲江,カマエ,KAMAE,,,,32.795,131.923,2,9.6,,,,,,1,1,1,2,0,,1,2023/1/11,9999-99-99,83476,0,0,0,0,0,,0
84011,佐須奈,サスナ,SASUNA,,,,34.64,129.4,5,,,,,,,1,0,0,0,0,,0,1974/11/1,1977/3/6,84011,1,1,1,1,1,,1
84011,佐須奈,サスナ,SASUNA,,,,34.64,129.4,5,6.5,,,,,,1,1,1,1,0,,0,1977/3/7,1986/11/6,84011,0,0,0,0,0,,0
84011,佐須奈,サスナ,SASUNA,,,,34.64,129.4,5,6.5,,,,,,1,1,1,1,0,,0,1986/11/7,1995/8/2,84011,0,0,0,1,0,,0
84012,鰐浦,ワニウラ,WANIURA,,,,34.698,129.445,63,8,,,,,,1,1,1,1,0,,0,1995/8/2,2007/1/18,84012,1,1,1,1,1,,1
84012,鰐浦,ワニウラ,WANIURA,,,,34.698,129.445,63,8,,,,,,1,1,1,1,0,,0,2007/1/19,2009/1/8,84012,0,0,0,4,0,,0
84012,鰐浦,ワニウラ,WANIURA,,,,34.698,129.445,63,8,,,,,,1,1,1,1,0,,0,2009/1/9,2021/3/1,84012,0,4,4,0,0,,0
84012,鰐浦,ワニウラ,WANIURA,,,,34.698,129.445,63,8,,,,,,1,1,1,2,0,,0,2021/3/2,2022/12/5,84012,0,0,0,6,0,,0
84012,鰐浦,ワニウラ,WANIURA,,,,34.698,129.445,63,8,,,,,,1,1,1,2,0,,1,2022/12/6,9999-99-99,84012,0,0,0,0,0,,0
84071,厳原,イヅハラ,IZUHARA,,,,34.207,129.292,21,,,,,,,1,0,0,0,0,,0,1974/11/1,1975/3/11,84071,1,1,1,1,1,,1
84071,厳原,イヅハラ,IZUHARA,,,,34.207,129.292,21,12.4,,,,,,1,1,1,1,0,,0,1975/3/12,1981/3/24,84071,0,0,0,0,0,,0
84071,厳原,イヅハラ,IZUHARA,,,,34.207,129.292,21,12.9,,,,,,1,1,1,1,0,,0,1981/3/25,1985/12/31,84071,0,0,0,0,0,,0
84071,厳原,イヅハラ,IZUHARA,,,,34.207,129.292,21,12.9,,,,,,1,1,1,1,0,,0,1986/1/1,1991/8/31,84071,0,0,0,1,0,,0
84072,厳原,イヅハラ,IZUHARA,,,,34.197,129.292,4,36.1,,,,,,1,1,1,1,0,,0,1991/9/1,1999/1/11,84071,0,1,0,0,0,,0
84072,厳原,イヅハラ,IZUHARA,,,,34.197,129.292,4,36,,,,,,1,1,1,1,0,,0,1999/1/12,2008/3/25,84072,0,0,0,0,0,,0
84072,厳原,イヅハラ,IZUHARA,,,,34.197,129.292,4,36,,,,,,1,1,1,1,0,,0,2008/3/26,2012/10/24,84072,0,4,4,0,0,,0
84072,厳原,イヅハラ,IZUHARA,,,,34.197,129.292,4,36.1,,,,,,1,1,1,1,0,,0,2012/10/25,2021/3/1,84072,0,0,0,0,0,,0
84072,厳原,イヅハラ,IZUHARA,,,,34.197,129.292,4,36.1,,,,,,1,1,1,1,0,,1,2021/3/2,2022/11/24,84072,0,0,0,0,0,,0
84072,厳原,イヅハラ,IZUHARA,,,,34.197,129.292,5,36.1,,,,,,1,1,1,1,0,,1,2022/11/25,9999-99-99,84072,0,0,0,0,0,,0
84076,美津島,ミツシマ,MITSUSHIMA,,,,34.285,129.33,63,10.2,,,,,,1,1,1,0,0,,0,2003/1/1,2009/1/29,84076,1,1,1,1,1,,1
84076,美津島,ミツシマ,MITSUSHIMA,,,,34.285,129.33,63,10.2,,,,,,1,1,1,0,0,,0,2009/1/30,2017/3/7,84076,0,4,4,0,0,,0
84076,美津島,ミツシマ,MITSUSHIMA,,,,34.285,129.33,63,10.1,,,,,,1,1,1,0,0,,0,2017/3/8,9999-99-99,84076,0,0,0,0,0,,0
84121,芦辺,アシベ,ASHIBE,,,,33.8,129.722,97,6.5,,,,,,1,1,1,1,0,,0,1977/3/9,1986/6/3,84121,1,1,1,1,1,,1
84121,芦辺,アシベ,ASHIBE,,,,33.8,129.722,97,6.5,,,,,,1,1,1,1,0,,0,1986/6/4,2007/1/15,84121,0,0,0,1,0,,0
84121,芦辺,アシベ,ASHIBE,,,,33.8,129.722,97,6.5,,,,,,1,1,1,1,0,,0,2007/1/16,2008/9/16,84121,0,0,0,4,0,,0
84121,芦辺,アシベ,ASHIBE,,,,33.8,129.722,97,6.5,,,,,,1,1,1,1,0,,0,2008/9/17,2010/1/17,84121,0,4,4,0,0,,0
84121,芦辺,アシベ,ASHIBE,,,,33.8,129.722,97,10,,,,,,1,1,1,1,0,,0,2010/1/18,2021/3/1,84121,0,0,0,0,0,,0
84121,芦辺,アシベ,ASHIBE,,,,33.8,129.722,97,10,,,,,,1,1,1,2,0,,0,2021/3/2,2022/12/12,84121,0,0,0,6,0,,0
84121,芦辺,アシベ,ASHIBE,,,,33.8,129.722,97,9.9,,,,,,1,1,1,2,0,,1,2022/12/13,9999-99-99,84121,0,0,0,0,0,,0
84122,石田,イシダ,ISHIDA,,,,33.748,129.785,12,10.2,,,,,,1,1,1,0,0,,0,2003/1/1,2009/1/28,84122,1,1,1,1,1,,1
84122,石田,イシダ,ISHIDA,,,,33.748,129.785,12,10.2,,,,,,1,1,1,0,0,,0,2009/1/29,2018/12/5,84122,0,4,4,0,0,,0
84122,石田,イシダ,ISHIDA,,,,33.748,129.785,12,10,,,,,,1,1,1,0,0,,0,2018/12/6,9999-99-99,84122,0,0,0,0,0,,0
84171,平戸,ヒラド,HIRADO,,,,33.36,129.55,58,,,,,,,1,0,0,0,0,,0,1974/11/1,1975/12/10,84171,1,1,1,1,1,,1
84171,平戸,ヒラド,HIRADO,,,,33.36,129.55,58,11,,,,,,1,1,1,1,0,,0,1975/12/11,1987/12/31,84171,0,0,0,0,0,,0
84171,平戸,ヒラド,HIRADO,,,,33.36,129.55,58,11,,,,,,1,1,1,1,0,,0,1988/1/1,2000/1/25,84171,0,0,0,1,0,,0
84171,平戸,ヒラド,HIRADO,,,,33.36,129.55,58,10.9,,,,,,1,1,1,1,0,,0,2000/1/26,2001/2/20,84171,0,0,0,0,0,,0
84171,平戸,ヒラド,HIRADO,,,,33.36,129.55,58,12.4,,,,,,1,1,1,1,0,,0,2001/2/21,2008/3/25,84171,0,0,0,0,0,,0
84171,平戸,ヒラド,HIRADO,,,,33.36,129.55,58,12.4,,,,,,1,1,1,1,0,,0,2008/3/26,2013/12/18,84171,0,4,4,0,0,,0
84171,平戸,ヒラド,HIRADO,,,,33.36,129.55,58,12.5,,,,,,1,1,1,1,0,,0,2013/12/19,2021/3/1,84171,0,0,0,0,0,,0
84171,平戸,ヒラド,HIRADO,,,,33.36,129.55,58,12.5,,,,,,1,1,1,1,0,,1,2021/3/2,9999-99-99,84171,0,0,0,0,0,,0
84181,松浦,マツウラ,MATSUURA,,,,33.342,129.71,4,,,,,,,1,0,0,0,0,,0,1974/11/1,1977/2/24,84181,1,1,1,1,1,,1
84181,松浦,マツウラ,MATSUURA,,,,33.342,129.71,4,15.5,,,,,,1,1,1,1,0,,0,1977/2/25,1986/5/13,84181,0,0,0,0,0,,0
84181,松浦,マツウラ,MATSUURA,,,,33.342,129.71,4,15.5,,,,,,1,1,1,1,0,,0,1986/5/14,1999/9/6,84181,0,0,0,1,0,,0
84182,松浦,マツウラ,MATSUURA,,,,33.35,129.765,9,8.4,,,,,,1,1,1,1,0,,0,1999/9/7,2008/1/24,84182,1,1,1,1,1,,1
84182,松浦,マツウラ,MATSUURA,,,,33.35,129.765,9,8.4,,,,,,1,1,1,1,0,,0,2008/1/25,2008/3/25,84182,0,0,0,4,0,,0
84182,松浦,マツウラ,MATSUURA,,,,33.35,129.765,9,8.4,,,,,,1,1,1,1,0,,0,2008/3/26,2011/3/15,84182,0,4,4,0,0,,0
84183,松浦,マツウラ,MATSUURA,,,,33.342,129.712,14,10,,,,,,1,1,1,1,0,,0,2011/3/15,2021/3/1,84183,1,1,1,1,1,,1
84183,松浦,マツウラ,MATSUURA,,,,33.342,129.712,14,10,,,,,,1,1,1,2,0,,0,2021/3/2,2023/2/6,84183,0,0,0,6,0,,0
84183,松浦,マツウラ,MATSUURA,,,,33.342,129.712,14,9.9,,,,,,1,1,1,2,0,,1,2023/2/7,9999-99-99,84183,0,0,0,0,0,,0
84226,国見山,クニミヤマ,KUNIMIYAMA,,,,33.235,129.813,769,,,,,,,1,0,0,0,0,,0,1974/11/1,2009/11/20,84226,1,1,1,1,1,,1
84236,小値賀,オヂカ,OJIKA,,,,33.19,129.09,8,6.4,,,,,,1,1,1,0,0,,0,2003/1/1,2009/1/28,84236,1,1,1,1,1,,1
84236,小値賀,オヂカ,OJIKA,,,,33.19,129.09,8,6.4,,,,,,1,1,1,0,0,,0,2009/1/29,2018/12/5,84236,0,4,4,0,0,,0
84236,小値賀,オヂカ,OJIKA,,,,33.19,129.09,8,10,,,,,,1,1,1,0,0,,0,2018/12/6,2020/3/25,84236,0,0,0,0,0,,0
84266,佐世保,サセボ,SASEBO,,,,33.158,129.727,4,35,,,,,,1,1,1,1,0,,0,2002/3/27,2008/3/25,84316,0,1,0,0,0,,0
84266,佐世保,サセボ,SASEBO,,,,33.158,129.727,4,35,,,,,,1,1,1,1,0,,0,2008/3/26,2021/3/1,84266,0,4,4,0,0,,0
84266,佐世保,サセボ,SASEBO,,,,33.158,129.727,4,35,,,,,,1,1,1,1,0,,1,2021/3/2,9999-99-99,84266,0,0,0,0,0,,0
84286,頭ヶ島,カシラガシマ,KASHIRAGASHIMA,,,,33.013,129.192,80,7,,,,,,1,1,1,0,0,,0,2003/1/1,2009/1/28,84286,1,1,1,1,1,,1
84286,頭ヶ島,カシラガシマ,KASHIRAGASHIMA,,,,33.013,129.192,80,7,,,,,,1,1,1,0,0,,0,2009/1/29,2018/4/24,84286,0,4,4,0,0,,0
84286,頭ヶ島,カシラガシマ,KASHIRAGASHIMA,,,,33.013,129.192,80,10,,,,,,1,1,1,0,0,,0,2018/4/25,2020/3/25,84286,0,0,0,0,0,,0
84306,西海,サイカイ,SAIKAI,,,,33.013,129.652,18,10,,,,,,1,1,1,2,0,,0,2021/3/5,2023/2/5,84306,1,5,5,7,1,,1
84306,西海,サイカイ,SAIKAI,,,,33.013,129.652,18,9.9,,,,,,1,1,1,2,0,,1,2023/2/6,9999-99-99,84306,0,0,0,0,0,,0
84316,佐世保,サセボ,SASEBO,,,,33.153,129.732,17,,,,,,,1,0,0,0,0,,0,1974/11/1,1975/12/12,84316,1,1,1,1,1,,1
84316,佐世保,サセボ,SASEBO,,,,33.153,129.732,17,13.1,,,,,,1,1,1,1,0,,0,1975/12/13,1985/12/31,84316,0,0,0,0,0,,0
84316,佐世保,サセボ,SASEBO,,,,33.153,129.732,17,13.1,,,,,,1,1,1,1,0,,0,1986/1/1,2001/1/31,84316,0,0,0,1,0,,0
84316,佐世保,サセボ,SASEBO,,,,33.153,129.732,17,13,,,,,,1,1,1,1,0,,0,2001/2/1,2002/3/27,84316,0,0,0,0,0,,0
84336,上五島,カミゴトウ,KAMIGOTO,,,,32.982,129.072,5,6.5,,,,,,1,1,1,1,0,,0,1977/2/23,1986/3/13,84336,1,1,1,1,1,,1
84336,上五島,カミゴトウ,KAMIGOTO,,,,32.982,129.072,5,6.5,,,,,,1,1,1,1,0,,0,1986/3/14,1999/12/21,84336,0,0,0,1,0,,0
84341,有川,アリカワ,ARIKAWA,,,,32.982,129.118,11,,,,,,,1,0,0,0,0,,0,1976/1/1,1977/2/23,84341,1,1,1,1,1,,1
84341,有川,アリカワ,ARIKAWA,,,,32.982,129.118,11,8.4,,,,,,1,1,1,1,0,,0,1999/12/22,2007/1/22,84336,0,0,0,0,0,,0
84341,有川,アリカワ,ARIKAWA,,,,32.982,129.118,11,8.4,,,,,,1,1,1,1,0,,0,2007/1/23,2008/9/24,84341,0,0,0,4,0,,0
84341,有川,アリカワ,ARIKAWA,,,,32.982,129.118,11,8.4,,,,,,1,1,1,1,0,,0,2008/9/25,2021/3/1,84341,0,4,4,0,0,,0
84341,有川,アリカワ,ARIKAWA,,,,32.982,129.118,11,8.4,,,,,,1,1,1,2,0,,0,2021/3/2,2021/3/9,84341,0,0,0,6,0,,0
84341,有川,アリカワ,ARIKAWA,,,,32.982,129.118,11,10,,,,,,1,1,1,2,0,,0,2021/3/10,2021/12/6,84341,0,0,0,0,0,,0
84341,有川,アリカワ,ARIKAWA,,,,32.982,129.118,11,9.9,,,,,,1,1,1,2,0,,1,2021/12/7,9999-99-99,84341,0,0,0,0,0,,0
84356,大瀬戸,オオセト,OSETO,,,,32.933,129.642,45,,,,,,,1,0,0,0,0,,0,1974/11/1,1977/2/20,84356,1,1,1,1,1,,1
84356,大瀬戸,オオセト,OSETO,,,,32.933,129.642,45,8,,,,,,1,1,1,1,0,,0,1977/2/21,1979/5/23,84356,0,0,0,0,0,,0
84356,大瀬戸,オオセト,OSETO,,,,32.948,129.632,43,8,,,,,,1,1,1,1,0,,0,1979/5/24,1986/6/15,84356,0,0,0,0,0,,0
84356,大瀬戸,オオセト,OSETO,,,,32.948,129.632,43,8,,,,,,1,1,1,1,0,,0,1986/6/16,2007/2/22,84356,0,0,0,1,0,,0
84356,大瀬戸,オオセト,OSETO,,,,32.948,129.632,43,10.2,,,,,,1,1,1,1,0,,0,2007/2/23,2009/1/13,84356,0,0,0,4,0,,0
84356,大瀬戸,オオセト,OSETO,,,,32.948,129.632,43,10.2,,,,,,1,1,1,1,0,,0,2009/1/14,2021/3/1,84356,0,4,4,0,0,,0
84356,大瀬戸,オオセト,OSETO,,,,32.948,129.632,43,10.2,,,,,,1,1,1,2,0,,0,2021/3/2,2021/3/5,84356,0,0,0,6,0,,0
84361,長浦岳,ナガウラダケ,NAGAURADAKE,,,,32.907,129.742,537,,,,,,,1,0,0,0,0,,0,1974/11/1,2010/3/25,84361,1,1,1,1,1,,1
84361,長浦岳,ナガウラダケ,NAGAURADAKE,,,,32.908,129.738,510,,,,,,,1,0,0,0,0,,0,2010/3/26,9999-99-99,84361,0,0,0,0,0,,0
84371,大村,オオムラ,OMURA,,,,32.915,129.953,7,,,,,,,1,0,0,0,0,,0,1976/4/22,1996/3/24,84371,1,1,1,1,1,,1
84371,大村,オオムラ,OMURA,,,,32.917,129.913,3,9.9,,,,,,1,1,1,0,0,,0,1996/3/25,2009/1/28,84371,0,0,0,0,0,,0
84371,大村,オオムラ,OMURA,,,,32.917,129.913,3,9.9,,,,,,1,1,1,0,0,,0,2009/1/29,2019/12/4,84371,0,4,4,0,0,,0
84371,大村,オオムラ,OMURA,,,,32.917,129.913,3,10,,,,,,1,1,1,0,0,,0,2019/12/5,9999-99-99,84371,0,0,0,0,0,,0
84376,五家原岳,ゴカハラダケ,GOKAHARADAKE,,,,32.942,130.077,776,,,,,,,1,0,0,0,0,,0,1974/11/1,2009/11/20,84376,1,1,1,1,1,,1
84441,諫早,イサハヤ,ISAHAYA,,,,32.843,130.053,15,,,,,,,1,0,0,0,0,,0,1974/11/1,2009/12/16,84441,1,1,1,1,1,,1
84441,諫早,イサハヤ,ISAHAYA,,,,32.843,130.025,15,,,,,,,1,0,0,0,0,,0,2009/12/17,9999-99-99,84441,0,0,0,0,0,,0
84451,百花台,ヒャッカダイ,HYAKKADAI,,,,32.82,130.292,210,,,,,,,1,0,0,0,0,,0,1995/4/19,1998/2/28,84451,1,1,1,1,1,,1
84496,長崎,ナガサキ,NAGASAKI,,,,32.733,129.867,27,,,,,,,1,0,0,0,0,,0,1974/11/1,1975/3/20,84496,1,1,1,1,1,,1
84496,長崎,ナガサキ,NAGASAKI,,,,32.733,129.867,27,18.6,,,,,,1,1,1,1,0,,0,1975/3/21,1985/12/31,84496,0,0,0,0,0,,0
84496,長崎,ナガサキ,NAGASAKI,,,,32.733,129.867,27,18.6,,,,,,1,1,1,1,0,,0,1986/1/1,2008/3/25,84496,0,0,0,1,0,,0
84496,長崎,ナガサキ,NAGASAKI,,,,32.733,129.867,27,18.6,,,,,,1,1,1,1,0,,0,2008/3/26,2013/3/4,84496,0,4,4,0,0,,0
84496,長崎,ナガサキ,NAGASAKI,長崎,ナガサキ,NAGASAKI,32.733,129.867,27,18.6,,,32.733,129.867,27,1,1,1,1,1,,0,2013/3/5,2021/3/1,84496,0,0,0,0,0,,0
84496,長崎,ナガサキ,NAGASAKI,長崎,ナガサキ,NAGASAKI,32.733,129.867,27,18.6,,,32.733,129.867,27,1,1,1,1,1,,1,2021/3/2,9999-99-99,84496,0,0,0,0,0,,0
84516,絹笠山,キヌガサヤマ,KINUGASAYAMA,,,,32.738,130.25,849,,,,,,,1,0,0,0,0,,0,1974/11/1,1975/12/15,84516,1,1,1,1,1,,1
84516,絹笠山,キヌガサヤマ,KINUGASAYAMA,,,,32.738,130.25,849,12.8,,,,,,1,1,1,1,0,,0,1975/12/16,1986/12/4,84516,0,0,0,0,0,,0
84516,絹笠山,キヌガサヤマ,KINUGASAYAMA,,,,32.738,130.25,849,12.8,,,,,,1,1,1,1,0,,0,1986/12/5,2002/11/26,84516,0,0,0,1,0,,0
84517,普賢岳,フゲンダケ,FUGENDAKE,,,,32.75,130.285,1100,,,,,,,1,0,0,0,0,,0,1993/6/15,2002/11/26,84517,1,1,1,1,1,,1
84518,千々石,チヂワ,CHIJIWA,,,,32.787,130.198,20,,,,,,,1,0,0,0,0,,0,1995/4/19,1998/2/28,84518,1,1,1,1,1,,1
84519,雲仙岳,ウンゼンダケ,UNZENDAKE,,,,32.737,130.262,678,10.4,,,,,,1,1,1,1,0,,0,2002/11/26,2008/3/25,84516,1,0,1,1,0,,0
84519,雲仙岳,ウンゼンダケ,UNZENDAKE,,,,32.737,130.262,678,10.4,,,,,,1,1,1,1,0,,0,2008/3/26,2014/11/12,84519,0,4,4,0,0,,0
84519,雲仙岳,ウンゼンダケ,UNZENDAKE,,,,32.737,130.262,678,10.5,,,,,,1,1,1,1,0,,0,2014/11/13,2021/3/1,84519,0,0,0,0,0,,0
84519,雲仙岳,ウンゼンダケ,UNZENDAKE,,,,32.737,130.262,678,10.5,,,,,,1,1,1,1,0,,1,2021/3/2,9999-99-99,84519,0,0,0,0,0,,0
84521,島原,シマバラ,SHIMABARA,,,,32.785,130.372,17,,,,,,,1,0,0,0,0,,0,1975/5/1,1977/2/18,84521,1,1,1,1,1,,1
84521,島原,シマバラ,SHIMABARA,,,,32.785,130.372,17,22.7,,,,,,1,1,1,1,0,,0,1977/2/19,1986/7/17,84521,0,0,0,0,0,,0
84521,島原,シマバラ,SHIMABARA,,,,32.785,130.372,17,22.7,,,,,,1,1,1,1,0,,0,1986/7/18,2006/3/15,84521,0,0,0,1,0,,0
84522,深江,フカエ,FUKAE,,,,32.727,130.315,200,,,,,,,1,0,0,0,0,,0,1991/6/12,2002/11/26,84522,1,1,1,1,1,,1
84523,島原,シマバラ,SHIMABARA,,,,32.742,130.375,6,6,,,,,,1,1,1,1,0,,0,2006/3/15,2007/1/24,84523,1,1,1,1,1,,1
84523,島原,シマバラ,SHIMABARA,,,,32.742,130.375,6,6,,,,,,1,1,1,1,0,,0,2007/1/25,2009/1/15,84523,0,0,0,4,0,,0
84523,島原,シマバラ,SHIMABARA,,,,32.742,130.375,6,6,,,,,,1,1,1,1,0,,0,2009/1/16,2016/3/22,84523,0,4,4,0,0,,0
84523,島原,シマバラ,SHIMABARA,,,,32.76,130.362,14,10,,,,,,1,1,1,1,0,,0,2016/3/23,2021/3/1,84523,0,0,0,0,0,,0
84523,島原,シマバラ,SHIMABARA,,,,32.76,130.362,14,10,,,,,,1,1,1,2,0,,0,2021/3/2,2021/11/15,84523,0,0,0,6,0,,0
84523,島原,シマバラ,SHIMABARA,,,,32.76,130.362,14,9.9,,,,,,1,1,1,2,0,,1,2021/11/16,9999-99-99,84523,0,0,0,0,0,,0
84536,福江,フクエ,FUKUE,,,,32.693,128.827,25,,,,,,,1,0,0,0,0,,0,1974/11/1,1975/3/17,84536,1,1,1,1,1,,1
84536,福江,フクエ,FUKUE,,,,32.693,128.827,25,10.2,,,,,,1,1,1,1,0,,0,1975/3/18,1981/3/18,84536,0,0,0,0,0,,0
84536,福江,フクエ,FUKUE,,,,32.693,128.827,25,10.3,,,,,,1,1,1,1,0,,0,1981/3/19,1985/12/31,84536,0,0,0,0,0,,0
84536,福江,フクエ,FUKUE,,,,32.693,128.827,25,10.3,,,,,,1,1,1,1,0,,0,1986/1/1,1999/1/18,84536,0,0,0,1,0,,0
84536,福江,フクエ,FUKUE,,,,32.693,128.827,25,10.2,,,,,,1,1,1,1,0,,0,1999/1/19,2008/3/25,84536,0,0,0,0,0,,0
84536,福江,フクエ,FUKUE,,,,32.693,128.827,25,10.2,,,,,,1,1,1,1,0,,0,2008/3/26,2013/10/10,84536,0,4,4,0,0,,0
84536,福江,フクエ,FUKUE,,,,32.693,128.827,25,10.1,,,,,,1,1,1,1,0,,0,2013/10/11,2021/3/1,84536,0,0,0,0,0,,0
84536,福江,フクエ,FUKUE,,,,32.693,128.827,25,10.1,,,,,,1,1,1,1,0,,1,2021/3/2,9999-99-99,84536,0,0,0,0,0,,0
84537,上大津,カミオオヅ,KAMIOZU,,,,32.665,128.832,77,8,,,,,,1,1,1,0,0,,0,2003/1/1,2009/1/29,84537,1,1,1,1,1,,1
84537,上大津,カミオオヅ,KAMIOZU,,,,32.665,128.832,77,8,,,,,,1,1,1,0,0,,0,2009/1/30,2017/3/7,84537,0,4,4,0,0,,0
84537,上大津,カミオオヅ,KAMIOZU,,,,32.665,128.832,77,10.1,,,,,,1,1,1,0,0,,0,2017/3/8,9999-99-99,84537,0,0,0,0,0,,0
84561,口之津,クチノツ,KUCHINOTSU,,,,32.612,130.187,10,,,,,,,1,0,0,0,0,,0,1975/4/23,1976/3/3,84561,1,1,1,1,1,,1
84561,口之津,クチノツ,KUCHINOTSU,,,,32.612,130.187,10,15.5,,,,,,1,1,1,1,0,,0,1976/3/4,1986/4/29,84561,0,0,0,0,0,,0
84561,口之津,クチノツ,KUCHINOTSU,,,,32.612,130.187,10,15.5,,,,,,1,1,1,1,0,,0,1986/4/30,2005/12/13,84561,0,0,0,1,0,,0
84561,口之津,クチノツ,KUCHINOTSU,,,,32.612,130.187,10,15.5,,,,,,1,1,1,1,0,,0,2005/12/14,2009/3/3,84561,0,0,0,4,0,,0
84561,口之津,クチノツ,KUCHINOTSU,,,,32.612,130.187,10,15.5,,,,,,1,1,1,1,0,,0,2009/3/4,2010/3/4,84561,0,4,4,0,0,,0
84561,口之津,クチノツ,KUCHINOTSU,,,,32.612,130.193,13,10,,,,,,1,1,1,1,0,,0,2010/3/5,2021/3/1,84561,0,0,0,0,0,,0
84561,口之津,クチノツ,KUCHINOTSU,,,,32.612,130.193,13,10,,,,,,1,1,1,2,0,,0,2021/3/2,2021/11/16,84561,0,0,0,6,0,,0
84561,口之津,クチノツ,KUCHINOTSU,,,,32.612,130.193,13,9.9,,,,,,1,1,1,2,0,,1,2021/11/17,9999-99-99,84561,0,0,0,0,0,,0
84596,野母崎,ノモザキ,NOMOZAKI,,,,32.578,129.74,190,15.4,,,,,,1,1,1,1,0,,0,1991/3/29,2005/12/15,84596,1,1,1,1,1,,1
84596,野母崎,ノモザキ,NOMOZAKI,,,,32.578,129.74,190,15.4,,,,,,1,1,1,1,0,,0,2005/12/16,2009/3/5,84596,0,0,0,4,0,,0
84596,野母崎,ノモザキ,NOMOZAKI,,,,32.578,129.74,190,15.4,,,,,,1,1,1,1,0,,0,2009/3/6,2021/1/19,84596,0,4,4,0,0,,0
84597,脇岬,ワキミサキ,WAKIMISAKI,,,,32.582,129.777,4,10,,,,,,1,1,1,1,0,,0,2021/1/20,2021/3/1,84597,1,5,5,5,1,,1
84597,脇岬,ワキミサキ,WAKIMISAKI,,,,32.582,129.777,4,10,,,,,,1,1,1,2,0,,0,2021/3/2,2021/11/17,84597,0,0,0,6,0,,0
84597,脇岬,ワキミサキ,WAKIMISAKI,,,,32.582,129.777,4,9.9,,,,,,1,1,1,2,0,,1,2021/11/18,9999-99-99,84597,0,0,0,0,0,,0
85031,枝去木,エザルギ,EZARUGI,,,,33.498,129.898,110,,,,,,,1,0,0,0,0,,0,1974/11/1,1977/3/3,85031,1,1,1,1,1,,1
85031,枝去木,エザルギ,EZARUGI,,,,33.498,129.898,110,6.5,,,,,,1,1,1,1,0,,0,1977/3/4,1986/10/15,85031,0,0,0,0,0,,0
85031,枝去木,エザルギ,EZARUGI,,,,33.498,129.898,110,6.5,,,,,,1,1,1,1,0,,0,1986/10/16,2007/1/15,85031,0,0,0,1,0,,0
85031,枝去木,エザルギ,EZARUGI,,,,33.498,129.898,110,6.5,,,,,,1,1,1,1,0,,0,2007/1/16,2009/1/15,85031,0,0,0,4,0,,0
85031,枝去木,エザルギ,EZARUGI,,,,33.498,129.898,110,6.5,,,,,,1,1,1,1,0,,0,2009/1/16,2010/2/25,85031,0,4,4,0,0,,0
85032,和多田,ワタダ,WATADA,,,,33.425,129.985,5,,,,,,,1,0,0,0,0,,0,1974/11/1,2010/3/4,85032,1,1,1,1,1,,1
85033,唐津,カラツ,KARATSU,,,,33.458,129.955,23,10,,,,,,1,1,1,1,0,,0,2010/2/25,2021/3/1,85033,1,1,1,1,1,,1
85033,唐津,カラツ,KARATSU,,,,33.458,129.955,23,10,,,,,,1,1,1,2,0,,0,2021/3/2,2021/12/8,85033,0,0,0,6,0,,0
85033,唐津,カラツ,KARATSU,,,,33.458,129.955,23,9.9,,,,,,1,1,1,2,0,,1,2021/12/9,9999-99-99,85033,0,0,0,0,0,,0
85046,北山,ホクザン,HOKUZAN,,,,33.413,130.22,339,,,,,,,1,0,0,0,0,,0,2010/3/17,9999-99-99,85046,1,1,1,1,1,,1
85091,権現山,ゴンゲンヤマ,GONGENYAMA,,,,33.4,130.237,590,,,,,,,1,0,0,0,0,,0,1974/11/1,2010/3/17,85091,1,1,1,1,1,,1
85106,鳥栖,トス,TOSU,,,,33.385,130.517,25,,,,,,,1,0,0,0,0,,0,2010/3/4,9999-99-99,85106,1,1,1,1,1,,1
85116,伊万里,イマリ,IMARI,,,,33.267,129.878,25,,,,,,,1,0,0,0,0,,0,1975/9/1,1977/3/2,85116,1,1,1,1,1,,1
85116,伊万里,イマリ,IMARI,,,,33.267,129.878,25,8,,,,,,1,1,1,1,0,,0,1977/3/3,1986/3/11,85116,0,0,0,0,0,,0
85116,伊万里,イマリ,IMARI,,,,33.267,129.878,25,8,,,,,,1,1,1,1,0,,0,1986/3/12,2007/1/18,85116,0,0,0,1,0,,0
85116,伊万里,イマリ,IMARI,,,,33.267,129.878,25,8,,,,,,1,1,1,1,0,,0,2007/1/19,2009/1/19,85116,0,0,0,4,0,,0
85116,伊万里,イマリ,IMARI,,,,33.267,129.878,25,8,,,,,,1,1,1,1,0,,0,2009/1/20,2020/8/17,85116,0,4,4,0,0,,0
85116,伊万里,イマリ,IMARI,,,,33.267,129.878,25,10,,,,,,1,1,1,1,0,,0,2020/8/18,2021/3/1,85116,0,0,0,0,0,,0
85116,伊万里,イマリ,IMARI,,,,33.267,129.878,25,10,,,,,,1,1,1,2,0,,0,2021/3/2,2022/12/13,85116,0,0,0,6,0,,0
85116,伊万里,イマリ,IMARI,,,,33.267,129.878,25,9.9,,,,,,1,1,1,2,0,,1,2022/12/14,9999-99-99,85116,0,0,0,0,0,,0
85126,八幡岳,ハチマンダケ,HACHIMANDAKE,,,,33.282,130.027,761,,,,,,,1,0,0,0,0,,0,1974/11/1,2009/11/20,85126,1,1,1,1,1,,1
85131,大町,オオマチ,OMACHI,,,,33.22,130.11,99,,,,,,,1,0,0,0,0,,0,2019/9/20,2021/12/7,85131,1,1,1,1,1,,1
85141,佐賀,サガ,SAGA,,,,33.243,130.302,4,,,,,,,1,0,0,0,0,,0,1974/11/1,1975/3/16,85141,1,1,1,1,1,,1
85141,佐賀,サガ,SAGA,,,,33.243,130.302,4,25.5,,,,,,1,1,1,1,0,,0,1975/3/17,1985/12/31,85141,0,0,0,0,0,,0
85141,佐賀,サガ,SAGA,,,,33.243,130.302,4,25.5,,,,,,1,1,1,1,0,,0,1986/1/1,1995/10/19,85141,0,0,0,1,0,,0
85142,佐賀,サガ,SAGA,,,,33.265,130.305,6,56.1,,,,,,1,1,1,1,0,,0,1995/10/19,2008/3/25,85141,0,1,0,0,0,,0
85142,佐賀,サガ,SAGA,,,,33.265,130.305,6,56.1,,,,,,1,1,1,1,0,,0,2008/3/26,2013/1/21,85142,0,4,4,0,0,,0
85142,佐賀,サガ,SAGA,佐賀,サガ,SAGA,33.265,130.305,6,56.1,,,33.265,130.305,6,1,1,1,1,1,,0,2013/1/22,2021/3/1,85142,0,0,0,0,0,,0
85142,佐賀,サガ,SAGA,佐賀,サガ,SAGA,33.265,130.305,6,56.1,,,33.265,130.305,6,1,1,1,1,1,,1,2021/3/2,9999-99-99,85142,0,0,0,0,0,,0
85161,嬉野,ウレシノ,URESHINO,,,,33.117,129.995,81,8,,,,,,1,1,1,1,0,,0,1977/2/24,1986/4/22,85161,1,1,1,1,1,,1
85161,嬉野,ウレシノ,URESHINO,,,,33.117,129.995,81,8,,,,,,1,1,1,1,0,,0,1986/4/23,2008/1/28,85161,0,0,0,1,0,,0
85161,嬉野,ウレシノ,URESHINO,,,,33.117,129.995,81,8,,,,,,1,1,1,1,0,,0,2008/1/29,2008/3/25,85161,0,0,0,4,0,,0
85161,嬉野,ウレシノ,URESHINO,,,,33.117,129.995,81,8,,,,,,1,1,1,1,0,,0,2008/3/26,2010/2/2,85161,0,4,4,0,0,,0
85161,嬉野,ウレシノ,URESHINO,,,,33.117,129.995,81,10,,,,,,1,1,1,1,0,,0,2010/2/3,2021/3/1,85161,0,0,0,0,0,,0
85161,嬉野,ウレシノ,URESHINO,,,,33.117,129.995,81,10,,,,,,1,1,1,2,0,,0,2021/3/2,2022/12/19,85161,0,0,0,6,0,,0
85161,嬉野,ウレシノ,URESHINO,,,,33.117,129.995,81,9.9,,,,,,1,1,1,2,0,,1,2022/12/20,9999-99-99,85161,0,0,0,0,0,,0
85166,白石,シロイシ,SHIROISHI,,,,33.182,130.133,4,,,,,,,1,0,0,0,0,,0,1974/11/1,1977/3/1,85166,1,1,1,1,1,,1
85166,白石,シロイシ,SHIROISHI,,,,33.182,130.133,4,8,,,,,,1,1,1,1,0,,0,1977/3/2,1986/4/20,85166,0,0,0,0,0,,0
85166,白石,シロイシ,SHIROISHI,,,,33.182,130.133,4,8,,,,,,1,1,1,1,0,,0,1986/4/21,2008/1/31,85166,0,0,0,1,0,,0
85166,白石,シロイシ,SHIROISHI,,,,33.182,130.133,4,8,,,,,,1,1,1,1,0,,0,2008/2/1,2008/3/25,85166,0,0,0,4,0,,0
85166,白石,シロイシ,SHIROISHI,,,,33.182,130.133,4,8,,,,,,1,1,1,1,0,,0,2008/3/26,2010/3/11,85166,0,4,4,0,0,,0
85166,白石,シロイシ,SHIROISHI,,,,33.183,130.148,2,10,,,,,,1,1,1,1,0,,0,2010/3/12,2021/3/1,85166,0,0,0,0,0,,0
85166,白石,シロイシ,SHIROISHI,,,,33.183,130.148,2,10,,,,,,1,1,1,2,0,,0,2021/3/2,2022/12/18,85166,0,0,0,6,0,,0
85166,白石,シロイシ,SHIROISHI,,,,33.183,130.148,2,9.8,,,,,,1,1,1,2,0,,1,2022/12/19,9999-99-99,85166,0,0,0,0,0,,0
85176,川副,カワソエ,KAWASOE,,,,33.148,130.302,2,8.5,,,,,,1,1,1,0,0,,0,2003/1/1,2009/1/28,85176,1,1,1,1,1,,1
85176,川副,カワソエ,KAWASOE,,,,33.148,130.302,2,8.5,,,,,,1,1,1,0,0,,0,2009/1/29,2017/3/7,85176,0,4,4,0,0,,0
85176,川副,カワソエ,KAWASOE,,,,33.148,130.302,2,10.1,,,,,,1,1,1,0,0,,0,2017/3/8,9999-99-99,85176,0,0,0,0,0,,0
85181,嬉野,ウレシノ,URESHINO,,,,33.1,129.987,65,,,,,,,1,0,0,0,0,,0,1974/11/1,1977/2/28,85181,1,1,1,1,1,,1
85201,多良岳,タラダケ,TARADAKE,,,,32.972,130.155,395,,,,,,,1,0,0,0,0,,0,1974/11/1,2009/11/20,85201,1,1,1,1,1,,1
86006,鹿北,カホク,KAHOKU,,,,33.115,130.692,119,,,,,,,1,0,0,0,0,,0,1974/11/1,1977/2/8,86006,1,1,1,1,1,,1
86006,鹿北,カホク,KAHOKU,,,,33.115,130.692,119,6.5,,,,,,1,1,1,1,0,,0,1977/2/9,1986/2/24,86006,0,0,0,0,0,,0
86006,鹿北,カホク,KAHOKU,,,,33.115,130.692,119,6.5,,,,,,1,1,1,1,0,,0,1986/2/25,2008/1/28,86006,0,0,0,1,0,,0
86006,鹿北,カホク,KAHOKU,,,,33.115,130.692,119,6.5,,,,,,1,1,1,1,0,,0,2008/1/29,2008/3/25,86006,0,0,0,4,0,,0
86006,鹿北,カホク,KAHOKU,,,,33.115,130.692,119,6.5,,,,,,1,1,1,1,0,,0,2008/3/26,2010/3/4,86006,0,4,4,0,0,,0
86006,鹿北,カホク,KAHOKU,,,,33.115,130.692,119,10,,,,,,1,1,1,1,0,,0,2010/3/5,2021/3/1,86006,0,0,0,0,0,,0
86006,鹿北,カホク,KAHOKU,,,,33.115,130.692,119,10,,,,,,1,1,1,2,0,,0,2021/3/2,2022/11/14,86006,0,0,0,6,0,,0
86006,鹿北,カホク,KAHOKU,,,,33.115,130.692,119,10,,,,,,1,1,1,2,0,,1,2022/11/15,9999-99-99,86006,0,0,0,0,0,,0
86066,南小国,ミナミオグニ,MINAMIOGUNI,,,,33.097,131.068,440,,,,,,,1,0,0,0,0,,0,1974/11/1,1977/2/13,86066,1,1,1,1,1,,1
86066,南小国,ミナミオグニ,MINAMIOGUNI,,,,33.097,131.068,440,6.5,,,,,,1,1,1,1,0,,0,1977/2/14,1986/10/8,86066,0,0,0,0,0,,0
86066,南小国,ミナミオグニ,MINAMIOGUNI,,,,33.097,131.068,440,6.5,,,,,,1,1,1,1,0,,0,1986/10/9,2009/2/18,86066,0,0,0,1,0,,0
86066,南小国,ミナミオグニ,MINAMIOGUNI,,,,33.097,131.068,440,6.5,,,,,,1,1,1,1,0,,0,2009/2/19,2010/2/25,86066,0,4,4,4,0,,0
86066,南小国,ミナミオグニ,MINAMIOGUNI,,,,33.103,131.067,448,10,,,,,,1,1,1,1,0,,0,2010/2/26,2021/3/1,86066,0,0,0,0,0,,0
86066,南小国,ミナミオグニ,MINAMIOGUNI,,,,33.103,131.067,448,10,,,,,,1,1,1,2,0,,0,2021/3/2,2022/11/7,86066,0,0,0,6,0,,0
86066,南小国,ミナミオグニ,MINAMIOGUNI,,,,33.103,131.067,448,10.1,,,,,,1,1,1,2,0,,1,2022/11/8,9999-99-99,86066,0,0,0,0,0,,0
86086,岱明,タイメイ,TAIMEI,,,,32.915,130.512,15,,,,,,,1,0,0,0,0,,0,1974/11/1,1977/2/9,86086,1,1,1,1,1,,1
86086,岱明,タイメイ,TAIMEI,,,,32.915,130.512,15,6.4,,,,,,1,1,1,1,0,,0,1977/2/10,1986/5/7,86086,0,0,0,0,0,,0
86086,岱明,タイメイ,TAIMEI,,,,32.915,130.512,15,6.4,,,,,,1,1,1,1,0,,0,1986/5/8,2008/1/24,86086,0,0,0,1,0,,0
86086,岱明,タイメイ,TAIMEI,,,,32.915,130.512,15,6.4,,,,,,1,1,1,1,0,,0,2008/1/25,2008/3/25,86086,0,0,0,4,0,,0
86086,岱明,タイメイ,TAIMEI,,,,32.915,130.512,15,6.4,,,,,,1,1,1,1,0,,0,2008/3/26,2010/3/7,86086,0,4,4,0,0,,0
86086,岱明,タイメイ,TAIMEI,,,,32.915,130.512,15,10,,,,,,1,1,1,1,0,,0,2010/3/8,2021/3/1,86086,0,0,0,0,0,,0
86086,岱明,タイメイ,TAIMEI,,,,32.915,130.512,15,10,,,,,,1,1,1,2,0,,0,2021/3/2,2022/11/13,86086,0,0,0,6,0,,0
86086,岱明,タイメイ,TAIMEI,,,,32.915,130.512,15,10,,,,,,1,1,1,2,0,,1,2022/11/14,9999-99-99,86086,0,0,0,0,0,,0
86101,菊池,キクチ,KIKUCHI,,,,32.968,130.802,44,,,,,,,1,0,0,0,0,,0,1974/11/1,1977/2/9,86101,1,1,1,1,1,,1
86101,菊池,キクチ,KIKUCHI,,,,32.968,130.802,44,6.5,,,,,,1,1,1,1,0,,0,1977/2/10,1980/5/29,86101,0,0,0,0,0,,0
86101,菊池,キクチ,KIKUCHI,,,,32.947,130.778,81,6.5,,,,,,1,1,1,1,0,,0,1980/5/30,1986/4/22,86101,0,0,0,0,0,,0
86101,菊池,キクチ,KIKUCHI,,,,32.947,130.778,81,6.5,,,,,,1,1,1,1,0,,0,1986/4/23,2003/9/24,86101,0,0,0,1,0,,0
86101,菊池,キクチ,KIKUCHI,,,,32.945,130.782,83,6.5,,,,,,1,1,1,1,0,,0,2003/9/25,2009/2/16,86101,0,0,0,0,0,,0
86101,菊池,キクチ,KIKUCHI,,,,32.945,130.782,83,6.5,,,,,,1,1,1,1,0,,0,2009/2/17,2021/3/1,86101,0,4,4,4,0,,0
86101,菊池,キクチ,KIKUCHI,,,,32.945,130.782,83,6.5,,,,,,1,1,1,2,0,,0,2021/3/2,2022/9/6,86101,0,0,0,6,0,,0
86101,菊池,キクチ,KIKUCHI,,,,32.945,130.782,83,10.2,,,,,,1,1,1,2,0,,0,2022/9/7,2022/11/27,86101,0,0,0,0,0,,0
86101,菊池,キクチ,KIKUCHI,,,,32.945,130.782,83,10.1,,,,,,1,1,1,2,0,,1,2022/11/28,9999-99-99,86101,0,0,0,0,0,,0
86106,鞍岳,クラダケ,KURADAKE,,,,32.95,130.918,640,,,,,,,1,0,0,0,0,,0,1974/11/1,2009/11/20,86106,1,1,1,1,1,,1
86111,阿蘇乙姫,アソオトヒメ,ASO-OTOHIME,,,,32.937,131.08,526,13,,,,,,1,1,1,1,0,,0,1978/1/11,1986/10/13,86111,1,1,1,1,1,,1
86111,阿蘇乙姫,アソオトヒメ,ASO-OTOHIME,,,,32.937,131.08,526,13,,,,,,1,1,1,1,0,,0,1986/10/14,1990/3/22,86111,0,0,0,1,0,,0
86111,阿蘇乙姫,アソオトヒメ,ASO-OTOHIME,,,,32.94,131.04,497,6.5,,,,,,1,1,1,1,0,,0,1990/3/23,2008/1/31,86111,0,0,0,0,0,,0
86111,阿蘇乙姫,アソオトヒメ,ASO-OTOHIME,,,,32.94,131.04,497,10.2,,,,,,1,1,1,1,0,,0,2008/2/1,2008/3/25,86111,0,0,0,4,0,,0
86111,阿蘇乙姫,アソオトヒメ,ASO-OTOHIME,,,,32.94,131.04,497,10.2,,,,,,1,1,1,1,0,,0,2008/3/26,2018/1/23,86111,0,4,4,0,0,,0
86111,阿蘇乙姫,アソオトヒメ,ASO-OTOHIME,,,,32.947,131.04,487,10,,,,,,1,1,1,1,0,,0,2018/1/24,2021/3/1,86111,0,0,0,0,0,,0
86111,阿蘇乙姫,アソオトヒメ,ASO-OTOHIME,,,,32.947,131.04,487,10,,,,,,1,1,1,2,0,,0,2021/3/2,2022/11/6,86111,0,0,0,6,0,,0
86111,阿蘇乙姫,アソオトヒメ,ASO-OTOHIME,,,,32.947,131.04,487,10,,,,,,1,1,1,2,0,,1,2022/11/7,9999-99-99,86111,0,0,0,0,0,,0
86141,熊本,クマモト,KUMAMOTO,,,,32.813,130.707,38,,,,,,,1,0,0,0,0,,0,1974/11/1,1975/3/25,86141,1,1,1,1,1,,1
86141,熊本,クマモト,KUMAMOTO,,,,32.813,130.707,38,23.7,,,,,,1,1,1,1,0,,0,1975/3/26,1985/12/31,86141,0,0,0,0,0,,0
86141,熊本,クマモト,KUMAMOTO,,,,32.813,130.707,38,23.7,,,,,,1,1,1,1,0,,0,1986/1/1,2008/3/25,86141,0,0,0,1,0,,0
86141,熊本,クマモト,KUMAMOTO,,,,32.813,130.707,38,23.7,,,,,,1,1,1,1,0,,0,2008/3/26,2011/1/31,86141,0,4,4,0,0,,0
86141,熊本,クマモト,KUMAMOTO,,,,32.813,130.707,38,21.6,,,,,,1,1,1,1,0,,0,2011/2/1,2012/11/20,86141,0,0,0,0,0,,0
86141,熊本,クマモト,KUMAMOTO,,,,32.813,130.707,38,21.7,,,,,,1,1,1,1,0,,0,2012/11/21,2012/12/17,86141,0,0,0,0,0,,0
86141,熊本,クマモト,KUMAMOTO,熊本,クマモト,KUMAMOTO,32.813,130.707,38,21.7,,,32.813,130.707,38,1,1,1,1,1,,0,2012/12/18,2015/10/21,86141,0,0,0,0,0,,0
86141,熊本,クマモト,KUMAMOTO,熊本,クマモト,KUMAMOTO,32.813,130.707,38,15.3,,,32.813,130.707,38,1,1,1,1,1,,0,2015/10/22,2021/3/1,86141,0,0,0,0,0,,0
86141,熊本,クマモト,KUMAMOTO,熊本,クマモト,KUMAMOTO,32.813,130.707,38,15.3,,,32.813,130.707,38,1,1,1,1,1,,1,2021/3/2,9999-99-99,86141,0,0,0,0,0,,0
86146,益城,マシキ,MASHIKI,,,,32.837,130.855,193,,,,,,,1,0,0,0,0,,0,1975/4/23,1977/2/10,86146,1,1,1,1,1,,1
86146,益城,マシキ,MASHIKI,,,,32.837,130.855,193,7.5,,,,,,1,1,1,0,0,,0,2003/1/1,2009/1/29,86146,0,0,0,0,0,,0
86146,益城,マシキ,MASHIKI,,,,32.837,130.855,193,7.5,,,,,,1,1,1,0,0,,0,2009/1/30,2021/12/1,86146,0,4,4,0,0,,0
86146,益城,マシキ,MASHIKI,,,,32.837,130.855,193,10,,,,,,1,1,1,0,0,,0,2021/12/2,9999-99-99,86146,0,0,0,0,0,,0
86151,俵山,タワラヤマ,TAWARAYAMA,,,,32.842,130.975,850,,,,,,,1,0,0,0,0,,0,1974/11/1,2000/3/31,86151,1,1,1,1,1,,1
86151,俵山,タワラヤマ,TAWARAYAMA,,,,32.85,130.977,850,,,,,,,1,0,0,0,0,,0,2000/4/1,2009/11/20,86151,0,0,0,0,0,,0
86156,阿蘇山,アソサン,ASOSAN,,,,32.88,131.073,1143,,,,,,,1,0,0,0,0,,0,1974/11/1,1989/12/13,86156,1,1,1,1,1,,1
86156,阿蘇山,アソサン,ASOSAN,,,,32.88,131.073,1143,10.3,,,,,,1,1,1,1,0,,0,1989/12/14,1989/12/31,86156,0,0,0,0,0,,0
86156,阿蘇山,アソサン,ASOSAN,,,,32.88,131.073,1143,10.3,,,,,,1,1,1,1,0,,0,1990/1/1,2000/9/30,86156,0,0,0,1,0,,0
86156,阿蘇山,アソサン,ASOSAN,阿蘇山,アソサン,ASOSAN,32.88,131.073,1143,10.3,,,32.88,131.073,1143,1,1,1,1,1,,0,2000/10/1,2001/3/21,86156,0,0,0,0,0,,0
86156,阿蘇山,アソサン,ASOSAN,阿蘇山,アソサン,ASOSAN,32.88,131.073,1142,9.7,,,32.88,131.073,1142,1,1,1,1,1,,0,2001/3/22,2008/3/25,86156,0,0,0,0,0,,0
86156,阿蘇山,アソサン,ASOSAN,阿蘇山,アソサン,ASOSAN,32.88,131.073,1142,9.7,,,32.88,131.073,1142,1,1,1,1,1,,0,2008/3/26,2009/5/21,86156,0,4,4,0,0,,0
86156,阿蘇山,アソサン,ASOSAN,阿蘇山,アソサン,ASOSAN,32.88,131.073,1142,10,,,32.88,131.073,1142,1,1,1,1,1,,0,2009/5/22,2013/10/16,86156,0,0,0,0,0,,0
86156,阿蘇山,アソサン,ASOSAN,阿蘇山,アソサン,ASOSAN,32.88,131.073,1142,10.2,,,32.88,131.073,1142,1,1,1,1,1,,0,2013/10/17,2017/12/11,86156,0,0,0,0,0,,0
86157,南阿蘇,ミナミアソ,MINAMIASO,南阿蘇,ミナミアソ,MINAMIASO,32.832,131.013,393,4.5,,,32.832,131.013,393,1,1,1,1,1,,0,2015/1/16,2017/12/5,86157,1,5,5,5,1,,1
86157,南阿蘇,ミナミアソ,MINAMIASO,南阿蘇,ミナミアソ,MINAMIASO,32.832,131.013,394,10,,,32.832,131.013,394,1,1,1,1,1,,0,2017/12/6,2021/3/1,86157,0,0,0,0,0,,0
86157,南阿蘇,ミナミアソ,MINAMIASO,南阿蘇,ミナミアソ,MINAMIASO,32.832,131.013,394,10,,,32.832,131.013,394,1,1,1,2,1,,0,2021/3/2,2022/10/23,86157,0,0,0,6,0,,0
86157,南阿蘇,ミナミアソ,MINAMIASO,南阿蘇,ミナミアソ,MINAMIASO,32.832,131.013,394,10,,,32.832,131.013,394,1,1,1,2,1,,1,2022/10/24,9999-99-99,86157,0,0,0,0,0,,0
86161,高森,タカモリ,TAKAMORI,,,,32.817,131.118,538,,,,,,,1,0,0,0,0,,0,1974/11/1,1977/2/14,86161,1,1,1,1,1,,1
86161,高森,タカモリ,TAKAMORI,,,,32.817,131.118,538,6.5,,,,,,1,1,1,1,0,,0,1977/2/15,1983/3/30,86161,0,0,0,0,0,,0
86161,高森,タカモリ,TAKAMORI,,,,32.822,131.123,551,6.5,,,,,,1,1,1,1,0,,0,1983/3/31,1986/8/21,86161,0,0,0,0,0,,0
86161,高森,タカモリ,TAKAMORI,,,,32.822,131.123,551,6.5,,,,,,1,1,1,1,0,,0,1986/8/22,2007/12/18,86161,0,0,0,1,0,,0
86161,高森,タカモリ,TAKAMORI,,,,32.822,131.125,555,10.3,,,,,,1,1,1,1,0,,0,2007/12/19,2008/3/25,86161,0,0,0,4,0,,0
86161,高森,タカモリ,TAKAMORI,,,,32.822,131.125,555,10.3,,,,,,1,1,1,1,0,,0,2008/3/26,2021/3/1,86161,0,4,4,0,0,,0
86161,高森,タカモリ,TAKAMORI,,,,32.822,131.125,555,10.3,,,,,,1,1,1,2,0,,0,2021/3/2,2023/1/17,86161,0,0,0,6,0,,0
86161,高森,タカモリ,TAKAMORI,,,,32.822,131.125,555,9.8,,,,,,1,1,1,2,0,,1,2023/1/18,9999-99-99,86161,0,0,0,0,0,,0
86181,宇土,ウト,UTO,,,,32.7,130.657,6,,,,,,,1,0,0,0,0,,0,2005/12/6,9999-99-99,86181,1,1,1,1,1,,1
86196,間の谷山,マノタニヤマ,MANOTANIYAMA,,,,32.707,130.94,640,,,,,,,1,0,0,0,0,,0,1974/11/1,2010/3/4,86196,1,1,1,1,1,,1
86197,山都,ヤマト,YAMATO,,,,32.712,130.958,574,,,,,,,1,0,0,0,0,,0,2010/3/4,9999-99-99,86197,1,1,1,1,1,,1
86216,三角,ミスミ,MISUMI,,,,32.612,130.478,60,,,,,,,1,0,0,0,0,,0,1976/1/1,1977/2/22,86216,1,1,1,1,1,,1
86216,三角,ミスミ,MISUMI,,,,32.612,130.478,60,6.5,,,,,,1,1,1,1,0,,0,1977/2/23,1986/11/5,86216,0,0,0,0,0,,0
86216,三角,ミスミ,MISUMI,,,,32.612,130.478,60,6.5,,,,,,1,1,1,1,0,,0,1986/11/6,2008/1/17,86216,0,0,0,1,0,,0
86216,三角,ミスミ,MISUMI,,,,32.612,130.478,60,10,,,,,,1,1,1,1,0,,0,2008/1/18,2008/3/25,86216,0,0,0,4,0,,0
86216,三角,ミスミ,MISUMI,,,,32.612,130.478,60,10,,,,,,1,1,1,1,0,,0,2008/3/26,2021/3/1,86216,0,4,4,0,0,,0
86216,三角,ミスミ,MISUMI,,,,32.612,130.478,60,10,,,,,,1,1,1,2,0,,0,2021/3/2,2022/12/11,86216,0,0,0,6,0,,0
86216,三角,ミスミ,MISUMI,,,,32.612,130.478,60,10,,,,,,1,1,1,2,0,,1,2022/12/12,9999-99-99,86216,0,0,0,0,0,,0
86236,甲佐,コウサ,KOSA,,,,32.645,130.81,36,,,,,,,1,0,0,0,0,,0,1974/11/1,1977/2/15,86236,1,1,1,1,1,,1
86236,甲佐,コウサ,KOSA,,,,32.645,130.81,36,6.4,,,,,,1,1,1,1,0,,0,1977/2/16,1986/11/17,86236,0,0,0,0,0,,0
86236,甲佐,コウサ,KOSA,,,,32.645,130.81,36,6.4,,,,,,1,1,1,1,0,,0,1986/11/18,2005/11/17,86236,0,0,0,1,0,,0
86236,甲佐,コウサ,KOSA,,,,32.645,130.81,36,6.6,,,,,,1,1,1,1,0,,0,2005/11/18,2009/3/9,86236,0,0,0,4,0,,0
86236,甲佐,コウサ,KOSA,,,,32.645,130.81,36,6.6,,,,,,1,1,1,1,0,,0,2009/3/10,2015/3/19,86236,0,4,4,0,0,,0
86236,甲佐,コウサ,KOSA,,,,32.645,130.81,36,10.3,,,,,,1,1,1,1,0,,0,2015/3/20,2021/3/1,86236,0,0,0,0,0,,0
86236,甲佐,コウサ,KOSA,,,,32.645,130.81,36,10.3,,,,,,1,1,1,2,0,,0,2021/3/2,2021/11/7,86236,0,0,0,6,0,,0
86236,甲佐,コウサ,KOSA,,,,32.645,130.81,36,9.9,,,,,,1,1,1,2,0,,1,2021/11/8,2022/9/20,86236,0,0,0,0,0,,0
86236,甲佐,コウサ,KOSA,,,,32.672,130.817,52,10.1,,,,,,1,1,1,2,0,,1,2022/9/21,9999-99-99,86236,0,0,0,0,0,,0
86271,松島,マツシマ,MATSUSHIMA,,,,32.503,130.427,6,,,,,,,1,0,0,0,0,,0,1974/11/1,1977/2/23,86271,1,1,1,1,1,,1
86271,松島,マツシマ,MATSUSHIMA,,,,32.503,130.427,6,6.5,,,,,,1,1,1,1,0,,0,1977/2/24,1986/9/11,86271,0,0,0,0,0,,0
86271,松島,マツシマ,MATSUSHIMA,,,,32.503,130.427,6,6.5,,,,,,1,1,1,1,0,,0,1986/9/12,1997/10/29,86271,0,0,0,1,0,,0
86271,松島,マツシマ,MATSUSHIMA,,,,32.515,130.447,2,8.1,,,,,,1,1,1,1,0,,0,1997/10/30,2007/1/22,86271,0,0,0,0,0,,0
86271,松島,マツシマ,MATSUSHIMA,,,,32.515,130.447,2,8.1,,,,,,1,1,1,1,0,,0,2007/1/23,2009/1/8,86271,0,0,0,4,0,,0
86271,松島,マツシマ,MATSUSHIMA,,,,32.515,130.447,2,8.1,,,,,,1,1,1,1,0,,0,2009/1/9,2021/3/1,86271,0,4,4,0,0,,0
86271,松島,マツシマ,MATSUSHIMA,,,,32.515,130.447,2,8.1,,,,,,1,1,1,2,0,,0,2021/3/2,2022/8/18,86271,0,0,0,6,0,,0
86271,松島,マツシマ,MATSUSHIMA,,,,32.515,130.447,2,10.2,,,,,,1,1,1,2,0,,0,2022/8/19,2022/10/31,86271,0,0,0,0,0,,0
86271,松島,マツシマ,MATSUSHIMA,,,,32.515,130.447,2,10.1,,,,,,1,1,1,2,0,,1,2022/11/1,9999-99-99,86271,0,0,0,0,0,,0
86296,大金峰,ダイキンポウ,DAIKIMPO,,,,32.563,130.905,1193,,,,,,,1,0,0,0,0,,0,1974/11/1,2009/11/20,86296,1,1,1,1,1,,1
86316,本渡,ホンド,HONDO,,,,32.468,130.18,30,,,,,,,1,0,0,0,0,,0,1974/11/1,1977/2/24,86316,1,1,1,1,1,,1
86316,本渡,ホンド,HONDO,,,,32.468,130.18,30,6.5,,,,,,1,1,1,1,0,,0,1977/2/25,1986/3/4,86316,0,0,0,0,0,,0
86316,本渡,ホンド,HONDO,,,,32.468,130.18,30,6.5,,,,,,1,1,1,1,0,,0,1986/3/5,2008/1/15,86316,0,0,0,1,0,,0
86316,本渡,ホンド,HONDO,,,,32.468,130.18,30,6.5,,,,,,1,1,1,1,0,,0,2008/1/16,2008/3/25,86316,0,0,0,4,0,,0
86316,本渡,ホンド,HONDO,,,,32.468,130.18,30,6.5,,,,,,1,1,1,1,0,,0,2008/3/26,2010/3/16,86316,0,4,4,0,0,,0
86316,本渡,ホンド,HONDO,,,,32.468,130.18,30,10,,,,,,1,1,1,1,0,,0,2010/3/17,2021/3/1,86316,0,0,0,0,0,,0
86316,本渡,ホンド,HONDO,,,,32.468,130.18,30,10,,,,,,1,1,1,2,0,,0,2021/3/2,2022/11/1,86316,0,0,0,6,0,,0
86316,本渡,ホンド,HONDO,,,,32.468,130.18,30,10,,,,,,1,1,1,2,0,,1,2022/11/2,9999-99-99,86316,0,0,0,0,0,,0
86336,八代,ヤツシロ,YATSUSHIRO,,,,32.498,130.595,3,,,,,,,1,0,0,0,0,,0,1974/11/1,1977/2/21,86336,1,1,1,1,1,,1
86336,八代,ヤツシロ,YATSUSHIRO,,,,32.498,130.595,3,6.5,,,,,,1,1,1,1,0,,0,1977/2/22,1979/10/31,86336,0,0,0,0,0,,0
86336,八代,ヤツシロ,YATSUSHIRO,,,,32.473,130.607,8,6.5,,,,,,1,1,1,1,0,,0,1979/11/1,1986/5/14,86336,0,0,0,0,0,,0
86336,八代,ヤツシロ,YATSUSHIRO,,,,32.473,130.607,8,6.5,,,,,,1,1,1,1,0,,0,1986/5/15,2008/1/21,86336,0,0,0,1,0,,0
86336,八代,ヤツシロ,YATSUSHIRO,,,,32.473,130.607,8,6.5,,,,,,1,1,1,1,0,,0,2008/1/22,2008/3/25,86336,0,0,0,4,0,,0
86336,八代,ヤツシロ,YATSUSHIRO,,,,32.473,130.607,8,6.5,,,,,,1,1,1,1,0,,0,2008/3/26,2010/3/10,86336,0,4,4,0,0,,0
86336,八代,ヤツシロ,YATSUSHIRO,,,,32.473,130.607,8,10,,,,,,1,1,1,1,0,,0,2010/3/11,2021/3/1,86336,0,0,0,0,0,,0
86336,八代,ヤツシロ,YATSUSHIRO,,,,32.473,130.607,8,10,,,,,,1,1,1,2,0,,0,2021/3/2,2022/12/12,86336,0,0,0,6,0,,0
86336,八代,ヤツシロ,YATSUSHIRO,,,,32.473,130.607,8,10,,,,,,1,1,1,2,0,,1,2022/12/13,9999-99-99,86336,0,0,0,0,0,,0
86351,五木,イツキ,ITSUKI,,,,32.442,130.855,323,,,,,,,1,0,0,0,0,,0,1981/2/18,2012/3/7,86351,1,1,1,1,1,,1
86356,五家荘,ゴカノシヨウ,GOKANOSHO,,,,32.49,130.905,580,,,,,,,1,0,0,0,0,,0,1977/6/27,1981/2/12,86356,1,1,1,1,1,,1
86396,田浦,タノウラ,TANOURA,,,,32.365,130.508,4,,,,,,,1,0,0,0,0,,0,1975/4/25,2003/7/10,86396,1,1,1,1,1,,1
86396,田浦,タノウラ,TANOURA,,,,32.363,130.508,3,,,,,,,1,0,0,0,0,,0,2003/7/11,9999-99-99,86396,0,0,0,0,0,,0
86406,屋形山,ヤカタヤマ,YAKATAYAMA,,,,32.31,130.735,780,,,,,,,1,0,0,0,0,,0,1977/6/21,1990/10/29,86406,1,1,1,1,1,,1
86407,山江,ヤマエ,YAMAE,,,,32.302,130.747,218,,,,,,,1,0,0,0,0,,0,1990/12/7,9999-99-99,86407,1,1,1,1,1,,1
86411,五木,イツキ,ITSUKI,,,,32.395,130.827,310,,,,,,,1,0,0,0,0,,0,2012/3/7,9999-99-99,86411,1,1,1,1,1,,1
86416,茶臼峠,チャウストウゲ,CHAUSUTOGE,,,,32.355,130.908,1060,,,,,,,1,0,0,0,0,,0,1976/4/27,2005/12/1,86416,1,1,1,1,1,,1
86451,水俣,ミナマタ,MINAMATA,,,,32.208,130.405,2,,,,,,,1,0,0,0,0,,0,1975/4/23,1977/2/20,86451,1,1,1,1,1,,1
86451,水俣,ミナマタ,MINAMATA,,,,32.205,130.407,6,6.4,,,,,,1,1,1,1,0,,0,1977/2/21,1986/9/23,86451,0,0,0,0,0,,0
86451,水俣,ミナマタ,MINAMATA,,,,32.205,130.407,6,6.4,,,,,,1,1,1,1,0,,0,1986/9/24,2007/1/25,86451,0,0,0,1,0,,0
86451,水俣,ミナマタ,MINAMATA,,,,32.205,130.407,6,6.5,,,,,,1,1,1,1,0,,0,2007/1/26,2009/1/13,86451,0,0,0,4,0,,0
86451,水俣,ミナマタ,MINAMATA,,,,32.205,130.407,6,6.5,,,,,,1,1,1,1,0,,0,2009/1/14,2021/3/1,86451,0,4,4,0,0,,0
86451,水俣,ミナマタ,MINAMATA,,,,32.205,130.407,6,6.5,,,,,,1,1,1,2,0,,0,2021/3/2,2022/10/25,86451,0,0,0,6,0,,0
86451,水俣,ミナマタ,MINAMATA,,,,32.205,130.407,6,10.2,,,,,,1,1,1,2,0,,0,2022/10/26,2022/12/18,86451,0,0,0,0,0,,0
86451,水俣,ミナマタ,MINAMATA,,,,32.205,130.407,6,10.1,,,,,,1,1,1,2,0,,1,2022/12/19,9999-99-99,86451,0,0,0,0,0,,0
86461,一勝地,イッショウチ,ISSHOCHI,,,,32.245,130.645,120,,,,,,,1,0,0,0,0,,0,2005/12/6,9999-99-99,86461,1,1,1,1,1,,1
86466,戦山,イクサヤマ,IKUSAYAMA,,,,32.127,130.722,850,,,,,,,1,0,0,0,0,,0,1974/11/1,1977/6/20,86466,1,1,1,1,1,,1
86467,人吉,ヒトヨシ,HITOYOSHI,,,,32.22,130.747,146,,,,,,,1,0,0,0,0,,0,1974/11/1,1975/12/12,86467,1,1,1,1,1,,1
86467,人吉,ヒトヨシ,HITOYOSHI,,,,32.22,130.747,146,12.1,,,,,,1,1,1,1,0,,0,1975/12/13,1985/12/31,86467,0,0,0,0,0,,0
86467,人吉,ヒトヨシ,HITOYOSHI,,,,32.22,130.747,146,12.1,,,,,,1,1,1,1,0,,0,1986/1/1,1998/3/30,86467,0,0,0,1,0,,0
86467,人吉,ヒトヨシ,HITOYOSHI,,,,32.217,130.755,146,12.1,,,,,,1,1,1,1,0,,0,1998/3/31,2000/1/26,86467,0,0,0,0,0,,0
86467,人吉,ヒトヨシ,HITOYOSHI,,,,32.217,130.755,146,12,,,,,,1,1,1,1,0,,0,2000/1/27,2003/11/6,86467,0,0,0,0,0,,0
86467,人吉,ヒトヨシ,HITOYOSHI,,,,32.217,130.755,146,14.5,,,,,,1,1,1,1,0,,0,2003/11/7,2008/3/25,86467,0,0,0,0,0,,0
86467,人吉,ヒトヨシ,HITOYOSHI,,,,32.217,130.755,146,14.5,,,,,,1,1,1,1,0,,0,2008/3/26,2014/10/29,86467,0,4,4,0,0,,0
86467,人吉,ヒトヨシ,HITOYOSHI,,,,32.217,130.755,146,14.7,,,,,,1,1,1,1,0,,0,2014/10/30,2021/3/1,86467,0,0,0,0,0,,0
86467,人吉,ヒトヨシ,HITOYOSHI,,,,32.217,130.755,146,14.7,,,,,,1,1,1,1,0,,1,2021/3/2,9999-99-99,86467,0,0,0,0,0,,0
86476,多良木,タラキ,TARAKI,,,,32.257,130.925,156,,,,,,,1,0,0,0,0,,0,1975/4/23,1977/3/22,86476,1,1,1,1,1,,1
86477,上,ウエ,UE,,,,32.225,130.905,166,,,,,,,1,0,0,0,0,,0,1975/4/23,1977/3/21,86477,1,1,1,1,1,,1
86477,上,ウエ,UE,,,,32.225,130.905,166,6.5,,,,,,1,1,1,1,0,,0,1977/3/22,1985/11/26,86477,0,0,0,0,0,,0
86477,上,ウエ,UE,,,,32.225,130.905,166,6.5,,,,,,1,1,1,1,0,,0,1985/11/27,2005/12/8,86477,0,0,0,1,0,,0
86477,上,ウエ,UE,,,,32.225,130.905,166,6.6,,,,,,1,1,1,1,0,,0,2005/12/9,2009/3/11,86477,0,0,0,4,0,,0
86477,上,ウエ,UE,,,,32.225,130.905,166,6.6,,,,,,1,1,1,1,0,,0,2009/3/12,2021/3/1,86477,0,4,4,0,0,,0
86477,上,ウエ,UE,,,,32.225,130.905,166,6.6,,,,,,1,1,1,2,0,,0,2021/3/2,2021/6/1,86477,0,0,0,6,0,,0
86477,上,ウエ,UE,,,,32.225,130.905,166,11,,,,,,1,1,1,2,0,,0,2021/6/2,2021/8/30,86477,0,0,0,0,0,,0
86477,上,ウエ,UE,,,,32.225,130.905,166,10,,,,,,1,1,1,2,0,,1,2021/8/31,9999-99-99,86477,0,0,0,0,0,,0
86478,多良木,タラギ,TARAGI,,,,32.295,130.95,210,,,,,,,1,0,0,0,0,,0,2005/12/8,9999-99-99,86478,1,1,1,1,1,,1
86481,市房山,イチフサヤマ,ICHIFUSAYAMA,,,,32.263,131.043,665,,,,,,,1,0,0,0,0,,0,1976/4/26,1993/6/6,86481,1,1,1,1,1,,1
86481,市房,イチフサ,ICHIFUSA,,,,32.263,131.043,665,,,,,,,1,0,0,0,0,,0,1993/6/7,1998/1/31,86481,0,0,0,0,0,,0
86481,湯前横谷,ユノマエヨコタニ,YUNOMAEYOKOTANI,,,,32.263,131.043,665,,,,,,,1,0,0,0,0,,0,1998/2/1,9999-99-99,86481,0,0,0,0,0,,0
86491,牛深,ウシブカ,USHIBUKA,,,,32.197,130.027,3,,,,,,,1,0,0,0,0,,0,1974/11/1,1975/12/18,86491,1,1,1,1,1,,1
86491,牛深,ウシブカ,USHIBUKA,,,,32.197,130.027,3,20.6,,,,,,1,1,1,1,0,,0,1975/12/19,1985/12/31,86491,0,0,0,0,0,,0
86491,牛深,ウシブカ,USHIBUKA,,,,32.197,130.027,3,20.6,,,,,,1,1,1,1,0,,0,1986/1/1,2002/1/30,86491,0,0,0,1,0,,0
86491,牛深,ウシブカ,USHIBUKA,,,,32.197,130.027,3,20.5,,,,,,1,1,1,1,0,,0,2002/1/31,2008/3/25,86491,0,0,0,0,0,,0
86491,牛深,ウシブカ,USHIBUKA,,,,32.197,130.027,3,20.5,,,,,,1,1,1,1,0,,0,2008/3/26,2021/3/1,86491,0,4,4,0,0,,0
86491,牛深,ウシブカ,USHIBUKA,,,,32.197,130.027,3,20.5,,,,,,1,1,1,1,0,,1,2021/3/2,9999-99-99,86491,0,0,0,0,0,,0
86511,一里山,イチリヤマ,ICHIRIYAMA,,,,32.2,130.64,650,,,,,,,1,0,0,0,0,,0,1974/11/1,2005/12/1,86511,1,1,1,1,1,,1
86526,白髪岳,シラガダケ,SHIRAGADAKE,,,,32.172,130.91,925,,,,,,,1,0,0,0,0,,0,1974/11/1,2005/12/6,86526,1,1,1,1,1,,1
87041,高千穂,タカチホ,TAKACHIHO,,,,32.703,131.307,320,,,,,,,1,0,0,0,0,,0,1974/11/1,1977/2/6,87041,1,1,1,1,1,,1
87041,高千穂,タカチホ,TAKACHIHO,,,,32.703,131.307,320,6.5,,,,,,1,1,1,1,0,,0,1977/2/7,1986/6/9,87041,0,0,0,0,0,,0
87041,高千穂,タカチホ,TAKACHIHO,,,,32.703,131.307,320,6.5,,,,,,1,1,1,1,0,,0,1986/6/10,2002/5/28,87041,0,0,0,1,0,,0
87041,高千穂,タカチホ,TAKACHIHO,,,,32.712,131.29,350,8,,,,,,1,1,1,1,0,,0,2002/5/29,2007/2/8,87041,0,0,0,0,0,,0
87041,高千穂,タカチホ,TAKACHIHO,,,,32.712,131.29,350,8,,,,,,1,1,1,1,0,,0,2007/2/9,2009/1/8,87041,0,0,0,4,0,,0
87041,高千穂,タカチホ,TAKACHIHO,,,,32.712,131.29,350,8,,,,,,1,1,1,1,0,,0,2009/1/9,2021/3/1,87041,0,4,4,0,0,,0
87041,高千穂,タカチホ,TAKACHIHO,,,,32.712,131.29,350,8,,,,,,1,1,1,2,0,,0,2021/3/2,2022/9/13,87041,0,0,0,6,0,,0
87041,高千穂,タカチホ,TAKACHIHO,,,,32.712,131.29,350,10.2,,,,,,1,1,1,2,0,,0,2022/9/14,2022/11/15,87041,0,0,0,0,0,,0
87041,高千穂,タカチホ,TAKACHIHO,,,,32.712,131.29,350,10.2,,,,,,1,1,1,2,0,,1,2022/11/16,9999-99-99,87041,0,0,0,0,0,,0
87046,見立,ミタテ,MITATE,,,,32.783,131.448,530,,,,,,,1,0,0,0,0,,0,1978/8/24,2010/2/18,87046,1,1,1,1,1,,1
87066,古江,フルエ,FURUE,,,,32.708,131.82,4,8,,,,,,1,1,1,1,0,,0,1977/2/8,1986/6/17,87066,1,1,1,1,1,,1
87066,古江,フルエ,FURUE,,,,32.708,131.82,4,8,,,,,,1,1,1,1,0,,0,1986/6/18,2007/2/13,87066,0,0,0,1,0,,0
87066,古江,フルエ,FURUE,,,,32.708,131.82,4,8,,,,,,1,1,1,1,0,,0,2007/2/14,2009/1/13,87066,0,0,0,4,0,,0
87066,古江,フルエ,FURUE,,,,32.708,131.82,4,8,,,,,,1,1,1,1,0,,0,2009/1/14,2010/3/9,87066,0,4,4,0,0,,0
87066,古江,フルエ,FURUE,,,,32.712,131.82,14,10.2,,,,,,1,1,1,1,0,,0,2010/3/10,2021/3/1,87066,0,0,0,0,0,,0
87066,古江,フルエ,FURUE,,,,32.712,131.82,14,10.2,,,,,,1,1,1,2,0,,0,2021/3/2,2022/11/21,87066,0,0,0,6,0,,0
87066,古江,フルエ,FURUE,,,,32.712,131.82,14,10.2,,,,,,1,1,1,2,0,,1,2022/11/22,9999-99-99,87066,0,0,0,0,0,,0
87071,鞍岡,クラオカ,KURAOKA,,,,32.643,131.157,590,6.5,,,,,,1,1,1,1,0,,0,1979/1/12,1986/9/3,87071,1,1,1,1,1,,1
87071,鞍岡,クラオカ,KURAOKA,,,,32.643,131.157,590,6.5,,,,,,1,1,1,1,0,,0,1986/9/4,2008/2/4,87071,0,0,0,1,0,,0
87071,鞍岡,クラオカ,KURAOKA,,,,32.643,131.157,590,6.5,,,,,,1,1,1,1,0,,0,2008/2/5,2008/3/25,87071,0,0,0,4,0,,0
87071,鞍岡,クラオカ,KURAOKA,,,,32.643,131.157,590,6.5,,,,,,1,1,1,1,0,,0,2008/3/26,2021/3/1,87071,0,4,4,0,0,,0
87071,鞍岡,クラオカ,KURAOKA,,,,32.643,131.157,590,6.5,,,,,,1,1,1,2,0,,0,2021/3/2,2022/9/21,87071,0,0,0,6,0,,0
87071,鞍岡,クラオカ,KURAOKA,,,,32.643,131.157,590,10.2,,,,,,1,1,1,2,0,,0,2022/9/22,2022/11/16,87071,0,0,0,0,0,,0
87071,鞍岡,クラオカ,KURAOKA,,,,32.643,131.157,590,10.2,,,,,,1,1,1,2,0,,1,2022/11/17,9999-99-99,87071,0,0,0,0,0,,0
87086,日之影,ヒノカゲ,HINOKAGE,,,,32.682,131.407,262,,,,,,,1,0,0,0,0,,0,2010/2/18,9999-99-99,87086,1,1,1,1,1,,1
87091,大中尾,オナコ,ONAKO,,,,32.565,131.35,380,,,,,,,1,0,0,0,0,,0,1974/11/1,1987/2/13,87091,1,1,1,1,1,,1
87126,中小屋,ナカゴヤ,NAKAGOYA,,,,32.565,131.397,820,,,,,,,1,0,0,0,0,,0,1974/11/1,2010/2/16,87126,1,1,1,1,1,,1
87127,諸塚,モロツカ,MOROTSUKA,,,,32.517,131.335,150,,,,,,,1,0,0,0,0,,0,1979/1/9,9999-99-99,87127,1,1,1,1,1,,1
87136,北方,キタカタ,KITAKATA,,,,32.562,131.525,30,,,,,,,1,0,0,0,0,,0,1987/2/26,9999-99-99,87136,1,1,1,1,1,,1
87141,延岡,ノベオカ,NOBEOKA,,,,32.582,131.657,19,,,,,,,1,0,0,0,0,,0,1974/11/1,1975/12/10,87141,1,1,1,1,1,,1
87141,延岡,ノベオカ,NOBEOKA,,,,32.582,131.657,19,13.2,,,,,,1,1,1,1,0,,0,1975/12/11,1986/12/31,87141,0,0,0,0,0,,0
87141,延岡,ノベオカ,NOBEOKA,,,,32.582,131.657,19,13.2,,,,,,1,1,1,1,0,,0,1987/1/1,2000/2/1,87141,0,0,0,1,0,,0
87141,延岡,ノベオカ,NOBEOKA,,,,32.582,131.657,19,13.1,,,,,,1,1,1,1,0,,0,2000/2/2,2001/2/13,87141,0,0,0,0,0,,0
87141,延岡,ノベオカ,NOBEOKA,,,,32.582,131.657,19,19.2,,,,,,1,1,1,1,0,,0,2001/2/14,2008/3/25,87141,0,0,0,0,0,,0
87141,延岡,ノベオカ,NOBEOKA,,,,32.582,131.657,19,19.2,,,,,,1,1,1,1,0,,0,2008/3/26,2014/2/19,87141,0,4,4,0,0,,0
87141,延岡,ノベオカ,NOBEOKA,,,,32.582,131.657,19,19.3,,,,,,1,1,1,1,0,,0,2014/2/20,2018/7/25,87141,0,0,0,0,0,,0
87141,延岡,ノベオカ,NOBEOKA,,,,32.582,131.657,19,10.1,,,,,,1,1,1,1,0,,0,2018/7/26,2021/3/1,87141,0,0,0,0,0,,0
87141,延岡,ノベオカ,NOBEOKA,,,,32.582,131.657,19,10.1,,,,,,1,1,1,1,0,,1,2021/3/2,9999-99-99,87141,0,0,0,0,0,,0
87156,上椎葉,カミシイバ,KAMISHIIBA,,,,32.465,131.157,420,,,,,,,1,0,0,0,0,,0,1987/2/28,2011/12/20,87156,1,1,1,1,1,,1
87157,椎葉,シイバ,SHIIBA,,,,32.475,131.103,517,,,,,,,1,0,0,0,0,,0,2011/12/20,9999-99-99,87157,1,1,1,1,1,,1
87166,猪原,イノハラ,INOHARA,,,,32.417,131.368,520,,,,,,,1,0,0,0,0,,0,1974/11/1,1978/11/19,87166,1,1,1,1,1,,1
87181,日向,ヒュウガ,HYUGA,,,,32.43,131.618,20,,,,,,,1,0,0,0,0,,0,1974/11/1,1977/2/8,87181,1,1,1,1,1,,1
87181,日向,ヒュウガ,HYUGA,,,,32.43,131.618,20,6.5,,,,,,1,1,1,1,0,,0,1977/2/9,1986/12/22,87181,0,0,0,0,0,,0
87181,日向,ヒュウガ,HYUGA,,,,32.43,131.618,20,6.5,,,,,,1,1,1,1,0,,0,1986/12/23,1999/8/9,87181,0,0,0,1,0,,0
87181,日向,ヒュウガ,HYUGA,,,,32.408,131.6,20,9.3,,,,,,1,1,1,1,0,,0,1999/8/10,2007/2/5,87181,0,0,0,0,0,,0
87181,日向,ヒュウガ,HYUGA,,,,32.408,131.6,20,9.3,,,,,,1,1,1,1,0,,0,2007/2/6,2009/1/15,87181,0,0,0,4,0,,0
87181,日向,ヒュウガ,HYUGA,,,,32.408,131.6,20,9.3,,,,,,1,1,1,1,0,,0,2009/1/16,2021/3/1,87181,0,4,4,0,0,,0
87181,日向,ヒュウガ,HYUGA,,,,32.408,131.6,20,9.3,,,,,,1,1,1,2,0,,0,2021/3/2,2022/11/20,87181,0,0,0,6,0,,0
87181,日向,ヒュウガ,HYUGA,,,,32.408,131.6,20,9.3,,,,,,1,1,1,2,0,,1,2022/11/21,9999-99-99,87181,0,0,0,0,0,,0
87206,神門,ミカド,MIKADO,,,,32.385,131.332,250,6.5,,,,,,1,1,1,1,0,,0,1979/2/1,1986/10/2,87206,1,1,1,1,1,,1
87206,神門,ミカド,MIKADO,,,,32.385,131.332,250,6.5,,,,,,1,1,1,1,0,,0,1986/10/3,2008/2/7,87206,0,0,0,1,0,,0
87206,神門,ミカド,MIKADO,,,,32.385,131.332,250,6.5,,,,,,1,1,1,1,0,,0,2008/2/8,2008/3/25,87206,0,0,0,4,0,,0
87206,神門,ミカド,MIKADO,,,,32.385,131.332,250,6.5,,,,,,1,1,1,1,0,,0,2008/3/26,2021/3/1,87206,0,4,4,0,0,,0
87206,神門,ミカド,MIKADO,,,,32.385,131.332,250,6.5,,,,,,1,1,1,2,0,,0,2021/3/2,2022/11/8,87206,0,0,0,6,0,,0
87206,神門,ミカド,MIKADO,,,,32.385,131.332,250,6.5,,,,,,1,1,1,2,0,,1,2022/11/9,9999-99-99,87206,0,0,0,0,0,,0
87207,矢櫃岳,ヤビツダケ,YABITSUDAKE,,,,32.313,131.395,964,,,,,,,1,0,0,0,0,,0,1974/11/1,1987/2/13,87207,1,1,1,1,1,,1
87231,西米良,ニシメラ,NISHI-MERA,,,,32.23,131.152,250,6.5,,,,,,1,1,1,1,0,,0,1979/1/10,1986/9/29,87231,1,1,1,1,1,,1
87231,西米良,ニシメラ,NISHI-MERA,,,,32.23,131.152,250,6.5,,,,,,1,1,1,1,0,,0,1986/9/30,2008/2/12,87231,0,0,0,1,0,,0
87231,西米良,ニシメラ,NISHI-MERA,,,,32.23,131.152,250,6.5,,,,,,1,1,1,1,0,,0,2008/2/13,2008/3/25,87231,0,0,0,4,0,,0
87231,西米良,ニシメラ,NISHI-MERA,,,,32.23,131.152,250,6.5,,,,,,1,1,1,1,0,,0,2008/3/26,2016/11/17,87231,0,4,4,0,0,,0
87231,西米良,ニシメラ,NISHI-MERA,,,,32.242,131.152,258,10,,,,,,1,1,1,1,0,,0,2016/11/18,2019/9/11,87231,0,0,0,0,0,,0
87231,西米良,ニシメラ,NISHI-MERA,,,,32.24,131.152,260,10,,,,,,1,1,1,1,0,,0,2019/9/12,2021/3/1,87231,0,0,0,0,0,,0
87231,西米良,ニシメラ,NISHI-MERA,,,,32.24,131.152,260,10,,,,,,1,1,1,2,0,,0,2021/3/2,2023/1/9,87231,0,0,0,6,0,,0
87231,西米良,ニシメラ,NISHI-MERA,,,,32.24,131.152,260,9.9,,,,,,1,1,1,2,0,,1,2023/1/10,9999-99-99,87231,0,0,0,0,0,,0
87251,都農,ツノ,TSUNO,,,,32.283,131.542,61,,,,,,,1,0,0,0,0,,0,2010/2/17,9999-99-99,87251,1,1,1,1,1,,1
87292,高鍋,タカナベ,TAKANABE,,,,32.133,131.525,4,,,,,,,1,0,0,0,0,,0,1974/11/1,1976/2/25,87292,1,1,1,1,1,,1
87292,高鍋,タカナベ,TAKANABE,,,,32.133,131.525,4,6.5,,,,,,1,1,1,1,0,,0,1976/2/26,1985/12/24,87292,0,0,0,0,0,,0
87292,高鍋,タカナベ,TAKANABE,,,,32.133,131.525,4,6.5,,,,,,1,1,1,1,0,,0,1985/12/25,2003/11/26,87292,0,0,0,1,0,,0
87292,高鍋,タカナベ,TAKANABE,,,,32.123,131.527,4,8,,,,,,1,1,1,1,0,,0,2003/11/27,2005/11/30,87292,0,0,0,0,0,,0
87292,高鍋,タカナベ,TAKANABE,,,,32.123,131.527,4,8,,,,,,1,1,1,1,0,,0,2005/12/1,2009/3/16,87292,0,0,0,4,0,,0
87292,高鍋,タカナベ,TAKANABE,,,,32.123,131.527,4,8,,,,,,1,1,1,1,0,,0,2009/3/17,2017/3/9,87292,0,4,4,0,0,,0
87293,高鍋,タカナベ,TAKANABE,,,,32.123,131.475,57,10.1,,,,,,1,1,1,1,0,,0,2017/3/10,2021/3/1,87293,1,5,5,5,1,,1
87293,高鍋,タカナベ,TAKANABE,,,,32.123,131.475,57,10.1,,,,,,1,1,1,2,0,,0,2021/3/2,2021/11/9,87293,0,0,0,6,0,,0
87293,高鍋,タカナベ,TAKANABE,,,,32.123,131.475,57,10,,,,,,1,1,1,2,0,,1,2021/11/10,9999-99-99,87293,0,0,0,0,0,,0
87301,加久藤,カクトウ,KAKUTO,,,,32.047,130.81,228,,,,,,,1,0,0,0,0,,0,1974/11/1,1977/2/1,87301,1,1,1,1,1,,1
87301,加久藤,カクトウ,KAKUTO,,,,32.047,130.81,228,6.5,,,,,,1,1,1,1,0,,0,1977/2/2,1986/4/22,87301,0,0,0,0,0,,0
87301,加久藤,カクトウ,KAKUTO,,,,32.047,130.81,228,6.5,,,,,,1,1,1,1,0,,0,1986/4/23,2008/2/21,87301,0,0,0,1,0,,0
87301,加久藤,カクトウ,KAKUTO,,,,32.047,130.81,228,6.5,,,,,,1,1,1,1,0,,0,2008/2/22,2008/3/25,87301,0,0,0,4,0,,0
87301,加久藤,カクトウ,KAKUTO,,,,32.047,130.81,228,6.5,,,,,,1,1,1,1,0,,0,2008/3/26,2020/8/30,87301,0,4,4,0,0,,0
87301,加久藤,カクトウ,KAKUTO,,,,32.047,130.81,228,10,,,,,,1,1,1,1,0,,0,2020/8/31,2021/3/1,87301,0,0,0,0,0,,0
87301,加久藤,カクトウ,KAKUTO,,,,32.047,130.81,228,10,,,,,,1,1,1,2,0,,0,2021/3/2,2023/1/16,87301,0,0,0,6,0,,0
87301,加久藤,カクトウ,KAKUTO,,,,32.047,130.81,228,10,,,,,,1,1,1,2,0,,1,2023/1/17,9999-99-99,87301,0,0,0,0,0,,0
87331,西都,サイト,SAITO,,,,32.1,131.398,12,,,,,,,1,0,0,0,0,,0,1974/11/1,1977/2/9,87331,1,1,1,1,1,,1
87331,西都,サイト,SAITO,,,,32.1,131.398,12,8,,,,,,1,1,1,1,0,,0,1977/2/10,1986/11/25,87331,0,0,0,0,0,,0
87331,西都,サイト,SAITO,,,,32.1,131.398,12,8,,,,,,1,1,1,1,0,,0,1986/11/26,2001/10/22,87331,0,0,0,1,0,,0
87331,西都,サイト,SAITO,,,,32.088,131.395,11,6.5,,,,,,1,1,1,1,0,,0,2001/10/23,2007/8/21,87331,0,0,0,0,0,,0
87331,西都,サイト,SAITO,,,,32.063,131.413,8,10,,,,,,1,1,1,1,0,,0,2007/8/22,2008/2/14,87331,0,0,0,0,0,,0
87331,西都,サイト,SAITO,,,,32.063,131.413,8,10,,,,,,1,1,1,1,0,,0,2008/2/15,2008/3/25,87331,0,0,0,4,0,,0
87331,西都,サイト,SAITO,,,,32.063,131.413,8,10,,,,,,1,1,1,1,0,,0,2008/3/26,2021/3/1,87331,0,4,4,0,0,,0
87331,西都,サイト,SAITO,,,,32.063,131.413,8,10,,,,,,1,1,1,2,0,,0,2021/3/2,2022/11/9,87331,0,0,0,6,0,,0
87331,西都,サイト,SAITO,,,,32.063,131.413,8,10,,,,,,1,1,1,2,0,,1,2022/11/10,9999-99-99,87331,0,0,0,0,0,,0
87346,えびの,エビノ,EBINO,,,,31.945,130.84,1150,,,,,,,1,0,0,0,0,,0,1974/11/1,2023/3/22,87346,1,1,1,1,1,,1
87346,えびの高原,エビノコウゲン,EBINO-KOGEN,,,,31.945,130.84,1150,,,,,,,1,0,0,0,0,,0,2023/3/23,9999-99-99,87346,0,0,0,0,0,,0
87351,小林,コバヤシ,KOBAYASHI,,,,31.983,130.983,200,,,,,,,1,0,0,0,0,,0,1974/11/1,1977/2/1,87351,1,1,1,1,1,,1
87351,小林,コバヤシ,KOBAYASHI,,,,31.983,130.983,200,6.5,,,,,,1,1,1,1,0,,0,1977/2/2,1986/5/7,87351,0,0,0,0,0,,0
87351,小林,コバヤシ,KOBAYASHI,,,,31.983,130.983,200,6.5,,,,,,1,1,1,1,0,,0,1986/5/8,2000/9/25,87351,0,0,0,1,0,,0
87352,小林,コバヤシ,KOBAYASHI,,,,32,130.953,276,9.3,,,,,,1,1,1,1,0,,0,2000/9/26,2007/2/1,87352,1,1,1,1,1,,1
87352,小林,コバヤシ,KOBAYASHI,,,,32,130.953,276,9.3,,,,,,1,1,1,1,0,,0,2007/2/2,2009/1/19,87352,0,0,0,4,0,,0
87352,小林,コバヤシ,KOBAYASHI,,,,32,130.953,276,9.3,,,,,,1,1,1,1,0,,0,2009/1/20,2021/3/1,87352,0,4,4,0,0,,0
87352,小林,コバヤシ,KOBAYASHI,,,,32,130.953,276,9.3,,,,,,1,1,1,2,0,,0,2021/3/2,2023/1/15,87352,0,0,0,6,0,,0
87352,小林,コバヤシ,KOBAYASHI,,,,32,130.953,276,9.5,,,,,,1,1,1,2,0,,1,2023/1/16,9999-99-99,87352,0,0,0,0,0,,0
87356,高原,タカハル,TAKAHARU,,,,31.928,131.007,211,,,,,,,1,0,0,0,0,,0,2011/3/2,2013/12/25,87356,1,1,1,1,1,,1
87361,池の尾,イケノオ,IKENOO,,,,31.952,131.15,205,,,,,,,1,0,0,0,0,,0,1974/11/1,2010/3/1,87361,1,1,1,1,1,,1
87361,野尻,ノジリ,NOJIRI,,,,31.957,131.157,182,,,,,,,1,0,0,0,0,,0,2010/3/2,9999-99-99,87361,0,0,0,0,0,,0
87371,本庄,ホンジョウ,HONJO,,,,31.99,131.323,35,,,,,,,1,0,0,0,0,,0,1974/11/1,2004/5/25,87371,1,1,1,1,1,,1
87371,国富,クニトミ,KUNITOMI,,,,32.007,131.297,66,,,,,,,1,0,0,0,0,,0,2004/5/26,9999-99-99,87371,0,0,0,0,0,,0
87376,宮崎,ミヤザキ,MIYAZAKI,,,,31.923,131.42,6,,,,,,,1,0,0,0,0,,0,1974/11/1,1975/3/30,87376,1,1,1,1,1,,1
87376,宮崎,ミヤザキ,MIYAZAKI,,,,31.923,131.42,6,23.2,,,,,,1,1,1,1,0,,0,1975/3/31,1985/12/31,87376,0,0,0,0,0,,0
87376,宮崎,ミヤザキ,MIYAZAKI,,,,31.923,131.42,6,23.2,,,,,,1,1,1,1,0,,0,1986/1/1,2000/5/23,87376,0,0,0,1,0,,0
87376,宮崎,ミヤザキ,MIYAZAKI,,,,31.938,131.413,9,25.5,,,,,,1,1,1,1,0,,0,2000/5/24,2008/3/25,87376,0,0,0,0,0,,0
87376,宮崎,ミヤザキ,MIYAZAKI,,,,31.938,131.413,9,25.5,,,,,,1,1,1,1,0,,0,2008/3/26,2020/2/2,87376,0,4,4,0,0,,0
87376,宮崎,ミヤザキ,MIYAZAKI,宮崎,ミヤザキ,MIYAZAKI,31.938,131.413,9,25.5,,,31.938,131.413,9,1,1,1,1,1,,0,2020/2/3,2021/3/1,87376,0,0,0,0,0,,0
87376,宮崎,ミヤザキ,MIYAZAKI,宮崎,ミヤザキ,MIYAZAKI,31.938,131.413,9,25.5,,,31.938,131.413,9,1,1,1,1,1,,1,2021/3/2,9999-99-99,87376,0,0,0,0,0,,0
87386,霧島御池,キリシマミイケ,KIRISHIMAMIIKE,,,,31.852,130.948,500,,,,,,,1,0,0,0,0,,0,1974/11/1,2009/11/20,87386,1,1,1,1,1,,1
87391,山田,ヤマダ,YAMADA,,,,31.813,131.038,165,,,,,,,1,0,0,0,0,,0,2011/3/2,2013/12/25,87391,1,1,1,1,1,,1
87406,田野,タノ,TANO,,,,31.843,131.308,134,10,,,,,,1,1,1,1,0,,0,2017/2/17,2021/3/1,87406,1,5,5,5,1,,1
87406,田野,タノ,TANO,,,,31.843,131.308,134,10,,,,,,1,1,1,2,0,,0,2021/3/2,2022/12/4,87406,0,0,0,6,0,,0
87406,田野,タノ,TANO,,,,31.843,131.308,134,10,,,,,,1,1,1,2,0,,1,2022/12/5,9999-99-99,87406,0,0,0,0,0,,0
87411,青島,アオシマ,AOSHIMA,,,,31.803,131.46,8,,,,,,,1,0,0,0,0,,0,1974/11/1,1977/2/3,87411,1,1,1,1,1,,1
87411,青島,アオシマ,AOSHIMA,,,,31.803,131.46,8,6.5,,,,,,1,1,1,1,0,,0,1977/2/4,1986/9/9,87411,0,0,0,0,0,,0
87411,青島,アオシマ,AOSHIMA,,,,31.803,131.46,8,6.5,,,,,,1,1,1,1,0,,0,1986/9/10,1994/2/6,87411,0,0,0,1,0,,0
87411,青島,アオシマ,AOSHIMA,,,,31.803,131.46,8,9.5,,,,,,1,1,1,1,0,,0,1994/2/7,2008/2/18,87411,0,0,0,0,0,,0
87411,青島,アオシマ,AOSHIMA,,,,31.803,131.46,8,9.5,,,,,,1,1,1,1,0,,0,2008/2/19,2008/3/25,87411,0,0,0,4,0,,0
87411,青島,アオシマ,AOSHIMA,,,,31.803,131.46,8,9.5,,,,,,1,1,1,1,0,,0,2008/3/26,2017/2/16,87411,0,4,4,0,0,,0
87412,赤江,アカエ,AKAE,,,,31.877,131.448,6,7.6,,,,,,1,1,1,0,0,,0,2003/1/1,2009/1/28,87412,1,1,1,1,1,,1
87412,赤江,アカエ,AKAE,,,,31.877,131.448,6,7.6,,,,,,1,1,1,0,0,,0,2009/1/29,2020/1/29,87412,0,4,4,0,0,,0
87412,赤江,アカエ,AKAE,,,,31.877,131.448,6,10,,,,,,1,1,1,0,0,,0,2020/1/30,9999-99-99,87412,0,0,0,0,0,,0
87426,都城,ミヤコノジョウ,MIYAKONOJO,,,,31.73,131.082,154,,,,,,,1,0,0,0,0,,0,1974/11/1,1975/12/15,87426,1,1,1,1,1,,1
87426,都城,ミヤコノジョウ,MIYAKONOJO,,,,31.73,131.082,154,11.7,,,,,,1,1,1,1,0,,0,1975/12/16,1988/12/31,87426,0,0,0,0,0,,0
87426,都城,ミヤコノジョウ,MIYAKONOJO,,,,31.73,131.082,154,11.7,,,,,,1,1,1,1,0,,0,1989/1/1,2000/1/31,87426,0,0,0,1,0,,0
87426,都城,ミヤコノジョウ,MIYAKONOJO,,,,31.73,131.082,154,11.6,,,,,,1,1,1,1,0,,0,2000/2/1,2001/3/8,87426,0,0,0,0,0,,0
87426,都城,ミヤコノジョウ,MIYAKONOJO,,,,31.73,131.082,154,12.4,,,,,,1,1,1,1,0,,0,2001/3/9,2008/3/25,87426,0,0,0,0,0,,0
87426,都城,ミヤコノジョウ,MIYAKONOJO,,,,31.73,131.082,154,12.4,,,,,,1,1,1,1,0,,0,2008/3/26,2013/11/4,87426,0,4,4,0,0,,0
87426,都城,ミヤコノジョウ,MIYAKONOJO,,,,31.73,131.082,154,12.3,,,,,,1,1,1,1,0,,0,2013/11/5,2021/3/1,87426,0,0,0,0,0,,0
87426,都城,ミヤコノジョウ,MIYAKONOJO,,,,31.73,131.082,154,12.3,,,,,,1,1,1,1,0,,1,2021/3/2,9999-99-99,87426,0,0,0,0,0,,0
87436,鰐塚山,ワニツカヤマ,WANITSUKAYAMA,,,,31.768,131.267,1082,,,,,,,1,0,0,0,0,,0,1974/11/1,2009/11/20,87436,1,1,1,1,1,,1
87461,深瀬,フカセ,FUKASE,,,,31.637,131.25,130,,,,,,,1,0,0,0,0,,0,1977/6/30,9999-99-99,87461,1,1,1,1,1,,1
87491,油津,アブラツ,ABURATSU,,,,31.578,131.407,3,,,,,,,1,0,0,0,0,,0,1974/11/1,1975/3/7,87491,1,1,1,1,1,,1
87491,油津,アブラツ,ABURATSU,,,,31.578,131.407,3,19,,,,,,1,1,1,1,0,,0,1975/3/8,1985/12/31,87491,0,0,0,0,0,,0
87491,油津,アブラツ,ABURATSU,,,,31.578,131.407,3,19,,,,,,1,1,1,1,0,,0,1986/1/1,2008/3/25,87491,0,0,0,1,0,,0
87491,油津,アブラツ,ABURATSU,,,,31.578,131.407,3,19,,,,,,1,1,1,1,0,,0,2008/3/26,2009/3/10,87491,0,4,4,0,0,,0
87492,油津,アブラツ,ABURATSU,,,,31.578,131.407,3,10,,,,,,1,1,1,1,0,,0,2009/3/10,2014/12/17,87491,0,1,0,0,0,,0
87492,油津,アブラツ,ABURATSU,,,,31.578,131.407,3,10.1,,,,,,1,1,1,1,0,,0,2014/12/18,2021/3/1,87492,0,0,0,0,0,,0
87492,油津,アブラツ,ABURATSU,,,,31.578,131.407,3,10.1,,,,,,1,1,1,1,0,,1,2021/3/2,9999-99-99,87492,0,0,0,0,0,,0
87501,串間,クシマ,KUSHIMA,,,,31.468,131.228,20,,,,,,,1,0,0,0,0,,0,1974/11/1,1977/2/2,87501,1,1,1,1,1,,1
87501,串間,クシマ,KUSHIMA,,,,31.468,131.228,20,8,,,,,,1,1,1,1,0,,0,1977/2/3,1985/11/6,87501,0,0,0,0,0,,0
87501,串間,クシマ,KUSHIMA,,,,31.468,131.228,20,8,,,,,,1,1,1,1,0,,0,1985/11/7,2002/2/26,87501,0,0,0,1,0,,0
87501,串間,クシマ,KUSHIMA,,,,31.465,131.22,20,6.5,,,,,,1,1,1,1,0,,0,2002/2/27,2007/1/29,87501,0,0,0,0,0,,0
87501,串間,クシマ,KUSHIMA,,,,31.465,131.22,20,6.5,,,,,,1,1,1,1,0,,0,2007/1/30,2009/1/21,87501,0,0,0,4,0,,0
87501,串間,クシマ,KUSHIMA,,,,31.465,131.22,20,6.5,,,,,,1,1,1,1,0,,0,2009/1/22,2021/2/15,87501,0,4,4,0,0,,0
87501,串間,クシマ,KUSHIMA,,,,31.465,131.22,20,10.2,,,,,,1,1,1,1,0,,0,2021/2/16,2021/3/1,87501,0,0,0,0,0,,0
87501,串間,クシマ,KUSHIMA,,,,31.465,131.22,20,10.2,,,,,,1,1,1,2,0,,0,2021/3/2,2022/12/5,87501,0,0,0,6,0,,0
87501,串間,クシマ,KUSHIMA,,,,31.465,131.22,20,10.2,,,,,,1,1,1,2,0,,1,2022/12/6,9999-99-99,87501,0,0,0,0,0,,0
88061,阿久根,アクネ,AKUNE,,,,32.027,130.2,40,,,,,,,1,0,0,0,0,,0,1974/11/1,1975/12/9,88061,1,1,1,1,1,,1
88061,阿久根,アクネ,AKUNE,,,,32.027,130.2,40,13.4,,,,,,1,1,1,1,0,,0,1975/12/10,1987/12/31,88061,0,0,0,0,0,,0
88061,阿久根,アクネ,AKUNE,,,,32.027,130.2,40,13.4,,,,,,1,1,1,1,0,,0,1988/1/1,2000/1/24,88061,0,0,0,1,0,,0
88061,阿久根,アクネ,AKUNE,,,,32.027,130.2,40,13.3,,,,,,1,1,1,1,0,,0,2000/1/25,2007/2/7,88061,0,0,0,0,0,,0
88061,阿久根,アクネ,AKUNE,,,,32.027,130.2,40,12.5,,,,,,1,1,1,1,0,,0,2007/2/8,2008/3/25,88061,0,0,0,0,0,,0
88061,阿久根,アクネ,AKUNE,,,,32.027,130.2,40,12.5,,,,,,1,1,1,1,0,,0,2008/3/26,2013/11/28,88061,0,4,4,0,0,,0
88061,阿久根,アクネ,AKUNE,,,,32.027,130.2,40,12.6,,,,,,1,1,1,1,0,,0,2013/11/29,2021/3/1,88061,0,0,0,0,0,,0
88061,阿久根,アクネ,AKUNE,,,,32.027,130.2,40,12.6,,,,,,1,1,1,1,0,,1,2021/3/2,9999-99-99,88061,0,0,0,0,0,,0
88066,出水,イズミ,IZUMI,,,,32.093,130.352,11,,,,,,,1,0,0,0,0,,0,1975/4/24,9999-99-99,88066,1,1,1,1,1,,1
88076,古原野,コハルノ,KOHARUNO,,,,32.083,130.513,540,,,,,,,1,0,0,0,0,,0,1974/11/1,1976/3/31,88076,1,1,1,1,1,,1
88081,大口,オオクチ,OKUCHI,,,,32.047,130.627,175,,,,,,,1,0,0,0,0,,0,1974/11/1,1977/2/13,88081,1,1,1,1,1,,1
88081,大口,オオクチ,OKUCHI,,,,32.047,130.627,175,6.5,,,,,,1,1,1,1,0,,0,1977/2/14,1986/11/24,88081,0,0,0,0,0,,0
88081,大口,オオクチ,OKUCHI,,,,32.047,130.627,175,6.5,,,,,,1,1,1,1,0,,0,1986/11/25,2006/11/27,88081,0,0,0,1,0,,0
88081,大口,オオクチ,OKUCHI,,,,32.047,130.627,175,6.5,,,,,,1,1,1,1,0,,0,2006/11/28,2009/1/26,88081,0,0,0,4,0,,0
88081,大口,オオクチ,OKUCHI,,,,32.047,130.627,175,6.5,,,,,,1,1,1,1,0,,0,2009/1/27,2021/3/1,88081,0,4,4,0,0,,0
88081,大口,オオクチ,OKUCHI,,,,32.047,130.627,175,6.5,,,,,,1,1,1,2,0,,0,2021/3/2,2022/8/31,88081,0,0,0,6,0,,0
88081,大口,オオクチ,OKUCHI,,,,32.047,130.627,175,10.2,,,,,,1,1,1,2,0,,0,2022/9/1,2022/11/29,88081,0,0,0,0,0,,0
88081,大口,オオクチ,OKUCHI,,,,32.047,130.627,175,10.1,,,,,,1,1,1,2,0,,1,2022/11/30,9999-99-99,88081,0,0,0,0,0,,0
88086,魚野越,ウオノゴエ,UONOGOE,,,,32.028,130.712,460,,,,,,,1,0,0,0,0,,0,1974/11/1,1976/3/31,88086,1,1,1,1,1,,1
88101,紫尾山,シビサン,SHIBISAN,,,,31.98,130.367,1060,,,,,,,1,0,0,0,0,,0,1974/11/1,9999-99-99,88101,1,1,1,1,1,,1
88106,宮之城,ミヤノジョウ,MIYANOJO,,,,31.913,130.453,60,,,,,,,1,0,0,0,0,,0,1974/11/1,1976/2/29,88106,1,1,1,1,1,,1
88106,宮之城,ミヤノジョウ,MIYANOJO,,,,31.913,130.453,60,,,,,,,1,1,1,1,0,,0,1976/3/1,1976/4/1,88106,0,0,0,0,0,,0
88107,宮之城,ミヤノジョウ,MIYANOJO,,,,31.905,130.455,30,15.4,,,,,,1,1,1,1,0,,0,1976/4/1,1986/11/24,88107,1,1,1,1,1,,1
88107,宮之城,ミヤノジョウ,MIYANOJO,,,,31.905,130.455,30,15.4,,,,,,1,1,1,1,0,,0,1986/11/25,2005/12/1,88107,0,0,0,1,0,,0
88107,さつま柏原,サツマカシワバル,SATSUMAKASHIWABARU,,,,31.917,130.455,59,6.5,,,,,,1,1,1,1,0,,0,2005/12/2,2009/3/3,88107,0,0,0,4,0,,0
88107,さつま柏原,サツマカシワバル,SATSUMAKASHIWABARU,,,,31.917,130.455,59,6.5,,,,,,1,1,1,1,0,,0,2009/3/4,2021/3/1,88107,0,4,4,0,0,,0
88107,さつま柏原,サツマカシワバル,SATSUMAKASHIWABARU,,,,31.917,130.455,59,6.5,,,,,,1,1,1,2,0,,0,2021/3/2,2021/6/14,88107,0,0,0,6,0,,0
88107,さつま柏原,サツマカシワバル,SATSUMAKASHIWABARU,,,,31.917,130.455,59,10.2,,,,,,1,1,1,2,0,,0,2021/6/15,2021/11/8,88107,0,0,0,0,0,,0
88107,さつま柏原,サツマカシワバル,SATSUMAKASHIWABARU,,,,31.917,130.455,59,10.1,,,,,,1,1,1,2,0,,1,2021/11/9,9999-99-99,88107,0,0,0,0,0,,0
88131,中甑,ナカコシキ,NAKAKOSHIKI,,,,31.835,129.867,10,,,,,,,1,0,0,0,0,,0,1974/11/1,1977/2/18,88131,1,1,1,1,1,,1
88131,中甑,ナカコシキ,NAKAKOSHIKI,,,,31.835,129.867,10,6.5,,,,,,1,1,1,1,0,,0,1977/2/19,1986/12/21,88131,0,0,0,0,0,,0
88131,中甑,ナカコシキ,NAKAKOSHIKI,,,,31.835,129.867,10,6.5,,,,,,1,1,1,1,0,,0,1986/12/22,2006/11/21,88131,0,0,0,1,0,,0
88131,中甑,ナカコシキ,NAKAKOSHIKI,,,,31.835,129.867,10,6.5,,,,,,1,1,1,1,0,,0,2006/11/22,2008/9/8,88131,0,0,0,4,0,,0
88131,中甑,ナカコシキ,NAKAKOSHIKI,,,,31.835,129.867,10,6.5,,,,,,1,1,1,1,0,,0,2008/9/9,2021/3/1,88131,0,4,4,0,0,,0
88131,中甑,ナカコシキ,NAKAKOSHIKI,,,,31.835,129.867,10,6.5,,,,,,1,1,1,2,0,,0,2021/3/2,2022/9/27,88131,0,0,0,6,0,,0
88131,中甑,ナカコシキ,NAKAKOSHIKI,,,,31.835,129.867,10,10.2,,,,,,1,1,1,2,0,,0,2022/9/28,2023/2/8,88131,0,0,0,0,0,,0
88131,中甑,ナカコシキ,NAKAKOSHIKI,,,,31.835,129.867,10,10.1,,,,,,1,1,1,2,0,,1,2023/2/9,9999-99-99,88131,0,0,0,0,0,,0
88146,川内,センダイ,SENDAI,,,,31.815,130.283,10,,,,,,,1,0,0,0,0,,0,1974/11/1,1977/3/31,88146,1,1,1,1,1,,1
88151,川内,センダイ,SENDAI,,,,31.812,130.298,5,6.5,,,,,,1,1,1,1,0,,0,1977/2/15,1986/5/22,88151,1,1,1,1,1,,1
88151,川内,センダイ,SENDAI,,,,31.812,130.298,5,6.5,,,,,,1,1,1,1,0,,0,1986/5/23,1994/1/9,88151,0,0,0,1,0,,0
88151,川内,センダイ,SENDAI,,,,31.833,130.315,5,6.4,,,,,,1,1,1,1,0,,0,1994/1/10,2008/3/6,88151,0,0,0,0,0,,0
88151,川内,センダイ,SENDAI,,,,31.833,130.315,5,6.4,,,,,,1,1,1,1,0,,0,2008/3/7,2008/3/25,88151,0,0,0,4,0,,0
88151,川内,センダイ,SENDAI,,,,31.833,130.315,5,6.4,,,,,,1,1,1,1,0,,0,2008/3/26,2021/3/1,88151,0,4,4,0,0,,0
88151,川内,センダイ,SENDAI,,,,31.833,130.315,5,6.4,,,,,,1,1,1,2,0,,0,2021/3/2,2022/8/17,88151,0,0,0,6,0,,0
88151,川内,センダイ,SENDAI,,,,31.833,130.315,5,10.2,,,,,,1,1,1,2,0,,0,2022/8/18,2022/11/30,88151,0,0,0,0,0,,0
88151,川内,センダイ,SENDAI,,,,31.833,130.315,5,10.1,,,,,,1,1,1,2,0,,1,2022/12/1,9999-99-99,88151,0,0,0,0,0,,0
88161,矢止岳,ヤドメダケ,YADOMEDAKE,,,,31.853,130.558,500,,,,,,,1,0,0,0,0,,0,1976/6/18,2009/11/20,88161,1,1,1,1,1,,1
88166,溝辺,ミゾベ,MIZOBE,,,,31.803,130.718,272,,,,,,,1,0,0,0,0,,0,1974/11/1,1995/3/21,88166,1,1,1,1,1,,1
88166,溝辺,ミゾベ,MIZOBE,,,,31.803,130.718,272,8,,,,,,1,1,1,0,0,,0,1995/3/22,2009/1/29,88166,0,0,0,0,0,,0
88166,溝辺,ミゾベ,MIZOBE,,,,31.803,130.718,272,8,,,,,,1,1,1,0,0,,0,2009/1/30,2022/1/26,88166,0,4,4,0,0,,0
88166,溝辺,ミゾベ,MIZOBE,,,,31.803,130.718,272,10,,,,,,1,1,1,0,0,,0,2022/1/27,9999-99-99,88166,0,0,0,0,0,,0
88176,霧島牧園,キリシママキゾノ,KIRISHIMAMAKIZONO,,,,31.885,130.82,527,,,,,,,1,0,0,0,0,,0,2011/3/2,2013/12/25,88176,1,1,1,1,1,,1
88211,入来峠,イリキトウゲ,IRIKITOGE,,,,31.73,130.473,512,,,,,,,1,0,0,0,0,,0,1974/11/1,2010/3/10,88211,1,1,1,1,1,,1
88211,八重山,ヤエヤマ,YAEYAMA,,,,31.747,130.438,533,,,,,,,1,0,0,0,0,,0,2010/3/11,9999-99-99,88211,0,0,0,0,0,,0
88261,東市来,ヒガシイチキ,HIGASHIICHIKI,,,,31.668,130.328,40,,,,,,,1,0,0,0,0,,0,1974/11/1,1977/2/15,88261,1,1,1,1,1,,1
88261,東市来,ヒガシイチキ,HIGASHIICHIKI,,,,31.668,130.328,40,6.5,,,,,,1,1,1,1,0,,0,1977/2/16,1986/5/8,88261,0,0,0,0,0,,0
88261,東市来,ヒガシイチキ,HIGASHIICHIKI,,,,31.668,130.328,40,6.5,,,,,,1,1,1,1,0,,0,1986/5/9,2008/3/10,88261,0,0,0,1,0,,0
88261,東市来,ヒガシイチキ,HIGASHIICHIKI,,,,31.668,130.328,40,6.5,,,,,,1,1,1,1,0,,0,2008/3/11,2008/3/25,88261,0,0,0,4,0,,0
88261,東市来,ヒガシイチキ,HIGASHIICHIKI,,,,31.668,130.328,40,6.5,,,,,,1,1,1,1,0,,0,2008/3/26,2021/3/1,88261,0,4,4,0,0,,0
88261,東市来,ヒガシイチキ,HIGASHIICHIKI,,,,31.668,130.328,40,6.5,,,,,,1,1,1,2,0,,0,2021/3/2,2022/11/24,88261,0,0,0,6,0,,0
88261,東市来,ヒガシイチキ,HIGASHIICHIKI,,,,31.668,130.328,40,10.2,,,,,,1,1,1,2,0,,0,2022/11/25,2022/12/13,88261,0,0,0,0,0,,0
88261,東市来,ヒガシイチキ,HIGASHIICHIKI,,,,31.668,130.328,40,10.1,,,,,,1,1,1,2,0,,1,2022/12/14,9999-99-99,88261,0,0,0,0,0,,0
88286,牧之原,マキノハラ,MAKINOHARA,,,,31.67,130.85,384,,,,,,,1,0,0,0,0,,0,1975/4/24,1977/2/8,88286,1,1,1,1,1,,1
88286,牧之原,マキノハラ,MAKINOHARA,,,,31.67,130.85,384,6.5,,,,,,1,1,1,1,0,,0,1977/2/9,1985/12/1,88286,0,0,0,0,0,,0
88286,牧之原,マキノハラ,MAKINOHARA,,,,31.67,130.85,384,6.5,,,,,,1,1,1,1,0,,0,1985/12/2,2007/12/18,88286,0,0,0,1,0,,0
88286,牧之原,マキノハラ,MAKINOHARA,,,,31.662,130.843,387,10,,,,,,1,1,1,1,0,,0,2007/12/19,2008/3/25,88286,0,0,0,4,0,,0
88286,牧之原,マキノハラ,MAKINOHARA,,,,31.662,130.843,387,10,,,,,,1,1,1,1,0,,0,2008/3/26,2021/3/1,88286,0,4,4,0,0,,0
88286,牧之原,マキノハラ,MAKINOHARA,,,,31.662,130.843,387,10,,,,,,1,1,1,2,0,,0,2021/3/2,2023/1/11,88286,0,0,0,6,0,,0
88286,牧之原,マキノハラ,MAKINOHARA,,,,31.662,130.843,387,9.9,,,,,,1,1,1,2,0,,1,2023/1/12,9999-99-99,88286,0,0,0,0,0,,0
88311,権現ケ尾,ゴンゲンガオ,GONGENGAO,,,,31.508,130.463,397,,,,,,,1,0,0,0,0,,0,1974/11/1,2009/11/20,88311,1,1,1,1,1,,1
88316,鹿児島,カゴシマ,KAGOSHIMA,,,,31.577,130.55,4,,,,,,,1,0,0,0,0,,0,1974/11/1,1975/3/11,88316,1,1,1,1,1,,1
88316,鹿児島,カゴシマ,KAGOSHIMA,,,,31.577,130.55,4,22,,,,,,1,1,1,1,0,,0,1975/3/12,1985/12/31,88316,0,0,0,0,0,,0
88316,鹿児島,カゴシマ,KAGOSHIMA,,,,31.577,130.55,4,22,,,,,,1,1,1,1,0,,0,1986/1/1,1994/2/25,88316,0,0,0,1,0,,0
88317,鹿児島,カゴシマ,KAGOSHIMA,,,,31.555,130.547,4,44.8,,,,,,1,1,1,1,0,,0,1994/2/25,2008/3/25,88316,0,1,0,0,0,,0
88317,鹿児島,カゴシマ,KAGOSHIMA,,,,31.555,130.547,4,44.8,,,,,,1,1,1,1,0,,0,2008/3/26,2013/1/9,88317,0,4,4,0,0,,0
88317,鹿児島,カゴシマ,KAGOSHIMA,,,,31.555,130.547,4,44.9,,,,,,1,1,1,1,0,,0,2013/1/10,2013/1/21,88317,0,0,0,0,0,,0
88317,鹿児島,カゴシマ,KAGOSHIMA,鹿児島,カゴシマ,KAGOSHIMA,31.555,130.547,4,44.9,,,31.555,130.547,4,1,1,1,1,1,,0,2013/1/22,2021/3/1,88317,0,0,0,0,0,,0
88317,鹿児島,カゴシマ,KAGOSHIMA,鹿児島,カゴシマ,KAGOSHIMA,31.555,130.547,4,44.9,,,31.555,130.547,4,1,1,1,1,1,,1,2021/3/2,9999-99-99,88317,0,0,0,0,0,,0
88326,高峠,タカトウゲ,TAKATOGE,,,,31.512,130.745,520,,,,,,,1,0,0,0,0,,0,1974/11/1,2009/11/20,88326,1,1,1,1,1,,1
88331,輝北,キホク,KIHOKU,,,,31.588,130.855,360,6.5,,,,,,1,1,1,1,0,,0,1977/3/10,1985/12/1,88331,1,1,1,1,1,,1
88331,輝北,キホク,KIHOKU,,,,31.588,130.855,360,6.5,,,,,,1,1,1,1,0,,0,1985/12/2,2008/3/24,88331,0,0,0,1,0,,0
88331,輝北,キホク,KIHOKU,,,,31.588,130.855,360,6.5,,,,,,1,1,1,1,0,,0,2008/3/25,2008/3/25,88331,0,0,0,4,0,,0
88331,輝北,キホク,KIHOKU,,,,31.588,130.855,360,6.5,,,,,,1,1,1,1,0,,0,2008/3/26,2021/3/1,88331,0,4,4,0,0,,0
88331,輝北,キホク,KIHOKU,,,,31.588,130.855,360,6.5,,,,,,1,1,1,2,0,,0,2021/3/2,2022/8/1,88331,0,0,0,6,0,,0
88331,輝北,キホク,KIHOKU,,,,31.588,130.855,360,10.2,,,,,,1,1,1,2,0,,0,2022/8/2,2023/1/18,88331,0,0,0,0,0,,0
88331,輝北,キホク,KIHOKU,,,,31.588,130.855,360,10.1,,,,,,1,1,1,2,0,,1,2023/1/19,9999-99-99,88331,0,0,0,0,0,,0
88341,大隅,オオスミ,OSUMI,,,,31.58,131.005,170,,,,,,,1,0,0,0,0,,0,1977/3/17,9999-99-99,88341,1,1,1,1,1,,1
88371,加世田,カセダ,KASEDA,,,,31.418,130.31,85,,,,,,,1,0,0,0,0,,0,1974/11/1,1977/2/20,88371,1,1,1,1,1,,1
88371,加世田,カセダ,KASEDA,,,,31.418,130.31,85,6.5,,,,,,1,1,1,1,0,,0,1977/2/21,1986/5/8,88371,0,0,0,0,0,,0
88371,加世田,カセダ,KASEDA,,,,31.418,130.31,85,6.5,,,,,,1,1,1,1,0,,0,1986/5/9,1994/1/16,88371,0,0,0,1,0,,0
88371,加世田,カセダ,KASEDA,,,,31.415,130.325,9,8.8,,,,,,1,1,1,1,0,,0,1994/1/17,2009/2/9,88371,0,0,0,0,0,,0
88371,加世田,カセダ,KASEDA,,,,31.415,130.325,9,8.8,,,,,,1,1,1,1,0,,0,2009/2/10,2021/3/1,88371,0,4,4,4,0,,0
88371,加世田,カセダ,KASEDA,,,,31.415,130.325,9,8.8,,,,,,1,1,1,2,0,,0,2021/3/2,2022/12/14,88371,0,0,0,6,0,,0
88371,加世田,カセダ,KASEDA,,,,31.415,130.325,9,9.5,,,,,,1,1,1,2,0,,1,2022/12/15,9999-99-99,88371,0,0,0,0,0,,0
88391,吉ケ別府,ヨシガベップ,YOSHIGABEPPU,,,,31.468,130.843,500,,,,,,,1,0,0,0,0,,0,1974/11/1,1976/11/4,88391,1,1,1,1,1,,1
88392,吉ケ別府,ヨシガベップ,YOSHIGABEPPU,,,,31.462,130.86,100,,,,,,,1,0,0,0,0,,0,1977/6/6,2018/2/14,88392,1,1,1,1,1,,1
88392,吉ケ別府,ヨシガベップ,YOSHIGABEPPU,,,,31.458,130.862,89,,,,,,,1,0,0,0,0,,0,2018/2/15,9999-99-99,88392,0,0,0,0,0,,0
88406,志布志,シブシ,SHIBUSHI,,,,31.478,131.095,70,,,,,,,1,0,0,0,0,,0,1975/4/24,1977/2/15,88406,1,1,1,1,1,,1
88406,志布志,シブシ,SHIBUSHI,,,,31.478,131.095,70,6.5,,,,,,1,1,1,1,0,,0,1977/2/16,1986/4/30,88406,0,0,0,0,0,,0
88406,志布志,シブシ,SHIBUSHI,,,,31.478,131.095,70,6.5,,,,,,1,1,1,1,0,,0,1986/5/1,2008/2/25,88406,0,0,0,1,0,,0
88406,志布志,シブシ,SHIBUSHI,,,,31.478,131.095,70,6.5,,,,,,1,1,1,1,0,,0,2008/2/26,2008/3/25,88406,0,0,0,4,0,,0
88406,志布志,シブシ,SHIBUSHI,,,,31.478,131.095,70,6.5,,,,,,1,1,1,1,0,,0,2008/3/26,2020/7/27,88406,0,4,4,0,0,,0
88406,志布志,シブシ,SHIBUSHI,,,,31.478,131.095,70,10,,,,,,1,1,1,1,0,,0,2020/7/28,2021/3/1,88406,0,0,0,0,0,,0
88406,志布志,シブシ,SHIBUSHI,,,,31.478,131.095,70,10,,,,,,1,1,1,2,0,,0,2021/3/2,2023/1/17,88406,0,0,0,6,0,,0
88406,志布志,シブシ,SHIBUSHI,,,,31.478,131.095,70,10,,,,,,1,1,1,2,0,,1,2023/1/18,9999-99-99,88406,0,0,0,0,0,,0
88431,喜入,キイレ,KIIRE,,,,31.375,130.542,5,,,,,,,1,0,0,0,0,,0,1974/11/1,1977/3/1,88431,1,1,1,1,1,,1
88432,喜入,キイレ,KIIRE,,,,31.388,130.538,2,6.5,,,,,,1,1,1,1,0,,0,1977/2/23,1986/11/20,88432,1,1,1,1,1,,1
88432,喜入,キイレ,KIIRE,,,,31.388,130.538,2,6.5,,,,,,1,1,1,1,0,,0,1986/11/21,2005/3/16,88432,0,0,0,1,0,,0
88432,喜入,キイレ,KIIRE,,,,31.387,130.54,4,8.9,,,,,,1,1,1,1,0,,0,2005/3/17,2009/2/5,88432,0,0,0,0,0,,0
88432,喜入,キイレ,KIIRE,,,,31.387,130.54,4,8.9,,,,,,1,1,1,1,0,,0,2009/2/6,2021/3/1,88432,0,4,4,4,0,,0
88432,喜入,キイレ,KIIRE,,,,31.387,130.54,4,8.9,,,,,,1,1,1,2,0,,0,2021/3/2,2022/12/19,88432,0,0,0,6,0,,0
88432,喜入,キイレ,KIIRE,,,,31.387,130.54,4,7.9,,,,,,1,1,1,2,0,,1,2022/12/20,9999-99-99,88432,0,0,0,0,0,,0
88441,鹿屋,カノヤ,KANOYA,,,,31.388,130.847,20,,,,,,,1,0,0,0,0,,0,1975/4/24,1977/3/1,88441,1,1,1,1,1,,1
88442,鹿屋,カノヤ,KANOYA,,,,31.392,130.863,63,6.5,,,,,,1,1,1,1,0,,0,1977/2/25,1986/3/2,88442,1,1,1,1,1,,1
88442,鹿屋,カノヤ,KANOYA,,,,31.392,130.863,63,6.5,,,,,,1,1,1,1,0,,0,1986/3/3,2006/12/4,88442,0,0,0,1,0,,0
88442,鹿屋,カノヤ,KANOYA,,,,31.392,130.863,63,10,,,,,,1,1,1,1,0,,0,2006/12/5,2009/1/20,88442,0,0,0,4,0,,0
88442,鹿屋,カノヤ,KANOYA,,,,31.392,130.863,63,10,,,,,,1,1,1,1,0,,0,2009/1/21,2021/3/1,88442,0,4,4,0,0,,0
88442,鹿屋,カノヤ,KANOYA,,,,31.392,130.863,63,10,,,,,,1,1,1,2,0,,0,2021/3/2,2023/1/10,88442,0,0,0,6,0,,0
88442,鹿屋,カノヤ,KANOYA,,,,31.392,130.863,63,10.2,,,,,,1,1,1,2,0,,1,2023/1/11,9999-99-99,88442,0,0,0,0,0,,0
88446,肝属川,キモツキガワ,KIMOTSUKIGAWA,,,,31.35,130.948,8,,,,,,,1,0,0,0,0,,0,1974/11/1,1976/2/26,88446,1,1,1,1,1,,1
88446,肝属川,キモツキガワ,KIMOTSUKIGAWA,,,,31.35,130.948,8,6.5,,,,,,1,1,1,1,0,,0,1976/2/27,1977/8/9,88446,0,0,0,0,0,,0
88447,高山,コウヤマ,KOYAMA,,,,31.345,130.962,24,19,,,,,,1,1,1,1,0,,0,1977/8/10,1986/12/14,88447,1,1,1,1,1,,1
88447,高山,コウヤマ,KOYAMA,,,,31.345,130.962,24,19,,,,,,1,1,1,1,0,,0,1986/12/15,1996/12/11,88447,0,0,0,1,0,,0
88447,高山,コウヤマ,KOYAMA,,,,31.34,130.938,31,9.3,,,,,,1,1,1,1,0,,0,1996/12/12,2005/7/6,88447,0,0,0,0,0,,0
88447,肝付前田,キモツキマエダ,KIMOTSUKIMAEDA,,,,31.34,130.938,31,9.3,,,,,,1,1,1,1,0,,0,2005/7/7,2005/11/29,88447,0,0,0,0,0,,0
88447,肝付前田,キモツキマエダ,KIMOTSUKIMAEDA,,,,31.34,130.938,31,9.3,,,,,,1,1,1,1,0,,0,2005/11/30,2009/3/5,88447,0,0,0,4,0,,0
88447,肝付前田,キモツキマエダ,KIMOTSUKIMAEDA,,,,31.34,130.938,31,9.3,,,,,,1,1,1,1,0,,0,2009/3/6,2021/3/1,88447,0,4,4,0,0,,0
88447,肝付前田,キモツキマエダ,KIMOTSUKIMAEDA,,,,31.34,130.938,31,9.3,,,,,,1,1,1,2,0,,0,2021/3/2,2021/3/14,88447,0,0,0,6,0,,0
88447,肝付前田,キモツキマエダ,KIMOTSUKIMAEDA,,,,31.34,130.938,31,9.3,,,,,,1,1,1,2,0,,1,2021/3/15,9999-99-99,88447,0,0,0,0,0,,0
88466,枕崎,マクラザキ,MAKURAZAKI,,,,31.272,130.292,30,,,,,,,1,0,0,0,0,,0,1974/11/1,1975/3/23,88466,1,1,1,1,1,,1
88466,枕崎,マクラザキ,MAKURAZAKI,,,,31.272,130.292,30,10.4,,,,,,1,1,1,1,0,,0,1975/3/24,1985/12/31,88466,0,0,0,0,0,,0
88466,枕崎,マクラザキ,MAKURAZAKI,,,,31.272,130.292,30,10.4,,,,,,1,1,1,1,0,,0,1986/1/1,2003/9/16,88466,0,0,0,1,0,,0
88466,枕崎,マクラザキ,MAKURAZAKI,,,,31.272,130.292,30,10.3,,,,,,1,1,1,1,0,,0,2003/9/17,2008/1/23,88466,0,0,0,0,0,,0
88466,枕崎,マクラザキ,MAKURAZAKI,,,,31.272,130.292,30,10.5,,,,,,1,1,1,1,0,,0,2008/1/24,2008/3/25,88466,0,0,0,0,0,,0
88466,枕崎,マクラザキ,MAKURAZAKI,,,,31.272,130.292,30,10.5,,,,,,1,1,1,1,0,,0,2008/3/26,2014/10/16,88466,0,4,4,0,0,,0
88466,枕崎,マクラザキ,MAKURAZAKI,,,,31.272,130.292,30,11,,,,,,1,1,1,1,0,,0,2014/10/17,2021/3/1,88466,0,0,0,0,0,,0
88466,枕崎,マクラザキ,MAKURAZAKI,,,,31.272,130.292,30,11,,,,,,1,1,1,1,0,,1,2021/3/2,9999-99-99,88466,0,0,0,0,0,,0
88486,指宿,イブスキ,IBUSUKI,,,,31.25,130.637,5,,,,,,,1,0,0,0,0,,0,1974/11/1,1977/2/23,88486,1,1,1,1,1,,1
88486,指宿,イブスキ,IBUSUKI,,,,31.25,130.637,5,6.5,,,,,,1,1,1,1,0,,0,1977/2/24,1986/11/20,88486,0,0,0,0,0,,0
88486,指宿,イブスキ,IBUSUKI,,,,31.25,130.637,5,6.5,,,,,,1,1,1,1,0,,0,1986/11/21,2008/3/3,88486,0,0,0,1,0,,0
88486,指宿,イブスキ,IBUSUKI,,,,31.25,130.637,5,6.5,,,,,,1,1,1,1,0,,0,2008/3/4,2008/3/25,88486,0,0,0,4,0,,0
88486,指宿,イブスキ,IBUSUKI,,,,31.25,130.637,5,6.5,,,,,,1,1,1,1,0,,0,2008/3/26,2009/12/29,88486,0,4,4,0,0,,0
88486,指宿,イブスキ,IBUSUKI,,,,31.25,130.637,5,10,,,,,,1,1,1,1,0,,0,2009/12/30,2021/3/1,88486,0,0,0,0,0,,0
88486,指宿,イブスキ,IBUSUKI,,,,31.25,130.637,5,10,,,,,,1,1,1,2,0,,0,2021/3/2,2023/1/25,88486,0,0,0,6,0,,0
88486,指宿,イブスキ,IBUSUKI,,,,31.25,130.637,5,10,,,,,,1,1,1,2,0,,1,2023/1/26,9999-99-99,88486,0,0,0,0,0,,0
88501,甫与志岳,ホヨシダケ,HOYOSHIDAKE,,,,31.265,130.96,500,,,,,,,1,0,0,0,0,,0,1974/11/1,1976/10/31,88501,1,1,1,1,1,,1
88502,甫与志岳,ホヨシダケ,HOYOSHIDAKE,,,,31.255,130.955,550,,,,,,,1,0,0,0,0,,0,1976/11/1,2009/11/20,88502,1,1,1,1,1,,1
88506,内之浦,ウチノウラ,UCHINOURA,,,,31.278,131.075,3,,,,,,,1,0,0,0,0,,0,1974/11/1,1977/2/14,88506,1,1,1,1,1,,1
88506,内之浦,ウチノウラ,UCHINOURA,,,,31.278,131.075,3,6.5,,,,,,1,1,1,1,0,,0,1977/2/15,1986/4/23,88506,0,0,0,0,0,,0
88506,内之浦,ウチノウラ,UCHINOURA,,,,31.278,131.075,3,6.5,,,,,,1,1,1,1,0,,0,1986/4/24,2006/12/7,88506,0,0,0,1,0,,0
88506,内之浦,ウチノウラ,UCHINOURA,,,,31.278,131.075,3,6.5,,,,,,1,1,1,1,0,,0,2006/12/8,2009/1/22,88506,0,0,0,4,0,,0
88506,内之浦,ウチノウラ,UCHINOURA,,,,31.277,131.055,8,10,,,,,,1,1,1,1,0,,0,2009/1/23,2021/3/1,88506,0,4,4,0,0,,0
88506,内之浦,ウチノウラ,UCHINOURA,,,,31.277,131.055,8,10,,,,,,1,1,1,2,0,,0,2021/3/2,2022/12/6,88506,0,0,0,6,0,,0
88506,内之浦,ウチノウラ,UCHINOURA,,,,31.277,131.055,8,9.9,,,,,,1,1,1,2,0,,1,2022/12/7,9999-99-99,88506,0,0,0,0,0,,0
88536,田代,タシロ,TASHIRO,,,,31.197,130.843,220,6.4,,,,,,1,1,1,1,0,,0,1977/2/14,1986/12/14,88536,1,1,1,1,1,,1
88536,田代,タシロ,TASHIRO,,,,31.197,130.843,220,6.4,,,,,,1,1,1,1,0,,0,1986/12/15,1999/8/24,88536,0,0,0,1,0,,0
88536,田代,タシロ,TASHIRO,,,,31.198,130.843,182,6.5,,,,,,1,1,1,1,0,,0,1999/8/25,2008/2/28,88536,0,0,0,0,0,,0
88536,田代,タシロ,TASHIRO,,,,31.198,130.843,182,6.5,,,,,,1,1,1,1,0,,0,2008/2/29,2008/3/25,88536,0,0,0,4,0,,0
88536,田代,タシロ,TASHIRO,,,,31.198,130.843,182,6.5,,,,,,1,1,1,1,0,,0,2008/3/26,2021/3/1,88536,0,4,4,0,0,,0
88536,田代,タシロ,TASHIRO,,,,31.198,130.843,182,6.5,,,,,,1,1,1,2,0,,0,2021/3/2,2022/7/10,88536,0,0,0,6,0,,0
88536,田代,タシロ,TASHIRO,,,,31.198,130.843,182,10.2,,,,,,1,1,1,2,0,,0,2022/7/11,2022/12/7,88536,0,0,0,0,0,,0
88536,田代,タシロ,TASHIRO,,,,31.198,130.843,182,10.1,,,,,,1,1,1,2,0,,1,2022/12/8,9999-99-99,88536,0,0,0,0,0,,0
88551,佐多,サタ,SATA,,,,31.093,130.69,27,,,,,,,1,0,0,0,0,,0,1977/6/28,9999-99-99,88551,1,1,1,1,1,,1
88611,種子島,タネガシマ,TANEGASHIMA,,,,30.738,130.99,17,,,,,,,1,0,0,0,0,,0,1974/11/1,1975/3/25,88611,1,1,1,1,1,,1
88611,種子島,タネガシマ,TANEGASHIMA,,,,30.738,130.99,17,10.6,,,,,,1,1,1,1,0,,0,1975/3/26,1986/12/31,88611,0,0,0,0,0,,0
88611,種子島,タネガシマ,TANEGASHIMA,,,,30.738,130.99,17,10.6,,,,,,1,1,1,1,0,,0,1987/1/1,2004/12/1,88611,0,0,0,1,0,,0
88612,種子島,タネガシマ,TANEGASHIMA,,,,30.72,130.982,25,29.7,,,,,,1,1,1,1,0,,0,2004/12/1,2008/3/25,88611,0,1,0,0,0,,0
88612,種子島,タネガシマ,TANEGASHIMA,,,,30.72,130.982,25,29.7,,,,,,1,1,1,1,0,,0,2008/3/26,2013/1/23,88612,0,4,4,0,0,,0
88612,種子島,タネガシマ,TANEGASHIMA,,,,30.72,130.982,25,29.8,,,,,,1,1,1,1,0,,0,2013/1/24,2021/3/1,88612,0,0,0,0,0,,0
88612,種子島,タネガシマ,TANEGASHIMA,,,,30.72,130.982,25,29.8,,,,,,1,1,1,1,0,,1,2021/3/2,9999-99-99,88612,0,0,0,0,0,,0
88621,中種子,ナカタネ,NAKATANE,,,,30.605,130.992,234,8,,,,,,1,1,1,0,0,,0,2006/3/16,2009/1/28,88621,1,1,1,1,1,,1
88621,中種子,ナカタネ,NAKATANE,,,,30.605,130.992,234,8,,,,,,1,1,1,0,0,,0,2009/1/29,2021/2/24,88621,0,4,4,0,0,,0
88621,中種子,ナカタネ,NAKATANE,,,,30.605,130.992,234,10,,,,,,1,1,1,0,0,,0,2021/2/25,9999-99-99,88621,0,0,0,0,0,,0
88631,中種子,ナカタネ,NAKATANE,,,,30.563,130.95,92,,,,,,,1,0,0,0,0,,0,1974/11/1,1977/3/1,88631,1,1,1,1,1,,1
88631,中種子,ナカタネ,NAKATANE,,,,30.547,130.95,92,8.2,,,,,,1,1,1,0,0,,0,2003/1/1,2006/3/15,88631,0,0,0,0,0,,0
88666,上中,カミナカ,KAMINAKA,,,,30.4,130.9,180,,,,,,,1,0,0,0,0,,0,1974/11/1,1977/2/18,88666,1,1,1,1,1,,1
88666,上中,カミナカ,KAMINAKA,,,,30.4,130.9,180,6.5,,,,,,1,1,1,1,0,,0,1977/2/19,1986/7/18,88666,0,0,0,0,0,,0
88666,上中,カミナカ,KAMINAKA,,,,30.4,130.9,180,6.5,,,,,,1,1,1,1,0,,0,1986/7/19,1992/2/16,88666,0,0,0,1,0,,0
88666,上中,カミナカ,KAMINAKA,,,,30.407,130.902,150,6.5,,,,,,1,1,1,1,0,,0,1992/2/17,2006/11/30,88666,0,0,0,0,0,,0
88666,上中,カミナカ,KAMINAKA,,,,30.407,130.902,150,6.5,,,,,,1,1,1,1,0,,0,2006/12/1,2008/9/11,88666,0,0,0,4,0,,0
88666,上中,カミナカ,KAMINAKA,,,,30.407,130.902,150,6.5,,,,,,1,1,1,1,0,,0,2008/9/12,2021/3/1,88666,0,4,4,0,0,,0
88666,上中,カミナカ,KAMINAKA,,,,30.407,130.902,150,6.5,,,,,,1,1,1,2,0,,0,2021/3/2,2021/8/24,88666,0,0,0,6,0,,0
88666,上中,カミナカ,KAMINAKA,,,,30.407,130.902,150,10.2,,,,,,1,1,1,2,0,,0,2021/8/25,2021/11/30,88666,0,0,0,0,0,,0
88666,上中,カミナカ,KAMINAKA,,,,30.407,130.902,150,10.1,,,,,,1,1,1,2,0,,1,2021/12/1,9999-99-99,88666,0,0,0,0,0,,0
88686,屋久島,ヤクシマ,YAKUSHIMA,,,,30.378,130.653,36,,,,,,,1,0,0,0,0,,0,1975/4/1,1975/12/18,88686,1,1,1,1,1,,1
88686,屋久島,ヤクシマ,YAKUSHIMA,,,,30.378,130.653,36,9.9,,,,,,1,1,1,1,0,,0,1975/12/19,1985/12/31,88686,0,0,0,0,0,,0
88686,屋久島,ヤクシマ,YAKUSHIMA,,,,30.378,130.653,36,9.9,,,,,,1,1,1,1,0,,0,1986/1/1,1998/3/30,88686,0,0,0,1,0,,0
88686,屋久島,ヤクシマ,YAKUSHIMA,,,,30.382,130.658,36,9.9,,,,,,1,1,1,1,0,,0,1998/3/31,2000/1/5,88686,0,0,0,0,0,,0
88686,屋久島,ヤクシマ,YAKUSHIMA,,,,30.385,130.658,36,10,,,,,,1,1,1,1,0,,0,2000/1/6,2003/3/31,88686,0,0,0,0,0,,0
88686,屋久島,ヤクシマ,YAKUSHIMA,,,,30.385,130.658,37,10,,,,,,1,1,1,1,0,,0,2003/4/1,2008/3/25,88686,0,0,0,0,0,,0
88686,屋久島,ヤクシマ,YAKUSHIMA,,,,30.385,130.658,37,10,,,,,,1,1,1,1,0,,0,2008/3/26,2008/9/30,88686,0,4,4,0,0,,0
88686,屋久島,ヤクシマ,YAKUSHIMA,,,,30.385,130.658,37,7,,,,,,1,1,1,1,0,,0,2008/10/1,2021/3/1,88686,0,0,0,0,0,,0
88686,屋久島,ヤクシマ,YAKUSHIMA,,,,30.385,130.658,37,7,,,,,,1,1,1,1,0,,1,2021/3/2,2023/1/25,88686,0,0,0,0,0,,0
88686,屋久島,ヤクシマ,YAKUSHIMA,,,,30.385,130.658,37,10,,,,,,1,1,1,1,0,,1,2023/1/26,9999-99-99,88686,0,0,0,0,0,,0
88706,尾之間,オノアイダ,ONOAIDA,,,,30.235,130.555,60,,,,,,,1,0,0,0,0,,0,1974/11/1,1977/3/3,88706,1,1,1,1,1,,1
88706,尾之間,オノアイダ,ONOAIDA,,,,30.235,130.555,60,6.5,,,,,,1,1,1,1,0,,0,1977/3/4,1986/5/8,88706,0,0,0,0,0,,0
88706,尾之間,オノアイダ,ONOAIDA,,,,30.235,130.555,60,6.5,,,,,,1,1,1,1,0,,0,1986/5/9,2005/11/24,88706,0,0,0,1,0,,0
88706,尾之間,オノアイダ,ONOAIDA,,,,30.235,130.555,60,6.5,,,,,,1,1,1,1,0,,0,2005/11/25,2009/3/9,88706,0,0,0,4,0,,0
88706,尾之間,オノアイダ,ONOAIDA,,,,30.235,130.555,60,6.5,,,,,,1,1,1,1,0,,0,2009/3/10,2021/2/23,88706,0,4,4,0,0,,0
88706,尾之間,オノアイダ,ONOAIDA,,,,30.235,130.555,60,10,,,,,,1,1,1,1,0,,0,2021/2/24,2021/3/1,88706,0,0,0,0,0,,0
88706,尾之間,オノアイダ,ONOAIDA,,,,30.235,130.555,60,10,,,,,,1,1,1,2,0,,0,2021/3/2,2021/3/22,88706,0,0,0,6,0,,0
88706,尾之間,オノアイダ,ONOAIDA,,,,30.235,130.555,60,10.2,,,,,,1,1,1,2,0,,1,2021/3/23,9999-99-99,88706,0,0,0,0,0,,0
88736,中之島,ナカノシマ,NAKANOSHIMA,,,,29.84,129.867,220,6.5,,,,,,1,1,1,1,0,,0,2002/12/18,2009/2/24,88736,1,1,1,1,1,,1
88736,中之島,ナカノシマ,NAKANOSHIMA,,,,29.84,129.867,220,6.5,,,,,,1,1,1,1,0,,0,2009/2/25,2021/3/1,88736,0,4,4,4,0,,0
88736,中之島,ナカノシマ,NAKANOSHIMA,,,,29.84,129.867,220,6.5,,,,,,1,1,1,2,0,,0,2021/3/2,2022/10/18,88736,0,0,0,6,0,,0
88736,中之島,ナカノシマ,NAKANOSHIMA,,,,29.84,129.867,220,10.1,,,,,,1,1,1,2,0,,0,2022/10/19,2023/2/13,88736,0,0,0,0,0,,0
88736,中之島,ナカノシマ,NAKANOSHIMA,,,,29.84,129.867,220,10,,,,,,1,1,1,2,0,,1,2023/2/14,9999-99-99,88736,0,0,0,0,0,,0
88746,平島,タイラジマ,TAIRAJIMA,,,,29.683,129.528,97,,,,,,,1,0,0,0,0,,0,2014/9/17,9999-99-99,88746,1,1,1,1,1,,1
88756,諏訪之瀬島,スワノセジマ,SUWANOSEJIMA,,,,29.61,129.705,111,,,,,,,1,0,0,0,0,,0,2014/9/3,9999-99-99,88756,1,1,1,1,1,,1
88776,小宝島,コダカラジマ,KODAKARAJIMA,,,,29.225,129.328,10,,,,,,,1,0,0,0,0,,0,2014/9/3,9999-99-99,88776,1,1,1,1,1,,1
88781,宝島,タカラジマ,TAKARAJIMA,,,,29.152,129.202,33,,,,,,,1,0,0,0,0,,0,2014/7/30,9999-99-99,88781,1,1,1,1,1,,1
88821,笠利,カサリ,KASARI,,,,28.43,129.712,4,9.8,,,,,,1,1,1,0,0,,0,2003/1/1,2009/1/29,88821,1,1,1,1,1,,1
88821,笠利,カサリ,KASARI,,,,28.43,129.712,4,9.8,,,,,,1,1,1,0,0,,0,2009/1/30,2019/1/30,88821,0,4,4,0,0,,0
88821,笠利,カサリ,KASARI,,,,28.43,129.712,4,10,,,,,,1,1,1,0,0,,0,2019/1/31,9999-99-99,88821,0,0,0,0,0,,0
88836,名瀬,ナゼ,NAZE,,,,28.378,129.495,3,,,,,,,1,0,0,0,0,,0,1974/11/1,1975/3/16,88836,1,1,1,1,1,,1
88836,名瀬,ナゼ,NAZE,,,,28.378,129.495,3,20.7,,,,,,1,1,1,1,0,,0,1975/3/17,1985/12/31,88836,0,0,0,0,0,,0
88836,名瀬,ナゼ,NAZE,,,,28.378,129.495,3,20.7,,,,,,1,1,1,1,0,,0,1986/1/1,2008/3/25,88836,0,0,0,1,0,,0
88836,名瀬,ナゼ,NAZE,,,,28.378,129.495,3,20.7,,,,,,1,1,1,1,0,,0,2008/3/26,2013/1/30,88836,0,4,4,0,0,,0
88836,名瀬,ナゼ,NAZE,,,,28.378,129.495,3,20.8,,,,,,1,1,1,1,0,,0,2013/1/31,2021/3/1,88836,0,0,0,0,0,,0
88836,名瀬,ナゼ,NAZE,,,,28.378,129.495,3,20.8,,,,,,1,1,1,1,0,,1,2021/3/2,9999-99-99,88836,0,0,0,0,0,,0
88851,喜界島,キカイジマ,KIKAIJIMA,,,,28.327,129.952,5,,,,,,,1,0,0,0,0,,0,1978/11/9,1998/3/15,88851,1,1,1,1,1,,1
88851,喜界島,キカイジマ,KIKAIJIMA,,,,28.32,129.927,5,,,,,,,1,0,0,0,0,,0,1998/3/16,2000/3/15,88851,0,0,0,0,0,,0
88851,喜界島,キカイジマ,KIKAIJIMA,,,,28.32,129.927,5,10.1,,,,,,1,1,1,0,0,,0,2000/3/16,2009/1/29,88851,0,0,0,0,0,,0
88851,喜界島,キカイジマ,KIKAIJIMA,,,,28.32,129.927,5,10.1,,,,,,1,1,1,0,0,,0,2009/1/30,2018/1/31,88851,0,4,4,0,0,,0
88851,喜界島,キカイジマ,KIKAIJIMA,,,,28.32,129.927,5,10,,,,,,1,1,1,0,0,,0,2018/2/1,9999-99-99,88851,0,0,0,0,0,,0
88901,古仁屋,コニヤ,KONIYA,,,,28.143,129.315,2,,,,,,,1,0,0,0,0,,0,1975/5/9,1977/2/20,88901,1,1,1,1,1,,1
88901,古仁屋,コニヤ,KONIYA,,,,28.143,129.315,2,6.5,,,,,,1,1,1,1,0,,0,1977/2/21,1986/4/20,88901,0,0,0,0,0,,0
88901,古仁屋,コニヤ,KONIYA,,,,28.143,129.315,2,6.5,,,,,,1,1,1,1,0,,0,1986/4/21,2005/11/20,88901,0,0,0,1,0,,0
88901,古仁屋,コニヤ,KONIYA,,,,28.143,129.315,2,6.5,,,,,,1,1,1,1,0,,0,2005/11/21,2009/3/12,88901,0,0,0,4,0,,0
88901,古仁屋,コニヤ,KONIYA,,,,28.143,129.315,2,6.5,,,,,,1,1,1,1,0,,0,2009/3/13,2021/1/27,88901,0,4,4,0,0,,0
88901,古仁屋,コニヤ,KONIYA,,,,28.143,129.315,2,10.1,,,,,,1,1,1,1,0,,0,2021/1/28,2021/3/1,88901,0,0,0,0,0,,0
88901,古仁屋,コニヤ,KONIYA,,,,28.143,129.315,2,10.1,,,,,,1,1,1,2,0,,0,2021/3/2,2021/3/17,88901,0,0,0,6,0,,0
88901,古仁屋,コニヤ,KONIYA,,,,28.143,129.315,2,10.2,,,,,,1,1,1,2,0,,1,2021/3/18,9999-99-99,88901,0,0,0,0,0,,0
88931,天城,アマギ,AMAGI,,,,27.835,128.88,2,6.4,,,,,,1,1,1,0,0,,0,2003/3/1,2009/1/29,88931,1,1,1,1,1,,1
88931,天城,アマギ,AMAGI,,,,27.835,128.88,2,6.4,,,,,,1,1,1,0,0,,0,2009/1/30,2019/1/30,88931,0,4,4,0,0,,0
88931,天城,アマギ,AMAGI,,,,27.835,128.88,2,10,,,,,,1,1,1,0,0,,0,2019/1/31,9999-99-99,88931,0,0,0,0,0,,0
88956,伊仙,イセン,ISEN,,,,27.675,128.935,70,6.5,,,,,,1,1,1,1,0,,0,1977/2/24,1986/9/25,88956,1,1,1,1,1,,1
88956,伊仙,イセン,ISEN,,,,27.675,128.935,70,6.5,,,,,,1,1,1,1,0,,0,1986/9/26,1987/8/9,88956,0,0,0,1,0,,0
88956,伊仙,イセン,ISEN,,,,27.677,128.973,44,6.5,,,,,,1,1,1,1,0,,0,1987/8/10,2006/12/12,88956,0,0,0,0,0,,0
88956,伊仙,イセン,ISEN,,,,27.677,128.973,44,6.5,,,,,,1,1,1,1,0,,0,2006/12/13,2008/9/24,88956,0,0,0,4,0,,0
88956,伊仙,イセン,ISEN,,,,27.677,128.973,44,6.5,,,,,,1,1,1,1,0,,0,2008/9/25,2021/3/1,88956,0,4,4,0,0,,0
88956,伊仙,イセン,ISEN,,,,27.677,128.973,44,6.5,,,,,,1,1,1,2,0,,0,2021/3/2,2023/1/11,88956,0,0,0,6,0,,0
88956,伊仙,イセン,ISEN,,,,27.677,128.973,44,10.1,,,,,,1,1,1,2,0,,0,2023/1/12,2023/1/18,88956,0,0,0,0,0,,0
88956,伊仙,イセン,ISEN,,,,27.677,128.973,44,10.1,,,,,,1,1,1,2,0,,1,2023/1/19,9999-99-99,88956,0,0,0,0,0,,0
88971,沖永良部,オキノエラブ,OKINOERABU,,,,27.43,128.703,27,13.5,,,,,,1,1,1,1,0,,0,1975/4/10,1985/12/31,88971,1,1,1,1,1,,1
88971,沖永良部,オキノエラブ,OKINOERABU,,,,27.43,128.703,27,13.5,,,,,,1,1,1,1,0,,0,1986/1/1,2000/1/11,88971,0,0,0,1,0,,0
88971,沖永良部,オキノエラブ,OKINOERABU,,,,27.43,128.703,28,13.4,,,,,,1,1,1,1,0,,0,2000/1/12,2005/5/11,88971,0,0,0,0,0,,0
88971,沖永良部,オキノエラブ,OKINOERABU,,,,27.432,128.705,27,13.4,,,,,,1,1,1,1,0,,0,2005/5/12,2008/3/25,88971,0,0,0,0,0,,0
88971,沖永良部,オキノエラブ,OKINOERABU,,,,27.432,128.705,27,13.4,,,,,,1,1,1,1,0,,0,2008/3/26,2008/9/30,88971,0,4,4,0,0,,0
88971,沖永良部,オキノエラブ,OKINOERABU,,,,27.432,128.705,27,10,,,,,,1,1,1,1,0,,0,2008/10/1,2021/3/1,88971,0,0,0,0,0,,0
88971,沖永良部,オキノエラブ,OKINOERABU,,,,27.432,128.705,27,10,,,,,,1,1,1,1,0,,1,2021/3/2,9999-99-99,88971,0,0,0,0,0,,0
88986,与論島,ヨロンジマ,YORONJIMA,,,,27.043,128.402,14,,,,,,,1,0,0,0,0,,0,1978/10/3,2000/3/15,88986,1,1,1,1,1,,1
88986,与論島,ヨロンジマ,YORONJIMA,,,,27.043,128.402,14,7.6,,,,,,1,1,1,0,0,,0,2000/3/16,2009/1/29,88986,0,0,0,0,0,,0
88986,与論島,ヨロンジマ,YORONJIMA,,,,27.043,128.402,14,7.6,,,,,,1,1,1,0,0,,0,2009/1/30,2017/3/7,88986,0,4,4,0,0,,0
88986,与論島,ヨロンジマ,YORONJIMA,,,,27.043,128.402,14,10.1,,,,,,1,1,1,0,0,,0,2017/3/8,9999-99-99,88986,0,0,0,0,0,,0
91011,伊是名,イゼナ,IZENA,,,,26.927,127.94,45,20.4,,,,,,1,1,1,1,0,,0,1977/3/15,1986/1/15,91011,1,1,1,1,1,,1
91011,伊是名,イゼナ,IZENA,,,,26.927,127.94,45,20.4,,,,,,1,1,1,1,0,,0,1986/1/16,2007/2/6,91011,0,0,0,1,0,,0
91011,伊是名,イゼナ,IZENA,,,,26.948,127.94,14,10,,,,,,1,1,1,1,0,,0,2007/2/7,2008/9/3,91011,0,0,0,4,0,,0
91011,伊是名,イゼナ,IZENA,,,,26.948,127.94,14,10,,,,,,1,1,1,1,0,,0,2008/9/4,2021/3/1,91011,0,4,4,0,0,,0
91011,伊是名,イゼナ,IZENA,,,,26.948,127.94,14,10,,,,,,1,1,1,2,0,,0,2021/3/2,2022/12/7,91011,0,0,0,6,0,,0
91011,伊是名,イゼナ,IZENA,,,,26.948,127.94,14,10,,,,,,1,1,1,2,0,,1,2022/12/8,9999-99-99,91011,0,0,0,0,0,,0
91021,奥,オク,OKU,,,,26.835,128.272,232,,,,,,,1,0,0,0,0,,0,1974/11/1,1977/2/27,91021,1,1,1,1,1,,1
91021,奥,オク,OKU,,,,26.835,128.272,232,6.5,,,,,,1,1,1,1,0,,0,1977/2/28,1985/12/18,91021,0,0,0,0,0,,0
91021,奥,オク,OKU,,,,26.835,128.272,232,6.5,,,,,,1,1,1,1,0,,0,1985/12/19,2008/3/17,91021,0,0,0,1,0,,0
91021,奥,オク,OKU,,,,26.835,128.272,232,10,,,,,,1,1,1,1,0,,0,2008/3/18,2008/3/25,91021,0,0,0,4,0,,0
91021,奥,オク,OKU,,,,26.835,128.272,232,10,,,,,,1,1,1,1,0,,0,2008/3/26,2021/3/1,91021,0,4,4,0,0,,0
91021,奥,オク,OKU,,,,26.835,128.272,232,10,,,,,,1,1,1,2,0,,0,2021/3/2,2022/8/28,91021,0,0,0,6,0,,0
91021,奥,オク,OKU,,,,26.835,128.272,232,10,,,,,,1,1,1,2,0,,1,2022/8/29,9999-99-99,91021,0,0,0,0,0,,0
91046,国頭,クニガミ,KUNIGAMI,,,,26.728,128.178,8,,,,,,,1,0,0,0,0,,0,2005/12/20,9999-99-99,91046,1,1,1,1,1,,1
91051,与那覇岳,ヨナハダケ,YONAHADAKE,,,,26.727,128.215,375,,,,,,,1,0,0,0,0,,0,1974/11/1,2005/12/20,91051,1,1,1,1,1,,1
91066,本部,モトブ,MOTOBU,,,,26.683,127.88,60,,,,,,,1,0,0,0,0,,0,1981/7/1,2004/3/9,91066,1,1,1,1,1,,1
91066,本部,モトブ,MOTOBU,,,,26.685,127.898,25,,,,,,,1,0,0,0,0,,0,2004/3/10,9999-99-99,91066,0,0,0,0,0,,0
91071,呉我山,ゴガヤマ,GOGAYAMA,,,,26.665,127.97,86,,,,,,,1,0,0,0,0,,0,1974/11/1,1981/7/3,91071,1,1,1,1,1,,1
91081,東,ヒガシ,HIGASHI,,,,26.63,128.152,14,,,,,,,1,0,0,0,0,,0,1981/7/1,2004/3/23,91081,1,1,1,1,1,,1
91081,東,ヒガシ,HIGASHI,,,,26.632,128.155,24,,,,,,,1,0,0,0,0,,0,2004/3/24,2010/9/13,91081,0,0,0,0,0,,0
91081,東,ヒガシ,HIGASHI,,,,26.632,128.153,24,,,,,,,1,0,0,0,0,,0,2010/9/14,9999-99-99,91081,0,0,0,0,0,,0
91096,粟国,アグニ,AGUNI,,,,26.592,127.24,12,6.5,,,,,,1,1,1,0,0,,0,2003/1/1,2009/1/28,91096,1,1,1,1,1,,1
91096,粟国,アグニ,AGUNI,,,,26.592,127.24,12,6.5,,,,,,1,1,1,0,0,,0,2009/1/29,2017/11/13,91096,0,4,4,0,0,,0
91096,粟国,アグニ,AGUNI,,,,26.592,127.24,12,10.9,,,,,,1,1,1,0,0,,0,2017/11/14,2017/12/6,91096,0,0,0,0,0,,0
91096,粟国,アグニ,AGUNI,,,,26.592,127.24,12,9.8,,,,,,1,1,1,0,0,,0,2017/12/7,2020/3/25,91096,0,0,0,0,0,,0
91096,粟国,アグニ,AGUNI,,,,26.592,127.238,14,,,,,,,1,0,0,0,0,,0,2020/3/26,9999-99-99,91096,0,0,0,0,0,,0
91106,名護,ナゴ,NAGO,,,,26.598,127.97,7,,,,,,,1,0,0,0,0,,0,1974/11/1,1975/4/29,91106,1,1,1,1,1,,1
91106,名護,ナゴ,NAGO,,,,26.598,127.97,7,10.6,,,,,,1,1,1,1,0,,0,1975/4/30,1987/6/30,91106,0,0,0,0,0,,0
91107,名嘉真,ナカマ,NAKAMA,,,,26.513,127.913,75,,,,,,,1,0,0,0,0,,0,1974/11/1,1981/7/1,91107,1,1,1,1,1,,1
91107,名護,ナゴ,NAGO,,,,26.593,127.965,6,25.6,,,,,,1,1,1,1,0,,0,1987/7/1,1989/12/31,91106,0,1,0,0,0,,0
91107,名護,ナゴ,NAGO,,,,26.593,127.965,6,25.6,,,,,,1,1,1,1,0,,0,1990/1/1,2002/1/29,91107,0,0,0,1,0,,0
91107,名護,ナゴ,NAGO,,,,26.593,127.965,6,25.5,,,,,,1,1,1,1,0,,0,2002/1/30,2008/3/25,91107,0,0,0,0,0,,0
91107,名護,ナゴ,NAGO,,,,26.593,127.965,6,25.5,,,,,,1,1,1,1,0,,0,2008/3/26,2014/12/17,91107,0,4,4,0,0,,0
91107,名護,ナゴ,NAGO,,,,26.593,127.965,6,25.6,,,,,,1,1,1,1,0,,0,2014/12/18,2021/3/1,91107,0,0,0,0,0,,0
91107,名護,ナゴ,NAGO,,,,26.593,127.965,6,25.6,,,,,,1,1,1,1,0,,1,2021/3/2,9999-99-99,91107,0,0,0,0,0,,0
91121,読谷,ヨミタン,YOMITAN,,,,26.418,127.728,69,,,,,,,1,0,0,0,0,,0,1974/11/1,2000/12/14,91121,1,1,1,1,1,,1
91121,読谷,ヨミタン,YOMITAN,,,,26.405,127.742,99,,,,,,,1,0,0,0,0,,0,2000/12/15,2016/2/23,91121,0,0,0,0,0,,0
91121,読谷,ヨミタン,YOMITAN,,,,26.407,127.733,90,,,,,,,1,0,0,0,0,,0,2016/2/24,9999-99-99,91121,0,0,0,0,0,,0
91126,金武,キン,KIN,,,,26.457,127.857,8,8.4,,,,,,1,1,1,1,0,,0,1977/3/4,1985/11/30,91126,1,1,1,1,1,,1
91126,金武,キン,KIN,,,,26.457,127.857,8,8.4,,,,,,1,1,1,1,0,,0,1985/12/1,1998/3/30,91126,0,0,0,1,0,,0
91126,金武,キン,KIN,,,,26.453,127.858,8,8.4,,,,,,1,1,1,1,0,,0,1998/3/31,2007/12/19,91126,0,0,0,0,0,,0
91131,金武,キン,KIN,,,,26.457,127.925,55,,,,,,,1,0,0,0,0,,0,1975/5/30,1977/3/3,91131,1,1,1,1,1,,1
91141,北原,キタハラ,KITAHARA,,,,26.363,126.713,7,6.9,,,,,,1,1,1,0,0,,0,2003/1/1,2009/1/29,91141,1,1,1,1,1,,1
91141,北原,キタハラ,KITAHARA,,,,26.363,126.713,7,6.9,,,,,,1,1,1,0,0,,0,2009/1/30,2023/1/25,91141,0,4,4,0,0,,0
91141,北原,キタハラ,KITAHARA,,,,26.363,126.713,7,10,,,,,,1,1,1,0,0,,0,2023/1/26,9999-99-99,91141,0,0,0,0,0,,0
91146,久米島,クメジマ,KUMEJIMA,,,,26.337,126.803,4,9.7,,,,,,1,1,1,1,0,,0,1977/3/23,1985/12/31,91146,1,1,1,1,1,,1
91146,久米島,クメジマ,KUMEJIMA,,,,26.337,126.803,4,9.7,,,,,,1,1,1,1,0,,0,1986/1/1,2004/9/13,91146,0,0,0,1,0,,0
91146,久米島,クメジマ,KUMEJIMA,,,,26.337,126.803,4,9.6,,,,,,1,1,1,1,0,,0,2004/9/14,2008/2/4,91146,0,0,0,0,0,,0
91146,久米島,クメジマ,KUMEJIMA,,,,26.337,126.803,5,15,,,,,,1,1,1,1,0,,0,2008/2/5,2008/3/25,91146,0,0,0,0,0,,0
91146,久米島,クメジマ,KUMEJIMA,,,,26.337,126.803,5,15,,,,,,1,1,1,1,0,,0,2008/3/26,2021/3/1,91146,0,4,4,0,0,,0
91146,久米島,クメジマ,KUMEJIMA,,,,26.337,126.803,5,15,,,,,,1,1,1,1,0,,1,2021/3/2,9999-99-99,91146,0,0,0,0,0,,0
91151,渡名喜,トナキ,TONAKI,,,,26.373,127.142,7,,,,,,,1,0,0,0,0,,0,2014/8/26,9999-99-99,91151,1,1,1,1,1,,1
91161,胡屋,ゴヤ,GOYA,,,,26.327,127.802,120,,,,,,,1,0,0,0,0,,0,1974/11/1,2003/3/9,91161,1,1,1,1,1,,1
91161,胡屋,ゴヤ,GOYA,,,,26.327,127.805,86,,,,,,,1,0,0,0,0,,0,2003/3/10,9999-99-99,91161,0,0,0,0,0,,0
91166,宮城島,ミヤギジマ,MIYAGIJIMA,,,,26.363,127.972,100,10,,,,,,1,1,1,1,0,,0,2007/12/19,2008/3/25,91166,1,1,1,5,1,,1
91166,宮城島,ミヤギジマ,MIYAGIJIMA,,,,26.363,127.972,100,10,,,,,,1,1,1,1,0,,0,2008/3/26,2021/3/1,91166,0,4,4,0,0,,0
91166,宮城島,ミヤギジマ,MIYAGIJIMA,,,,26.363,127.972,100,10,,,,,,1,1,1,2,0,,0,2021/3/2,2022/8/24,91166,0,0,0,6,0,,0
91166,宮城島,ミヤギジマ,MIYAGIJIMA,,,,26.363,127.972,100,10,,,,,,1,1,1,2,0,,1,2022/8/25,9999-99-99,91166,0,0,0,0,0,,0
91181,渡嘉敷,トカシキ,TOKASHIKI,,,,26.21,127.363,220,6.5,,,,,,1,1,1,1,0,,0,1977/3/23,1986/1/20,91181,1,1,1,1,1,,1
91181,渡嘉敷,トカシキ,TOKASHIKI,,,,26.21,127.363,220,6.5,,,,,,1,1,1,1,0,,0,1986/1/21,2007/2/21,91181,0,0,0,1,0,,0
91181,渡嘉敷,トカシキ,TOKASHIKI,,,,26.21,127.363,220,10,,,,,,1,1,1,1,0,,0,2007/2/22,2008/9/4,91181,0,0,0,4,0,,0
91181,渡嘉敷,トカシキ,TOKASHIKI,,,,26.21,127.363,220,10,,,,,,1,1,1,1,0,,0,2008/9/5,2021/3/1,91181,0,4,4,0,0,,0
91181,渡嘉敷,トカシキ,TOKASHIKI,,,,26.21,127.363,220,10,,,,,,1,1,1,2,0,,0,2021/3/2,2022/12/5,91181,0,0,0,6,0,,0
91181,渡嘉敷,トカシキ,TOKASHIKI,,,,26.21,127.363,220,9.6,,,,,,1,1,1,2,0,,1,2022/12/6,9999-99-99,91181,0,0,0,0,0,,0
91196,那覇,ナハ,NAHA,,,,26.23,127.683,35,,,,,,,1,0,0,0,0,,0,1974/11/1,1975/3/30,91196,1,1,1,1,1,,1
91196,那覇,ナハ,NAHA,,,,26.23,127.683,35,20.6,,,,,,1,1,1,1,0,,0,1975/3/31,1985/12/31,91196,0,0,0,0,0,,0
91196,那覇,ナハ,NAHA,,,,26.23,127.683,35,20.6,,,,,,1,1,1,1,0,,0,1986/1/1,1987/6/10,91196,0,0,0,1,0,,0
91197,那覇,ナハ,NAHA,,,,26.207,127.687,28,47.8,,,,,,1,1,1,1,0,,0,1987/6/10,1999/12/15,91196,0,1,0,0,0,,0
91197,那覇,ナハ,NAHA,,,,26.207,127.687,28,47.7,,,,,,1,1,1,1,0,,0,1999/12/16,2008/3/25,91197,0,0,0,0,0,,0
91197,那覇,ナハ,NAHA,,,,26.207,127.687,28,47.7,,,,,,1,1,1,1,0,,0,2008/3/26,2011/3/16,91197,0,4,4,0,0,,0
91197,那覇,ナハ,NAHA,,,,26.207,127.687,28,47.8,,,,,,1,1,1,1,0,,0,2011/3/17,2021/3/1,91197,0,0,0,0,0,,0
91197,那覇,ナハ,NAHA,,,,26.207,127.687,28,47.8,,,,,,1,1,1,1,0,,1,2021/3/2,9999-99-99,91197,0,0,0,0,0,,0
91216,慶良間,ケラマ,KERAMA,,,,26.168,127.293,48,6.7,,,,,,1,1,1,0,0,,0,2003/1/1,2009/1/28,91216,1,1,1,1,1,,1
91216,慶良間,ケラマ,KERAMA,,,,26.168,127.293,48,6.7,,,,,,1,1,1,0,0,,0,2009/1/29,2017/12/6,91216,0,4,4,0,0,,0
91216,慶良間,ケラマ,KERAMA,,,,26.168,127.293,48,9.8,,,,,,1,1,1,0,0,,0,2017/12/7,2020/1/1,91216,0,0,0,0,0,,0
91236,安次嶺,アシミネ,ASHIMINE,,,,26.195,127.645,3,7,,,,,,1,1,1,0,0,,0,2003/1/1,2009/1/28,91236,1,1,1,1,1,,1
91236,安次嶺,アシミネ,ASHIMINE,,,,26.195,127.645,3,7,,,,,,1,1,1,0,0,,0,2009/1/29,2019/9/11,91236,0,4,4,0,0,,0
91236,安次嶺,アシミネ,ASHIMINE,,,,26.195,127.645,3,10,,,,,,1,1,1,0,0,,0,2019/9/12,2020/3/25,91236,0,0,0,0,0,,0
91236,安次嶺,アシミネ,ASHIMINE,,,,26.193,127.638,3,10,,,,,,1,1,1,0,0,,0,2020/3/26,9999-99-99,91236,0,0,0,0,0,,0
91241,糸数,イトカズ,ITOKAZU,,,,26.153,127.763,186,,,,,,,1,0,0,0,0,,0,1974/11/1,1977/3/1,91241,1,1,1,1,1,,1
91241,糸数,イトカズ,ITOKAZU,,,,26.153,127.763,186,10.4,,,,,,1,1,1,1,0,,0,1977/3/2,1986/2/3,91241,0,0,0,0,0,,0
91241,糸数,イトカズ,ITOKAZU,,,,26.153,127.763,186,10.4,,,,,,1,1,1,1,0,,0,1986/2/4,2007/2/19,91241,0,0,0,1,0,,0
91241,糸数,イトカズ,ITOKAZU,,,,26.153,127.765,186,10,,,,,,1,1,1,1,0,,0,2007/2/20,2009/1/8,91241,0,0,0,4,0,,0
91241,糸数,イトカズ,ITOKAZU,,,,26.153,127.765,186,10,,,,,,1,1,1,1,0,,0,2009/1/9,2021/3/1,91241,0,4,4,0,0,,0
91241,糸数,イトカズ,ITOKAZU,,,,26.153,127.765,186,10,,,,,,1,1,1,2,0,,0,2021/3/2,2022/8/23,91241,0,0,0,6,0,,0
91241,糸数,イトカズ,ITOKAZU,,,,26.153,127.765,186,10,,,,,,1,1,1,2,0,,1,2022/8/24,9999-99-99,91241,0,0,0,0,0,,0
92006,北大東,キタダイトウ,KITA-DAITO,,,,25.943,131.327,22,7.1,,,,,,1,1,1,0,0,,0,2003/1/1,2009/1/28,92006,1,1,1,1,1,,1
92006,北大東,キタダイトウ,KITA-DAITO,,,,25.943,131.327,22,7.1,,,,,,1,1,1,0,0,,0,2009/1/29,2017/12/6,92006,0,4,4,0,0,,0
92006,北大東,キタダイトウ,KITA-DAITO,,,,25.943,131.327,22,9.8,,,,,,1,1,1,0,0,,0,2017/12/7,9999-99-99,92006,0,0,0,0,0,,0
92011,南大東,ミナミダイトウ,MINAMI-DAITO,,,,25.827,131.235,14,12.9,,,,,,1,1,1,1,0,,0,1979/3/14,1985/12/31,92011,1,1,1,1,1,,1
92011,南大東,ミナミダイトウ,MINAMI-DAITO,,,,25.827,131.235,14,12.9,,,,,,1,1,1,1,0,,0,1986/1/1,1995/7/31,92011,0,0,0,1,0,,0
92011,南大東,ミナミダイトウ,MINAMI-DAITO,,,,25.828,131.228,15,22,,,,,,1,1,1,1,0,,0,1995/8/1,2000/1/12,92011,0,0,0,0,0,,0
92011,南大東,ミナミダイトウ,MINAMI-DAITO,,,,25.828,131.228,15,21.9,,,,,,1,1,1,1,0,,0,2000/1/13,2008/3/25,92011,0,0,0,0,0,,0
92011,南大東,ミナミダイトウ,MINAMI-DAITO,,,,25.828,131.228,15,21.9,,,,,,1,1,1,1,0,,0,2008/3/26,2013/12/11,92011,0,4,4,0,0,,0
92011,南大東,ミナミダイトウ,MINAMI-DAITO,,,,25.828,131.228,15,22.5,,,,,,1,1,1,1,0,,0,2013/12/12,2021/3/1,92011,0,0,0,0,0,,0
92011,南大東,ミナミダイトウ,MINAMI-DAITO,,,,25.828,131.228,15,22.5,,,,,,1,1,1,1,0,,1,2021/3/2,9999-99-99,92011,0,0,0,0,0,,0
92012,旧東,キュウトウ,KYUTO,,,,25.847,131.263,48,7,,,,,,1,1,1,0,0,,0,2003/1/1,2009/1/28,92012,1,1,1,1,1,,1
92012,旧東,キュウトウ,KYUTO,,,,25.847,131.263,48,7,,,,,,1,1,1,0,0,,0,2009/1/29,2017/12/6,92012,0,4,4,0,0,,0
92012,旧東,キュウトウ,KYUTO,,,,25.847,131.263,48,9.8,,,,,,1,1,1,0,0,,0,2017/12/7,9999-99-99,92012,0,0,0,0,0,,0
93011,伊良部,イラブ,IRABU,,,,24.827,125.172,10,10.4,,,,,,1,1,1,1,0,,0,1978/2/2,1986/1/26,93011,1,1,1,1,1,,1
93011,伊良部,イラブ,IRABU,,,,24.827,125.172,10,10.4,,,,,,1,1,1,1,0,,0,1986/1/27,2009/9/15,93011,0,0,0,1,0,,0
93012,下地,シモジ,SHIMOJI,,,,24.827,125.143,8,9.7,,,,,,1,1,1,0,0,,0,2003/1/1,2009/1/29,93012,1,1,1,1,1,,1
93012,下地,シモジ,SHIMOJI,,,,24.827,125.143,8,9.7,,,,,,1,1,1,0,0,,0,2009/1/30,2018/12/5,93012,0,4,4,0,0,,0
93012,下地,シモジ,SHIMOJI,,,,24.827,125.143,8,10,,,,,,1,1,1,0,0,,0,2018/12/6,2020/3/25,93012,0,0,0,0,0,,0
93012,下地島,シモジシマ,SHIMOJISHIMA,,,,24.827,125.143,8,10,,,,,,1,1,1,0,0,,0,2020/3/26,9999-99-99,93012,0,0,0,0,0,,0
93041,宮古島,ミヤコジマ,MIYAKOJIMA,,,,24.793,125.278,40,13.6,,,,,,1,1,1,1,0,,0,1977/3/16,1985/12/31,93041,1,1,1,1,1,,1
93041,宮古島,ミヤコジマ,MIYAKOJIMA,,,,24.793,125.278,40,13.6,,,,,,1,1,1,1,0,,0,1986/1/1,2000/1/19,93041,0,0,0,1,0,,0
93041,宮古島,ミヤコジマ,MIYAKOJIMA,,,,24.793,125.278,40,13.5,,,,,,1,1,1,1,0,,0,2000/1/20,2008/3/25,93041,0,0,0,0,0,,0
93041,宮古島,ミヤコジマ,MIYAKOJIMA,,,,24.793,125.278,40,13.5,,,,,,1,1,1,1,0,,0,2008/3/26,2019/10/31,93041,0,4,4,0,0,,0
93041,宮古島,ミヤコジマ,MIYAKOJIMA,,,,24.793,125.278,39,13.5,,,,,,1,1,1,1,0,,0,2019/11/1,2021/3/1,93041,0,0,0,0,0,,0
93041,宮古島,ミヤコジマ,MIYAKOJIMA,,,,24.793,125.278,39,13.5,,,,,,1,1,1,1,0,,1,2021/3/2,2023/3/15,93041,0,0,0,0,0,,0
93041,宮古島,ミヤコジマ,MIYAKOJIMA,,,,24.793,125.278,39,17.2,,,,,,1,1,1,1,0,,1,2023/3/16,9999-99-99,93041,0,0,0,0,0,,0
93042,鏡原,カガミハラ,KAGAMIHARA,,,,24.782,125.295,43,9.8,,,,,,1,1,1,0,0,,0,2003/1/1,2009/1/29,93042,1,1,1,1,1,,1
93042,鏡原,カガミハラ,KAGAMIHARA,,,,24.782,125.295,43,9.8,,,,,,1,1,1,0,0,,0,2009/1/30,2022/1/26,93042,0,4,4,0,0,,0
93042,鏡原,カガミハラ,KAGAMIHARA,,,,24.782,125.295,43,10,,,,,,1,1,1,0,0,,0,2022/1/27,9999-99-99,93042,0,0,0,0,0,,0
93051,城辺,グスクベ,GUSUKUBE,,,,24.743,125.412,50,,,,,,,1,0,0,0,0,,0,1978/2/8,1998/3/30,93051,1,1,1,1,1,,1
93051,城辺,グスクベ,GUSUKUBE,,,,24.743,125.41,55,,,,,,,1,0,0,0,0,,0,1998/3/31,9999-99-99,93051,0,0,0,0,0,,0
93061,多良間,タラマ,TARAMA,,,,24.667,124.697,16,14,,,,,,1,1,1,1,0,,0,1978/2/4,1985/11/16,93061,1,1,1,1,1,,1
93061,多良間,タラマ,TARAMA,,,,24.667,124.697,16,14,,,,,,1,1,1,1,0,,0,1985/11/17,2009/9/15,93061,0,0,0,1,0,,0
93062,塩川,シオカワ,SHIOKAWA,,,,24.642,124.705,9,10,,,,,,1,1,1,0,0,,0,2003/1/1,2003/10/9,93062,1,1,1,1,1,,1
93062,仲筋,ナカスジ,NAKASUJI,,,,24.653,124.675,10,9.8,,,,,,1,1,1,0,0,,0,2003/10/10,2009/1/29,93062,0,0,0,0,0,,0
93062,仲筋,ナカスジ,NAKASUJI,,,,24.653,124.675,10,9.8,,,,,,1,1,1,0,0,,0,2009/1/30,2021/12/1,93062,0,4,4,0,0,,0
93062,仲筋,ナカスジ,NAKASUJI,,,,24.653,124.675,10,10,,,,,,1,1,1,0,0,,0,2021/12/2,9999-99-99,93062,0,0,0,0,0,,0
94001,伊原間,イバルマ,IBARUMA,,,,24.507,124.28,11,6.5,,,,,,1,1,1,1,0,,0,1977/3/9,1986/2/18,94001,1,1,1,1,1,,1
94001,伊原間,イバルマ,IBARUMA,,,,24.507,124.28,11,6.5,,,,,,1,1,1,1,0,,0,1986/2/19,2007/2/15,94001,0,0,0,1,0,,0
94001,伊原間,イバルマ,IBARUMA,,,,24.507,124.28,11,6.5,,,,,,1,1,1,1,0,,0,2007/2/16,2009/1/29,94001,0,0,0,4,0,,0
94001,伊原間,イバルマ,IBARUMA,,,,24.507,124.28,11,6.5,,,,,,1,1,1,1,0,,0,2009/1/30,2020/5/25,94001,0,4,4,0,0,,0
94001,伊原間,イバルマ,IBARUMA,,,,24.507,124.28,11,10,,,,,,1,1,1,1,0,,0,2020/5/26,2021/3/1,94001,0,0,0,0,0,,0
94001,伊原間,イバルマ,IBARUMA,,,,24.507,124.28,11,10,,,,,,1,1,1,2,0,,0,2021/3/2,2022/9/25,94001,0,0,0,6,0,,0
94001,伊原間,イバルマ,IBARUMA,,,,24.507,124.28,11,10,,,,,,1,1,1,2,0,,1,2022/9/26,9999-99-99,94001,0,0,0,0,0,,0
94011,所野,トコロノ,TOKORONO,,,,24.467,122.978,15,6.5,,,,,,1,1,1,0,0,,0,2003/1/1,2009/1/29,94011,1,1,1,1,1,,1
94011,所野,トコロノ,TOKORONO,,,,24.467,122.978,15,6.5,,,,,,1,1,1,0,0,,0,2009/1/30,2017/3/7,94011,0,4,4,0,0,,0
94011,所野,トコロノ,TOKORONO,,,,24.467,122.978,15,9.8,,,,,,1,1,1,0,0,,0,2017/3/8,9999-99-99,94011,0,0,0,0,0,,0
94016,与那国島,ヨナグニジマ,YONAGUNIJIMA,,,,24.467,123.01,30,12.6,,,,,,1,1,1,1,0,,0,1978/4/25,1981/3/25,94016,1,1,1,1,1,,1
94017,与那国島,ヨナグニジマ,YONAGUNIJIMA,,,,24.467,123.01,30,14.4,,,,,,1,1,1,1,0,,0,1981/3/25,1985/12/31,94016,0,0,0,0,0,,0
94017,与那国島,ヨナグニジマ,YONAGUNIJIMA,,,,24.467,123.01,30,14.4,,,,,,1,1,1,1,0,,0,1986/1/1,2000/2/2,94017,0,0,0,1,0,,0
94017,与那国島,ヨナグニジマ,YONAGUNIJIMA,,,,24.467,123.01,30,14.3,,,,,,1,1,1,1,0,,0,2000/2/3,2008/3/25,94017,0,0,0,0,0,,0
94017,与那国島,ヨナグニジマ,YONAGUNIJIMA,,,,24.467,123.01,30,14.3,,,,,,1,1,1,1,0,,0,2008/3/26,2013/11/20,94017,0,4,4,0,0,,0
94017,与那国島,ヨナグニジマ,YONAGUNIJIMA,,,,24.467,123.01,30,14.4,,,,,,1,1,1,1,0,,0,2013/11/21,2021/3/1,94017,0,0,0,0,0,,0
94017,与那国島,ヨナグニジマ,YONAGUNIJIMA,,,,24.467,123.01,30,14.4,,,,,,1,1,1,1,0,,1,2021/3/2,9999-99-99,94017,0,0,0,0,0,,0
94036,川平,カビラ,KABIRA,,,,24.463,124.143,7,,,,,,,1,0,0,0,0,,0,1978/3/13,2009/3/18,94036,1,1,1,1,1,,1
94036,川平,カビラ,KABIRA,,,,24.467,124.14,7,,,,,,,1,0,0,0,0,,0,2009/3/19,9999-99-99,94036,0,0,0,0,0,,0
94061,西表島,イリオモテジマ,IRIOMOTEJIMA,,,,24.387,123.745,9,13.1,,,,,,1,1,1,1,0,,0,1978/4/23,1985/11/20,94061,1,1,1,1,1,,1
94061,西表島,イリオモテジマ,IRIOMOTEJIMA,,,,24.387,123.745,9,13.1,,,,,,1,1,1,1,0,,0,1985/11/21,1998/3/30,94061,0,0,0,1,0,,0
94061,西表島,イリオモテジマ,IRIOMOTEJIMA,,,,24.388,123.747,9,13.1,,,,,,1,1,1,1,0,,0,1998/3/31,2003/3/11,94061,0,0,0,0,0,,0
94062,西表島,イリオモテジマ,IRIOMOTEJIMA,,,,24.427,123.765,10,10.1,,,,,,1,1,1,1,0,,0,2003/3/12,2008/3/25,94062,1,1,1,1,1,,1
94062,西表島,イリオモテジマ,IRIOMOTEJIMA,,,,24.427,123.765,10,10.1,,,,,,1,1,1,1,0,,0,2008/3/26,2021/3/1,94062,0,4,4,0,0,,0
94062,西表島,イリオモテジマ,IRIOMOTEJIMA,,,,24.427,123.765,10,10.1,,,,,,1,1,1,1,0,,1,2021/3/2,9999-99-99,94062,0,0,0,0,0,,0
94081,石垣島,イシガキジマ,ISHIGAKIJIMA,,,,24.337,124.163,6,22.2,,,,,,1,1,1,1,0,,0,1977/3/8,1985/12/31,94081,1,1,1,1,1,,1
94081,石垣島,イシガキジマ,ISHIGAKIJIMA,,,,24.337,124.163,6,22.2,,,,,,1,1,1,1,0,,0,1986/1/1,2000/1/30,94081,0,0,0,1,0,,0
94081,石垣島,イシガキジマ,ISHIGAKIJIMA,,,,24.337,124.163,6,22.1,,,,,,1,1,1,1,0,,0,2000/1/31,2003/8/28,94081,0,0,0,0,0,,0
94081,石垣島,イシガキジマ,ISHIGAKIJIMA,,,,24.337,124.163,6,28.9,,,,,,1,1,1,1,0,,0,2003/8/29,2008/3/25,94081,0,0,0,0,0,,0
94081,石垣島,イシガキジマ,ISHIGAKIJIMA,,,,24.337,124.163,6,28.9,,,,,,1,1,1,1,0,,0,2008/3/26,2021/3/1,94081,0,4,4,0,0,,0
94081,石垣島,イシガキジマ,ISHIGAKIJIMA,,,,24.337,124.163,6,28.9,,,,,,1,1,1,1,0,,1,2021/3/2,9999-99-99,94081,0,0,0,0,0,,0
94082,真栄里,マエザト,MAEZATO,,,,24.343,124.187,26,9.8,,,,,,1,1,1,0,0,,0,2003/1/1,2009/1/29,94082,1,1,1,1,1,,1
94082,真栄里,マエザト,MAEZATO,,,,24.343,124.187,26,9.8,,,,,,1,1,1,0,0,,0,2009/1/30,2013/3/6,94082,0,4,4,0,0,,0
94086,盛山,モリヤマ,MORIYAMA,,,,24.395,124.245,31,10,,,,,,1,1,1,0,0,,0,2013/3/7,9999-99-99,94086,1,5,5,1,1,,1
94101,大富,オオトミ,OTOMI,,,,24.28,123.882,10,6.5,,,,,,1,1,1,1,0,,0,1978/3/14,1984/3/1,94101,1,1,1,1,1,,1
94101,大富,オオトミ,OTOMI,,,,24.263,123.872,28,8.1,,,,,,1,1,1,1,0,,0,1984/3/2,1986/3/9,94101,0,0,0,0,0,,0
94101,大富,オオトミ,OTOMI,,,,24.263,123.872,28,8.1,,,,,,1,1,1,1,0,,0,1986/3/10,1989/12/16,94101,0,0,0,1,0,,0
94101,大原,オオハラ,OHARA,,,,24.263,123.872,28,8.1,,,,,,1,1,1,1,0,,0,1989/12/17,2007/12/18,94101,0,0,0,0,0,,0
94101,大原,オオハラ,OHARA,,,,24.265,123.872,33,10,,,,,,1,1,1,1,0,,0,2007/12/19,2008/3/25,94101,0,0,0,4,0,,0
94101,大原,オオハラ,OHARA,,,,24.265,123.872,33,10,,,,,,1,1,1,1,0,,0,2008/3/26,2021/3/1,94101,0,4,4,0,0,,0
94101,大原,オオハラ,OHARA,,,,24.265,123.872,33,10,,,,,,1,1,1,2,0,,0,2021/3/2,2022/9/26,94101,0,0,0,6,0,,0
94101,大原,オオハラ,OHARA,,,,24.265,123.872,33,10,,,,,,1,1,1,2,0,,1,2022/9/27,9999-99-99,94101,0,0,0,0,0,,0
94116,波照間,ハテルマ,HATERUMA,,,,24.06,123.775,41,8.5,,,,,,1,1,1,1,0,,0,1979/3/2,1983/1/6,94116,1,1,1,1,1,,1
94116,波照間,ハテルマ,HATERUMA,,,,24.062,123.767,32,8.2,,,,,,1,1,1,1,0,,0,1983/1/7,1986/3/16,94116,0,0,0,0,0,,0
94116,波照間,ハテルマ,HATERUMA,,,,24.062,123.767,32,8.2,,,,,,1,1,1,1,0,,0,1986/3/17,2002/2/19,94116,0,0,0,1,0,,0
94116,波照間,ハテルマ,HATERUMA,,,,24.055,123.767,38,6.5,,,,,,1,1,1,1,0,,0,2002/2/20,2009/2/2,94116,0,0,0,0,0,,0
94116,波照間,ハテルマ,HATERUMA,,,,24.055,123.767,38,6.5,,,,,,1,1,1,1,0,,0,2009/2/3,2020/7/12,94116,0,4,4,4,0,,0
94116,波照間,ハテルマ,HATERUMA,,,,24.055,123.767,38,10,,,,,,1,1,1,1,0,,0,2020/7/13,2021/3/1,94116,0,0,0,0,0,,0
94116,波照間,ハテルマ,HATERUMA,,,,24.055,123.767,38,10,,,,,,1,1,1,2,0,,0,2021/3/2,2022/9/28,94116,0,0,0,6,0,,0
94116,波照間,ハテルマ,HATERUMA,,,,24.055,123.767,38,10,,,,,,1,1,1,2,0,,1,2022/9/29,9999-99-99,94116,0,0,0,0,0,,0
94121,志多阿原,シタアバル,SHITAABARU,,,,24.058,123.803,13,9.6,,,,,,1,1,1,0,0,,0,2003/1/1,2009/1/29,94121,1,1,1,1,1,,1
94121,志多阿原,シタアバル,SHITAABARU,,,,24.058,123.803,13,9.6,,,,,,1,1,1,0,0,,0,2009/1/30,2020/1/1,94121,0,4,4,0,0,,0
